address,origin,subsystem,disposition,confidence,evidence_id
0x00401000,authored,GraphicsResourceClient,authored,target-observed,F001
0x00401020,authored,Graphics,authored,target-observed,"R001; docs/ORIGIN_REVIEW.md; shared D3D8 state and custom policy, complete branches/exit reviewed"
0x00401110,authored,Graphics,authored,target-observed,"R001; docs/ORIGIN_REVIEW.md; shared D3D8 state and custom policy, complete branches/exit reviewed"
0x00401540,authored,Graphics,authored,target-observed,"R001; docs/ORIGIN_REVIEW.md; shared D3D8 state and custom policy, complete branches/exit reviewed"
0x004017A0,authored,Graphics,authored,target-observed,"R001; docs/ORIGIN_REVIEW.md; shared D3D8 state and custom policy, complete branches/exit reviewed"
0x004018A0,authored,Graphics,authored,target-observed,"R001; docs/ORIGIN_REVIEW.md; shared D3D8 state and custom policy, complete branches/exit reviewed"
0x00401A00,authored,Graphics,authored,high,F002; custom D3D8/DirectInput policy wrappers; SDK calls and shared-state xrefs
0x00401A20,authored,Graphics,authored,high,F002; custom D3D8/DirectInput policy wrappers; SDK calls and shared-state xrefs
0x00401A50,authored,Graphics,authored,high,F002; custom D3D8/DirectInput policy wrappers; SDK calls and shared-state xrefs
0x00401A80,authored,Graphics,authored,high,F002; custom D3D8/DirectInput policy wrappers; SDK calls and shared-state xrefs
0x00401AB0,authored,Graphics,authored,high,F002; custom D3D8/DirectInput policy wrappers; SDK calls and shared-state xrefs
0x00401AF0,authored,Graphics,authored,high,F002; custom D3D8/DirectInput policy wrappers; SDK calls and shared-state xrefs
0x00401B00,authored,Graphics,authored,high,F002; custom D3D8/DirectInput policy wrappers; SDK calls and shared-state xrefs
0x00401B20,authored,Graphics,authored,target-observed,"R001; docs/ORIGIN_REVIEW.md; shared D3D8 state and custom policy, complete branches/exit reviewed"
0x00401C20,authored,Graphics,authored,target-observed,"R001; docs/ORIGIN_REVIEW.md; shared D3D8 state and custom policy, complete branches/exit reviewed"
0x00401D80,authored,Graphics,authored,target-observed,"R001; docs/ORIGIN_REVIEW.md; shared D3D8 state and custom policy, complete branches/exit reviewed"
0x00401F00,authored,Graphics,authored,high,F002; custom D3D8/DirectInput policy wrappers; SDK calls and shared-state xrefs
0x00401F50,authored,Graphics,authored,high,F002; custom D3D8/DirectInput policy wrappers; SDK calls and shared-state xrefs
0x00402140,authored,Graphics,authored,high,F002; custom D3D8/DirectInput policy wrappers; SDK calls and shared-state xrefs
0x00402250,authored,Graphics,authored,high,F002; custom D3D8/DirectInput policy wrappers; SDK calls and shared-state xrefs
0x004023B0,authored,Graphics,authored,high,F002; custom D3D8/DirectInput policy wrappers; SDK calls and shared-state xrefs
0x00402540,authored,Graphics,authored,high,F002; custom D3D8/DirectInput policy wrappers; SDK calls and shared-state xrefs
0x004025F0,authored,Graphics,authored,high,F002; custom D3D8/DirectInput policy wrappers; SDK calls and shared-state xrefs
0x00402660,authored,Graphics,authored,high,F002; custom D3D8/DirectInput policy wrappers; SDK calls and shared-state xrefs
0x00402690,authored,Graphics,authored,high,F002; custom D3D8/DirectInput policy wrappers; SDK calls and shared-state xrefs
0x004027D0,authored,Graphics,authored,high,F002; custom D3D8/DirectInput policy wrappers; SDK calls and shared-state xrefs
0x004028A0,authored,Graphics,authored,high,F002; custom D3D8/DirectInput policy wrappers; SDK calls and shared-state xrefs
0x004028B0,authored,Graphics,authored,high,F002; custom D3D8/DirectInput policy wrappers; SDK calls and shared-state xrefs
0x004028C0,authored,Graphics,authored,high,F002; custom D3D8/DirectInput policy wrappers; SDK calls and shared-state xrefs
0x004028F0,authored,Graphics,authored,high,F002; custom D3D8/DirectInput policy wrappers; SDK calls and shared-state xrefs
0x00402970,authored,Graphics,authored,high,F002; custom D3D8/DirectInput policy wrappers; SDK calls and shared-state xrefs
0x004029F0,authored,Graphics,authored,target-observed,"R001; docs/ORIGIN_REVIEW.md; shared D3D8 state and custom policy, complete branches/exit reviewed"
0x00402D50,authored,Graphics,authored,target-observed,"R001; docs/ORIGIN_REVIEW.md; shared D3D8 state and custom policy, complete branches/exit reviewed"
0x00403200,authored,Graphics,authored,target-observed,"R001; docs/ORIGIN_REVIEW.md; shared D3D8 state and custom policy, complete branches/exit reviewed"
0x00403400,authored,Graphics,authored,target-observed,"R001; docs/ORIGIN_REVIEW.md; shared D3D8 state and custom policy, complete branches/exit reviewed"
0x00403620,authored,Graphics,authored,target-observed,"R001; docs/ORIGIN_REVIEW.md; shared D3D8 state and custom policy, complete branches/exit reviewed"
0x00403910,authored,Graphics,authored,target-observed,"R001; docs/ORIGIN_REVIEW.md; shared D3D8 state and custom policy, complete branches/exit reviewed"
0x00403B90,authored,InputResourceClient,authored,target-observed,R002; docs/ORIGIN_REVIEW.md
0x00403BE0,authored,InputResourceClient,authored,target-observed,R002; docs/ORIGIN_REVIEW.md
0x00403D00,authored,Input,authored,high,F002; custom D3D8/DirectInput policy wrappers; SDK calls and shared-state xrefs
0x00403D20,authored,Input,authored,target-observed,R002; docs/ORIGIN_REVIEW.md
0x00403D80,authored,Input,authored,target-observed,R002; docs/ORIGIN_REVIEW.md
0x00403E50,authored,Input,authored,target-observed,R002; docs/ORIGIN_REVIEW.md
0x00403EB0,authored,Input,authored,target-observed,R002; docs/ORIGIN_REVIEW.md
0x00403F40,authored,Input,authored,target-observed,R002; docs/ORIGIN_REVIEW.md
0x00404010,authored,Input,authored,target-observed,R002; docs/ORIGIN_REVIEW.md
0x00404120,unknown,,review,unknown,ghidra-12.1.3-initial-inventory
0x00404190,unknown,,review,unknown,ghidra-12.1.3-initial-inventory
0x004041D0,unknown,,review,unknown,ghidra-12.1.3-initial-inventory
0x00404210,unknown,,review,unknown,ghidra-12.1.3-initial-inventory
0x00404240,unknown,,review,unknown,ghidra-12.1.3-initial-inventory
0x004042B0,unknown,,review,unknown,ghidra-12.1.3-initial-inventory
0x00404300,unknown,,review,unknown,ghidra-12.1.3-initial-inventory
0x00404320,unknown,,review,unknown,ghidra-12.1.3-initial-inventory
0x00404360,unknown,,review,unknown,ghidra-12.1.3-initial-inventory
0x00404380,unknown,,review,unknown,ghidra-12.1.3-initial-inventory
0x004043A0,unknown,,review,unknown,ghidra-12.1.3-initial-inventory
0x004043E0,unknown,,review,unknown,ghidra-12.1.3-initial-inventory
0x00404400,unknown,,review,unknown,ghidra-12.1.3-initial-inventory
0x00404420,unknown,,review,unknown,ghidra-12.1.3-initial-inventory
0x00404440,unknown,,review,unknown,ghidra-12.1.3-initial-inventory
0x004044C0,unknown,,review,unknown,ghidra-12.1.3-initial-inventory
0x004044F0,unknown,,review,unknown,ghidra-12.1.3-initial-inventory
0x00404560,unknown,,review,unknown,ghidra-12.1.3-initial-inventory
0x00404590,unknown,,review,unknown,ghidra-12.1.3-initial-inventory
0x004045B0,unknown,,review,unknown,ghidra-12.1.3-initial-inventory
0x00404630,unknown,,review,unknown,ghidra-12.1.3-initial-inventory
0x004046A0,unknown,,review,unknown,ghidra-12.1.3-initial-inventory
0x004046C0,unknown,,review,unknown,ghidra-12.1.3-initial-inventory
0x004046F0,unknown,,review,unknown,ghidra-12.1.3-initial-inventory
0x00404720,unknown,,review,unknown,ghidra-12.1.3-initial-inventory
0x00404740,unknown,,review,unknown,ghidra-12.1.3-initial-inventory
0x00404770,unknown,,review,unknown,ghidra-12.1.3-initial-inventory
0x004048AB,unknown,,review,unknown,ghidra-12.1.3-initial-inventory
0x004049B3,unknown,,review,unknown,ghidra-12.1.3-initial-inventory
0x00404A79,unknown,,review,unknown,ghidra-12.1.3-initial-inventory
0x00404A90,unknown,,review,unknown,ghidra-12.1.3-initial-inventory
0x00404AB0,unknown,,review,unknown,ghidra-12.1.3-initial-inventory
0x00404B10,unknown,,review,unknown,ghidra-12.1.3-initial-inventory
0x00404B40,unknown,,review,unknown,ghidra-12.1.3-initial-inventory
0x00404BA0,unknown,,review,unknown,ghidra-12.1.3-initial-inventory
0x00404BC0,unknown,,review,unknown,ghidra-12.1.3-initial-inventory
0x00404BF0,unknown,,review,unknown,ghidra-12.1.3-initial-inventory
0x00404C50,unknown,,review,unknown,ghidra-12.1.3-initial-inventory
0x00404C70,unknown,,review,unknown,ghidra-12.1.3-initial-inventory
0x00404CA0,unknown,,review,unknown,ghidra-12.1.3-initial-inventory
0x00404CF0,unknown,,review,unknown,ghidra-12.1.3-initial-inventory
0x00404D10,unknown,,review,unknown,ghidra-12.1.3-initial-inventory
0x00404D30,unknown,,review,unknown,ghidra-12.1.3-initial-inventory
0x00404DF0,unknown,,review,unknown,ghidra-12.1.3-initial-inventory
0x00404E10,unknown,,review,unknown,ghidra-12.1.3-initial-inventory
0x00404E90,unknown,,review,unknown,ghidra-12.1.3-initial-inventory
0x00404EC0,unknown,,review,unknown,ghidra-12.1.3-initial-inventory
0x00404EE0,unknown,,review,unknown,ghidra-12.1.3-initial-inventory
0x00404EF0,unknown,,review,unknown,ghidra-12.1.3-initial-inventory
0x00404F80,unknown,,review,unknown,ghidra-12.1.3-initial-inventory
0x00404FA0,unknown,,review,unknown,ghidra-12.1.3-initial-inventory
0x00404FC0,unknown,,review,unknown,ghidra-12.1.3-initial-inventory
0x00405000,unknown,,review,unknown,ghidra-12.1.3-initial-inventory
0x00405010,unknown,,review,unknown,ghidra-12.1.3-initial-inventory
0x004050B0,unknown,,review,unknown,ghidra-12.1.3-initial-inventory
0x004050E0,unknown,,review,unknown,ghidra-12.1.3-initial-inventory
0x00405100,unknown,,review,unknown,ghidra-12.1.3-initial-inventory
0x00405120,unknown,,review,unknown,ghidra-12.1.3-initial-inventory
0x00405140,unknown,,review,unknown,ghidra-12.1.3-initial-inventory
0x00405160,unknown,,review,unknown,ghidra-12.1.3-initial-inventory
0x00405190,unknown,,review,unknown,ghidra-12.1.3-initial-inventory
0x00405200,unknown,,review,unknown,ghidra-12.1.3-initial-inventory
0x00405230,unknown,,review,unknown,ghidra-12.1.3-initial-inventory
0x00405250,unknown,,review,unknown,ghidra-12.1.3-initial-inventory
0x00405270,unknown,,review,unknown,ghidra-12.1.3-initial-inventory
0x00405290,unknown,,review,unknown,ghidra-12.1.3-initial-inventory
0x004052B0,unknown,,review,unknown,ghidra-12.1.3-initial-inventory
0x004052E0,unknown,,review,unknown,ghidra-12.1.3-initial-inventory
0x004052F0,unknown,,review,unknown,ghidra-12.1.3-initial-inventory
0x00405310,unknown,,review,unknown,ghidra-12.1.3-initial-inventory
0x00405330,unknown,,review,unknown,ghidra-12.1.3-initial-inventory
0x00405340,unknown,,review,unknown,ghidra-12.1.3-initial-inventory
0x00405370,unknown,,review,unknown,ghidra-12.1.3-initial-inventory
0x004053E0,unknown,,review,unknown,ghidra-12.1.3-initial-inventory
0x00405420,unknown,,review,unknown,ghidra-12.1.3-initial-inventory
0x00405460,unknown,,review,unknown,ghidra-12.1.3-initial-inventory
0x00405507,unknown,,review,unknown,ghidra-12.1.3-initial-inventory
0x0040552E,unknown,,review,unknown,ghidra-12.1.3-initial-inventory
0x00405550,unknown,,review,unknown,ghidra-12.1.3-initial-inventory
0x004055C0,unknown,,review,unknown,ghidra-12.1.3-initial-inventory
0x004055F0,unknown,,review,unknown,ghidra-12.1.3-initial-inventory
0x00405744,unknown,,review,unknown,ghidra-12.1.3-initial-inventory
0x0040585D,unknown,,review,unknown,ghidra-12.1.3-initial-inventory
0x00405940,unknown,,review,unknown,ghidra-12.1.3-initial-inventory
0x00405960,unknown,,review,unknown,ghidra-12.1.3-initial-inventory
0x004059C0,unknown,,review,unknown,ghidra-12.1.3-initial-inventory
0x004059E0,unknown,,review,unknown,ghidra-12.1.3-initial-inventory
0x00405A10,unknown,,review,unknown,ghidra-12.1.3-initial-inventory
0x00405A30,unknown,,review,unknown,ghidra-12.1.3-initial-inventory
0x00405A50,unknown,,review,unknown,ghidra-12.1.3-initial-inventory
0x00405A70,unknown,,review,unknown,ghidra-12.1.3-initial-inventory
0x00405AA0,unknown,,review,unknown,ghidra-12.1.3-initial-inventory
0x00405AD0,unknown,,review,unknown,ghidra-12.1.3-initial-inventory
0x00405AF0,unknown,,review,unknown,ghidra-12.1.3-initial-inventory
0x00405B00,unknown,,review,unknown,ghidra-12.1.3-initial-inventory
0x00405B20,unknown,,review,unknown,ghidra-12.1.3-initial-inventory
0x00405B50,unknown,,review,unknown,ghidra-12.1.3-initial-inventory
0x00405B90,unknown,,review,unknown,ghidra-12.1.3-initial-inventory
0x00405BD0,unknown,,review,unknown,ghidra-12.1.3-initial-inventory
0x00405C00,unknown,,review,unknown,ghidra-12.1.3-initial-inventory
0x00405C20,unknown,,review,unknown,ghidra-12.1.3-initial-inventory
0x00405CA0,unknown,,review,unknown,ghidra-12.1.3-initial-inventory
0x00405CE0,unknown,,review,unknown,ghidra-12.1.3-initial-inventory
0x00405D20,unknown,,review,unknown,ghidra-12.1.3-initial-inventory
0x00405D60,unknown,,review,unknown,ghidra-12.1.3-initial-inventory
0x00405D90,unknown,,review,unknown,ghidra-12.1.3-initial-inventory
0x00405DC0,unknown,,review,unknown,ghidra-12.1.3-initial-inventory
0x00405E00,unknown,,review,unknown,ghidra-12.1.3-initial-inventory
0x00405E20,unknown,,review,unknown,ghidra-12.1.3-initial-inventory
0x00405E60,unknown,,review,unknown,ghidra-12.1.3-initial-inventory
0x00405EA0,unknown,,review,unknown,ghidra-12.1.3-initial-inventory
0x00405EC0,unknown,,review,unknown,ghidra-12.1.3-initial-inventory
0x00405EF0,unknown,,review,unknown,ghidra-12.1.3-initial-inventory
0x00405F20,unknown,,review,unknown,ghidra-12.1.3-initial-inventory
0x00405F60,unknown,,review,unknown,ghidra-12.1.3-initial-inventory
0x00405F80,unknown,,review,unknown,ghidra-12.1.3-initial-inventory
0x00405FC0,unknown,,review,unknown,ghidra-12.1.3-initial-inventory
0x00405FD0,unknown,,review,unknown,ghidra-12.1.3-initial-inventory
0x00405FE0,unknown,,review,unknown,ghidra-12.1.3-initial-inventory
0x00406000,unknown,,review,unknown,ghidra-12.1.3-initial-inventory
0x00406040,unknown,,review,unknown,ghidra-12.1.3-initial-inventory
0x00406080,unknown,,review,unknown,ghidra-12.1.3-initial-inventory
0x00406090,unknown,,review,unknown,ghidra-12.1.3-initial-inventory
0x004060D0,unknown,,review,unknown,ghidra-12.1.3-initial-inventory
0x00406100,unknown,,review,unknown,ghidra-12.1.3-initial-inventory
0x00406140,unknown,,review,unknown,ghidra-12.1.3-initial-inventory
0x00406180,unknown,,review,unknown,ghidra-12.1.3-initial-inventory
0x004061DB,unknown,,review,unknown,ghidra-12.1.3-initial-inventory
0x004061DD,unknown,,review,unknown,ghidra-12.1.3-initial-inventory
0x004061E6,unknown,,review,unknown,ghidra-12.1.3-initial-inventory
0x00406220,unknown,,review,unknown,ghidra-12.1.3-initial-inventory
0x00406240,unknown,,review,unknown,ghidra-12.1.3-initial-inventory
0x00406260,unknown,,review,unknown,ghidra-12.1.3-initial-inventory
0x00406290,unknown,,review,unknown,ghidra-12.1.3-initial-inventory
0x004062D0,unknown,,review,unknown,ghidra-12.1.3-initial-inventory
0x0040632D,unknown,,review,unknown,ghidra-12.1.3-initial-inventory
0x0040632F,unknown,,review,unknown,ghidra-12.1.3-initial-inventory
0x00406338,unknown,,review,unknown,ghidra-12.1.3-initial-inventory
0x00406380,unknown,,review,unknown,ghidra-12.1.3-initial-inventory
0x004063D0,unknown,,review,unknown,ghidra-12.1.3-initial-inventory
0x004063E0,unknown,,review,unknown,ghidra-12.1.3-initial-inventory
0x004063F0,unknown,,review,unknown,ghidra-12.1.3-initial-inventory
0x00406420,unknown,,review,unknown,ghidra-12.1.3-initial-inventory
0x004064A0,unknown,,review,unknown,ghidra-12.1.3-initial-inventory
0x004064C0,unknown,,review,unknown,ghidra-12.1.3-initial-inventory
0x004064D0,unknown,,review,unknown,ghidra-12.1.3-initial-inventory
0x004064E0,unknown,,review,unknown,ghidra-12.1.3-initial-inventory
0x00406510,unknown,,review,unknown,ghidra-12.1.3-initial-inventory
0x00406590,unknown,,review,unknown,ghidra-12.1.3-initial-inventory
0x004065B0,unknown,,review,unknown,ghidra-12.1.3-initial-inventory
0x004065C0,unknown,,review,unknown,ghidra-12.1.3-initial-inventory
0x004065D0,unknown,,review,unknown,ghidra-12.1.3-initial-inventory
0x004065F0,unknown,,review,unknown,ghidra-12.1.3-initial-inventory
0x00406610,unknown,,review,unknown,ghidra-12.1.3-initial-inventory
0x00406650,unknown,,review,unknown,ghidra-12.1.3-initial-inventory
0x004066C0,unknown,,review,unknown,ghidra-12.1.3-initial-inventory
0x004066E0,unknown,,review,unknown,ghidra-12.1.3-initial-inventory
0x00406820,unknown,,review,unknown,ghidra-12.1.3-initial-inventory
0x00406A20,unknown,,review,unknown,ghidra-12.1.3-initial-inventory
0x00406B80,unknown,,review,unknown,ghidra-12.1.3-initial-inventory
0x00406DB0,unknown,,review,unknown,ghidra-12.1.3-initial-inventory
0x00406DF0,unknown,,review,unknown,ghidra-12.1.3-initial-inventory
0x00406E10,unknown,,review,unknown,ghidra-12.1.3-initial-inventory
0x00406E80,unknown,,review,unknown,ghidra-12.1.3-initial-inventory
0x00407170,unknown,,review,unknown,ghidra-12.1.3-initial-inventory
0x004071A0,unknown,,review,unknown,ghidra-12.1.3-initial-inventory
0x004071C0,unknown,,review,unknown,ghidra-12.1.3-initial-inventory
0x00407270,unknown,,review,unknown,ghidra-12.1.3-initial-inventory
0x004073A0,unknown,,review,unknown,ghidra-12.1.3-initial-inventory
0x004073B0,unknown,,review,unknown,ghidra-12.1.3-initial-inventory
0x004073C0,unknown,,review,unknown,ghidra-12.1.3-initial-inventory
0x004073D0,unknown,,review,unknown,ghidra-12.1.3-initial-inventory
0x00407540,unknown,,review,unknown,ghidra-12.1.3-initial-inventory
0x004076A0,unknown,,review,unknown,ghidra-12.1.3-initial-inventory
0x004077E0,unknown,,review,unknown,ghidra-12.1.3-initial-inventory
0x004079C0,unknown,,review,unknown,ghidra-12.1.3-initial-inventory
0x00407A50,unknown,,review,unknown,ghidra-12.1.3-initial-inventory
0x00407B80,unknown,,review,unknown,ghidra-12.1.3-initial-inventory
0x00407CA0,unknown,,review,unknown,ghidra-12.1.3-initial-inventory
0x00407CC0,unknown,,review,unknown,ghidra-12.1.3-initial-inventory
0x00407D70,unknown,,review,unknown,ghidra-12.1.3-initial-inventory
0x00407DD0,unknown,,review,unknown,ghidra-12.1.3-initial-inventory
0x00407E60,unknown,,review,unknown,ghidra-12.1.3-initial-inventory
0x00407EF0,unknown,,review,unknown,ghidra-12.1.3-initial-inventory
0x00408110,unknown,,review,unknown,ghidra-12.1.3-initial-inventory
0x00408390,unknown,,review,unknown,ghidra-12.1.3-initial-inventory
0x00408670,unknown,,review,unknown,ghidra-12.1.3-initial-inventory
0x00408900,unknown,,review,unknown,ghidra-12.1.3-initial-inventory
0x00408BD0,unknown,,review,unknown,ghidra-12.1.3-initial-inventory
0x00409290,unknown,,review,unknown,ghidra-12.1.3-initial-inventory
0x004092F0,unknown,,review,unknown,ghidra-12.1.3-initial-inventory
0x00409350,unknown,,review,unknown,ghidra-12.1.3-initial-inventory
0x00409380,unknown,,review,unknown,ghidra-12.1.3-initial-inventory
0x004093A0,unknown,,review,unknown,ghidra-12.1.3-initial-inventory
0x004093E0,unknown,,review,unknown,ghidra-12.1.3-initial-inventory
0x00409430,unknown,,review,unknown,ghidra-12.1.3-initial-inventory
0x00409470,unknown,,review,unknown,ghidra-12.1.3-initial-inventory
0x00409490,unknown,,review,unknown,ghidra-12.1.3-initial-inventory
0x004094B0,unknown,,review,unknown,ghidra-12.1.3-initial-inventory
0x004094D0,unknown,,review,unknown,ghidra-12.1.3-initial-inventory
0x004094F0,unknown,,review,unknown,ghidra-12.1.3-initial-inventory
0x00409520,unknown,,review,unknown,ghidra-12.1.3-initial-inventory
0x004095C0,unknown,,review,unknown,ghidra-12.1.3-initial-inventory
0x004096A0,unknown,,review,unknown,ghidra-12.1.3-initial-inventory
0x00409740,unknown,,review,unknown,ghidra-12.1.3-initial-inventory
0x00409760,unknown,,review,unknown,ghidra-12.1.3-initial-inventory
0x00409780,unknown,,review,unknown,ghidra-12.1.3-initial-inventory
0x004097E0,unknown,,review,unknown,ghidra-12.1.3-initial-inventory
0x00409860,unknown,,review,unknown,ghidra-12.1.3-initial-inventory
0x004098D0,unknown,,review,unknown,ghidra-12.1.3-initial-inventory
0x00409930,unknown,,review,unknown,ghidra-12.1.3-initial-inventory
0x00409960,unknown,,review,unknown,ghidra-12.1.3-initial-inventory
0x00409980,unknown,,review,unknown,ghidra-12.1.3-initial-inventory
0x004099B0,unknown,,review,unknown,ghidra-12.1.3-initial-inventory
0x004099D0,unknown,,review,unknown,ghidra-12.1.3-initial-inventory
0x004099E0,unknown,,review,unknown,ghidra-12.1.3-initial-inventory
0x00409A10,unknown,,review,unknown,ghidra-12.1.3-initial-inventory
0x00409A40,unknown,,review,unknown,ghidra-12.1.3-initial-inventory
0x00409A60,unknown,,review,unknown,ghidra-12.1.3-initial-inventory
0x00409C60,unknown,,review,unknown,ghidra-12.1.3-initial-inventory
0x00409D20,unknown,,review,unknown,ghidra-12.1.3-initial-inventory
0x00409D40,unknown,,review,unknown,ghidra-12.1.3-initial-inventory
0x00409D60,unknown,,review,unknown,ghidra-12.1.3-initial-inventory
0x00409D80,unknown,,review,unknown,ghidra-12.1.3-initial-inventory
0x00409DA0,unknown,,review,unknown,ghidra-12.1.3-initial-inventory
0x00409DD0,unknown,,review,unknown,ghidra-12.1.3-initial-inventory
0x00409DF0,unknown,,review,unknown,ghidra-12.1.3-initial-inventory
0x00409E30,unknown,,review,unknown,ghidra-12.1.3-initial-inventory
0x00409E60,unknown,,review,unknown,ghidra-12.1.3-initial-inventory
0x00409E80,unknown,,review,unknown,ghidra-12.1.3-initial-inventory
0x00409EA0,unknown,,review,unknown,ghidra-12.1.3-initial-inventory
0x00409ED0,unknown,,review,unknown,ghidra-12.1.3-initial-inventory
0x00409F40,unknown,,review,unknown,ghidra-12.1.3-initial-inventory
0x00409F70,unknown,,review,unknown,ghidra-12.1.3-initial-inventory
0x00409FD0,unknown,,review,unknown,ghidra-12.1.3-initial-inventory
0x00409FE0,unknown,,review,unknown,ghidra-12.1.3-initial-inventory
0x0040A000,unknown,,review,unknown,ghidra-12.1.3-initial-inventory
0x0040A020,unknown,,review,unknown,ghidra-12.1.3-initial-inventory
0x0040A040,unknown,,review,unknown,ghidra-12.1.3-initial-inventory
0x0040A0A0,unknown,,review,unknown,ghidra-12.1.3-initial-inventory
0x0040A0C0,unknown,,review,unknown,ghidra-12.1.3-initial-inventory
0x0040A0E0,unknown,,review,unknown,ghidra-12.1.3-initial-inventory
0x0040A100,unknown,,review,unknown,ghidra-12.1.3-initial-inventory
0x0040A120,unknown,,review,unknown,ghidra-12.1.3-initial-inventory
0x0040A140,unknown,,review,unknown,ghidra-12.1.3-initial-inventory
0x0040A160,unknown,,review,unknown,ghidra-12.1.3-initial-inventory
0x0040A170,unknown,,review,unknown,ghidra-12.1.3-initial-inventory
0x0040A190,unknown,,review,unknown,ghidra-12.1.3-initial-inventory
0x0040A1B0,unknown,,review,unknown,ghidra-12.1.3-initial-inventory
0x0040A210,unknown,,review,unknown,ghidra-12.1.3-initial-inventory
0x0040A34B,unknown,,review,unknown,ghidra-12.1.3-initial-inventory
0x0040A453,unknown,,review,unknown,ghidra-12.1.3-initial-inventory
0x0040A530,unknown,,review,unknown,ghidra-12.1.3-initial-inventory
0x0040A560,unknown,,review,unknown,ghidra-12.1.3-initial-inventory
0x0040A590,unknown,,review,unknown,ghidra-12.1.3-initial-inventory
0x0040A5B0,unknown,,review,unknown,ghidra-12.1.3-initial-inventory
0x0040A5E0,unknown,,review,unknown,ghidra-12.1.3-initial-inventory
0x0040A600,unknown,,review,unknown,ghidra-12.1.3-initial-inventory
0x0040A630,unknown,,review,unknown,ghidra-12.1.3-initial-inventory
0x0040A670,unknown,,review,unknown,ghidra-12.1.3-initial-inventory
0x0040A6A0,unknown,,review,unknown,ghidra-12.1.3-initial-inventory
0x0040A6C0,unknown,,review,unknown,ghidra-12.1.3-initial-inventory
0x0040A700,unknown,,review,unknown,ghidra-12.1.3-initial-inventory
0x0040A740,unknown,,review,unknown,ghidra-12.1.3-initial-inventory
0x0040A780,unknown,,review,unknown,ghidra-12.1.3-initial-inventory
0x0040A7C0,unknown,,review,unknown,ghidra-12.1.3-initial-inventory
0x0040A7E0,unknown,,review,unknown,ghidra-12.1.3-initial-inventory
0x0040A830,unknown,,review,unknown,ghidra-12.1.3-initial-inventory
0x0040A840,unknown,,review,unknown,ghidra-12.1.3-initial-inventory
0x0040A880,unknown,,review,unknown,ghidra-12.1.3-initial-inventory
0x0040A8C0,unknown,,review,unknown,ghidra-12.1.3-initial-inventory
0x0040A8E0,unknown,,review,unknown,ghidra-12.1.3-initial-inventory
0x0040A900,unknown,,review,unknown,ghidra-12.1.3-initial-inventory
0x0040A910,unknown,,review,unknown,ghidra-12.1.3-initial-inventory
0x0040A940,unknown,,review,unknown,ghidra-12.1.3-initial-inventory
0x0040A970,unknown,,review,unknown,ghidra-12.1.3-initial-inventory
0x0040A9B0,unknown,,review,unknown,ghidra-12.1.3-initial-inventory
0x0040A9F0,unknown,,review,unknown,ghidra-12.1.3-initial-inventory
0x0040AA20,unknown,,review,unknown,ghidra-12.1.3-initial-inventory
0x0040AA30,unknown,,review,unknown,ghidra-12.1.3-initial-inventory
0x0040AA60,unknown,,review,unknown,ghidra-12.1.3-initial-inventory
0x0040AA70,unknown,,review,unknown,ghidra-12.1.3-initial-inventory
0x0040AAB0,unknown,,review,unknown,ghidra-12.1.3-initial-inventory
0x0040AAD0,unknown,,review,unknown,ghidra-12.1.3-initial-inventory
0x0040AAE0,unknown,,review,unknown,ghidra-12.1.3-initial-inventory
0x0040AAF0,unknown,,review,unknown,ghidra-12.1.3-initial-inventory
0x0040AB30,unknown,,review,unknown,ghidra-12.1.3-initial-inventory
0x0040AB40,unknown,,review,unknown,ghidra-12.1.3-initial-inventory
0x0040AB80,unknown,,review,unknown,ghidra-12.1.3-initial-inventory
0x0040ABC0,unknown,,review,unknown,ghidra-12.1.3-initial-inventory
0x0040ABE0,unknown,,review,unknown,ghidra-12.1.3-initial-inventory
0x0040AC10,unknown,,review,unknown,ghidra-12.1.3-initial-inventory
0x0040AC50,unknown,,review,unknown,ghidra-12.1.3-initial-inventory
0x0040AC80,unknown,,review,unknown,ghidra-12.1.3-initial-inventory
0x0040ACD0,unknown,,review,unknown,ghidra-12.1.3-initial-inventory
0x0040AD10,unknown,,review,unknown,ghidra-12.1.3-initial-inventory
0x0040AD20,unknown,,review,unknown,ghidra-12.1.3-initial-inventory
0x0040AD40,unknown,,review,unknown,ghidra-12.1.3-initial-inventory
0x0040AD50,unknown,,review,unknown,ghidra-12.1.3-initial-inventory
0x0040AD60,unknown,,review,unknown,ghidra-12.1.3-initial-inventory
0x0040AD80,unknown,,review,unknown,ghidra-12.1.3-initial-inventory
0x0040AE40,unknown,,review,unknown,ghidra-12.1.3-initial-inventory
0x0040B000,unknown,,review,unknown,ghidra-12.1.3-initial-inventory
0x0040B110,unknown,,review,unknown,ghidra-12.1.3-initial-inventory
0x0040B1D0,unknown,,review,unknown,ghidra-12.1.3-initial-inventory
0x0040B250,unknown,,review,unknown,ghidra-12.1.3-initial-inventory
0x0040B280,unknown,,review,unknown,ghidra-12.1.3-initial-inventory
0x0040B560,unknown,,review,unknown,ghidra-12.1.3-initial-inventory
0x0040B7A0,unknown,,review,unknown,ghidra-12.1.3-initial-inventory
0x0040B7C0,unknown,,review,unknown,ghidra-12.1.3-initial-inventory
0x0040BB80,unknown,,review,unknown,ghidra-12.1.3-initial-inventory
0x0040BBA0,unknown,,review,unknown,ghidra-12.1.3-initial-inventory
0x0040BF40,unknown,,review,unknown,ghidra-12.1.3-initial-inventory
0x0040BF60,unknown,,review,unknown,ghidra-12.1.3-initial-inventory
0x0040C380,unknown,,review,unknown,ghidra-12.1.3-initial-inventory
0x0040C590,unknown,,review,unknown,ghidra-12.1.3-initial-inventory
0x0040C6F0,unknown,,review,unknown,ghidra-12.1.3-initial-inventory
0x0040C730,unknown,,review,unknown,ghidra-12.1.3-initial-inventory
0x0040C7E0,unknown,,review,unknown,ghidra-12.1.3-initial-inventory
0x0040C7F0,unknown,,review,unknown,ghidra-12.1.3-initial-inventory
0x0040C840,unknown,,review,unknown,ghidra-12.1.3-initial-inventory
0x0040C860,unknown,,review,unknown,ghidra-12.1.3-initial-inventory
0x0040C880,unknown,,review,unknown,ghidra-12.1.3-initial-inventory
0x0040C8A0,unknown,,review,unknown,ghidra-12.1.3-initial-inventory
0x0040C8C0,unknown,,review,unknown,ghidra-12.1.3-initial-inventory
0x0040C970,unknown,,review,unknown,ghidra-12.1.3-initial-inventory
0x0040C9A0,unknown,,review,unknown,ghidra-12.1.3-initial-inventory
0x0040CA20,unknown,,review,unknown,ghidra-12.1.3-initial-inventory
0x0040CA80,unknown,,review,unknown,ghidra-12.1.3-initial-inventory
0x0040CEF0,unknown,,review,unknown,ghidra-12.1.3-initial-inventory
0x0040D2E0,unknown,,review,unknown,ghidra-12.1.3-initial-inventory
0x0040D6B0,unknown,,review,unknown,ghidra-12.1.3-initial-inventory
0x0040D790,unknown,,review,unknown,ghidra-12.1.3-initial-inventory
0x0040D840,unknown,,review,unknown,ghidra-12.1.3-initial-inventory
0x0040D870,unknown,,review,unknown,ghidra-12.1.3-initial-inventory
0x0040D8C0,unknown,,review,unknown,ghidra-12.1.3-initial-inventory
0x0040D8E0,unknown,,review,unknown,ghidra-12.1.3-initial-inventory
0x0040D900,unknown,,review,unknown,ghidra-12.1.3-initial-inventory
0x0040D920,unknown,,review,unknown,ghidra-12.1.3-initial-inventory
0x0040D940,unknown,,review,unknown,ghidra-12.1.3-initial-inventory
0x0040D960,unknown,,review,unknown,ghidra-12.1.3-initial-inventory
0x0040D980,unknown,,review,unknown,ghidra-12.1.3-initial-inventory
0x0040D990,unknown,,review,unknown,ghidra-12.1.3-initial-inventory
0x0040D9F0,unknown,,review,unknown,ghidra-12.1.3-initial-inventory
0x0040DA00,unknown,,review,unknown,ghidra-12.1.3-initial-inventory
0x0040DB10,unknown,,review,unknown,ghidra-12.1.3-initial-inventory
0x0040DB50,unknown,,review,unknown,ghidra-12.1.3-initial-inventory
0x0040DC90,unknown,,review,unknown,ghidra-12.1.3-initial-inventory
0x0040DCC0,unknown,,review,unknown,ghidra-12.1.3-initial-inventory
0x0040DCE0,unknown,,review,unknown,ghidra-12.1.3-initial-inventory
0x0040DD00,unknown,,review,unknown,ghidra-12.1.3-initial-inventory
0x0040DD20,unknown,,review,unknown,ghidra-12.1.3-initial-inventory
0x0040DD60,unknown,,review,unknown,ghidra-12.1.3-initial-inventory
0x0040DDA0,unknown,,review,unknown,ghidra-12.1.3-initial-inventory
0x0040DDC0,unknown,,review,unknown,ghidra-12.1.3-initial-inventory
0x0040DE30,unknown,,review,unknown,ghidra-12.1.3-initial-inventory
0x0040DE50,unknown,,review,unknown,ghidra-12.1.3-initial-inventory
0x0040DE80,unknown,,review,unknown,ghidra-12.1.3-initial-inventory
0x0040DEA0,unknown,,review,unknown,ghidra-12.1.3-initial-inventory
0x0040DEE0,unknown,,review,unknown,ghidra-12.1.3-initial-inventory
0x0040DF20,unknown,,review,unknown,ghidra-12.1.3-initial-inventory
0x0040DF40,unknown,,review,unknown,ghidra-12.1.3-initial-inventory
0x0040DF60,unknown,,review,unknown,ghidra-12.1.3-initial-inventory
0x0040DFB0,unknown,,review,unknown,ghidra-12.1.3-initial-inventory
0x0040DFD0,unknown,,review,unknown,ghidra-12.1.3-initial-inventory
0x0040E000,unknown,,review,unknown,ghidra-12.1.3-initial-inventory
0x0040E0A0,unknown,,review,unknown,ghidra-12.1.3-initial-inventory
0x0040E120,unknown,,review,unknown,ghidra-12.1.3-initial-inventory
0x0040E150,unknown,,review,unknown,ghidra-12.1.3-initial-inventory
0x0040E1C0,unknown,,review,unknown,ghidra-12.1.3-initial-inventory
0x0040E1E0,unknown,,review,unknown,ghidra-12.1.3-initial-inventory
0x0040E1F0,unknown,,review,unknown,ghidra-12.1.3-initial-inventory
0x0040E210,unknown,,review,unknown,ghidra-12.1.3-initial-inventory
0x0040E270,unknown,,review,unknown,ghidra-12.1.3-initial-inventory
0x0040E2F0,unknown,,review,unknown,ghidra-12.1.3-initial-inventory
0x0040E360,unknown,,review,unknown,ghidra-12.1.3-initial-inventory
0x0040E380,unknown,,review,unknown,ghidra-12.1.3-initial-inventory
0x0040E390,unknown,,review,unknown,ghidra-12.1.3-initial-inventory
0x0040E450,unknown,,review,unknown,ghidra-12.1.3-initial-inventory
0x0040E490,unknown,,review,unknown,ghidra-12.1.3-initial-inventory
0x0040E4A0,unknown,,review,unknown,ghidra-12.1.3-initial-inventory
0x0040E4C0,unknown,,review,unknown,ghidra-12.1.3-initial-inventory
0x0040E4E0,unknown,,review,unknown,ghidra-12.1.3-initial-inventory
0x0040E500,unknown,,review,unknown,ghidra-12.1.3-initial-inventory
0x0040E530,unknown,,review,unknown,ghidra-12.1.3-initial-inventory
0x0040E550,unknown,,review,unknown,ghidra-12.1.3-initial-inventory
0x0040E580,unknown,,review,unknown,ghidra-12.1.3-initial-inventory
0x0040E5A0,unknown,,review,unknown,ghidra-12.1.3-initial-inventory
0x0040E5D0,unknown,,review,unknown,ghidra-12.1.3-initial-inventory
0x0040E630,unknown,,review,unknown,ghidra-12.1.3-initial-inventory
0x0040E640,unknown,,review,unknown,ghidra-12.1.3-initial-inventory
0x0040E660,unknown,,review,unknown,ghidra-12.1.3-initial-inventory
0x0040E680,unknown,,review,unknown,ghidra-12.1.3-initial-inventory
0x0040E6A0,unknown,,review,unknown,ghidra-12.1.3-initial-inventory
0x0040E6C0,unknown,,review,unknown,ghidra-12.1.3-initial-inventory
0x0040E6F0,unknown,,review,unknown,ghidra-12.1.3-initial-inventory
0x0040E760,unknown,,review,unknown,ghidra-12.1.3-initial-inventory
0x0040E790,unknown,,review,unknown,ghidra-12.1.3-initial-inventory
0x0040E7F0,unknown,,review,unknown,ghidra-12.1.3-initial-inventory
0x0040E800,unknown,,review,unknown,ghidra-12.1.3-initial-inventory
0x0040E820,unknown,,review,unknown,ghidra-12.1.3-initial-inventory
0x0040E840,unknown,,review,unknown,ghidra-12.1.3-initial-inventory
0x0040E860,unknown,,review,unknown,ghidra-12.1.3-initial-inventory
0x0040E900,unknown,,review,unknown,ghidra-12.1.3-initial-inventory
0x0040E920,unknown,,review,unknown,ghidra-12.1.3-initial-inventory
0x0040E930,unknown,,review,unknown,ghidra-12.1.3-initial-inventory
0x0040E950,unknown,,review,unknown,ghidra-12.1.3-initial-inventory
0x0040E970,unknown,,review,unknown,ghidra-12.1.3-initial-inventory
0x0040E990,unknown,,review,unknown,ghidra-12.1.3-initial-inventory
0x0040E9B0,unknown,,review,unknown,ghidra-12.1.3-initial-inventory
0x0040E9C0,unknown,,review,unknown,ghidra-12.1.3-initial-inventory
0x0040E9E0,unknown,,review,unknown,ghidra-12.1.3-initial-inventory
0x0040EA00,unknown,,review,unknown,ghidra-12.1.3-initial-inventory
0x0040EA20,unknown,,review,unknown,ghidra-12.1.3-initial-inventory
0x0040EA30,unknown,,review,unknown,ghidra-12.1.3-initial-inventory
0x0040EB74,unknown,,review,unknown,ghidra-12.1.3-initial-inventory
0x0040EC8A,unknown,,review,unknown,ghidra-12.1.3-initial-inventory
0x0040ED80,unknown,,review,unknown,ghidra-12.1.3-initial-inventory
0x0040EDB0,unknown,,review,unknown,ghidra-12.1.3-initial-inventory
0x0040EEEB,unknown,,review,unknown,ghidra-12.1.3-initial-inventory
0x0040EFF3,unknown,,review,unknown,ghidra-12.1.3-initial-inventory
0x0040F0D0,unknown,,review,unknown,ghidra-12.1.3-initial-inventory
0x0040F100,unknown,,review,unknown,ghidra-12.1.3-initial-inventory
0x0040F120,unknown,,review,unknown,ghidra-12.1.3-initial-inventory
0x0040F140,unknown,,review,unknown,ghidra-12.1.3-initial-inventory
0x0040F170,unknown,,review,unknown,ghidra-12.1.3-initial-inventory
0x0040F1B0,unknown,,review,unknown,ghidra-12.1.3-initial-inventory
0x0040F1E0,unknown,,review,unknown,ghidra-12.1.3-initial-inventory
0x0040F220,unknown,,review,unknown,ghidra-12.1.3-initial-inventory
0x0040F250,unknown,,review,unknown,ghidra-12.1.3-initial-inventory
0x0040F270,unknown,,review,unknown,ghidra-12.1.3-initial-inventory
0x0040F2B0,unknown,,review,unknown,ghidra-12.1.3-initial-inventory
0x0040F2F0,unknown,,review,unknown,ghidra-12.1.3-initial-inventory
0x0040F310,unknown,,review,unknown,ghidra-12.1.3-initial-inventory
0x0040F350,unknown,,review,unknown,ghidra-12.1.3-initial-inventory
0x0040F390,unknown,,review,unknown,ghidra-12.1.3-initial-inventory
0x0040F3B0,unknown,,review,unknown,ghidra-12.1.3-initial-inventory
0x0040F3C0,unknown,,review,unknown,ghidra-12.1.3-initial-inventory
0x0040F3D0,unknown,,review,unknown,ghidra-12.1.3-initial-inventory
0x0040F400,unknown,,review,unknown,ghidra-12.1.3-initial-inventory
0x0040F430,unknown,,review,unknown,ghidra-12.1.3-initial-inventory
0x0040F470,unknown,,review,unknown,ghidra-12.1.3-initial-inventory
0x0040F4A0,unknown,,review,unknown,ghidra-12.1.3-initial-inventory
0x0040F4D0,unknown,,review,unknown,ghidra-12.1.3-initial-inventory
0x0040F510,unknown,,review,unknown,ghidra-12.1.3-initial-inventory
0x0040F520,unknown,,review,unknown,ghidra-12.1.3-initial-inventory
0x0040F560,unknown,,review,unknown,ghidra-12.1.3-initial-inventory
0x0040F5A0,unknown,,review,unknown,ghidra-12.1.3-initial-inventory
0x0040F5B0,unknown,,review,unknown,ghidra-12.1.3-initial-inventory
0x0040F5F0,unknown,,review,unknown,ghidra-12.1.3-initial-inventory
0x0040F620,unknown,,review,unknown,ghidra-12.1.3-initial-inventory
0x0040F630,unknown,,review,unknown,ghidra-12.1.3-initial-inventory
0x0040F670,unknown,,review,unknown,ghidra-12.1.3-initial-inventory
0x0040F680,unknown,,review,unknown,ghidra-12.1.3-initial-inventory
0x0040F6C0,unknown,,review,unknown,ghidra-12.1.3-initial-inventory
0x0040F700,unknown,,review,unknown,ghidra-12.1.3-initial-inventory
0x0040F740,unknown,,review,unknown,ghidra-12.1.3-initial-inventory
0x0040F780,unknown,,review,unknown,ghidra-12.1.3-initial-inventory
0x0040F7DB,unknown,,review,unknown,ghidra-12.1.3-initial-inventory
0x0040F7DD,unknown,,review,unknown,ghidra-12.1.3-initial-inventory
0x0040F7E6,unknown,,review,unknown,ghidra-12.1.3-initial-inventory
0x0040F820,unknown,,review,unknown,ghidra-12.1.3-initial-inventory
0x0040F840,unknown,,review,unknown,ghidra-12.1.3-initial-inventory
0x0040F860,unknown,,review,unknown,ghidra-12.1.3-initial-inventory
0x0040F880,unknown,,review,unknown,ghidra-12.1.3-initial-inventory
0x0040F8DD,unknown,,review,unknown,ghidra-12.1.3-initial-inventory
0x0040F8DF,unknown,,review,unknown,ghidra-12.1.3-initial-inventory
0x0040F8E8,unknown,,review,unknown,ghidra-12.1.3-initial-inventory
0x0040F930,unknown,,review,unknown,ghidra-12.1.3-initial-inventory
0x0040F970,unknown,,review,unknown,ghidra-12.1.3-initial-inventory
0x0040F9A0,unknown,,review,unknown,ghidra-12.1.3-initial-inventory
0x0040F9F0,unknown,,review,unknown,ghidra-12.1.3-initial-inventory
0x0040FA00,unknown,,review,unknown,ghidra-12.1.3-initial-inventory
0x0040FA30,unknown,,review,unknown,ghidra-12.1.3-initial-inventory
0x0040FAC0,unknown,,review,unknown,ghidra-12.1.3-initial-inventory
0x0040FB00,unknown,,review,unknown,ghidra-12.1.3-initial-inventory
0x0040FB40,unknown,,review,unknown,ghidra-12.1.3-initial-inventory
0x0040FB70,unknown,,review,unknown,ghidra-12.1.3-initial-inventory
0x0040FBB0,unknown,,review,unknown,ghidra-12.1.3-initial-inventory
0x0040FC50,unknown,,review,unknown,ghidra-12.1.3-initial-inventory
0x0040FC70,unknown,,review,unknown,ghidra-12.1.3-initial-inventory
0x00410350,unknown,,review,unknown,ghidra-12.1.3-initial-inventory
0x00410A00,unknown,,review,unknown,ghidra-12.1.3-initial-inventory
0x00410F00,unknown,,review,unknown,ghidra-12.1.3-initial-inventory
0x00410F30,unknown,,review,unknown,ghidra-12.1.3-initial-inventory
0x00410FA0,unknown,,review,unknown,ghidra-12.1.3-initial-inventory
0x00410FC0,unknown,,review,unknown,ghidra-12.1.3-initial-inventory
0x00410FE0,unknown,,review,unknown,ghidra-12.1.3-initial-inventory
0x00411000,unknown,,review,unknown,ghidra-12.1.3-initial-inventory
0x004110C0,unknown,,review,unknown,ghidra-12.1.3-initial-inventory
0x004110F0,unknown,,review,unknown,ghidra-12.1.3-initial-inventory
0x00411110,unknown,,review,unknown,ghidra-12.1.3-initial-inventory
0x00411400,unknown,,review,unknown,ghidra-12.1.3-initial-inventory
0x00411500,unknown,,review,unknown,ghidra-12.1.3-initial-inventory
0x004115C0,unknown,,review,unknown,ghidra-12.1.3-initial-inventory
0x004116F0,unknown,,review,unknown,ghidra-12.1.3-initial-inventory
0x00411BB0,unknown,,review,unknown,ghidra-12.1.3-initial-inventory
0x00411BE0,unknown,,review,unknown,ghidra-12.1.3-initial-inventory
0x00411C10,unknown,,review,unknown,ghidra-12.1.3-initial-inventory
0x00411C30,unknown,,review,unknown,ghidra-12.1.3-initial-inventory
0x00411C70,unknown,,review,unknown,ghidra-12.1.3-initial-inventory
0x00411C90,unknown,,review,unknown,ghidra-12.1.3-initial-inventory
0x00411CC0,unknown,,review,unknown,ghidra-12.1.3-initial-inventory
0x00411CE0,unknown,,review,unknown,ghidra-12.1.3-initial-inventory
0x00411D00,unknown,,review,unknown,ghidra-12.1.3-initial-inventory
0x00411D30,unknown,,review,unknown,ghidra-12.1.3-initial-inventory
0x00411D60,unknown,,review,unknown,ghidra-12.1.3-initial-inventory
0x00411E00,unknown,,review,unknown,ghidra-12.1.3-initial-inventory
0x00411E20,unknown,,review,unknown,ghidra-12.1.3-initial-inventory
0x00411E50,unknown,,review,unknown,ghidra-12.1.3-initial-inventory
0x00411E80,unknown,,review,unknown,ghidra-12.1.3-initial-inventory
0x00411E90,unknown,,review,unknown,ghidra-12.1.3-initial-inventory
0x00411EA0,unknown,,review,unknown,ghidra-12.1.3-initial-inventory
0x00411F20,unknown,,review,unknown,ghidra-12.1.3-initial-inventory
0x00411FE0,unknown,,review,unknown,ghidra-12.1.3-initial-inventory
0x0041206F,unknown,,review,unknown,ghidra-12.1.3-initial-inventory
0x004120C0,unknown,,review,unknown,ghidra-12.1.3-initial-inventory
0x00412130,unknown,,review,unknown,ghidra-12.1.3-initial-inventory
0x00412170,unknown,,review,unknown,ghidra-12.1.3-initial-inventory
0x00412180,unknown,,review,unknown,ghidra-12.1.3-initial-inventory
0x004121A0,unknown,,review,unknown,ghidra-12.1.3-initial-inventory
0x004121C0,unknown,,review,unknown,ghidra-12.1.3-initial-inventory
0x004121E0,unknown,,review,unknown,ghidra-12.1.3-initial-inventory
0x00412200,unknown,,review,unknown,ghidra-12.1.3-initial-inventory
0x00412220,unknown,,review,unknown,ghidra-12.1.3-initial-inventory
0x00412240,unknown,,review,unknown,ghidra-12.1.3-initial-inventory
0x004122C9,unknown,,review,unknown,ghidra-12.1.3-initial-inventory
0x00412300,unknown,,review,unknown,ghidra-12.1.3-initial-inventory
0x00412310,unknown,,review,unknown,ghidra-12.1.3-initial-inventory
0x00412390,unknown,,review,unknown,ghidra-12.1.3-initial-inventory
0x004123D0,unknown,,review,unknown,ghidra-12.1.3-initial-inventory
0x004123E0,unknown,,review,unknown,ghidra-12.1.3-initial-inventory
0x00412400,unknown,,review,unknown,ghidra-12.1.3-initial-inventory
0x00412420,unknown,,review,unknown,ghidra-12.1.3-initial-inventory
0x00412440,unknown,,review,unknown,ghidra-12.1.3-initial-inventory
0x00412460,unknown,,review,unknown,ghidra-12.1.3-initial-inventory
0x00412480,unknown,,review,unknown,ghidra-12.1.3-initial-inventory
0x004124B0,unknown,,review,unknown,ghidra-12.1.3-initial-inventory
0x004124C0,unknown,,review,unknown,ghidra-12.1.3-initial-inventory
0x004124D0,unknown,,review,unknown,ghidra-12.1.3-initial-inventory
0x004124F0,unknown,,review,unknown,ghidra-12.1.3-initial-inventory
0x00412510,unknown,,review,unknown,ghidra-12.1.3-initial-inventory
0x00412550,unknown,,review,unknown,ghidra-12.1.3-initial-inventory
0x00412580,unknown,,review,unknown,ghidra-12.1.3-initial-inventory
0x00412590,unknown,,review,unknown,ghidra-12.1.3-initial-inventory
0x004125A0,unknown,,review,unknown,ghidra-12.1.3-initial-inventory
0x004125C0,unknown,,review,unknown,ghidra-12.1.3-initial-inventory
0x00412600,unknown,,review,unknown,ghidra-12.1.3-initial-inventory
0x00412610,unknown,,review,unknown,ghidra-12.1.3-initial-inventory
0x00412620,unknown,,review,unknown,ghidra-12.1.3-initial-inventory
0x00412660,unknown,,review,unknown,ghidra-12.1.3-initial-inventory
0x004126C0,unknown,,review,unknown,ghidra-12.1.3-initial-inventory
0x00412CB0,unknown,,review,unknown,ghidra-12.1.3-initial-inventory
0x00412CC0,unknown,,review,unknown,ghidra-12.1.3-initial-inventory
0x00412CF0,unknown,,review,unknown,ghidra-12.1.3-initial-inventory
0x00412D90,unknown,,review,unknown,ghidra-12.1.3-initial-inventory
0x00412DB0,unknown,,review,unknown,ghidra-12.1.3-initial-inventory
0x00412DD0,unknown,,review,unknown,ghidra-12.1.3-initial-inventory
0x00412E50,unknown,,review,unknown,ghidra-12.1.3-initial-inventory
0x00412EB0,unknown,,review,unknown,ghidra-12.1.3-initial-inventory
0x00413420,unknown,,review,unknown,ghidra-12.1.3-initial-inventory
0x00413460,unknown,,review,unknown,ghidra-12.1.3-initial-inventory
0x004135F0,unknown,,review,unknown,ghidra-12.1.3-initial-inventory
0x00413620,unknown,,review,unknown,ghidra-12.1.3-initial-inventory
0x00413650,unknown,,review,unknown,ghidra-12.1.3-initial-inventory
0x004136E0,unknown,,review,unknown,ghidra-12.1.3-initial-inventory
0x00413790,unknown,,review,unknown,ghidra-12.1.3-initial-inventory
0x00413880,unknown,,review,unknown,ghidra-12.1.3-initial-inventory
0x004138D0,unknown,,review,unknown,ghidra-12.1.3-initial-inventory
0x004138E0,unknown,,review,unknown,ghidra-12.1.3-initial-inventory
0x00413A60,unknown,,review,unknown,ghidra-12.1.3-initial-inventory
0x00413AC0,unknown,,review,unknown,ghidra-12.1.3-initial-inventory
0x00413DE0,unknown,,review,unknown,ghidra-12.1.3-initial-inventory
0x004142D0,unknown,,review,unknown,ghidra-12.1.3-initial-inventory
0x00414300,unknown,,review,unknown,ghidra-12.1.3-initial-inventory
0x00414360,unknown,,review,unknown,ghidra-12.1.3-initial-inventory
0x004143B0,unknown,,review,unknown,ghidra-12.1.3-initial-inventory
0x004143D0,unknown,,review,unknown,ghidra-12.1.3-initial-inventory
0x00414400,unknown,,review,unknown,ghidra-12.1.3-initial-inventory
0x00414430,unknown,,review,unknown,ghidra-12.1.3-initial-inventory
0x00414450,unknown,,review,unknown,ghidra-12.1.3-initial-inventory
0x00414530,unknown,,review,unknown,ghidra-12.1.3-initial-inventory
0x00414550,unknown,,review,unknown,ghidra-12.1.3-initial-inventory
0x004145A0,unknown,,review,unknown,ghidra-12.1.3-initial-inventory
0x004145C0,unknown,,review,unknown,ghidra-12.1.3-initial-inventory
0x004145F0,unknown,,review,unknown,ghidra-12.1.3-initial-inventory
0x00414620,unknown,,review,unknown,ghidra-12.1.3-initial-inventory
0x00414640,unknown,,review,unknown,ghidra-12.1.3-initial-inventory
0x00414720,unknown,,review,unknown,ghidra-12.1.3-initial-inventory
0x00414740,unknown,,review,unknown,ghidra-12.1.3-initial-inventory
0x00414790,unknown,,review,unknown,ghidra-12.1.3-initial-inventory
0x004147B0,unknown,,review,unknown,ghidra-12.1.3-initial-inventory
0x004147E0,unknown,,review,unknown,ghidra-12.1.3-initial-inventory
0x00414810,unknown,,review,unknown,ghidra-12.1.3-initial-inventory
0x00414830,unknown,,review,unknown,ghidra-12.1.3-initial-inventory
0x00414910,unknown,,review,unknown,ghidra-12.1.3-initial-inventory
0x00414930,unknown,,review,unknown,ghidra-12.1.3-initial-inventory
0x00414950,unknown,,review,unknown,ghidra-12.1.3-initial-inventory
0x00414970,unknown,,review,unknown,ghidra-12.1.3-initial-inventory
0x004149B0,unknown,,review,unknown,ghidra-12.1.3-initial-inventory
0x004149E0,unknown,,review,unknown,ghidra-12.1.3-initial-inventory
0x00414A00,unknown,,review,unknown,ghidra-12.1.3-initial-inventory
0x00414A20,unknown,,review,unknown,ghidra-12.1.3-initial-inventory
0x00414A60,unknown,,review,unknown,ghidra-12.1.3-initial-inventory
0x00414A90,unknown,,review,unknown,ghidra-12.1.3-initial-inventory
0x00414AB0,unknown,,review,unknown,ghidra-12.1.3-initial-inventory
0x00414AD0,unknown,,review,unknown,ghidra-12.1.3-initial-inventory
0x00414B10,unknown,,review,unknown,ghidra-12.1.3-initial-inventory
0x00414B40,unknown,,review,unknown,ghidra-12.1.3-initial-inventory
0x00414D50,unknown,,review,unknown,ghidra-12.1.3-initial-inventory
0x00414E10,unknown,,review,unknown,ghidra-12.1.3-initial-inventory
0x00414E50,unknown,,review,unknown,ghidra-12.1.3-initial-inventory
0x00414E60,unknown,,review,unknown,ghidra-12.1.3-initial-inventory
0x00414E80,unknown,,review,unknown,ghidra-12.1.3-initial-inventory
0x00414EA0,unknown,,review,unknown,ghidra-12.1.3-initial-inventory
0x004150B0,unknown,,review,unknown,ghidra-12.1.3-initial-inventory
0x00415170,unknown,,review,unknown,ghidra-12.1.3-initial-inventory
0x004151B0,unknown,,review,unknown,ghidra-12.1.3-initial-inventory
0x004151C0,unknown,,review,unknown,ghidra-12.1.3-initial-inventory
0x004151E0,unknown,,review,unknown,ghidra-12.1.3-initial-inventory
0x00415200,unknown,,review,unknown,ghidra-12.1.3-initial-inventory
0x00415410,unknown,,review,unknown,ghidra-12.1.3-initial-inventory
0x004154D0,unknown,,review,unknown,ghidra-12.1.3-initial-inventory
0x00415510,unknown,,review,unknown,ghidra-12.1.3-initial-inventory
0x00415520,unknown,,review,unknown,ghidra-12.1.3-initial-inventory
0x00415540,unknown,,review,unknown,ghidra-12.1.3-initial-inventory
0x00415560,unknown,,review,unknown,ghidra-12.1.3-initial-inventory
0x00415580,unknown,,review,unknown,ghidra-12.1.3-initial-inventory
0x004155A0,unknown,,review,unknown,ghidra-12.1.3-initial-inventory
0x004155D0,unknown,,review,unknown,ghidra-12.1.3-initial-inventory
0x00415630,unknown,,review,unknown,ghidra-12.1.3-initial-inventory
0x00415670,unknown,,review,unknown,ghidra-12.1.3-initial-inventory
0x00415690,unknown,,review,unknown,ghidra-12.1.3-initial-inventory
0x004156B0,unknown,,review,unknown,ghidra-12.1.3-initial-inventory
0x004156E0,unknown,,review,unknown,ghidra-12.1.3-initial-inventory
0x00415740,unknown,,review,unknown,ghidra-12.1.3-initial-inventory
0x00415780,unknown,,review,unknown,ghidra-12.1.3-initial-inventory
0x004157A0,unknown,,review,unknown,ghidra-12.1.3-initial-inventory
0x004157C0,unknown,,review,unknown,ghidra-12.1.3-initial-inventory
0x004157F0,unknown,,review,unknown,ghidra-12.1.3-initial-inventory
0x00415850,unknown,,review,unknown,ghidra-12.1.3-initial-inventory
0x00415890,unknown,,review,unknown,ghidra-12.1.3-initial-inventory
0x004158B0,unknown,,review,unknown,ghidra-12.1.3-initial-inventory
0x004158D0,unknown,,review,unknown,ghidra-12.1.3-initial-inventory
0x00415970,unknown,,review,unknown,ghidra-12.1.3-initial-inventory
0x004159D0,unknown,,review,unknown,ghidra-12.1.3-initial-inventory
0x004159F0,unknown,,review,unknown,ghidra-12.1.3-initial-inventory
0x00415A00,unknown,,review,unknown,ghidra-12.1.3-initial-inventory
0x00415A20,unknown,,review,unknown,ghidra-12.1.3-initial-inventory
0x00415A40,unknown,,review,unknown,ghidra-12.1.3-initial-inventory
0x00415A60,unknown,,review,unknown,ghidra-12.1.3-initial-inventory
0x00415A80,unknown,,review,unknown,ghidra-12.1.3-initial-inventory
0x00415AA0,unknown,,review,unknown,ghidra-12.1.3-initial-inventory
0x00415AC0,unknown,,review,unknown,ghidra-12.1.3-initial-inventory
0x00415B60,unknown,,review,unknown,ghidra-12.1.3-initial-inventory
0x00415BC0,unknown,,review,unknown,ghidra-12.1.3-initial-inventory
0x00415BE0,unknown,,review,unknown,ghidra-12.1.3-initial-inventory
0x00415BF0,unknown,,review,unknown,ghidra-12.1.3-initial-inventory
0x00415C10,unknown,,review,unknown,ghidra-12.1.3-initial-inventory
0x00415C30,unknown,,review,unknown,ghidra-12.1.3-initial-inventory
0x00415C50,unknown,,review,unknown,ghidra-12.1.3-initial-inventory
0x00415C70,unknown,,review,unknown,ghidra-12.1.3-initial-inventory
0x00415C90,unknown,,review,unknown,ghidra-12.1.3-initial-inventory
0x00415CB0,unknown,,review,unknown,ghidra-12.1.3-initial-inventory
0x00415D50,unknown,,review,unknown,ghidra-12.1.3-initial-inventory
0x00415DB0,unknown,,review,unknown,ghidra-12.1.3-initial-inventory
0x00415DD0,unknown,,review,unknown,ghidra-12.1.3-initial-inventory
0x00415DE0,unknown,,review,unknown,ghidra-12.1.3-initial-inventory
0x00415E00,unknown,,review,unknown,ghidra-12.1.3-initial-inventory
0x00415E20,unknown,,review,unknown,ghidra-12.1.3-initial-inventory
0x00415E40,unknown,,review,unknown,ghidra-12.1.3-initial-inventory
0x00415E60,unknown,,review,unknown,ghidra-12.1.3-initial-inventory
0x00415E90,unknown,,review,unknown,ghidra-12.1.3-initial-inventory
0x00415EC0,unknown,,review,unknown,ghidra-12.1.3-initial-inventory
0x00415EF0,unknown,,review,unknown,ghidra-12.1.3-initial-inventory
0x00415F10,unknown,,review,unknown,ghidra-12.1.3-initial-inventory
0x00415F40,unknown,,review,unknown,ghidra-12.1.3-initial-inventory
0x00415F60,unknown,,review,unknown,ghidra-12.1.3-initial-inventory
0x00415F90,unknown,,review,unknown,ghidra-12.1.3-initial-inventory
0x00415FB0,unknown,,review,unknown,ghidra-12.1.3-initial-inventory
0x00415FE0,unknown,,review,unknown,ghidra-12.1.3-initial-inventory
0x00416020,unknown,,review,unknown,ghidra-12.1.3-initial-inventory
0x00416060,unknown,,review,unknown,ghidra-12.1.3-initial-inventory
0x004160A0,unknown,,review,unknown,ghidra-12.1.3-initial-inventory
0x004160C0,unknown,,review,unknown,ghidra-12.1.3-initial-inventory
0x00416100,unknown,,review,unknown,ghidra-12.1.3-initial-inventory
0x00416140,unknown,,review,unknown,ghidra-12.1.3-initial-inventory
0x00416180,unknown,,review,unknown,ghidra-12.1.3-initial-inventory
0x004161C0,unknown,,review,unknown,ghidra-12.1.3-initial-inventory
0x004161E0,unknown,,review,unknown,ghidra-12.1.3-initial-inventory
0x00416220,unknown,,review,unknown,ghidra-12.1.3-initial-inventory
0x00416260,unknown,,review,unknown,ghidra-12.1.3-initial-inventory
0x004162A0,unknown,,review,unknown,ghidra-12.1.3-initial-inventory
0x004162E0,unknown,,review,unknown,ghidra-12.1.3-initial-inventory
0x00416300,unknown,,review,unknown,ghidra-12.1.3-initial-inventory
0x00416340,unknown,,review,unknown,ghidra-12.1.3-initial-inventory
0x00416350,unknown,,review,unknown,ghidra-12.1.3-initial-inventory
0x00416370,unknown,,review,unknown,ghidra-12.1.3-initial-inventory
0x00416380,unknown,,review,unknown,ghidra-12.1.3-initial-inventory
0x00416390,unknown,,review,unknown,ghidra-12.1.3-initial-inventory
0x004163B0,unknown,,review,unknown,ghidra-12.1.3-initial-inventory
0x004163C0,unknown,,review,unknown,ghidra-12.1.3-initial-inventory
0x004163D0,unknown,,review,unknown,ghidra-12.1.3-initial-inventory
0x004163F0,unknown,,review,unknown,ghidra-12.1.3-initial-inventory
0x00416400,unknown,,review,unknown,ghidra-12.1.3-initial-inventory
0x00416410,unknown,,review,unknown,ghidra-12.1.3-initial-inventory
0x00416420,unknown,,review,unknown,ghidra-12.1.3-initial-inventory
0x00416430,unknown,,review,unknown,ghidra-12.1.3-initial-inventory
0x00416440,unknown,,review,unknown,ghidra-12.1.3-initial-inventory
0x00416480,unknown,,review,unknown,ghidra-12.1.3-initial-inventory
0x004164A0,unknown,,review,unknown,ghidra-12.1.3-initial-inventory
0x004164B0,unknown,,review,unknown,ghidra-12.1.3-initial-inventory
0x004164C0,unknown,,review,unknown,ghidra-12.1.3-initial-inventory
0x00416500,unknown,,review,unknown,ghidra-12.1.3-initial-inventory
0x00416520,unknown,,review,unknown,ghidra-12.1.3-initial-inventory
0x00416530,unknown,,review,unknown,ghidra-12.1.3-initial-inventory
0x00416540,unknown,,review,unknown,ghidra-12.1.3-initial-inventory
0x00416580,unknown,,review,unknown,ghidra-12.1.3-initial-inventory
0x004165A0,unknown,,review,unknown,ghidra-12.1.3-initial-inventory
0x004165B0,unknown,,review,unknown,ghidra-12.1.3-initial-inventory
0x004165E0,unknown,,review,unknown,ghidra-12.1.3-initial-inventory
0x00416610,unknown,,review,unknown,ghidra-12.1.3-initial-inventory
0x00416640,unknown,,review,unknown,ghidra-12.1.3-initial-inventory
0x004169D0,unknown,,review,unknown,ghidra-12.1.3-initial-inventory
0x004169E0,unknown,,review,unknown,ghidra-12.1.3-initial-inventory
0x00416B10,unknown,,review,unknown,ghidra-12.1.3-initial-inventory
0x00416CE0,unknown,,review,unknown,ghidra-12.1.3-initial-inventory
0x00416D50,unknown,,review,unknown,ghidra-12.1.3-initial-inventory
0x00416DC0,unknown,,review,unknown,ghidra-12.1.3-initial-inventory
0x00416E20,unknown,,review,unknown,ghidra-12.1.3-initial-inventory
0x00416E80,unknown,,review,unknown,ghidra-12.1.3-initial-inventory
0x00416EE0,unknown,,review,unknown,ghidra-12.1.3-initial-inventory
0x00417000,unknown,,review,unknown,ghidra-12.1.3-initial-inventory
0x004170B0,unknown,,review,unknown,ghidra-12.1.3-initial-inventory
0x004170D0,unknown,,review,unknown,ghidra-12.1.3-initial-inventory
0x00417120,unknown,,review,unknown,ghidra-12.1.3-initial-inventory
0x00417140,unknown,,review,unknown,ghidra-12.1.3-initial-inventory
0x00417160,unknown,,review,unknown,ghidra-12.1.3-initial-inventory
0x004171D0,unknown,,review,unknown,ghidra-12.1.3-initial-inventory
0x00417210,unknown,,review,unknown,ghidra-12.1.3-initial-inventory
0x00417430,unknown,,review,unknown,ghidra-12.1.3-initial-inventory
0x004175A0,unknown,,review,unknown,ghidra-12.1.3-initial-inventory
0x004176F0,unknown,,review,unknown,ghidra-12.1.3-initial-inventory
0x004183D0,unknown,,review,unknown,ghidra-12.1.3-initial-inventory
0x004192F0,unknown,,review,unknown,ghidra-12.1.3-initial-inventory
0x00419450,unknown,,review,unknown,ghidra-12.1.3-initial-inventory
0x004195B0,unknown,,review,unknown,ghidra-12.1.3-initial-inventory
0x00419920,unknown,,review,unknown,ghidra-12.1.3-initial-inventory
0x00419CB0,unknown,,review,unknown,ghidra-12.1.3-initial-inventory
0x00419DF0,unknown,,review,unknown,ghidra-12.1.3-initial-inventory
0x00419E10,unknown,,review,unknown,ghidra-12.1.3-initial-inventory
0x0041A0E0,unknown,,review,unknown,ghidra-12.1.3-initial-inventory
0x0041A110,unknown,,review,unknown,ghidra-12.1.3-initial-inventory
0x0041A140,unknown,,review,unknown,ghidra-12.1.3-initial-inventory
0x0041A170,unknown,,review,unknown,ghidra-12.1.3-initial-inventory
0x0041A1A0,unknown,,review,unknown,ghidra-12.1.3-initial-inventory
0x0041A1D0,unknown,,review,unknown,ghidra-12.1.3-initial-inventory
0x0041A240,unknown,,review,unknown,ghidra-12.1.3-initial-inventory
0x0041A270,unknown,,review,unknown,ghidra-12.1.3-initial-inventory
0x0041A2D0,unknown,,review,unknown,ghidra-12.1.3-initial-inventory
0x0041A310,unknown,,review,unknown,ghidra-12.1.3-initial-inventory
0x0041A380,unknown,,review,unknown,ghidra-12.1.3-initial-inventory
0x0041A3D0,unknown,,review,unknown,ghidra-12.1.3-initial-inventory
0x0041B2B0,unknown,,review,unknown,ghidra-12.1.3-initial-inventory
0x0041B400,unknown,,review,unknown,ghidra-12.1.3-initial-inventory
0x0041B990,unknown,,review,unknown,ghidra-12.1.3-initial-inventory
0x0041BF90,unknown,,review,unknown,ghidra-12.1.3-initial-inventory
0x0041BFD0,unknown,,review,unknown,ghidra-12.1.3-initial-inventory
0x0041C060,unknown,,review,unknown,ghidra-12.1.3-initial-inventory
0x0041C0D0,unknown,,review,unknown,ghidra-12.1.3-initial-inventory
0x0041C130,unknown,,review,unknown,ghidra-12.1.3-initial-inventory
0x0041C1B0,unknown,,review,unknown,ghidra-12.1.3-initial-inventory
0x0041C2E0,unknown,,review,unknown,ghidra-12.1.3-initial-inventory
0x0041C9D0,unknown,,review,unknown,ghidra-12.1.3-initial-inventory
0x0041CA30,unknown,,review,unknown,ghidra-12.1.3-initial-inventory
0x0041CA80,unknown,,review,unknown,ghidra-12.1.3-initial-inventory
0x0041CAE0,unknown,,review,unknown,ghidra-12.1.3-initial-inventory
0x0041CB40,unknown,,review,unknown,ghidra-12.1.3-initial-inventory
0x0041CB70,unknown,,review,unknown,ghidra-12.1.3-initial-inventory
0x0041CBB0,unknown,,review,unknown,ghidra-12.1.3-initial-inventory
0x0041CC00,unknown,,review,unknown,ghidra-12.1.3-initial-inventory
0x0041CC50,unknown,,review,unknown,ghidra-12.1.3-initial-inventory
0x0041CCD0,unknown,,review,unknown,ghidra-12.1.3-initial-inventory
0x0041CD70,unknown,,review,unknown,ghidra-12.1.3-initial-inventory
0x0041CE10,unknown,,review,unknown,ghidra-12.1.3-initial-inventory
0x0041CE50,unknown,,review,unknown,ghidra-12.1.3-initial-inventory
0x0041CF00,unknown,,review,unknown,ghidra-12.1.3-initial-inventory
0x0041CF80,unknown,,review,unknown,ghidra-12.1.3-initial-inventory
0x0041D080,unknown,,review,unknown,ghidra-12.1.3-initial-inventory
0x0041D190,unknown,,review,unknown,ghidra-12.1.3-initial-inventory
0x0041D1F0,unknown,,review,unknown,ghidra-12.1.3-initial-inventory
0x0041D260,unknown,,review,unknown,ghidra-12.1.3-initial-inventory
0x0041D510,unknown,,review,unknown,ghidra-12.1.3-initial-inventory
0x0041D6C0,unknown,,review,unknown,ghidra-12.1.3-initial-inventory
0x0041D750,unknown,,review,unknown,ghidra-12.1.3-initial-inventory
0x0041D800,unknown,,review,unknown,ghidra-12.1.3-initial-inventory
0x0041D8C0,unknown,,review,unknown,ghidra-12.1.3-initial-inventory
0x0041D8F0,unknown,,review,unknown,ghidra-12.1.3-initial-inventory
0x0041D930,unknown,,review,unknown,ghidra-12.1.3-initial-inventory
0x0041D950,unknown,,review,unknown,ghidra-12.1.3-initial-inventory
0x0041D980,unknown,,review,unknown,ghidra-12.1.3-initial-inventory
0x0041D9A0,unknown,,review,unknown,ghidra-12.1.3-initial-inventory
0x0041D9C0,unknown,,review,unknown,ghidra-12.1.3-initial-inventory
0x0041D9F0,unknown,,review,unknown,ghidra-12.1.3-initial-inventory
0x0041DA90,unknown,,review,unknown,ghidra-12.1.3-initial-inventory
0x0041DAC0,unknown,,review,unknown,ghidra-12.1.3-initial-inventory
0x0041DAF0,unknown,,review,unknown,ghidra-12.1.3-initial-inventory
0x0041DB40,unknown,,review,unknown,ghidra-12.1.3-initial-inventory
0x0041DB80,unknown,,review,unknown,ghidra-12.1.3-initial-inventory
0x0041DBB0,unknown,,review,unknown,ghidra-12.1.3-initial-inventory
0x0041DC90,unknown,,review,unknown,ghidra-12.1.3-initial-inventory
0x0041DCD0,unknown,,review,unknown,ghidra-12.1.3-initial-inventory
0x0041DCF0,unknown,,review,unknown,ghidra-12.1.3-initial-inventory
0x0041DD20,unknown,,review,unknown,ghidra-12.1.3-initial-inventory
0x0041DD50,unknown,,review,unknown,ghidra-12.1.3-initial-inventory
0x0041DD70,unknown,,review,unknown,ghidra-12.1.3-initial-inventory
0x0041DDC0,unknown,,review,unknown,ghidra-12.1.3-initial-inventory
0x0041DE00,unknown,,review,unknown,ghidra-12.1.3-initial-inventory
0x0041DE30,unknown,,review,unknown,ghidra-12.1.3-initial-inventory
0x0041DF10,unknown,,review,unknown,ghidra-12.1.3-initial-inventory
0x0041DF50,unknown,,review,unknown,ghidra-12.1.3-initial-inventory
0x0041DF70,unknown,,review,unknown,ghidra-12.1.3-initial-inventory
0x0041DF90,unknown,,review,unknown,ghidra-12.1.3-initial-inventory
0x0041DFD0,unknown,,review,unknown,ghidra-12.1.3-initial-inventory
0x0041E000,unknown,,review,unknown,ghidra-12.1.3-initial-inventory
0x0041E020,unknown,,review,unknown,ghidra-12.1.3-initial-inventory
0x0041E060,unknown,,review,unknown,ghidra-12.1.3-initial-inventory
0x0041E080,unknown,,review,unknown,ghidra-12.1.3-initial-inventory
0x0041E0B0,unknown,,review,unknown,ghidra-12.1.3-initial-inventory
0x0041E0D0,unknown,,review,unknown,ghidra-12.1.3-initial-inventory
0x0041E100,unknown,,review,unknown,ghidra-12.1.3-initial-inventory
0x0041E110,unknown,,review,unknown,ghidra-12.1.3-initial-inventory
0x0041E120,unknown,,review,unknown,ghidra-12.1.3-initial-inventory
0x0041E1A0,unknown,,review,unknown,ghidra-12.1.3-initial-inventory
0x0041E22F,unknown,,review,unknown,ghidra-12.1.3-initial-inventory
0x0041E280,unknown,,review,unknown,ghidra-12.1.3-initial-inventory
0x0041E2F0,unknown,,review,unknown,ghidra-12.1.3-initial-inventory
0x0041E330,unknown,,review,unknown,ghidra-12.1.3-initial-inventory
0x0041E340,unknown,,review,unknown,ghidra-12.1.3-initial-inventory
0x0041E360,unknown,,review,unknown,ghidra-12.1.3-initial-inventory
0x0041E380,unknown,,review,unknown,ghidra-12.1.3-initial-inventory
0x0041E490,unknown,,review,unknown,ghidra-12.1.3-initial-inventory
0x0041E4F0,unknown,,review,unknown,ghidra-12.1.3-initial-inventory
0x0041E700,unknown,,review,unknown,ghidra-12.1.3-initial-inventory
0x0041E7C0,unknown,,review,unknown,ghidra-12.1.3-initial-inventory
0x0041E7E0,unknown,,review,unknown,ghidra-12.1.3-initial-inventory
0x0041E800,unknown,,review,unknown,ghidra-12.1.3-initial-inventory
0x0041E910,unknown,,review,unknown,ghidra-12.1.3-initial-inventory
0x0041E970,unknown,,review,unknown,ghidra-12.1.3-initial-inventory
0x0041EB80,unknown,,review,unknown,ghidra-12.1.3-initial-inventory
0x0041EC40,unknown,,review,unknown,ghidra-12.1.3-initial-inventory
0x0041EC60,unknown,,review,unknown,ghidra-12.1.3-initial-inventory
0x0041EC80,unknown,,review,unknown,ghidra-12.1.3-initial-inventory
0x0041ECA0,unknown,,review,unknown,ghidra-12.1.3-initial-inventory
0x0041ECC0,unknown,,review,unknown,ghidra-12.1.3-initial-inventory
0x0041ED00,unknown,,review,unknown,ghidra-12.1.3-initial-inventory
0x0041ED40,unknown,,review,unknown,ghidra-12.1.3-initial-inventory
0x0041EDA0,unknown,,review,unknown,ghidra-12.1.3-initial-inventory
0x0041EDE0,unknown,,review,unknown,ghidra-12.1.3-initial-inventory
0x0041EE00,unknown,,review,unknown,ghidra-12.1.3-initial-inventory
0x0041EE20,unknown,,review,unknown,ghidra-12.1.3-initial-inventory
0x0041EE60,unknown,,review,unknown,ghidra-12.1.3-initial-inventory
0x0041EEA0,unknown,,review,unknown,ghidra-12.1.3-initial-inventory
0x0041EF00,unknown,,review,unknown,ghidra-12.1.3-initial-inventory
0x0041EF20,unknown,,review,unknown,ghidra-12.1.3-initial-inventory
0x0041EF40,unknown,,review,unknown,ghidra-12.1.3-initial-inventory
0x0041EF60,unknown,,review,unknown,ghidra-12.1.3-initial-inventory
0x0041EFE6,unknown,,review,unknown,ghidra-12.1.3-initial-inventory
0x0041F020,unknown,,review,unknown,ghidra-12.1.3-initial-inventory
0x0041F0A0,unknown,,review,unknown,ghidra-12.1.3-initial-inventory
0x0041F0E0,unknown,,review,unknown,ghidra-12.1.3-initial-inventory
0x0041F0F0,unknown,,review,unknown,ghidra-12.1.3-initial-inventory
0x0041F110,unknown,,review,unknown,ghidra-12.1.3-initial-inventory
0x0041F130,unknown,,review,unknown,ghidra-12.1.3-initial-inventory
0x0041F150,unknown,,review,unknown,ghidra-12.1.3-initial-inventory
0x0041F170,unknown,,review,unknown,ghidra-12.1.3-initial-inventory
0x0041F190,unknown,,review,unknown,ghidra-12.1.3-initial-inventory
0x0041F240,unknown,,review,unknown,ghidra-12.1.3-initial-inventory
0x0041F2E0,unknown,,review,unknown,ghidra-12.1.3-initial-inventory
0x0041F340,unknown,,review,unknown,ghidra-12.1.3-initial-inventory
0x0041F360,unknown,,review,unknown,ghidra-12.1.3-initial-inventory
0x0041F380,unknown,,review,unknown,ghidra-12.1.3-initial-inventory
0x0041F3A0,unknown,,review,unknown,ghidra-12.1.3-initial-inventory
0x0041F3C0,unknown,,review,unknown,ghidra-12.1.3-initial-inventory
0x0041F3E0,unknown,,review,unknown,ghidra-12.1.3-initial-inventory
0x0041F400,unknown,,review,unknown,ghidra-12.1.3-initial-inventory
0x0041F4B0,unknown,,review,unknown,ghidra-12.1.3-initial-inventory
0x0041F550,unknown,,review,unknown,ghidra-12.1.3-initial-inventory
0x0041F5B0,unknown,,review,unknown,ghidra-12.1.3-initial-inventory
0x0041F5D0,unknown,,review,unknown,ghidra-12.1.3-initial-inventory
0x0041F5F0,unknown,,review,unknown,ghidra-12.1.3-initial-inventory
0x0041F610,unknown,,review,unknown,ghidra-12.1.3-initial-inventory
0x0041F630,unknown,,review,unknown,ghidra-12.1.3-initial-inventory
0x0041F650,unknown,,review,unknown,ghidra-12.1.3-initial-inventory
0x0041F670,unknown,,review,unknown,ghidra-12.1.3-initial-inventory
0x0041F6A0,unknown,,review,unknown,ghidra-12.1.3-initial-inventory
0x0041F6D0,unknown,,review,unknown,ghidra-12.1.3-initial-inventory
0x0041F6F0,unknown,,review,unknown,ghidra-12.1.3-initial-inventory
0x0041F710,unknown,,review,unknown,ghidra-12.1.3-initial-inventory
0x0041F740,unknown,,review,unknown,ghidra-12.1.3-initial-inventory
0x0041F770,unknown,,review,unknown,ghidra-12.1.3-initial-inventory
0x0041F790,unknown,,review,unknown,ghidra-12.1.3-initial-inventory
0x0041F7B0,unknown,,review,unknown,ghidra-12.1.3-initial-inventory
0x0041F7E0,unknown,,review,unknown,ghidra-12.1.3-initial-inventory
0x0041F7F0,unknown,,review,unknown,ghidra-12.1.3-initial-inventory
0x0041F800,unknown,,review,unknown,ghidra-12.1.3-initial-inventory
0x0041F820,unknown,,review,unknown,ghidra-12.1.3-initial-inventory
0x0041F840,unknown,,review,unknown,ghidra-12.1.3-initial-inventory
0x0041F860,unknown,,review,unknown,ghidra-12.1.3-initial-inventory
0x0041F890,unknown,,review,unknown,ghidra-12.1.3-initial-inventory
0x0041F8B0,unknown,,review,unknown,ghidra-12.1.3-initial-inventory
0x0041F8E0,unknown,,review,unknown,ghidra-12.1.3-initial-inventory
0x0041F930,unknown,,review,unknown,ghidra-12.1.3-initial-inventory
0x0041F980,unknown,,review,unknown,ghidra-12.1.3-initial-inventory
0x0041F9C0,unknown,,review,unknown,ghidra-12.1.3-initial-inventory
0x0041F9F0,unknown,,review,unknown,ghidra-12.1.3-initial-inventory
0x0041FA00,unknown,,review,unknown,ghidra-12.1.3-initial-inventory
0x0041FA50,unknown,,review,unknown,ghidra-12.1.3-initial-inventory
0x0041FAA0,unknown,,review,unknown,ghidra-12.1.3-initial-inventory
0x0041FAE0,unknown,,review,unknown,ghidra-12.1.3-initial-inventory
0x0041FB20,unknown,,review,unknown,ghidra-12.1.3-initial-inventory
0x0041FB60,unknown,,review,unknown,ghidra-12.1.3-initial-inventory
0x0041FB80,unknown,,review,unknown,ghidra-12.1.3-initial-inventory
0x0041FBC0,unknown,,review,unknown,ghidra-12.1.3-initial-inventory
0x0041FC10,unknown,,review,unknown,ghidra-12.1.3-initial-inventory
0x0041FC60,unknown,,review,unknown,ghidra-12.1.3-initial-inventory
0x0041FCA0,unknown,,review,unknown,ghidra-12.1.3-initial-inventory
0x0041FCE0,unknown,,review,unknown,ghidra-12.1.3-initial-inventory
0x0041FD20,unknown,,review,unknown,ghidra-12.1.3-initial-inventory
0x0041FD40,unknown,,review,unknown,ghidra-12.1.3-initial-inventory
0x0041FD80,unknown,,review,unknown,ghidra-12.1.3-initial-inventory
0x0041FD90,unknown,,review,unknown,ghidra-12.1.3-initial-inventory
0x0041FDB0,unknown,,review,unknown,ghidra-12.1.3-initial-inventory
0x0041FDF0,unknown,,review,unknown,ghidra-12.1.3-initial-inventory
0x0041FE00,unknown,,review,unknown,ghidra-12.1.3-initial-inventory
0x0041FE20,unknown,,review,unknown,ghidra-12.1.3-initial-inventory
0x0041FE30,unknown,,review,unknown,ghidra-12.1.3-initial-inventory
0x0041FE50,unknown,,review,unknown,ghidra-12.1.3-initial-inventory
0x0041FE60,unknown,,review,unknown,ghidra-12.1.3-initial-inventory
0x0041FE70,unknown,,review,unknown,ghidra-12.1.3-initial-inventory
0x0041FE80,unknown,,review,unknown,ghidra-12.1.3-initial-inventory
0x0041FE90,unknown,,review,unknown,ghidra-12.1.3-initial-inventory
0x0041FEA0,unknown,,review,unknown,ghidra-12.1.3-initial-inventory
0x0041FF00,unknown,,review,unknown,ghidra-12.1.3-initial-inventory
0x0041FF60,unknown,,review,unknown,ghidra-12.1.3-initial-inventory
0x0041FF70,unknown,,review,unknown,ghidra-12.1.3-initial-inventory
0x0041FFB0,unknown,,review,unknown,ghidra-12.1.3-initial-inventory
0x0041FFD0,unknown,,review,unknown,ghidra-12.1.3-initial-inventory
0x0041FFE0,unknown,,review,unknown,ghidra-12.1.3-initial-inventory
0x0041FFF0,unknown,,review,unknown,ghidra-12.1.3-initial-inventory
0x00420050,unknown,,review,unknown,ghidra-12.1.3-initial-inventory
0x004200B0,unknown,,review,unknown,ghidra-12.1.3-initial-inventory
0x004200C0,unknown,,review,unknown,ghidra-12.1.3-initial-inventory
0x00420100,unknown,,review,unknown,ghidra-12.1.3-initial-inventory
0x00420120,unknown,,review,unknown,ghidra-12.1.3-initial-inventory
0x00420130,unknown,,review,unknown,ghidra-12.1.3-initial-inventory
0x00420150,unknown,,review,unknown,ghidra-12.1.3-initial-inventory
0x00420170,unknown,,review,unknown,ghidra-12.1.3-initial-inventory
0x004201A0,unknown,,review,unknown,ghidra-12.1.3-initial-inventory
0x004201E0,unknown,,review,unknown,ghidra-12.1.3-initial-inventory
0x00420210,unknown,,review,unknown,ghidra-12.1.3-initial-inventory
0x00420240,unknown,,review,unknown,ghidra-12.1.3-initial-inventory
0x00420290,unknown,,review,unknown,ghidra-12.1.3-initial-inventory
0x004202D0,unknown,,review,unknown,ghidra-12.1.3-initial-inventory
0x004202E0,unknown,,review,unknown,ghidra-12.1.3-initial-inventory
0x00420300,unknown,,review,unknown,ghidra-12.1.3-initial-inventory
0x00420310,unknown,,review,unknown,ghidra-12.1.3-initial-inventory
0x00420320,unknown,,review,unknown,ghidra-12.1.3-initial-inventory
0x00420370,unknown,,review,unknown,ghidra-12.1.3-initial-inventory
0x004203B0,unknown,,review,unknown,ghidra-12.1.3-initial-inventory
0x004203C0,unknown,,review,unknown,ghidra-12.1.3-initial-inventory
0x004203E0,unknown,,review,unknown,ghidra-12.1.3-initial-inventory
0x004203F0,unknown,,review,unknown,ghidra-12.1.3-initial-inventory
0x00420400,unknown,,review,unknown,ghidra-12.1.3-initial-inventory
0x00420420,unknown,,review,unknown,ghidra-12.1.3-initial-inventory
0x00420440,unknown,,review,unknown,ghidra-12.1.3-initial-inventory
0x004204D0,unknown,,review,unknown,ghidra-12.1.3-initial-inventory
0x00420530,unknown,,review,unknown,ghidra-12.1.3-initial-inventory
0x00420570,unknown,,review,unknown,ghidra-12.1.3-initial-inventory
0x004205B0,unknown,,review,unknown,ghidra-12.1.3-initial-inventory
0x004205F0,unknown,,review,unknown,ghidra-12.1.3-initial-inventory
0x004206D0,unknown,,review,unknown,ghidra-12.1.3-initial-inventory
0x00420880,unknown,,review,unknown,ghidra-12.1.3-initial-inventory
0x00421200,unknown,,review,unknown,ghidra-12.1.3-initial-inventory
0x00421220,unknown,,review,unknown,ghidra-12.1.3-initial-inventory
0x00421250,unknown,,review,unknown,ghidra-12.1.3-initial-inventory
0x004212A0,unknown,,review,unknown,ghidra-12.1.3-initial-inventory
0x004212F0,unknown,,review,unknown,ghidra-12.1.3-initial-inventory
0x00421340,unknown,,review,unknown,ghidra-12.1.3-initial-inventory
0x00421360,unknown,,review,unknown,ghidra-12.1.3-initial-inventory
0x004213B0,unknown,,review,unknown,ghidra-12.1.3-initial-inventory
0x004213E0,unknown,,review,unknown,ghidra-12.1.3-initial-inventory
0x004214C0,unknown,,review,unknown,ghidra-12.1.3-initial-inventory
0x004214E0,unknown,,review,unknown,ghidra-12.1.3-initial-inventory
0x00421530,unknown,,review,unknown,ghidra-12.1.3-initial-inventory
0x00421550,unknown,,review,unknown,ghidra-12.1.3-initial-inventory
0x00421570,unknown,,review,unknown,ghidra-12.1.3-initial-inventory
0x004215C0,unknown,,review,unknown,ghidra-12.1.3-initial-inventory
0x004215F0,unknown,,review,unknown,ghidra-12.1.3-initial-inventory
0x004216D0,unknown,,review,unknown,ghidra-12.1.3-initial-inventory
0x004216F0,unknown,,review,unknown,ghidra-12.1.3-initial-inventory
0x00421720,unknown,,review,unknown,ghidra-12.1.3-initial-inventory
0x00421750,unknown,,review,unknown,ghidra-12.1.3-initial-inventory
0x004217B0,unknown,,review,unknown,ghidra-12.1.3-initial-inventory
0x004219C0,unknown,,review,unknown,ghidra-12.1.3-initial-inventory
0x00421A80,unknown,,review,unknown,ghidra-12.1.3-initial-inventory
0x00421AC0,unknown,,review,unknown,ghidra-12.1.3-initial-inventory
0x00421AD0,unknown,,review,unknown,ghidra-12.1.3-initial-inventory
0x00421AF0,unknown,,review,unknown,ghidra-12.1.3-initial-inventory
0x00421B10,unknown,,review,unknown,ghidra-12.1.3-initial-inventory
0x00421B40,unknown,,review,unknown,ghidra-12.1.3-initial-inventory
0x00421B70,unknown,,review,unknown,ghidra-12.1.3-initial-inventory
0x00421BD0,unknown,,review,unknown,ghidra-12.1.3-initial-inventory
0x00421DD0,unknown,,review,unknown,ghidra-12.1.3-initial-inventory
0x00421E90,unknown,,review,unknown,ghidra-12.1.3-initial-inventory
0x00421ED0,unknown,,review,unknown,ghidra-12.1.3-initial-inventory
0x00421EE0,unknown,,review,unknown,ghidra-12.1.3-initial-inventory
0x00421F00,unknown,,review,unknown,ghidra-12.1.3-initial-inventory
0x00421F20,unknown,,review,unknown,ghidra-12.1.3-initial-inventory
0x00421F40,unknown,,review,unknown,ghidra-12.1.3-initial-inventory
0x00421F80,unknown,,review,unknown,ghidra-12.1.3-initial-inventory
0x00421FC0,unknown,,review,unknown,ghidra-12.1.3-initial-inventory
0x00421FE0,unknown,,review,unknown,ghidra-12.1.3-initial-inventory
0x00422020,unknown,,review,unknown,ghidra-12.1.3-initial-inventory
0x00422060,unknown,,review,unknown,ghidra-12.1.3-initial-inventory
0x00422080,unknown,,review,unknown,ghidra-12.1.3-initial-inventory
0x004220A0,unknown,,review,unknown,ghidra-12.1.3-initial-inventory
0x00422140,unknown,,review,unknown,ghidra-12.1.3-initial-inventory
0x004221A0,unknown,,review,unknown,ghidra-12.1.3-initial-inventory
0x004221C0,unknown,,review,unknown,ghidra-12.1.3-initial-inventory
0x004221D0,unknown,,review,unknown,ghidra-12.1.3-initial-inventory
0x004221F0,unknown,,review,unknown,ghidra-12.1.3-initial-inventory
0x00422210,unknown,,review,unknown,ghidra-12.1.3-initial-inventory
0x00422230,unknown,,review,unknown,ghidra-12.1.3-initial-inventory
0x00422250,unknown,,review,unknown,ghidra-12.1.3-initial-inventory
0x00422270,unknown,,review,unknown,ghidra-12.1.3-initial-inventory
0x00422290,unknown,,review,unknown,ghidra-12.1.3-initial-inventory
0x00422330,unknown,,review,unknown,ghidra-12.1.3-initial-inventory
0x00422390,unknown,,review,unknown,ghidra-12.1.3-initial-inventory
0x004223B0,unknown,,review,unknown,ghidra-12.1.3-initial-inventory
0x004223C0,unknown,,review,unknown,ghidra-12.1.3-initial-inventory
0x004223E0,unknown,,review,unknown,ghidra-12.1.3-initial-inventory
0x00422400,unknown,,review,unknown,ghidra-12.1.3-initial-inventory
0x00422420,unknown,,review,unknown,ghidra-12.1.3-initial-inventory
0x00422440,unknown,,review,unknown,ghidra-12.1.3-initial-inventory
0x00422460,unknown,,review,unknown,ghidra-12.1.3-initial-inventory
0x00422480,unknown,,review,unknown,ghidra-12.1.3-initial-inventory
0x004224A0,unknown,,review,unknown,ghidra-12.1.3-initial-inventory
0x00422500,unknown,,review,unknown,ghidra-12.1.3-initial-inventory
0x00422520,unknown,,review,unknown,ghidra-12.1.3-initial-inventory
0x00422540,unknown,,review,unknown,ghidra-12.1.3-initial-inventory
0x00422560,unknown,,review,unknown,ghidra-12.1.3-initial-inventory
0x004225C0,unknown,,review,unknown,ghidra-12.1.3-initial-inventory
0x004225E0,unknown,,review,unknown,ghidra-12.1.3-initial-inventory
0x00422610,unknown,,review,unknown,ghidra-12.1.3-initial-inventory
0x00422630,unknown,,review,unknown,ghidra-12.1.3-initial-inventory
0x00422660,unknown,,review,unknown,ghidra-12.1.3-initial-inventory
0x00422690,unknown,,review,unknown,ghidra-12.1.3-initial-inventory
0x004226C0,unknown,,review,unknown,ghidra-12.1.3-initial-inventory
0x00422700,unknown,,review,unknown,ghidra-12.1.3-initial-inventory
0x00422740,unknown,,review,unknown,ghidra-12.1.3-initial-inventory
0x00422780,unknown,,review,unknown,ghidra-12.1.3-initial-inventory
0x004227A0,unknown,,review,unknown,ghidra-12.1.3-initial-inventory
0x004227E0,unknown,,review,unknown,ghidra-12.1.3-initial-inventory
0x00422820,unknown,,review,unknown,ghidra-12.1.3-initial-inventory
0x00422860,unknown,,review,unknown,ghidra-12.1.3-initial-inventory
0x004228A0,unknown,,review,unknown,ghidra-12.1.3-initial-inventory
0x004228C0,unknown,,review,unknown,ghidra-12.1.3-initial-inventory
0x00422930,unknown,,review,unknown,ghidra-12.1.3-initial-inventory
0x00422940,unknown,,review,unknown,ghidra-12.1.3-initial-inventory
0x00422960,unknown,,review,unknown,ghidra-12.1.3-initial-inventory
0x00422970,unknown,,review,unknown,ghidra-12.1.3-initial-inventory
0x00422980,unknown,,review,unknown,ghidra-12.1.3-initial-inventory
0x004229A0,unknown,,review,unknown,ghidra-12.1.3-initial-inventory
0x004229B0,unknown,,review,unknown,ghidra-12.1.3-initial-inventory
0x004229C0,unknown,,review,unknown,ghidra-12.1.3-initial-inventory
0x004229D0,unknown,,review,unknown,ghidra-12.1.3-initial-inventory
0x004229F0,unknown,,review,unknown,ghidra-12.1.3-initial-inventory
0x00422A20,unknown,,review,unknown,ghidra-12.1.3-initial-inventory
0x00422A50,unknown,,review,unknown,ghidra-12.1.3-initial-inventory
0x00422B13,unknown,,review,unknown,ghidra-12.1.3-initial-inventory
0x00422B50,unknown,,review,unknown,ghidra-12.1.3-initial-inventory
0x00422B80,unknown,,review,unknown,ghidra-12.1.3-initial-inventory
0x00422BB0,unknown,,review,unknown,ghidra-12.1.3-initial-inventory
0x00422BC0,unknown,,review,unknown,ghidra-12.1.3-initial-inventory
0x00422C00,unknown,,review,unknown,ghidra-12.1.3-initial-inventory
0x00422C20,unknown,,review,unknown,ghidra-12.1.3-initial-inventory
0x00422C30,unknown,,review,unknown,ghidra-12.1.3-initial-inventory
0x00422C40,unknown,,review,unknown,ghidra-12.1.3-initial-inventory
0x00422C80,unknown,,review,unknown,ghidra-12.1.3-initial-inventory
0x00422CA0,unknown,,review,unknown,ghidra-12.1.3-initial-inventory
0x00422CB0,unknown,,review,unknown,ghidra-12.1.3-initial-inventory
0x00422D00,unknown,,review,unknown,ghidra-12.1.3-initial-inventory
0x00422D30,unknown,,review,unknown,ghidra-12.1.3-initial-inventory
0x00422D60,unknown,,review,unknown,ghidra-12.1.3-initial-inventory
0x00422D70,unknown,,review,unknown,ghidra-12.1.3-initial-inventory
0x0042308D,unknown,,review,unknown,ghidra-12.1.3-initial-inventory
0x0042333B,unknown,,review,unknown,ghidra-12.1.3-initial-inventory
0x00423380,unknown,,review,unknown,ghidra-12.1.3-initial-inventory
0x00423470,unknown,,review,unknown,ghidra-12.1.3-initial-inventory
0x00423520,unknown,,review,unknown,ghidra-12.1.3-initial-inventory
0x00423550,unknown,,review,unknown,ghidra-12.1.3-initial-inventory
0x00423580,unknown,,review,unknown,ghidra-12.1.3-initial-inventory
0x004235A0,unknown,,review,unknown,ghidra-12.1.3-initial-inventory
0x004235C0,unknown,,review,unknown,ghidra-12.1.3-initial-inventory
0x004235F0,unknown,,review,unknown,ghidra-12.1.3-initial-inventory
0x00423640,unknown,,review,unknown,ghidra-12.1.3-initial-inventory
0x00423680,unknown,,review,unknown,ghidra-12.1.3-initial-inventory
0x004236C0,unknown,,review,unknown,ghidra-12.1.3-initial-inventory
0x004236F0,unknown,,review,unknown,ghidra-12.1.3-initial-inventory
0x00423740,unknown,,review,unknown,ghidra-12.1.3-initial-inventory
0x00423790,unknown,,review,unknown,ghidra-12.1.3-initial-inventory
0x004237E0,unknown,,review,unknown,ghidra-12.1.3-initial-inventory
0x00423800,unknown,,review,unknown,ghidra-12.1.3-initial-inventory
0x00423820,unknown,,review,unknown,ghidra-12.1.3-initial-inventory
0x00423830,unknown,,review,unknown,ghidra-12.1.3-initial-inventory
0x00423890,unknown,,review,unknown,ghidra-12.1.3-initial-inventory
0x004238A0,unknown,,review,unknown,ghidra-12.1.3-initial-inventory
0x00423900,unknown,,review,unknown,ghidra-12.1.3-initial-inventory
0x00423960,unknown,,review,unknown,ghidra-12.1.3-initial-inventory
0x00423980,unknown,,review,unknown,ghidra-12.1.3-initial-inventory
0x004239A0,unknown,,review,unknown,ghidra-12.1.3-initial-inventory
0x004239C0,unknown,,review,unknown,ghidra-12.1.3-initial-inventory
0x004239F0,unknown,,review,unknown,ghidra-12.1.3-initial-inventory
0x00423A90,unknown,,review,unknown,ghidra-12.1.3-initial-inventory
0x00423B20,unknown,,review,unknown,ghidra-12.1.3-initial-inventory
0x00423B40,unknown,,review,unknown,ghidra-12.1.3-initial-inventory
0x00423C60,unknown,,review,unknown,ghidra-12.1.3-initial-inventory
0x00423C80,unknown,,review,unknown,ghidra-12.1.3-initial-inventory
0x00423CE0,unknown,,review,unknown,ghidra-12.1.3-initial-inventory
0x00423D10,unknown,,review,unknown,ghidra-12.1.3-initial-inventory
0x00423D40,unknown,,review,unknown,ghidra-12.1.3-initial-inventory
0x00423D60,unknown,,review,unknown,ghidra-12.1.3-initial-inventory
0x00423DB0,unknown,,review,unknown,ghidra-12.1.3-initial-inventory
0x00423DF0,unknown,,review,unknown,ghidra-12.1.3-initial-inventory
0x00423E10,unknown,,review,unknown,ghidra-12.1.3-initial-inventory
0x00423EF0,unknown,,review,unknown,ghidra-12.1.3-initial-inventory
0x00423F30,unknown,,review,unknown,ghidra-12.1.3-initial-inventory
0x00423F50,unknown,,review,unknown,ghidra-12.1.3-initial-inventory
0x00423F70,unknown,,review,unknown,ghidra-12.1.3-initial-inventory
0x00423F90,unknown,,review,unknown,ghidra-12.1.3-initial-inventory
0x00423FD0,unknown,,review,unknown,ghidra-12.1.3-initial-inventory
0x00424000,unknown,,review,unknown,ghidra-12.1.3-initial-inventory
0x00424110,unknown,,review,unknown,ghidra-12.1.3-initial-inventory
0x00424170,unknown,,review,unknown,ghidra-12.1.3-initial-inventory
0x00424380,unknown,,review,unknown,ghidra-12.1.3-initial-inventory
0x00424440,unknown,,review,unknown,ghidra-12.1.3-initial-inventory
0x00424460,unknown,,review,unknown,ghidra-12.1.3-initial-inventory
0x00424480,unknown,,review,unknown,ghidra-12.1.3-initial-inventory
0x004244A0,unknown,,review,unknown,ghidra-12.1.3-initial-inventory
0x004244C0,unknown,,review,unknown,ghidra-12.1.3-initial-inventory
0x00424500,unknown,,review,unknown,ghidra-12.1.3-initial-inventory
0x00424530,unknown,,review,unknown,ghidra-12.1.3-initial-inventory
0x00424590,unknown,,review,unknown,ghidra-12.1.3-initial-inventory
0x004245D0,unknown,,review,unknown,ghidra-12.1.3-initial-inventory
0x004245F0,unknown,,review,unknown,ghidra-12.1.3-initial-inventory
0x00424610,unknown,,review,unknown,ghidra-12.1.3-initial-inventory
0x004246C0,unknown,,review,unknown,ghidra-12.1.3-initial-inventory
0x00424760,unknown,,review,unknown,ghidra-12.1.3-initial-inventory
0x004247C0,unknown,,review,unknown,ghidra-12.1.3-initial-inventory
0x004247E0,unknown,,review,unknown,ghidra-12.1.3-initial-inventory
0x00424800,unknown,,review,unknown,ghidra-12.1.3-initial-inventory
0x00424820,unknown,,review,unknown,ghidra-12.1.3-initial-inventory
0x00424840,unknown,,review,unknown,ghidra-12.1.3-initial-inventory
0x00424860,unknown,,review,unknown,ghidra-12.1.3-initial-inventory
0x00424890,unknown,,review,unknown,ghidra-12.1.3-initial-inventory
0x004248C0,unknown,,review,unknown,ghidra-12.1.3-initial-inventory
0x004248E0,unknown,,review,unknown,ghidra-12.1.3-initial-inventory
0x00424910,unknown,,review,unknown,ghidra-12.1.3-initial-inventory
0x00424960,unknown,,review,unknown,ghidra-12.1.3-initial-inventory
0x004249B0,unknown,,review,unknown,ghidra-12.1.3-initial-inventory
0x00424A00,unknown,,review,unknown,ghidra-12.1.3-initial-inventory
0x00424A40,unknown,,review,unknown,ghidra-12.1.3-initial-inventory
0x00424A80,unknown,,review,unknown,ghidra-12.1.3-initial-inventory
0x00424AC0,unknown,,review,unknown,ghidra-12.1.3-initial-inventory
0x00424AE0,unknown,,review,unknown,ghidra-12.1.3-initial-inventory
0x00424B20,unknown,,review,unknown,ghidra-12.1.3-initial-inventory
0x00424B40,unknown,,review,unknown,ghidra-12.1.3-initial-inventory
0x00424B50,unknown,,review,unknown,ghidra-12.1.3-initial-inventory
0x00424B60,unknown,,review,unknown,ghidra-12.1.3-initial-inventory
0x00424B70,unknown,,review,unknown,ghidra-12.1.3-initial-inventory
0x00424BD0,unknown,,review,unknown,ghidra-12.1.3-initial-inventory
0x00424C30,unknown,,review,unknown,ghidra-12.1.3-initial-inventory
0x00424C40,unknown,,review,unknown,ghidra-12.1.3-initial-inventory
0x00424C80,unknown,,review,unknown,ghidra-12.1.3-initial-inventory
0x00424CA0,unknown,,review,unknown,ghidra-12.1.3-initial-inventory
0x00424CB0,unknown,,review,unknown,ghidra-12.1.3-initial-inventory
0x00424CD0,unknown,,review,unknown,ghidra-12.1.3-initial-inventory
0x00424D00,unknown,,review,unknown,ghidra-12.1.3-initial-inventory
0x00424D50,unknown,,review,unknown,ghidra-12.1.3-initial-inventory
0x00424D90,unknown,,review,unknown,ghidra-12.1.3-initial-inventory
0x00424DA0,unknown,,review,unknown,ghidra-12.1.3-initial-inventory
0x00424DC0,unknown,,review,unknown,ghidra-12.1.3-initial-inventory
0x00424DD0,unknown,,review,unknown,ghidra-12.1.3-initial-inventory
0x00424DE0,unknown,,review,unknown,ghidra-12.1.3-initial-inventory
0x00424E00,unknown,,review,unknown,ghidra-12.1.3-initial-inventory
0x00424F40,unknown,,review,unknown,ghidra-12.1.3-initial-inventory
0x00424F60,unknown,,review,unknown,ghidra-12.1.3-initial-inventory
0x00425000,unknown,,review,unknown,ghidra-12.1.3-initial-inventory
0x004250C0,unknown,,review,unknown,ghidra-12.1.3-initial-inventory
0x00425130,unknown,,review,unknown,ghidra-12.1.3-initial-inventory
0x00425190,unknown,,review,unknown,ghidra-12.1.3-initial-inventory
0x004251C0,unknown,,review,unknown,ghidra-12.1.3-initial-inventory
0x004251F0,unknown,,review,unknown,ghidra-12.1.3-initial-inventory
0x004252B0,unknown,,review,unknown,ghidra-12.1.3-initial-inventory
0x00425330,unknown,,review,unknown,ghidra-12.1.3-initial-inventory
0x00425390,unknown,,review,unknown,ghidra-12.1.3-initial-inventory
0x00425430,unknown,,review,unknown,ghidra-12.1.3-initial-inventory
0x00425460,unknown,,review,unknown,ghidra-12.1.3-initial-inventory
0x00425490,unknown,,review,unknown,ghidra-12.1.3-initial-inventory
0x00425550,unknown,,review,unknown,ghidra-12.1.3-initial-inventory
0x004255D0,unknown,,review,unknown,ghidra-12.1.3-initial-inventory
0x00425620,unknown,,review,unknown,ghidra-12.1.3-initial-inventory
0x004256C0,unknown,,review,unknown,ghidra-12.1.3-initial-inventory
0x00425720,unknown,,review,unknown,ghidra-12.1.3-initial-inventory
0x00425750,unknown,,review,unknown,ghidra-12.1.3-initial-inventory
0x004258D0,unknown,,review,unknown,ghidra-12.1.3-initial-inventory
0x004259D0,unknown,,review,unknown,ghidra-12.1.3-initial-inventory
0x00425C80,unknown,,review,unknown,ghidra-12.1.3-initial-inventory
0x00426600,unknown,,review,unknown,ghidra-12.1.3-initial-inventory
0x00426670,unknown,,review,unknown,ghidra-12.1.3-initial-inventory
0x004268A0,unknown,,review,unknown,ghidra-12.1.3-initial-inventory
0x00426A70,unknown,,review,unknown,ghidra-12.1.3-initial-inventory
0x00426DD0,unknown,,review,unknown,ghidra-12.1.3-initial-inventory
0x00427180,unknown,,review,unknown,ghidra-12.1.3-initial-inventory
0x00427300,unknown,,review,unknown,ghidra-12.1.3-initial-inventory
0x00427430,unknown,,review,unknown,ghidra-12.1.3-initial-inventory
0x00427470,unknown,,review,unknown,ghidra-12.1.3-initial-inventory
0x004274D0,unknown,,review,unknown,ghidra-12.1.3-initial-inventory
0x00427500,unknown,,review,unknown,ghidra-12.1.3-initial-inventory
0x004275D0,unknown,,review,unknown,ghidra-12.1.3-initial-inventory
0x004276B0,unknown,,review,unknown,ghidra-12.1.3-initial-inventory
0x00427730,unknown,,review,unknown,ghidra-12.1.3-initial-inventory
0x004277A0,unknown,,review,unknown,ghidra-12.1.3-initial-inventory
0x00428C80,unknown,,review,unknown,ghidra-12.1.3-initial-inventory
0x00428CF0,unknown,,review,unknown,ghidra-12.1.3-initial-inventory
0x00428D20,unknown,,review,unknown,ghidra-12.1.3-initial-inventory
0x00428D40,unknown,,review,unknown,ghidra-12.1.3-initial-inventory
0x00428D60,unknown,,review,unknown,ghidra-12.1.3-initial-inventory
0x00428E60,unknown,,review,unknown,ghidra-12.1.3-initial-inventory
0x00428F00,unknown,,review,unknown,ghidra-12.1.3-initial-inventory
0x004292E0,unknown,,review,unknown,ghidra-12.1.3-initial-inventory
0x00429DC0,unknown,,review,unknown,ghidra-12.1.3-initial-inventory
0x00429F00,unknown,,review,unknown,ghidra-12.1.3-initial-inventory
0x0042A150,unknown,,review,unknown,ghidra-12.1.3-initial-inventory
0x0042A180,unknown,,review,unknown,ghidra-12.1.3-initial-inventory
0x0042A2C0,unknown,,review,unknown,ghidra-12.1.3-initial-inventory
0x0042A340,unknown,,review,unknown,ghidra-12.1.3-initial-inventory
0x0042A560,unknown,,review,unknown,ghidra-12.1.3-initial-inventory
0x0042AB90,unknown,,review,unknown,ghidra-12.1.3-initial-inventory
0x0042AE70,unknown,,review,unknown,ghidra-12.1.3-initial-inventory
0x0042AFF0,unknown,,review,unknown,ghidra-12.1.3-initial-inventory
0x0042B110,unknown,,review,unknown,ghidra-12.1.3-initial-inventory
0x0042B1C0,unknown,,review,unknown,ghidra-12.1.3-initial-inventory
0x0042B1F0,unknown,,review,unknown,ghidra-12.1.3-initial-inventory
0x0042B300,unknown,,review,unknown,ghidra-12.1.3-initial-inventory
0x0042B380,unknown,,review,unknown,ghidra-12.1.3-initial-inventory
0x0042B570,unknown,,review,unknown,ghidra-12.1.3-initial-inventory
0x0042BCD0,unknown,,review,unknown,ghidra-12.1.3-initial-inventory
0x0042BFD0,unknown,,review,unknown,ghidra-12.1.3-initial-inventory
0x0042C150,unknown,,review,unknown,ghidra-12.1.3-initial-inventory
0x0042C270,unknown,,review,unknown,ghidra-12.1.3-initial-inventory
0x0042C3A0,unknown,,review,unknown,ghidra-12.1.3-initial-inventory
0x0042C3D0,unknown,,review,unknown,ghidra-12.1.3-initial-inventory
0x0042C560,unknown,,review,unknown,ghidra-12.1.3-initial-inventory
0x0042C670,unknown,,review,unknown,ghidra-12.1.3-initial-inventory
0x0042CA60,unknown,,review,unknown,ghidra-12.1.3-initial-inventory
0x0042D330,unknown,,review,unknown,ghidra-12.1.3-initial-inventory
0x0042D470,unknown,,review,unknown,ghidra-12.1.3-initial-inventory
0x0042D6E0,unknown,,review,unknown,ghidra-12.1.3-initial-inventory
0x0042D860,unknown,,review,unknown,ghidra-12.1.3-initial-inventory
0x0042D980,unknown,,review,unknown,ghidra-12.1.3-initial-inventory
0x0042DAC0,unknown,,review,unknown,ghidra-12.1.3-initial-inventory
0x0042DAF0,unknown,,review,unknown,ghidra-12.1.3-initial-inventory
0x0042DB30,unknown,,review,unknown,ghidra-12.1.3-initial-inventory
0x0042DB80,unknown,,review,unknown,ghidra-12.1.3-initial-inventory
0x0042DBA0,unknown,,review,unknown,ghidra-12.1.3-initial-inventory
0x0042DBE0,unknown,,review,unknown,ghidra-12.1.3-initial-inventory
0x0042DCC0,unknown,,review,unknown,ghidra-12.1.3-initial-inventory
0x0042DCF0,unknown,,review,unknown,ghidra-12.1.3-initial-inventory
0x0042DEF0,unknown,,review,unknown,ghidra-12.1.3-initial-inventory
0x0042DFB0,unknown,,review,unknown,ghidra-12.1.3-initial-inventory
0x0042DFF0,unknown,,review,unknown,ghidra-12.1.3-initial-inventory
0x0042E000,unknown,,review,unknown,ghidra-12.1.3-initial-inventory
0x0042E020,unknown,,review,unknown,ghidra-12.1.3-initial-inventory
0x0042E040,unknown,,review,unknown,ghidra-12.1.3-initial-inventory
0x0042E080,unknown,,review,unknown,ghidra-12.1.3-initial-inventory
0x0042E0A0,unknown,,review,unknown,ghidra-12.1.3-initial-inventory
0x0042E0E0,unknown,,review,unknown,ghidra-12.1.3-initial-inventory
0x0042E100,unknown,,review,unknown,ghidra-12.1.3-initial-inventory
0x0042E120,unknown,,review,unknown,ghidra-12.1.3-initial-inventory
0x0042E1C0,unknown,,review,unknown,ghidra-12.1.3-initial-inventory
0x0042E220,unknown,,review,unknown,ghidra-12.1.3-initial-inventory
0x0042E240,unknown,,review,unknown,ghidra-12.1.3-initial-inventory
0x0042E250,unknown,,review,unknown,ghidra-12.1.3-initial-inventory
0x0042E270,unknown,,review,unknown,ghidra-12.1.3-initial-inventory
0x0042E290,unknown,,review,unknown,ghidra-12.1.3-initial-inventory
0x0042E2B0,unknown,,review,unknown,ghidra-12.1.3-initial-inventory
0x0042E2D0,unknown,,review,unknown,ghidra-12.1.3-initial-inventory
0x0042E2F0,unknown,,review,unknown,ghidra-12.1.3-initial-inventory
0x0042E310,unknown,,review,unknown,ghidra-12.1.3-initial-inventory
0x0042E330,unknown,,review,unknown,ghidra-12.1.3-initial-inventory
0x0042E390,unknown,,review,unknown,ghidra-12.1.3-initial-inventory
0x0042E3B0,unknown,,review,unknown,ghidra-12.1.3-initial-inventory
0x0042E3E0,unknown,,review,unknown,ghidra-12.1.3-initial-inventory
0x0042E410,unknown,,review,unknown,ghidra-12.1.3-initial-inventory
0x0042E450,unknown,,review,unknown,ghidra-12.1.3-initial-inventory
0x0042E490,unknown,,review,unknown,ghidra-12.1.3-initial-inventory
0x0042E4D0,unknown,,review,unknown,ghidra-12.1.3-initial-inventory
0x0042E4F0,unknown,,review,unknown,ghidra-12.1.3-initial-inventory
0x0042E540,unknown,,review,unknown,ghidra-12.1.3-initial-inventory
0x0042E550,unknown,,review,unknown,ghidra-12.1.3-initial-inventory
0x0042E570,unknown,,review,unknown,ghidra-12.1.3-initial-inventory
0x0042E580,unknown,,review,unknown,ghidra-12.1.3-initial-inventory
0x0042E590,unknown,,review,unknown,ghidra-12.1.3-initial-inventory
0x0042E5A0,unknown,,review,unknown,ghidra-12.1.3-initial-inventory
0x0042E5E0,unknown,,review,unknown,ghidra-12.1.3-initial-inventory
0x0042E600,unknown,,review,unknown,ghidra-12.1.3-initial-inventory
0x0042E610,unknown,,review,unknown,ghidra-12.1.3-initial-inventory
0x0042E640,unknown,,review,unknown,ghidra-12.1.3-initial-inventory
0x0042E870,unknown,,review,unknown,ghidra-12.1.3-initial-inventory
0x0042E8F0,unknown,,review,unknown,ghidra-12.1.3-initial-inventory
0x0042EF10,unknown,,review,unknown,ghidra-12.1.3-initial-inventory
0x0042F450,unknown,,review,unknown,ghidra-12.1.3-initial-inventory
0x0042F530,unknown,,review,unknown,ghidra-12.1.3-initial-inventory
0x0042F6E0,unknown,,review,unknown,ghidra-12.1.3-initial-inventory
0x0042F710,unknown,,review,unknown,ghidra-12.1.3-initial-inventory
0x0042F880,unknown,,review,unknown,ghidra-12.1.3-initial-inventory
0x0042F970,unknown,,review,unknown,ghidra-12.1.3-initial-inventory
0x00430080,unknown,,review,unknown,ghidra-12.1.3-initial-inventory
0x00430D80,unknown,,review,unknown,ghidra-12.1.3-initial-inventory
0x00430EE0,unknown,,review,unknown,ghidra-12.1.3-initial-inventory
0x00431070,unknown,,review,unknown,ghidra-12.1.3-initial-inventory
0x00431350,unknown,,review,unknown,ghidra-12.1.3-initial-inventory
0x004315F0,unknown,,review,unknown,ghidra-12.1.3-initial-inventory
0x00431770,unknown,,review,unknown,ghidra-12.1.3-initial-inventory
0x00431890,unknown,,review,unknown,ghidra-12.1.3-initial-inventory
0x00431940,unknown,,review,unknown,ghidra-12.1.3-initial-inventory
0x004319B0,unknown,,review,unknown,ghidra-12.1.3-initial-inventory
0x00431B60,unknown,,review,unknown,ghidra-12.1.3-initial-inventory
0x00431D60,unknown,,review,unknown,ghidra-12.1.3-initial-inventory
0x00431F10,unknown,,review,unknown,ghidra-12.1.3-initial-inventory
0x00431F40,unknown,,review,unknown,ghidra-12.1.3-initial-inventory
0x00431F60,unknown,,review,unknown,ghidra-12.1.3-initial-inventory
0x00432200,unknown,,review,unknown,ghidra-12.1.3-initial-inventory
0x004322B0,unknown,,review,unknown,ghidra-12.1.3-initial-inventory
0x00432360,unknown,,review,unknown,ghidra-12.1.3-initial-inventory
0x00432410,unknown,,review,unknown,ghidra-12.1.3-initial-inventory
0x004324D0,unknown,,review,unknown,ghidra-12.1.3-initial-inventory
0x00432660,unknown,,review,unknown,ghidra-12.1.3-initial-inventory
0x004327F0,unknown,,review,unknown,ghidra-12.1.3-initial-inventory
0x00432960,unknown,,review,unknown,ghidra-12.1.3-initial-inventory
0x00432AF0,unknown,,review,unknown,ghidra-12.1.3-initial-inventory
0x00432C40,unknown,,review,unknown,ghidra-12.1.3-initial-inventory
0x00432D70,unknown,,review,unknown,ghidra-12.1.3-initial-inventory
0x00432EA0,unknown,,review,unknown,ghidra-12.1.3-initial-inventory
0x00433140,unknown,,review,unknown,ghidra-12.1.3-initial-inventory
0x00433230,unknown,,review,unknown,ghidra-12.1.3-initial-inventory
0x00433470,unknown,,review,unknown,ghidra-12.1.3-initial-inventory
0x00433A40,unknown,,review,unknown,ghidra-12.1.3-initial-inventory
0x00433BE0,unknown,,review,unknown,ghidra-12.1.3-initial-inventory
0x00433CF0,unknown,,review,unknown,ghidra-12.1.3-initial-inventory
0x004348E0,unknown,,review,unknown,ghidra-12.1.3-initial-inventory
0x00434CF0,unknown,,review,unknown,ghidra-12.1.3-initial-inventory
0x004350E0,unknown,,review,unknown,ghidra-12.1.3-initial-inventory
0x00435870,unknown,,review,unknown,ghidra-12.1.3-initial-inventory
0x00435A70,unknown,,review,unknown,ghidra-12.1.3-initial-inventory
0x00437380,unknown,,review,unknown,ghidra-12.1.3-initial-inventory
0x00438240,unknown,,review,unknown,ghidra-12.1.3-initial-inventory
0x00438670,unknown,,review,unknown,ghidra-12.1.3-initial-inventory
0x004388D0,unknown,,review,unknown,ghidra-12.1.3-initial-inventory
0x00438A30,unknown,,review,unknown,ghidra-12.1.3-initial-inventory
0x00438A60,unknown,,review,unknown,ghidra-12.1.3-initial-inventory
0x00438A80,unknown,,review,unknown,ghidra-12.1.3-initial-inventory
0x00438AC0,unknown,,review,unknown,ghidra-12.1.3-initial-inventory
0x00438BA0,unknown,,review,unknown,ghidra-12.1.3-initial-inventory
0x00438C20,unknown,,review,unknown,ghidra-12.1.3-initial-inventory
0x00438CF0,unknown,,review,unknown,ghidra-12.1.3-initial-inventory
0x00438D00,unknown,,review,unknown,ghidra-12.1.3-initial-inventory
0x00439F90,unknown,,review,unknown,ghidra-12.1.3-initial-inventory
0x00439FF0,unknown,,review,unknown,ghidra-12.1.3-initial-inventory
0x0043A020,unknown,,review,unknown,ghidra-12.1.3-initial-inventory
0x0043A1E0,unknown,,review,unknown,ghidra-12.1.3-initial-inventory
0x0043A270,unknown,,review,unknown,ghidra-12.1.3-initial-inventory
0x0043A7A0,unknown,,review,unknown,ghidra-12.1.3-initial-inventory
0x0043ABF0,unknown,,review,unknown,ghidra-12.1.3-initial-inventory
0x0043ACE0,unknown,,review,unknown,ghidra-12.1.3-initial-inventory
0x0043AD10,unknown,,review,unknown,ghidra-12.1.3-initial-inventory
0x0043B0B0,unknown,,review,unknown,ghidra-12.1.3-initial-inventory
0x0043B1B0,unknown,,review,unknown,ghidra-12.1.3-initial-inventory
0x0043B510,unknown,,review,unknown,ghidra-12.1.3-initial-inventory
0x0043B5D0,unknown,,review,unknown,ghidra-12.1.3-initial-inventory
0x0043B5E0,unknown,,review,unknown,ghidra-12.1.3-initial-inventory
0x0043B610,unknown,,review,unknown,ghidra-12.1.3-initial-inventory
0x0043C8F0,unknown,,review,unknown,ghidra-12.1.3-initial-inventory
0x0043C930,unknown,,review,unknown,ghidra-12.1.3-initial-inventory
0x0043CDB0,unknown,,review,unknown,ghidra-12.1.3-initial-inventory
0x0043D010,unknown,,review,unknown,ghidra-12.1.3-initial-inventory
0x0043D360,unknown,,review,unknown,ghidra-12.1.3-initial-inventory
0x0043D3B0,unknown,,review,unknown,ghidra-12.1.3-initial-inventory
0x0043D3E0,unknown,,review,unknown,ghidra-12.1.3-initial-inventory
0x0043D430,unknown,,review,unknown,ghidra-12.1.3-initial-inventory
0x0043D460,unknown,,review,unknown,ghidra-12.1.3-initial-inventory
0x0043D490,unknown,,review,unknown,ghidra-12.1.3-initial-inventory
0x0043D4D0,unknown,,review,unknown,ghidra-12.1.3-initial-inventory
0x0043D570,unknown,,review,unknown,ghidra-12.1.3-initial-inventory
0x0043D9D0,unknown,,review,unknown,ghidra-12.1.3-initial-inventory
0x0043E040,unknown,,review,unknown,ghidra-12.1.3-initial-inventory
0x004406C0,unknown,,review,unknown,ghidra-12.1.3-initial-inventory
0x00440B00,unknown,,review,unknown,ghidra-12.1.3-initial-inventory
0x00440B50,unknown,,review,unknown,ghidra-12.1.3-initial-inventory
0x00441910,unknown,,review,unknown,ghidra-12.1.3-initial-inventory
0x00441EA0,unknown,,review,unknown,ghidra-12.1.3-initial-inventory
0x00441FD0,unknown,,review,unknown,ghidra-12.1.3-initial-inventory
0x00441FE0,unknown,,review,unknown,ghidra-12.1.3-initial-inventory
0x00442010,unknown,,review,unknown,ghidra-12.1.3-initial-inventory
0x00442040,unknown,,review,unknown,ghidra-12.1.3-initial-inventory
0x00442060,unknown,,review,unknown,ghidra-12.1.3-initial-inventory
0x004420B0,unknown,,review,unknown,ghidra-12.1.3-initial-inventory
0x00442100,unknown,,review,unknown,ghidra-12.1.3-initial-inventory
0x00442120,unknown,,review,unknown,ghidra-12.1.3-initial-inventory
0x00442160,unknown,,review,unknown,ghidra-12.1.3-initial-inventory
0x004421C0,unknown,,review,unknown,ghidra-12.1.3-initial-inventory
0x004421E0,unknown,,review,unknown,ghidra-12.1.3-initial-inventory
0x00442220,unknown,,review,unknown,ghidra-12.1.3-initial-inventory
0x00442280,unknown,,review,unknown,ghidra-12.1.3-initial-inventory
0x004422A0,unknown,,review,unknown,ghidra-12.1.3-initial-inventory
0x004422D0,unknown,,review,unknown,ghidra-12.1.3-initial-inventory
0x004422F0,unknown,,review,unknown,ghidra-12.1.3-initial-inventory
0x00442320,unknown,,review,unknown,ghidra-12.1.3-initial-inventory
0x00442340,unknown,,review,unknown,ghidra-12.1.3-initial-inventory
0x00442360,unknown,,review,unknown,ghidra-12.1.3-initial-inventory
0x00442370,unknown,,review,unknown,ghidra-12.1.3-initial-inventory
0x00442390,unknown,,review,unknown,ghidra-12.1.3-initial-inventory
0x004423B0,unknown,,review,unknown,ghidra-12.1.3-initial-inventory
0x004423C0,unknown,,review,unknown,ghidra-12.1.3-initial-inventory
0x004423E0,unknown,,review,unknown,ghidra-12.1.3-initial-inventory
0x00442400,unknown,,review,unknown,ghidra-12.1.3-initial-inventory
0x004424E0,unknown,,review,unknown,ghidra-12.1.3-initial-inventory
0x00442540,unknown,,review,unknown,ghidra-12.1.3-initial-inventory
0x00442580,unknown,,review,unknown,ghidra-12.1.3-initial-inventory
0x00442A70,unknown,,review,unknown,ghidra-12.1.3-initial-inventory
0x00442E40,unknown,,review,unknown,ghidra-12.1.3-initial-inventory
0x004431D0,unknown,,review,unknown,ghidra-12.1.3-initial-inventory
0x004439A0,unknown,,review,unknown,ghidra-12.1.3-initial-inventory
0x00443E90,unknown,,review,unknown,ghidra-12.1.3-initial-inventory
0x00443FC0,unknown,,review,unknown,ghidra-12.1.3-initial-inventory
0x00444020,unknown,,review,unknown,ghidra-12.1.3-initial-inventory
0x004443B0,unknown,,review,unknown,ghidra-12.1.3-initial-inventory
0x00444650,unknown,,review,unknown,ghidra-12.1.3-initial-inventory
0x00444770,unknown,,review,unknown,ghidra-12.1.3-initial-inventory
0x00444850,unknown,,review,unknown,ghidra-12.1.3-initial-inventory
0x00444FC0,unknown,,review,unknown,ghidra-12.1.3-initial-inventory
0x004450E0,unknown,,review,unknown,ghidra-12.1.3-initial-inventory
0x004451D0,unknown,,review,unknown,ghidra-12.1.3-initial-inventory
0x00445210,unknown,,review,unknown,ghidra-12.1.3-initial-inventory
0x00445250,unknown,,review,unknown,ghidra-12.1.3-initial-inventory
0x00445290,unknown,,review,unknown,ghidra-12.1.3-initial-inventory
0x004452D0,unknown,,review,unknown,ghidra-12.1.3-initial-inventory
0x00445310,unknown,,review,unknown,ghidra-12.1.3-initial-inventory
0x00445360,unknown,,review,unknown,ghidra-12.1.3-initial-inventory
0x00445390,unknown,,review,unknown,ghidra-12.1.3-initial-inventory
0x004453C0,unknown,,review,unknown,ghidra-12.1.3-initial-inventory
0x004453E0,unknown,,review,unknown,ghidra-12.1.3-initial-inventory
0x00445400,unknown,,review,unknown,ghidra-12.1.3-initial-inventory
0x00445440,unknown,,review,unknown,ghidra-12.1.3-initial-inventory
0x00445470,unknown,,review,unknown,ghidra-12.1.3-initial-inventory
0x00445490,unknown,,review,unknown,ghidra-12.1.3-initial-inventory
0x004454F0,unknown,,review,unknown,ghidra-12.1.3-initial-inventory
0x00445510,unknown,,review,unknown,ghidra-12.1.3-initial-inventory
0x00445530,unknown,,review,unknown,ghidra-12.1.3-initial-inventory
0x00445560,unknown,,review,unknown,ghidra-12.1.3-initial-inventory
0x004455C0,unknown,,review,unknown,ghidra-12.1.3-initial-inventory
0x00445600,unknown,,review,unknown,ghidra-12.1.3-initial-inventory
0x00445620,unknown,,review,unknown,ghidra-12.1.3-initial-inventory
0x00445650,unknown,,review,unknown,ghidra-12.1.3-initial-inventory
0x00445680,unknown,,review,unknown,ghidra-12.1.3-initial-inventory
0x004456A0,unknown,,review,unknown,ghidra-12.1.3-initial-inventory
0x004456C0,unknown,,review,unknown,ghidra-12.1.3-initial-inventory
0x004456D0,unknown,,review,unknown,ghidra-12.1.3-initial-inventory
0x004456F0,unknown,,review,unknown,ghidra-12.1.3-initial-inventory
0x00445830,unknown,,review,unknown,ghidra-12.1.3-initial-inventory
0x00445A00,unknown,,review,unknown,ghidra-12.1.3-initial-inventory
0x004461D0,unknown,,review,unknown,ghidra-12.1.3-initial-inventory
0x004464C0,unknown,,review,unknown,ghidra-12.1.3-initial-inventory
0x004464E0,unknown,,review,unknown,ghidra-12.1.3-initial-inventory
0x00446590,unknown,,review,unknown,ghidra-12.1.3-initial-inventory
0x00446B60,unknown,,review,unknown,ghidra-12.1.3-initial-inventory
0x00446B90,unknown,,review,unknown,ghidra-12.1.3-initial-inventory
0x00446D60,unknown,,review,unknown,ghidra-12.1.3-initial-inventory
0x00446D80,unknown,,review,unknown,ghidra-12.1.3-initial-inventory
0x00447340,unknown,,review,unknown,ghidra-12.1.3-initial-inventory
0x004480D0,unknown,,review,unknown,ghidra-12.1.3-initial-inventory
0x004483F0,unknown,,review,unknown,ghidra-12.1.3-initial-inventory
0x00448710,unknown,,review,unknown,ghidra-12.1.3-initial-inventory
0x004491E0,unknown,,review,unknown,ghidra-12.1.3-initial-inventory
0x004492C0,unknown,,review,unknown,ghidra-12.1.3-initial-inventory
0x00449310,unknown,,review,unknown,ghidra-12.1.3-initial-inventory
0x00449A60,unknown,,review,unknown,ghidra-12.1.3-initial-inventory
0x00449A80,unknown,,review,unknown,ghidra-12.1.3-initial-inventory
0x00449AA0,unknown,,review,unknown,ghidra-12.1.3-initial-inventory
0x00449B40,unknown,,review,unknown,ghidra-12.1.3-initial-inventory
0x00449B50,unknown,,review,unknown,ghidra-12.1.3-initial-inventory
0x00449CC0,unknown,,review,unknown,ghidra-12.1.3-initial-inventory
0x00449CD0,unknown,,review,unknown,ghidra-12.1.3-initial-inventory
0x00449CE0,unknown,,review,unknown,ghidra-12.1.3-initial-inventory
0x00449D40,unknown,,review,unknown,ghidra-12.1.3-initial-inventory
0x00449D60,unknown,,review,unknown,ghidra-12.1.3-initial-inventory
0x00449D90,unknown,,review,unknown,ghidra-12.1.3-initial-inventory
0x00449DC0,unknown,,review,unknown,ghidra-12.1.3-initial-inventory
0x00449DE0,unknown,,review,unknown,ghidra-12.1.3-initial-inventory
0x00449E10,unknown,,review,unknown,ghidra-12.1.3-initial-inventory
0x00449EC0,unknown,,review,unknown,ghidra-12.1.3-initial-inventory
0x00449EE0,unknown,,review,unknown,ghidra-12.1.3-initial-inventory
0x0044A160,unknown,,review,unknown,ghidra-12.1.3-initial-inventory
0x0044A170,unknown,,review,unknown,ghidra-12.1.3-initial-inventory
0x0044A180,unknown,,review,unknown,ghidra-12.1.3-initial-inventory
0x0044A1E0,unknown,,review,unknown,ghidra-12.1.3-initial-inventory
0x0044A210,unknown,,review,unknown,ghidra-12.1.3-initial-inventory
0x0044A230,unknown,,review,unknown,ghidra-12.1.3-initial-inventory
0x0044A2D0,unknown,,review,unknown,ghidra-12.1.3-initial-inventory
0x0044A2E0,unknown,,review,unknown,ghidra-12.1.3-initial-inventory
0x0044A450,unknown,,review,unknown,ghidra-12.1.3-initial-inventory
0x0044A460,unknown,,review,unknown,ghidra-12.1.3-initial-inventory
0x0044A470,unknown,,review,unknown,ghidra-12.1.3-initial-inventory
0x0044A4D0,unknown,,review,unknown,ghidra-12.1.3-initial-inventory
0x0044A500,unknown,,review,unknown,ghidra-12.1.3-initial-inventory
0x0044A520,unknown,,review,unknown,ghidra-12.1.3-initial-inventory
0x0044A5B0,unknown,,review,unknown,ghidra-12.1.3-initial-inventory
0x0044A5C0,unknown,,review,unknown,ghidra-12.1.3-initial-inventory
0x0044A680,unknown,,review,unknown,ghidra-12.1.3-initial-inventory
0x0044A690,unknown,,review,unknown,ghidra-12.1.3-initial-inventory
0x0044A6A0,unknown,,review,unknown,ghidra-12.1.3-initial-inventory
0x0044A700,unknown,,review,unknown,ghidra-12.1.3-initial-inventory
0x0044A730,unknown,,review,unknown,ghidra-12.1.3-initial-inventory
0x0044A750,unknown,,review,unknown,ghidra-12.1.3-initial-inventory
0x0044A7E0,unknown,,review,unknown,ghidra-12.1.3-initial-inventory
0x0044A7F0,unknown,,review,unknown,ghidra-12.1.3-initial-inventory
0x0044A8B0,unknown,,review,unknown,ghidra-12.1.3-initial-inventory
0x0044A8C0,unknown,,review,unknown,ghidra-12.1.3-initial-inventory
0x0044A8D0,unknown,,review,unknown,ghidra-12.1.3-initial-inventory
0x0044A930,unknown,,review,unknown,ghidra-12.1.3-initial-inventory
0x0044A960,unknown,,review,unknown,ghidra-12.1.3-initial-inventory
0x0044A980,unknown,,review,unknown,ghidra-12.1.3-initial-inventory
0x0044AA10,unknown,,review,unknown,ghidra-12.1.3-initial-inventory
0x0044AA20,unknown,,review,unknown,ghidra-12.1.3-initial-inventory
0x0044AAE0,unknown,,review,unknown,ghidra-12.1.3-initial-inventory
0x0044AAF0,unknown,,review,unknown,ghidra-12.1.3-initial-inventory
0x0044AB00,unknown,,review,unknown,ghidra-12.1.3-initial-inventory
0x0044AB60,unknown,,review,unknown,ghidra-12.1.3-initial-inventory
0x0044AB90,unknown,,review,unknown,ghidra-12.1.3-initial-inventory
0x0044ABB0,unknown,,review,unknown,ghidra-12.1.3-initial-inventory
0x0044AC50,unknown,,review,unknown,ghidra-12.1.3-initial-inventory
0x0044AC60,unknown,,review,unknown,ghidra-12.1.3-initial-inventory
0x0044AD80,unknown,,review,unknown,ghidra-12.1.3-initial-inventory
0x0044AD90,unknown,,review,unknown,ghidra-12.1.3-initial-inventory
0x0044ADA0,unknown,,review,unknown,ghidra-12.1.3-initial-inventory
0x0044AE00,unknown,,review,unknown,ghidra-12.1.3-initial-inventory
0x0044AE30,unknown,,review,unknown,ghidra-12.1.3-initial-inventory
0x0044AE50,unknown,,review,unknown,ghidra-12.1.3-initial-inventory
0x0044AEF0,unknown,,review,unknown,ghidra-12.1.3-initial-inventory
0x0044AF00,unknown,,review,unknown,ghidra-12.1.3-initial-inventory
0x0044B020,unknown,,review,unknown,ghidra-12.1.3-initial-inventory
0x0044B030,unknown,,review,unknown,ghidra-12.1.3-initial-inventory
0x0044B040,unknown,,review,unknown,ghidra-12.1.3-initial-inventory
0x0044B0A0,unknown,,review,unknown,ghidra-12.1.3-initial-inventory
0x0044B0D0,unknown,,review,unknown,ghidra-12.1.3-initial-inventory
0x0044B0F0,unknown,,review,unknown,ghidra-12.1.3-initial-inventory
0x0044B180,unknown,,review,unknown,ghidra-12.1.3-initial-inventory
0x0044B190,unknown,,review,unknown,ghidra-12.1.3-initial-inventory
0x0044B250,unknown,,review,unknown,ghidra-12.1.3-initial-inventory
0x0044B260,unknown,,review,unknown,ghidra-12.1.3-initial-inventory
0x0044B270,unknown,,review,unknown,ghidra-12.1.3-initial-inventory
0x0044B2D0,unknown,,review,unknown,ghidra-12.1.3-initial-inventory
0x0044B300,unknown,,review,unknown,ghidra-12.1.3-initial-inventory
0x0044B320,unknown,,review,unknown,ghidra-12.1.3-initial-inventory
0x0044B3B0,unknown,,review,unknown,ghidra-12.1.3-initial-inventory
0x0044B3C0,unknown,,review,unknown,ghidra-12.1.3-initial-inventory
0x0044B480,unknown,,review,unknown,ghidra-12.1.3-initial-inventory
0x0044B490,unknown,,review,unknown,ghidra-12.1.3-initial-inventory
0x0044B4A0,unknown,,review,unknown,ghidra-12.1.3-initial-inventory
0x0044B500,unknown,,review,unknown,ghidra-12.1.3-initial-inventory
0x0044B530,unknown,,review,unknown,ghidra-12.1.3-initial-inventory
0x0044B550,unknown,,review,unknown,ghidra-12.1.3-initial-inventory
0x0044B600,unknown,,review,unknown,ghidra-12.1.3-initial-inventory
0x0044B630,unknown,,review,unknown,ghidra-12.1.3-initial-inventory
0x0044B970,unknown,,review,unknown,ghidra-12.1.3-initial-inventory
0x0044B980,unknown,,review,unknown,ghidra-12.1.3-initial-inventory
0x0044B9C0,unknown,,review,unknown,ghidra-12.1.3-initial-inventory
0x0044BA20,unknown,,review,unknown,ghidra-12.1.3-initial-inventory
0x0044BA50,unknown,,review,unknown,ghidra-12.1.3-initial-inventory
0x0044BA70,unknown,,review,unknown,ghidra-12.1.3-initial-inventory
0x0044BB20,unknown,,review,unknown,ghidra-12.1.3-initial-inventory
0x0044BB50,unknown,,review,unknown,ghidra-12.1.3-initial-inventory
0x0044BE90,unknown,,review,unknown,ghidra-12.1.3-initial-inventory
0x0044BEA0,unknown,,review,unknown,ghidra-12.1.3-initial-inventory
0x0044BEE0,unknown,,review,unknown,ghidra-12.1.3-initial-inventory
0x0044BF40,unknown,,review,unknown,ghidra-12.1.3-initial-inventory
0x0044BF70,unknown,,review,unknown,ghidra-12.1.3-initial-inventory
0x0044BF90,unknown,,review,unknown,ghidra-12.1.3-initial-inventory
0x0044C040,unknown,,review,unknown,ghidra-12.1.3-initial-inventory
0x0044C070,unknown,,review,unknown,ghidra-12.1.3-initial-inventory
0x0044C3B0,unknown,,review,unknown,ghidra-12.1.3-initial-inventory
0x0044C3C0,unknown,,review,unknown,ghidra-12.1.3-initial-inventory
0x0044C400,unknown,,review,unknown,ghidra-12.1.3-initial-inventory
0x0044C460,unknown,,review,unknown,ghidra-12.1.3-initial-inventory
0x0044C490,unknown,,review,unknown,ghidra-12.1.3-initial-inventory
0x0044C4B0,unknown,,review,unknown,ghidra-12.1.3-initial-inventory
0x0044C550,unknown,,review,unknown,ghidra-12.1.3-initial-inventory
0x0044C560,unknown,,review,unknown,ghidra-12.1.3-initial-inventory
0x0044C620,unknown,,review,unknown,ghidra-12.1.3-initial-inventory
0x0044C630,unknown,,review,unknown,ghidra-12.1.3-initial-inventory
0x0044C640,unknown,,review,unknown,ghidra-12.1.3-initial-inventory
0x0044C6A0,unknown,,review,unknown,ghidra-12.1.3-initial-inventory
0x0044C6D0,unknown,,review,unknown,ghidra-12.1.3-initial-inventory
0x0044C6F0,unknown,,review,unknown,ghidra-12.1.3-initial-inventory
0x0044C790,unknown,,review,unknown,ghidra-12.1.3-initial-inventory
0x0044C7A0,unknown,,review,unknown,ghidra-12.1.3-initial-inventory
0x0044C860,unknown,,review,unknown,ghidra-12.1.3-initial-inventory
0x0044C870,unknown,,review,unknown,ghidra-12.1.3-initial-inventory
0x0044C880,unknown,,review,unknown,ghidra-12.1.3-initial-inventory
0x0044C8E0,unknown,,review,unknown,ghidra-12.1.3-initial-inventory
0x0044C910,unknown,,review,unknown,ghidra-12.1.3-initial-inventory
0x0044C930,unknown,,review,unknown,ghidra-12.1.3-initial-inventory
0x0044C9D0,unknown,,review,unknown,ghidra-12.1.3-initial-inventory
0x0044C9E0,unknown,,review,unknown,ghidra-12.1.3-initial-inventory
0x0044CAA0,unknown,,review,unknown,ghidra-12.1.3-initial-inventory
0x0044CAB0,unknown,,review,unknown,ghidra-12.1.3-initial-inventory
0x0044CAC0,unknown,,review,unknown,ghidra-12.1.3-initial-inventory
0x0044CB20,unknown,,review,unknown,ghidra-12.1.3-initial-inventory
0x0044CB50,unknown,,review,unknown,ghidra-12.1.3-initial-inventory
0x0044CB70,unknown,,review,unknown,ghidra-12.1.3-initial-inventory
0x0044CC10,unknown,,review,unknown,ghidra-12.1.3-initial-inventory
0x0044CC20,unknown,,review,unknown,ghidra-12.1.3-initial-inventory
0x0044CD40,unknown,,review,unknown,ghidra-12.1.3-initial-inventory
0x0044CD50,unknown,,review,unknown,ghidra-12.1.3-initial-inventory
0x0044CD60,unknown,,review,unknown,ghidra-12.1.3-initial-inventory
0x0044CDC0,unknown,,review,unknown,ghidra-12.1.3-initial-inventory
0x0044CDF0,unknown,,review,unknown,ghidra-12.1.3-initial-inventory
0x0044CE10,unknown,,review,unknown,ghidra-12.1.3-initial-inventory
0x0044CEB0,unknown,,review,unknown,ghidra-12.1.3-initial-inventory
0x0044CEC0,unknown,,review,unknown,ghidra-12.1.3-initial-inventory
0x0044CFE0,unknown,,review,unknown,ghidra-12.1.3-initial-inventory
0x0044CFF0,unknown,,review,unknown,ghidra-12.1.3-initial-inventory
0x0044D000,unknown,,review,unknown,ghidra-12.1.3-initial-inventory
0x0044D060,unknown,,review,unknown,ghidra-12.1.3-initial-inventory
0x0044D090,unknown,,review,unknown,ghidra-12.1.3-initial-inventory
0x0044D0B0,unknown,,review,unknown,ghidra-12.1.3-initial-inventory
0x0044D150,unknown,,review,unknown,ghidra-12.1.3-initial-inventory
0x0044D160,unknown,,review,unknown,ghidra-12.1.3-initial-inventory
0x0044D220,unknown,,review,unknown,ghidra-12.1.3-initial-inventory
0x0044D230,unknown,,review,unknown,ghidra-12.1.3-initial-inventory
0x0044D240,unknown,,review,unknown,ghidra-12.1.3-initial-inventory
0x0044D2A0,unknown,,review,unknown,ghidra-12.1.3-initial-inventory
0x0044D2D0,unknown,,review,unknown,ghidra-12.1.3-initial-inventory
0x0044D2F0,unknown,,review,unknown,ghidra-12.1.3-initial-inventory
0x0044D390,unknown,,review,unknown,ghidra-12.1.3-initial-inventory
0x0044D3A0,unknown,,review,unknown,ghidra-12.1.3-initial-inventory
0x0044D460,unknown,,review,unknown,ghidra-12.1.3-initial-inventory
0x0044D470,unknown,,review,unknown,ghidra-12.1.3-initial-inventory
0x0044D480,unknown,,review,unknown,ghidra-12.1.3-initial-inventory
0x0044D4E0,unknown,,review,unknown,ghidra-12.1.3-initial-inventory
0x0044D510,unknown,,review,unknown,ghidra-12.1.3-initial-inventory
0x0044D530,unknown,,review,unknown,ghidra-12.1.3-initial-inventory
0x0044D5E0,unknown,,review,unknown,ghidra-12.1.3-initial-inventory
0x0044D620,unknown,,review,unknown,ghidra-12.1.3-initial-inventory
0x0044D8F0,unknown,,review,unknown,ghidra-12.1.3-initial-inventory
0x0044D900,unknown,,review,unknown,ghidra-12.1.3-initial-inventory
0x0044D910,unknown,,review,unknown,ghidra-12.1.3-initial-inventory
0x0044D970,unknown,,review,unknown,ghidra-12.1.3-initial-inventory
0x0044D9A0,unknown,,review,unknown,ghidra-12.1.3-initial-inventory
0x0044D9C0,unknown,,review,unknown,ghidra-12.1.3-initial-inventory
0x0044DA70,unknown,,review,unknown,ghidra-12.1.3-initial-inventory
0x0044DA90,unknown,,review,unknown,ghidra-12.1.3-initial-inventory
0x0044DDA0,unknown,,review,unknown,ghidra-12.1.3-initial-inventory
0x0044DDB0,unknown,,review,unknown,ghidra-12.1.3-initial-inventory
0x0044DDC0,unknown,,review,unknown,ghidra-12.1.3-initial-inventory
0x0044DE20,unknown,,review,unknown,ghidra-12.1.3-initial-inventory
0x0044DE50,unknown,,review,unknown,ghidra-12.1.3-initial-inventory
0x0044DE70,unknown,,review,unknown,ghidra-12.1.3-initial-inventory
0x0044DF10,unknown,,review,unknown,ghidra-12.1.3-initial-inventory
0x0044DF20,unknown,,review,unknown,ghidra-12.1.3-initial-inventory
0x0044DFE0,unknown,,review,unknown,ghidra-12.1.3-initial-inventory
0x0044DFF0,unknown,,review,unknown,ghidra-12.1.3-initial-inventory
0x0044E000,unknown,,review,unknown,ghidra-12.1.3-initial-inventory
0x0044E060,unknown,,review,unknown,ghidra-12.1.3-initial-inventory
0x0044E090,unknown,,review,unknown,ghidra-12.1.3-initial-inventory
0x0044E0B0,unknown,,review,unknown,ghidra-12.1.3-initial-inventory
0x0044E150,unknown,,review,unknown,ghidra-12.1.3-initial-inventory
0x0044E160,unknown,,review,unknown,ghidra-12.1.3-initial-inventory
0x0044E220,unknown,,review,unknown,ghidra-12.1.3-initial-inventory
0x0044E230,unknown,,review,unknown,ghidra-12.1.3-initial-inventory
0x0044E240,unknown,,review,unknown,ghidra-12.1.3-initial-inventory
0x0044E2A0,unknown,,review,unknown,ghidra-12.1.3-initial-inventory
0x0044E2D0,unknown,,review,unknown,ghidra-12.1.3-initial-inventory
0x0044E2F0,unknown,,review,unknown,ghidra-12.1.3-initial-inventory
0x0044E3A0,unknown,,review,unknown,ghidra-12.1.3-initial-inventory
0x0044E3D0,unknown,,review,unknown,ghidra-12.1.3-initial-inventory
0x0044E740,unknown,,review,unknown,ghidra-12.1.3-initial-inventory
0x0044E750,unknown,,review,unknown,ghidra-12.1.3-initial-inventory
0x0044E760,unknown,,review,unknown,ghidra-12.1.3-initial-inventory
0x0044E7C0,unknown,,review,unknown,ghidra-12.1.3-initial-inventory
0x0044E7F0,unknown,,review,unknown,ghidra-12.1.3-initial-inventory
0x0044E810,unknown,,review,unknown,ghidra-12.1.3-initial-inventory
0x0044E8D0,unknown,,review,unknown,ghidra-12.1.3-initial-inventory
0x0044E930,unknown,,review,unknown,ghidra-12.1.3-initial-inventory
0x0044F230,unknown,,review,unknown,ghidra-12.1.3-initial-inventory
0x0044F240,unknown,,review,unknown,ghidra-12.1.3-initial-inventory
0x0044F250,unknown,,review,unknown,ghidra-12.1.3-initial-inventory
0x0044F2B0,unknown,,review,unknown,ghidra-12.1.3-initial-inventory
0x0044F2E0,unknown,,review,unknown,ghidra-12.1.3-initial-inventory
0x0044F300,unknown,,review,unknown,ghidra-12.1.3-initial-inventory
0x0044F3A0,unknown,,review,unknown,ghidra-12.1.3-initial-inventory
0x0044F3B0,unknown,,review,unknown,ghidra-12.1.3-initial-inventory
0x0044F470,unknown,,review,unknown,ghidra-12.1.3-initial-inventory
0x0044F480,unknown,,review,unknown,ghidra-12.1.3-initial-inventory
0x0044F490,unknown,,review,unknown,ghidra-12.1.3-initial-inventory
0x0044F4F0,unknown,,review,unknown,ghidra-12.1.3-initial-inventory
0x0044F520,unknown,,review,unknown,ghidra-12.1.3-initial-inventory
0x0044F540,unknown,,review,unknown,ghidra-12.1.3-initial-inventory
0x0044F5E0,unknown,,review,unknown,ghidra-12.1.3-initial-inventory
0x0044F5F0,unknown,,review,unknown,ghidra-12.1.3-initial-inventory
0x0044F6B0,unknown,,review,unknown,ghidra-12.1.3-initial-inventory
0x0044F6C0,unknown,,review,unknown,ghidra-12.1.3-initial-inventory
0x0044F6D0,unknown,,review,unknown,ghidra-12.1.3-initial-inventory
0x0044F730,unknown,,review,unknown,ghidra-12.1.3-initial-inventory
0x0044F760,unknown,,review,unknown,ghidra-12.1.3-initial-inventory
0x0044F780,unknown,,review,unknown,ghidra-12.1.3-initial-inventory
0x0044F830,unknown,,review,unknown,ghidra-12.1.3-initial-inventory
0x0044F850,unknown,,review,unknown,ghidra-12.1.3-initial-inventory
0x0044FAF0,unknown,,review,unknown,ghidra-12.1.3-initial-inventory
0x0044FD40,unknown,,review,unknown,ghidra-12.1.3-initial-inventory
0x00450040,unknown,,review,unknown,ghidra-12.1.3-initial-inventory
0x004500A0,unknown,,review,unknown,ghidra-12.1.3-initial-inventory
0x004500D0,unknown,,review,unknown,ghidra-12.1.3-initial-inventory
0x004500F0,unknown,,review,unknown,ghidra-12.1.3-initial-inventory
0x00450190,unknown,,review,unknown,ghidra-12.1.3-initial-inventory
0x004501A0,unknown,,review,unknown,ghidra-12.1.3-initial-inventory
0x00450260,unknown,,review,unknown,ghidra-12.1.3-initial-inventory
0x00450270,unknown,,review,unknown,ghidra-12.1.3-initial-inventory
0x00450280,unknown,,review,unknown,ghidra-12.1.3-initial-inventory
0x004502E0,unknown,,review,unknown,ghidra-12.1.3-initial-inventory
0x00450310,unknown,,review,unknown,ghidra-12.1.3-initial-inventory
0x00450330,unknown,,review,unknown,ghidra-12.1.3-initial-inventory
0x004503E0,unknown,,review,unknown,ghidra-12.1.3-initial-inventory
0x00450420,unknown,,review,unknown,ghidra-12.1.3-initial-inventory
0x00450810,unknown,,review,unknown,ghidra-12.1.3-initial-inventory
0x00450820,unknown,,review,unknown,ghidra-12.1.3-initial-inventory
0x00450830,unknown,,review,unknown,ghidra-12.1.3-initial-inventory
0x00450890,unknown,,review,unknown,ghidra-12.1.3-initial-inventory
0x004508C0,unknown,,review,unknown,ghidra-12.1.3-initial-inventory
0x004508E0,unknown,,review,unknown,ghidra-12.1.3-initial-inventory
0x00450980,unknown,,review,unknown,ghidra-12.1.3-initial-inventory
0x00450990,unknown,,review,unknown,ghidra-12.1.3-initial-inventory
0x00450A50,unknown,,review,unknown,ghidra-12.1.3-initial-inventory
0x00450A60,unknown,,review,unknown,ghidra-12.1.3-initial-inventory
0x00450A70,unknown,,review,unknown,ghidra-12.1.3-initial-inventory
0x00450AD0,unknown,,review,unknown,ghidra-12.1.3-initial-inventory
0x00450B00,unknown,,review,unknown,ghidra-12.1.3-initial-inventory
0x00450B20,unknown,,review,unknown,ghidra-12.1.3-initial-inventory
0x00450BD0,unknown,,review,unknown,ghidra-12.1.3-initial-inventory
0x00450C10,unknown,,review,unknown,ghidra-12.1.3-initial-inventory
0x00450ED0,unknown,,review,unknown,ghidra-12.1.3-initial-inventory
0x00450EE0,unknown,,review,unknown,ghidra-12.1.3-initial-inventory
0x00451080,unknown,,review,unknown,ghidra-12.1.3-initial-inventory
0x004510E0,unknown,,review,unknown,ghidra-12.1.3-initial-inventory
0x00451110,unknown,,review,unknown,ghidra-12.1.3-initial-inventory
0x00451130,unknown,,review,unknown,ghidra-12.1.3-initial-inventory
0x004511D0,unknown,,review,unknown,ghidra-12.1.3-initial-inventory
0x004511E0,unknown,,review,unknown,ghidra-12.1.3-initial-inventory
0x004512A0,unknown,,review,unknown,ghidra-12.1.3-initial-inventory
0x004512B0,unknown,,review,unknown,ghidra-12.1.3-initial-inventory
0x004512C0,unknown,,review,unknown,ghidra-12.1.3-initial-inventory
0x00451320,unknown,,review,unknown,ghidra-12.1.3-initial-inventory
0x00451350,unknown,,review,unknown,ghidra-12.1.3-initial-inventory
0x00451370,unknown,,review,unknown,ghidra-12.1.3-initial-inventory
0x00451420,unknown,,review,unknown,ghidra-12.1.3-initial-inventory
0x00451440,unknown,,review,unknown,ghidra-12.1.3-initial-inventory
0x004519F0,unknown,,review,unknown,ghidra-12.1.3-initial-inventory
0x00451A00,unknown,,review,unknown,ghidra-12.1.3-initial-inventory
0x00451BC0,unknown,,review,unknown,ghidra-12.1.3-initial-inventory
0x00451C20,unknown,,review,unknown,ghidra-12.1.3-initial-inventory
0x00451C50,unknown,,review,unknown,ghidra-12.1.3-initial-inventory
0x00451C70,unknown,,review,unknown,ghidra-12.1.3-initial-inventory
0x00451D10,unknown,,review,unknown,ghidra-12.1.3-initial-inventory
0x00451D20,unknown,,review,unknown,ghidra-12.1.3-initial-inventory
0x00451DE0,unknown,,review,unknown,ghidra-12.1.3-initial-inventory
0x00451DF0,unknown,,review,unknown,ghidra-12.1.3-initial-inventory
0x00451E00,unknown,,review,unknown,ghidra-12.1.3-initial-inventory
0x00451E60,unknown,,review,unknown,ghidra-12.1.3-initial-inventory
0x00451E90,unknown,,review,unknown,ghidra-12.1.3-initial-inventory
0x00451EB0,unknown,,review,unknown,ghidra-12.1.3-initial-inventory
0x004521A0,unknown,,review,unknown,ghidra-12.1.3-initial-inventory
0x00452230,unknown,,review,unknown,ghidra-12.1.3-initial-inventory
0x00452360,unknown,,review,unknown,ghidra-12.1.3-initial-inventory
0x00452490,unknown,,review,unknown,ghidra-12.1.3-initial-inventory
0x00452B30,unknown,,review,unknown,ghidra-12.1.3-initial-inventory
0x00452C10,unknown,,review,unknown,ghidra-12.1.3-initial-inventory
0x00452F10,unknown,,review,unknown,ghidra-12.1.3-initial-inventory
0x00453A10,unknown,,review,unknown,ghidra-12.1.3-initial-inventory
0x00453A70,unknown,,review,unknown,ghidra-12.1.3-initial-inventory
0x00453AC0,unknown,,review,unknown,ghidra-12.1.3-initial-inventory
0x00453B50,unknown,,review,unknown,ghidra-12.1.3-initial-inventory
0x00453BE0,unknown,,review,unknown,ghidra-12.1.3-initial-inventory
0x00453C80,unknown,,review,unknown,ghidra-12.1.3-initial-inventory
0x00453CC0,unknown,,review,unknown,ghidra-12.1.3-initial-inventory
0x00453D00,unknown,,review,unknown,ghidra-12.1.3-initial-inventory
0x00453D40,unknown,,review,unknown,ghidra-12.1.3-initial-inventory
0x00453D60,unknown,,review,unknown,ghidra-12.1.3-initial-inventory
0x00453D80,unknown,,review,unknown,ghidra-12.1.3-initial-inventory
0x00453E20,unknown,,review,unknown,ghidra-12.1.3-initial-inventory
0x00453E60,unknown,,review,unknown,ghidra-12.1.3-initial-inventory
0x00453E80,unknown,,review,unknown,ghidra-12.1.3-initial-inventory
0x00453EB0,unknown,,review,unknown,ghidra-12.1.3-initial-inventory
0x00453F70,unknown,,review,unknown,ghidra-12.1.3-initial-inventory
0x00454840,unknown,,review,unknown,ghidra-12.1.3-initial-inventory
0x004549C0,unknown,,review,unknown,ghidra-12.1.3-initial-inventory
0x00454A70,unknown,,review,unknown,ghidra-12.1.3-initial-inventory
0x00454AA0,unknown,,review,unknown,ghidra-12.1.3-initial-inventory
0x00454BC0,unknown,,review,unknown,ghidra-12.1.3-initial-inventory
0x00454C00,unknown,,review,unknown,ghidra-12.1.3-initial-inventory
0x00454C20,unknown,,review,unknown,ghidra-12.1.3-initial-inventory
0x00454D00,unknown,,review,unknown,ghidra-12.1.3-initial-inventory
0x00454D50,unknown,,review,unknown,ghidra-12.1.3-initial-inventory
0x00454D70,unknown,,review,unknown,ghidra-12.1.3-initial-inventory
0x00454E10,unknown,,review,unknown,ghidra-12.1.3-initial-inventory
0x00454E30,unknown,,review,unknown,ghidra-12.1.3-initial-inventory
0x00454EE0,unknown,,review,unknown,ghidra-12.1.3-initial-inventory
0x00454F70,unknown,,review,unknown,ghidra-12.1.3-initial-inventory
0x00454F90,unknown,,review,unknown,ghidra-12.1.3-initial-inventory
0x00454FD0,unknown,,review,unknown,ghidra-12.1.3-initial-inventory
0x00455010,unknown,,review,unknown,ghidra-12.1.3-initial-inventory
0x00455070,unknown,,review,unknown,ghidra-12.1.3-initial-inventory
0x004550B0,unknown,,review,unknown,ghidra-12.1.3-initial-inventory
0x00455140,unknown,,review,unknown,ghidra-12.1.3-initial-inventory
0x00455500,unknown,,review,unknown,ghidra-12.1.3-initial-inventory
0x00455580,unknown,,review,unknown,ghidra-12.1.3-initial-inventory
0x00455610,unknown,,review,unknown,ghidra-12.1.3-initial-inventory
0x00455640,unknown,,review,unknown,ghidra-12.1.3-initial-inventory
0x00455770,unknown,,review,unknown,ghidra-12.1.3-initial-inventory
0x004557E0,unknown,,review,unknown,ghidra-12.1.3-initial-inventory
0x00455800,unknown,,review,unknown,ghidra-12.1.3-initial-inventory
0x00455B30,unknown,,review,unknown,ghidra-12.1.3-initial-inventory
0x00455C40,unknown,,review,unknown,ghidra-12.1.3-initial-inventory
0x00455C60,unknown,,review,unknown,ghidra-12.1.3-initial-inventory
0x00455CA0,unknown,,review,unknown,ghidra-12.1.3-initial-inventory
0x00455D10,unknown,,review,unknown,ghidra-12.1.3-initial-inventory
0x00455D30,unknown,,review,unknown,ghidra-12.1.3-initial-inventory
0x00455E40,unknown,,review,unknown,ghidra-12.1.3-initial-inventory
0x00456137,unknown,,review,unknown,ghidra-12.1.3-initial-inventory
0x004563F3,unknown,,review,unknown,ghidra-12.1.3-initial-inventory
0x00456440,unknown,,review,unknown,ghidra-12.1.3-initial-inventory
0x00456530,unknown,,review,unknown,ghidra-12.1.3-initial-inventory
0x00456560,unknown,,review,unknown,ghidra-12.1.3-initial-inventory
0x00456590,unknown,,review,unknown,ghidra-12.1.3-initial-inventory
0x004565E0,unknown,,review,unknown,ghidra-12.1.3-initial-inventory
0x00456630,unknown,,review,unknown,ghidra-12.1.3-initial-inventory
0x00456680,unknown,,review,unknown,ghidra-12.1.3-initial-inventory
0x004566C0,unknown,,review,unknown,ghidra-12.1.3-initial-inventory
0x004566D0,unknown,,review,unknown,ghidra-12.1.3-initial-inventory
0x00456730,unknown,,review,unknown,ghidra-12.1.3-initial-inventory
0x00456790,unknown,,review,unknown,ghidra-12.1.3-initial-inventory
0x004567B0,unknown,,review,unknown,ghidra-12.1.3-initial-inventory
0x00456910,unknown,,review,unknown,ghidra-12.1.3-initial-inventory
0x00456B60,unknown,,review,unknown,ghidra-12.1.3-initial-inventory
0x00457010,unknown,,review,unknown,ghidra-12.1.3-initial-inventory
0x00457490,unknown,,review,unknown,ghidra-12.1.3-initial-inventory
0x004574B0,unknown,,review,unknown,ghidra-12.1.3-initial-inventory
0x004574D0,unknown,,review,unknown,ghidra-12.1.3-initial-inventory
0x00457660,unknown,,review,unknown,ghidra-12.1.3-initial-inventory
0x004584D0,unknown,,review,unknown,ghidra-12.1.3-initial-inventory
0x00458650,unknown,,review,unknown,ghidra-12.1.3-initial-inventory
0x00458670,unknown,,review,unknown,ghidra-12.1.3-initial-inventory
0x00458690,unknown,,review,unknown,ghidra-12.1.3-initial-inventory
0x004586C0,unknown,,review,unknown,ghidra-12.1.3-initial-inventory
0x00458710,unknown,,review,unknown,ghidra-12.1.3-initial-inventory
0x00458740,unknown,,review,unknown,ghidra-12.1.3-initial-inventory
0x00458770,unknown,,review,unknown,ghidra-12.1.3-initial-inventory
0x00458790,unknown,,review,unknown,ghidra-12.1.3-initial-inventory
0x004587E0,unknown,,review,unknown,ghidra-12.1.3-initial-inventory
0x00458880,unknown,,review,unknown,ghidra-12.1.3-initial-inventory
0x004588B0,unknown,,review,unknown,ghidra-12.1.3-initial-inventory
0x004588E0,unknown,,review,unknown,ghidra-12.1.3-initial-inventory
0x00458960,unknown,,review,unknown,ghidra-12.1.3-initial-inventory
0x004589C0,unknown,,review,unknown,ghidra-12.1.3-initial-inventory
0x004589F0,unknown,,review,unknown,ghidra-12.1.3-initial-inventory
0x00458A10,unknown,,review,unknown,ghidra-12.1.3-initial-inventory
0x00458A80,unknown,,review,unknown,ghidra-12.1.3-initial-inventory
0x00458AA0,unknown,,review,unknown,ghidra-12.1.3-initial-inventory
0x00458AD0,unknown,,review,unknown,ghidra-12.1.3-initial-inventory
0x00458AF0,unknown,,review,unknown,ghidra-12.1.3-initial-inventory
0x00458B30,unknown,,review,unknown,ghidra-12.1.3-initial-inventory
0x00458B50,unknown,,review,unknown,ghidra-12.1.3-initial-inventory
0x00458B70,unknown,,review,unknown,ghidra-12.1.3-initial-inventory
0x00458BA0,unknown,,review,unknown,ghidra-12.1.3-initial-inventory
0x00458BC0,unknown,,review,unknown,ghidra-12.1.3-initial-inventory
0x00458C00,unknown,,review,unknown,ghidra-12.1.3-initial-inventory
0x00458C20,unknown,,review,unknown,ghidra-12.1.3-initial-inventory
0x00458C40,unknown,,review,unknown,ghidra-12.1.3-initial-inventory
0x00458C80,unknown,,review,unknown,ghidra-12.1.3-initial-inventory
0x00458CA0,unknown,,review,unknown,ghidra-12.1.3-initial-inventory
0x00458D20,unknown,,review,unknown,ghidra-12.1.3-initial-inventory
0x00458DA0,unknown,,review,unknown,ghidra-12.1.3-initial-inventory
0x00458E10,unknown,,review,unknown,ghidra-12.1.3-initial-inventory
0x00458E40,unknown,,review,unknown,ghidra-12.1.3-initial-inventory
0x00458E60,unknown,,review,unknown,ghidra-12.1.3-initial-inventory
0x00458E70,unknown,,review,unknown,ghidra-12.1.3-initial-inventory
0x00458F40,unknown,,review,unknown,ghidra-12.1.3-initial-inventory
0x00458FC0,unknown,,review,unknown,ghidra-12.1.3-initial-inventory
0x00459030,unknown,,review,unknown,ghidra-12.1.3-initial-inventory
0x00459050,unknown,,review,unknown,ghidra-12.1.3-initial-inventory
0x00459060,unknown,,review,unknown,ghidra-12.1.3-initial-inventory
0x004590C0,unknown,,review,unknown,ghidra-12.1.3-initial-inventory
0x00459140,unknown,,review,unknown,ghidra-12.1.3-initial-inventory
0x004591B0,unknown,,review,unknown,ghidra-12.1.3-initial-inventory
0x004591D0,unknown,,review,unknown,ghidra-12.1.3-initial-inventory
0x004591E0,unknown,,review,unknown,ghidra-12.1.3-initial-inventory
0x00459390,unknown,,review,unknown,ghidra-12.1.3-initial-inventory
0x00459432,unknown,,review,unknown,ghidra-12.1.3-initial-inventory
0x00459460,unknown,,review,unknown,ghidra-12.1.3-initial-inventory
0x00459480,unknown,,review,unknown,ghidra-12.1.3-initial-inventory
0x004594B0,unknown,,review,unknown,ghidra-12.1.3-initial-inventory
0x004595FD,unknown,,review,unknown,ghidra-12.1.3-initial-inventory
0x00459705,unknown,,review,unknown,ghidra-12.1.3-initial-inventory
0x004597CB,unknown,,review,unknown,ghidra-12.1.3-initial-inventory
0x004597E0,unknown,,review,unknown,ghidra-12.1.3-initial-inventory
0x00459840,unknown,,review,unknown,ghidra-12.1.3-initial-inventory
0x00459850,unknown,,review,unknown,ghidra-12.1.3-initial-inventory
0x00459870,unknown,,review,unknown,ghidra-12.1.3-initial-inventory
0x00459890,unknown,,review,unknown,ghidra-12.1.3-initial-inventory
0x004598B0,unknown,,review,unknown,ghidra-12.1.3-initial-inventory
0x004598D0,unknown,,review,unknown,ghidra-12.1.3-initial-inventory
0x00459900,unknown,,review,unknown,ghidra-12.1.3-initial-inventory
0x00459970,unknown,,review,unknown,ghidra-12.1.3-initial-inventory
0x004599A0,unknown,,review,unknown,ghidra-12.1.3-initial-inventory
0x00459A00,unknown,,review,unknown,ghidra-12.1.3-initial-inventory
0x00459A10,unknown,,review,unknown,ghidra-12.1.3-initial-inventory
0x00459A30,unknown,,review,unknown,ghidra-12.1.3-initial-inventory
0x00459A50,unknown,,review,unknown,ghidra-12.1.3-initial-inventory
0x00459A70,unknown,,review,unknown,ghidra-12.1.3-initial-inventory
0x00459A90,unknown,,review,unknown,ghidra-12.1.3-initial-inventory
0x00459AC0,unknown,,review,unknown,ghidra-12.1.3-initial-inventory
0x00459B30,unknown,,review,unknown,ghidra-12.1.3-initial-inventory
0x00459B60,unknown,,review,unknown,ghidra-12.1.3-initial-inventory
0x00459BC0,unknown,,review,unknown,ghidra-12.1.3-initial-inventory
0x00459BD0,unknown,,review,unknown,ghidra-12.1.3-initial-inventory
0x00459BF0,unknown,,review,unknown,ghidra-12.1.3-initial-inventory
0x00459C10,unknown,,review,unknown,ghidra-12.1.3-initial-inventory
0x00459C40,unknown,,review,unknown,ghidra-12.1.3-initial-inventory
0x00459C60,unknown,,review,unknown,ghidra-12.1.3-initial-inventory
0x00459C80,unknown,,review,unknown,ghidra-12.1.3-initial-inventory
0x00459CB0,unknown,,review,unknown,ghidra-12.1.3-initial-inventory
0x00459E74,unknown,,review,unknown,ghidra-12.1.3-initial-inventory
0x00459FDF,unknown,,review,unknown,ghidra-12.1.3-initial-inventory
0x0045A0D8,unknown,,review,unknown,ghidra-12.1.3-initial-inventory
0x0045A100,unknown,,review,unknown,ghidra-12.1.3-initial-inventory
0x0045A130,unknown,,review,unknown,ghidra-12.1.3-initial-inventory
0x0045A26B,unknown,,review,unknown,ghidra-12.1.3-initial-inventory
0x0045A373,unknown,,review,unknown,ghidra-12.1.3-initial-inventory
0x0045A439,unknown,,review,unknown,ghidra-12.1.3-initial-inventory
0x0045A450,unknown,,review,unknown,ghidra-12.1.3-initial-inventory
0x0045A480,unknown,,review,unknown,ghidra-12.1.3-initial-inventory
0x0045A4A0,unknown,,review,unknown,ghidra-12.1.3-initial-inventory
0x0045A4D0,unknown,,review,unknown,ghidra-12.1.3-initial-inventory
0x0045A500,unknown,,review,unknown,ghidra-12.1.3-initial-inventory
0x0045A540,unknown,,review,unknown,ghidra-12.1.3-initial-inventory
0x0045A570,unknown,,review,unknown,ghidra-12.1.3-initial-inventory
0x0045A5B0,unknown,,review,unknown,ghidra-12.1.3-initial-inventory
0x0045A5E0,unknown,,review,unknown,ghidra-12.1.3-initial-inventory
0x0045A600,unknown,,review,unknown,ghidra-12.1.3-initial-inventory
0x0045A620,unknown,,review,unknown,ghidra-12.1.3-initial-inventory
0x0045A660,unknown,,review,unknown,ghidra-12.1.3-initial-inventory
0x0045A6A0,unknown,,review,unknown,ghidra-12.1.3-initial-inventory
0x0045A6D0,unknown,,review,unknown,ghidra-12.1.3-initial-inventory
0x0045A710,unknown,,review,unknown,ghidra-12.1.3-initial-inventory
0x0045A740,unknown,,review,unknown,ghidra-12.1.3-initial-inventory
0x0045A780,unknown,,review,unknown,ghidra-12.1.3-initial-inventory
0x0045A7C0,unknown,,review,unknown,ghidra-12.1.3-initial-inventory
0x0045A7E0,unknown,,review,unknown,ghidra-12.1.3-initial-inventory
0x0045A820,unknown,,review,unknown,ghidra-12.1.3-initial-inventory
0x0045A860,unknown,,review,unknown,ghidra-12.1.3-initial-inventory
0x0045A880,unknown,,review,unknown,ghidra-12.1.3-initial-inventory
0x0045A8C0,unknown,,review,unknown,ghidra-12.1.3-initial-inventory
0x0045A900,unknown,,review,unknown,ghidra-12.1.3-initial-inventory
0x0045A920,unknown,,review,unknown,ghidra-12.1.3-initial-inventory
0x0045A950,unknown,,review,unknown,ghidra-12.1.3-initial-inventory
0x0045A980,unknown,,review,unknown,ghidra-12.1.3-initial-inventory
0x0045A9C0,unknown,,review,unknown,ghidra-12.1.3-initial-inventory
0x0045A9F0,unknown,,review,unknown,ghidra-12.1.3-initial-inventory
0x0045AA20,unknown,,review,unknown,ghidra-12.1.3-initial-inventory
0x0045AA60,unknown,,review,unknown,ghidra-12.1.3-initial-inventory
0x0045AAA0,unknown,,review,unknown,ghidra-12.1.3-initial-inventory
0x0045AAE0,unknown,,review,unknown,ghidra-12.1.3-initial-inventory
0x0045AC50,unknown,,review,unknown,ghidra-12.1.3-initial-inventory
0x0045ADD0,unknown,,review,unknown,ghidra-12.1.3-initial-inventory
0x0045AE00,unknown,,review,unknown,ghidra-12.1.3-initial-inventory
0x0045AE10,unknown,,review,unknown,ghidra-12.1.3-initial-inventory
0x0045AE6B,unknown,,review,unknown,ghidra-12.1.3-initial-inventory
0x0045AE6D,unknown,,review,unknown,ghidra-12.1.3-initial-inventory
0x0045AE76,unknown,,review,unknown,ghidra-12.1.3-initial-inventory
0x0045AEB0,unknown,,review,unknown,ghidra-12.1.3-initial-inventory
0x0045AEF0,unknown,,review,unknown,ghidra-12.1.3-initial-inventory
0x0045AF20,unknown,,review,unknown,ghidra-12.1.3-initial-inventory
0x0045AF60,unknown,,review,unknown,ghidra-12.1.3-initial-inventory
0x0045AFA0,unknown,,review,unknown,ghidra-12.1.3-initial-inventory
0x0045AFB0,unknown,,review,unknown,ghidra-12.1.3-initial-inventory
0x0045AFF0,unknown,,review,unknown,ghidra-12.1.3-initial-inventory
0x0045B020,unknown,,review,unknown,ghidra-12.1.3-initial-inventory
0x0045B030,unknown,,review,unknown,ghidra-12.1.3-initial-inventory
0x0045B070,unknown,,review,unknown,ghidra-12.1.3-initial-inventory
0x0045B080,unknown,,review,unknown,ghidra-12.1.3-initial-inventory
0x0045B0C0,unknown,,review,unknown,ghidra-12.1.3-initial-inventory
0x0045B0F0,unknown,,review,unknown,ghidra-12.1.3-initial-inventory
0x0045B130,unknown,,review,unknown,ghidra-12.1.3-initial-inventory
0x0045B170,unknown,,review,unknown,ghidra-12.1.3-initial-inventory
0x0045B1CB,unknown,,review,unknown,ghidra-12.1.3-initial-inventory
0x0045B1CD,unknown,,review,unknown,ghidra-12.1.3-initial-inventory
0x0045B1D6,unknown,,review,unknown,ghidra-12.1.3-initial-inventory
0x0045B210,unknown,,review,unknown,ghidra-12.1.3-initial-inventory
0x0045B230,unknown,,review,unknown,ghidra-12.1.3-initial-inventory
0x0045B270,unknown,,review,unknown,ghidra-12.1.3-initial-inventory
0x0045B290,unknown,,review,unknown,ghidra-12.1.3-initial-inventory
0x0045B2B0,unknown,,review,unknown,ghidra-12.1.3-initial-inventory
0x0045B2D0,unknown,,review,unknown,ghidra-12.1.3-initial-inventory
0x0045B2F0,unknown,,review,unknown,ghidra-12.1.3-initial-inventory
0x0045B300,unknown,,review,unknown,ghidra-12.1.3-initial-inventory
0x0045B378,unknown,,review,unknown,ghidra-12.1.3-initial-inventory
0x0045B37A,unknown,,review,unknown,ghidra-12.1.3-initial-inventory
0x0045B383,unknown,,review,unknown,ghidra-12.1.3-initial-inventory
0x0045B3C0,unknown,,review,unknown,ghidra-12.1.3-initial-inventory
0x0045B41D,unknown,,review,unknown,ghidra-12.1.3-initial-inventory
0x0045B41F,unknown,,review,unknown,ghidra-12.1.3-initial-inventory
0x0045B428,unknown,,review,unknown,ghidra-12.1.3-initial-inventory
0x0045B470,unknown,,review,unknown,ghidra-12.1.3-initial-inventory
0x0045B4CD,unknown,,review,unknown,ghidra-12.1.3-initial-inventory
0x0045B4CF,unknown,,review,unknown,ghidra-12.1.3-initial-inventory
0x0045B4D8,unknown,,review,unknown,ghidra-12.1.3-initial-inventory
0x0045B520,unknown,,review,unknown,ghidra-12.1.3-initial-inventory
0x0045B560,unknown,,review,unknown,ghidra-12.1.3-initial-inventory
0x0045B590,unknown,,review,unknown,ghidra-12.1.3-initial-inventory
0x0045B5E0,unknown,,review,unknown,ghidra-12.1.3-initial-inventory
0x0045B630,unknown,,review,unknown,ghidra-12.1.3-initial-inventory
0x0045B640,unknown,,review,unknown,ghidra-12.1.3-initial-inventory
0x0045B6B0,unknown,,review,unknown,ghidra-12.1.3-initial-inventory
0x0045B6C0,unknown,,review,unknown,ghidra-12.1.3-initial-inventory
0x0045B6F0,unknown,,review,unknown,ghidra-12.1.3-initial-inventory
0x0045B710,unknown,,review,unknown,ghidra-12.1.3-initial-inventory
0x0045B740,unknown,,review,unknown,ghidra-12.1.3-initial-inventory
0x0045B760,unknown,,review,unknown,ghidra-12.1.3-initial-inventory
0x0045B830,unknown,,review,unknown,ghidra-12.1.3-initial-inventory
0x0045B850,unknown,,review,unknown,ghidra-12.1.3-initial-inventory
0x0045B860,unknown,,review,unknown,ghidra-12.1.3-initial-inventory
0x0045B880,unknown,,review,unknown,ghidra-12.1.3-initial-inventory
0x0045B920,unknown,,review,unknown,ghidra-12.1.3-initial-inventory
0x0045B9B0,unknown,,review,unknown,ghidra-12.1.3-initial-inventory
0x0045BA10,unknown,,review,unknown,ghidra-12.1.3-initial-inventory
0x0045BA30,unknown,,review,unknown,ghidra-12.1.3-initial-inventory
0x0045BB10,unknown,,review,unknown,ghidra-12.1.3-initial-inventory
0x0045BC30,unknown,,review,unknown,ghidra-12.1.3-initial-inventory
0x0045BCE0,unknown,,review,unknown,ghidra-12.1.3-initial-inventory
0x0045BDB0,unknown,,review,unknown,ghidra-12.1.3-initial-inventory
0x0045BEE0,unknown,,review,unknown,ghidra-12.1.3-initial-inventory
0x0045BF30,unknown,,review,unknown,ghidra-12.1.3-initial-inventory
0x0045BF50,unknown,,review,unknown,ghidra-12.1.3-initial-inventory
0x0045BF70,unknown,,review,unknown,ghidra-12.1.3-initial-inventory
0x0045BFC0,unknown,,review,unknown,ghidra-12.1.3-initial-inventory
0x0045C0A0,unknown,,review,unknown,ghidra-12.1.3-initial-inventory
0x0045C0E0,unknown,,review,unknown,ghidra-12.1.3-initial-inventory
0x0045C100,unknown,,review,unknown,ghidra-12.1.3-initial-inventory
0x0045C210,unknown,,review,unknown,ghidra-12.1.3-initial-inventory
0x0045C270,unknown,,review,unknown,ghidra-12.1.3-initial-inventory
0x0045C480,unknown,,review,unknown,ghidra-12.1.3-initial-inventory
0x0045C540,unknown,,review,unknown,ghidra-12.1.3-initial-inventory
0x0045C580,unknown,,review,unknown,ghidra-12.1.3-initial-inventory
0x0045C590,unknown,,review,unknown,ghidra-12.1.3-initial-inventory
0x0045C5B0,unknown,,review,unknown,ghidra-12.1.3-initial-inventory
0x0045C5D0,unknown,,review,unknown,ghidra-12.1.3-initial-inventory
0x0045C610,unknown,,review,unknown,ghidra-12.1.3-initial-inventory
0x0045C630,unknown,,review,unknown,ghidra-12.1.3-initial-inventory
0x0045C650,unknown,,review,unknown,ghidra-12.1.3-initial-inventory
0x0045C700,unknown,,review,unknown,ghidra-12.1.3-initial-inventory
0x0045C7A0,unknown,,review,unknown,ghidra-12.1.3-initial-inventory
0x0045C800,unknown,,review,unknown,ghidra-12.1.3-initial-inventory
0x0045C820,unknown,,review,unknown,ghidra-12.1.3-initial-inventory
0x0045C830,unknown,,review,unknown,ghidra-12.1.3-initial-inventory
0x0045C850,unknown,,review,unknown,ghidra-12.1.3-initial-inventory
0x0045C870,unknown,,review,unknown,ghidra-12.1.3-initial-inventory
0x0045C890,unknown,,review,unknown,ghidra-12.1.3-initial-inventory
0x0045C8B0,unknown,,review,unknown,ghidra-12.1.3-initial-inventory
0x0045C8D0,unknown,,review,unknown,ghidra-12.1.3-initial-inventory
0x0045C900,unknown,,review,unknown,ghidra-12.1.3-initial-inventory
0x0045C920,unknown,,review,unknown,ghidra-12.1.3-initial-inventory
0x0045C950,unknown,,review,unknown,ghidra-12.1.3-initial-inventory
0x0045C9A0,unknown,,review,unknown,ghidra-12.1.3-initial-inventory
0x0045C9F0,unknown,,review,unknown,ghidra-12.1.3-initial-inventory
0x0045CA40,unknown,,review,unknown,ghidra-12.1.3-initial-inventory
0x0045CA80,unknown,,review,unknown,ghidra-12.1.3-initial-inventory
0x0045CAC0,unknown,,review,unknown,ghidra-12.1.3-initial-inventory
0x0045CB00,unknown,,review,unknown,ghidra-12.1.3-initial-inventory
0x0045CB20,unknown,,review,unknown,ghidra-12.1.3-initial-inventory
0x0045CB60,unknown,,review,unknown,ghidra-12.1.3-initial-inventory
0x0045CB70,unknown,,review,unknown,ghidra-12.1.3-initial-inventory
0x0045CB90,unknown,,review,unknown,ghidra-12.1.3-initial-inventory
0x0045CBA0,unknown,,review,unknown,ghidra-12.1.3-initial-inventory
0x0045CBB0,unknown,,review,unknown,ghidra-12.1.3-initial-inventory
0x0045CBC0,unknown,,review,unknown,ghidra-12.1.3-initial-inventory
0x0045CC20,unknown,,review,unknown,ghidra-12.1.3-initial-inventory
0x0045CC80,unknown,,review,unknown,ghidra-12.1.3-initial-inventory
0x0045CC90,unknown,,review,unknown,ghidra-12.1.3-initial-inventory
0x0045CCD0,unknown,,review,unknown,ghidra-12.1.3-initial-inventory
0x0045CCF0,unknown,,review,unknown,ghidra-12.1.3-initial-inventory
0x0045CD00,unknown,,review,unknown,ghidra-12.1.3-initial-inventory
0x0045CD20,unknown,,review,unknown,ghidra-12.1.3-initial-inventory
0x0045CD50,unknown,,review,unknown,ghidra-12.1.3-initial-inventory
0x0045CD70,unknown,,review,unknown,ghidra-12.1.3-initial-inventory
0x0045CDC0,unknown,,review,unknown,ghidra-12.1.3-initial-inventory
0x0045CE10,unknown,,review,unknown,ghidra-12.1.3-initial-inventory
0x0045D5D0,unknown,,review,unknown,ghidra-12.1.3-initial-inventory
0x0045D650,unknown,,review,unknown,ghidra-12.1.3-initial-inventory
0x0045D6A0,unknown,,review,unknown,ghidra-12.1.3-initial-inventory
0x0045D6F0,unknown,,review,unknown,ghidra-12.1.3-initial-inventory
0x0045D710,unknown,,review,unknown,ghidra-12.1.3-initial-inventory
0x0045D810,unknown,,review,unknown,ghidra-12.1.3-initial-inventory
0x0045DD00,unknown,,review,unknown,ghidra-12.1.3-initial-inventory
0x0045DD50,unknown,,review,unknown,ghidra-12.1.3-initial-inventory
0x0045DD70,unknown,,review,unknown,ghidra-12.1.3-initial-inventory
0x0046D000,unknown,,review,unknown,ghidra-12.1.3-initial-inventory
0x0046D080,unknown,,review,unknown,ghidra-12.1.3-initial-inventory
0x0046D160,unknown,,review,unknown,ghidra-12.1.3-initial-inventory
0x0046D1E0,unknown,,review,unknown,ghidra-12.1.3-initial-inventory
0x0046D2D0,unknown,,review,unknown,ghidra-12.1.3-initial-inventory
0x0046D2F0,unknown,,review,unknown,ghidra-12.1.3-initial-inventory
0x0046D300,unknown,,review,unknown,ghidra-12.1.3-initial-inventory
0x00470A40,unknown,,review,unknown,ghidra-12.1.3-initial-inventory
0x00470E50,unknown,,review,unknown,ghidra-12.1.3-initial-inventory
0x00470F00,unknown,,review,unknown,ghidra-12.1.3-initial-inventory
0x00471E00,unknown,,review,unknown,ghidra-12.1.3-initial-inventory
0x00472450,unknown,,review,unknown,ghidra-12.1.3-initial-inventory
0x00472460,unknown,,review,unknown,ghidra-12.1.3-initial-inventory
0x00472490,unknown,,review,unknown,ghidra-12.1.3-initial-inventory
0x004724B0,unknown,,review,unknown,ghidra-12.1.3-initial-inventory
0x00472890,unknown,,review,unknown,ghidra-12.1.3-initial-inventory
0x00474B40,unknown,,review,unknown,ghidra-12.1.3-initial-inventory
0x004769B0,unknown,,review,unknown,ghidra-12.1.3-initial-inventory
0x00476A40,unknown,,review,unknown,ghidra-12.1.3-initial-inventory
0x00483300,unknown,,review,unknown,ghidra-12.1.3-initial-inventory
0x00483320,unknown,,review,unknown,ghidra-12.1.3-initial-inventory
0x00483350,unknown,,review,unknown,ghidra-12.1.3-initial-inventory
0x00486550,unknown,,review,unknown,ghidra-12.1.3-initial-inventory
0x00492FB0,unknown,,review,unknown,ghidra-12.1.3-initial-inventory
0x004930B0,unknown,,review,unknown,ghidra-12.1.3-initial-inventory
0x00493130,unknown,,review,unknown,ghidra-12.1.3-initial-inventory
0x00493440,unknown,,review,unknown,ghidra-12.1.3-initial-inventory
0x00493460,unknown,,review,unknown,ghidra-12.1.3-initial-inventory
0x00493470,unknown,,review,unknown,ghidra-12.1.3-initial-inventory
0x00496C60,unknown,,review,unknown,ghidra-12.1.3-initial-inventory
0x00497070,unknown,,review,unknown,ghidra-12.1.3-initial-inventory
0x00497580,unknown,,review,unknown,ghidra-12.1.3-initial-inventory
0x00497630,unknown,,review,unknown,ghidra-12.1.3-initial-inventory
0x00498540,unknown,,review,unknown,ghidra-12.1.3-initial-inventory
0x00498B90,unknown,,review,unknown,ghidra-12.1.3-initial-inventory
0x00498BC0,unknown,,review,unknown,ghidra-12.1.3-initial-inventory
0x00498BE0,unknown,,review,unknown,ghidra-12.1.3-initial-inventory
0x00499030,unknown,,review,unknown,ghidra-12.1.3-initial-inventory
0x0049B070,unknown,,review,unknown,ghidra-12.1.3-initial-inventory
0x0049C850,unknown,,review,unknown,ghidra-12.1.3-initial-inventory
0x0049C8F0,unknown,,review,unknown,ghidra-12.1.3-initial-inventory
0x004A80F0,unknown,,review,unknown,ghidra-12.1.3-initial-inventory
0x004A9050,unknown,,review,unknown,ghidra-12.1.3-initial-inventory
0x004AC040,unknown,,review,unknown,ghidra-12.1.3-initial-inventory
0x004C0820,unknown,,review,unknown,ghidra-12.1.3-initial-inventory
0x004C0920,unknown,,review,unknown,ghidra-12.1.3-initial-inventory
0x004C09A0,unknown,,review,unknown,ghidra-12.1.3-initial-inventory
0x004C0AA0,unknown,,review,unknown,ghidra-12.1.3-initial-inventory
0x004C0AC0,unknown,,review,unknown,ghidra-12.1.3-initial-inventory
0x004C0AD0,unknown,,review,unknown,ghidra-12.1.3-initial-inventory
0x004C49C0,unknown,,review,unknown,ghidra-12.1.3-initial-inventory
0x004C50A0,unknown,,review,unknown,ghidra-12.1.3-initial-inventory
0x004C5150,unknown,,review,unknown,ghidra-12.1.3-initial-inventory
0x004C6050,unknown,,review,unknown,ghidra-12.1.3-initial-inventory
0x004C66A0,unknown,,review,unknown,ghidra-12.1.3-initial-inventory
0x004C66B0,unknown,,review,unknown,ghidra-12.1.3-initial-inventory
0x004C66E0,unknown,,review,unknown,ghidra-12.1.3-initial-inventory
0x004C6700,unknown,,review,unknown,ghidra-12.1.3-initial-inventory
0x004C6B50,unknown,,review,unknown,ghidra-12.1.3-initial-inventory
0x004C8CD0,unknown,,review,unknown,ghidra-12.1.3-initial-inventory
0x004CA640,unknown,,review,unknown,ghidra-12.1.3-initial-inventory
0x004CA6E0,unknown,,review,unknown,ghidra-12.1.3-initial-inventory
0x004D4EA0,unknown,,review,unknown,ghidra-12.1.3-initial-inventory
0x004D7E70,unknown,,review,unknown,ghidra-12.1.3-initial-inventory
0x004E2C90,unknown,,review,unknown,ghidra-12.1.3-initial-inventory
0x004E2D90,unknown,,review,unknown,ghidra-12.1.3-initial-inventory
0x004E2E10,unknown,,review,unknown,ghidra-12.1.3-initial-inventory
0x004E2EF0,unknown,,review,unknown,ghidra-12.1.3-initial-inventory
0x004E2F10,unknown,,review,unknown,ghidra-12.1.3-initial-inventory
0x004E2F20,unknown,,review,unknown,ghidra-12.1.3-initial-inventory
0x004E62A0,unknown,,review,unknown,ghidra-12.1.3-initial-inventory
0x004E63A0,unknown,,review,unknown,ghidra-12.1.3-initial-inventory
0x004E6450,unknown,,review,unknown,ghidra-12.1.3-initial-inventory
0x004E7350,unknown,,review,unknown,ghidra-12.1.3-initial-inventory
0x004E79A0,unknown,,review,unknown,ghidra-12.1.3-initial-inventory
0x004E79B0,unknown,,review,unknown,ghidra-12.1.3-initial-inventory
0x004E79E0,unknown,,review,unknown,ghidra-12.1.3-initial-inventory
0x004E7A00,unknown,,review,unknown,ghidra-12.1.3-initial-inventory
0x004E7DE0,unknown,,review,unknown,ghidra-12.1.3-initial-inventory
0x004EA090,unknown,,review,unknown,ghidra-12.1.3-initial-inventory
0x004EBD00,unknown,,review,unknown,ghidra-12.1.3-initial-inventory
0x004EBDA0,unknown,,review,unknown,ghidra-12.1.3-initial-inventory
0x004F4170,unknown,,review,unknown,ghidra-12.1.3-initial-inventory
0x004F44D0,unknown,,review,unknown,ghidra-12.1.3-initial-inventory
0x004F7130,unknown,,review,unknown,ghidra-12.1.3-initial-inventory
0x005021C0,unknown,,review,unknown,ghidra-12.1.3-initial-inventory
0x005022C0,unknown,,review,unknown,ghidra-12.1.3-initial-inventory
0x00502340,unknown,,review,unknown,ghidra-12.1.3-initial-inventory
0x00502420,unknown,,review,unknown,ghidra-12.1.3-initial-inventory
0x00502440,unknown,,review,unknown,ghidra-12.1.3-initial-inventory
0x00502450,unknown,,review,unknown,ghidra-12.1.3-initial-inventory
0x00505A60,unknown,,review,unknown,ghidra-12.1.3-initial-inventory
0x00506090,unknown,,review,unknown,ghidra-12.1.3-initial-inventory
0x00506140,unknown,,review,unknown,ghidra-12.1.3-initial-inventory
0x00507040,unknown,,review,unknown,ghidra-12.1.3-initial-inventory
0x00507690,unknown,,review,unknown,ghidra-12.1.3-initial-inventory
0x005076A0,unknown,,review,unknown,ghidra-12.1.3-initial-inventory
0x005076D0,unknown,,review,unknown,ghidra-12.1.3-initial-inventory
0x005076F0,unknown,,review,unknown,ghidra-12.1.3-initial-inventory
0x00507B20,unknown,,review,unknown,ghidra-12.1.3-initial-inventory
0x005086E0,unknown,,review,unknown,ghidra-12.1.3-initial-inventory
0x0050A4E0,unknown,,review,unknown,ghidra-12.1.3-initial-inventory
0x0050A580,unknown,,review,unknown,ghidra-12.1.3-initial-inventory
0x0051E640,unknown,,review,unknown,ghidra-12.1.3-initial-inventory
0x005214B0,unknown,,review,unknown,ghidra-12.1.3-initial-inventory
0x0052CEE0,unknown,,review,unknown,ghidra-12.1.3-initial-inventory
0x0052D020,unknown,,review,unknown,ghidra-12.1.3-initial-inventory
0x0052D090,unknown,,review,unknown,ghidra-12.1.3-initial-inventory
0x0052D110,unknown,,review,unknown,ghidra-12.1.3-initial-inventory
0x0052D200,unknown,,review,unknown,ghidra-12.1.3-initial-inventory
0x0052D220,unknown,,review,unknown,ghidra-12.1.3-initial-inventory
0x0052D230,unknown,,review,unknown,ghidra-12.1.3-initial-inventory
0x005301B0,unknown,,review,unknown,ghidra-12.1.3-initial-inventory
0x005305A0,unknown,,review,unknown,ghidra-12.1.3-initial-inventory
0x00530650,unknown,,review,unknown,ghidra-12.1.3-initial-inventory
0x00531570,unknown,,review,unknown,ghidra-12.1.3-initial-inventory
0x00531BC0,unknown,,review,unknown,ghidra-12.1.3-initial-inventory
0x00531BD0,unknown,,review,unknown,ghidra-12.1.3-initial-inventory
0x00531C00,unknown,,review,unknown,ghidra-12.1.3-initial-inventory
0x00531C40,unknown,,review,unknown,ghidra-12.1.3-initial-inventory
0x00531C60,unknown,,review,unknown,ghidra-12.1.3-initial-inventory
0x00531C80,unknown,,review,unknown,ghidra-12.1.3-initial-inventory
0x00531CB0,unknown,,review,unknown,ghidra-12.1.3-initial-inventory
0x00531CE0,unknown,,review,unknown,ghidra-12.1.3-initial-inventory
0x00531D80,unknown,,review,unknown,ghidra-12.1.3-initial-inventory
0x00531D90,unknown,,review,unknown,ghidra-12.1.3-initial-inventory
0x00531DA0,unknown,,review,unknown,ghidra-12.1.3-initial-inventory
0x00531DD0,unknown,,review,unknown,ghidra-12.1.3-initial-inventory
0x00531DF0,unknown,,review,unknown,ghidra-12.1.3-initial-inventory
0x00531E70,unknown,,review,unknown,ghidra-12.1.3-initial-inventory
0x00531F30,unknown,,review,unknown,ghidra-12.1.3-initial-inventory
0x00531FBF,unknown,,review,unknown,ghidra-12.1.3-initial-inventory
0x00532010,unknown,,review,unknown,ghidra-12.1.3-initial-inventory
0x00532080,unknown,,review,unknown,ghidra-12.1.3-initial-inventory
0x005320C0,unknown,,review,unknown,ghidra-12.1.3-initial-inventory
0x005320D0,unknown,,review,unknown,ghidra-12.1.3-initial-inventory
0x005320F0,unknown,,review,unknown,ghidra-12.1.3-initial-inventory
0x00532110,unknown,,review,unknown,ghidra-12.1.3-initial-inventory
0x00532196,unknown,,review,unknown,ghidra-12.1.3-initial-inventory
0x005321D0,unknown,,review,unknown,ghidra-12.1.3-initial-inventory
0x00532250,unknown,,review,unknown,ghidra-12.1.3-initial-inventory
0x00532290,unknown,,review,unknown,ghidra-12.1.3-initial-inventory
0x005322A0,unknown,,review,unknown,ghidra-12.1.3-initial-inventory
0x005322C0,unknown,,review,unknown,ghidra-12.1.3-initial-inventory
0x005322E0,unknown,,review,unknown,ghidra-12.1.3-initial-inventory
0x00532300,unknown,,review,unknown,ghidra-12.1.3-initial-inventory
0x00532320,unknown,,review,unknown,ghidra-12.1.3-initial-inventory
0x00532350,unknown,,review,unknown,ghidra-12.1.3-initial-inventory
0x00532360,unknown,,review,unknown,ghidra-12.1.3-initial-inventory
0x00532380,unknown,,review,unknown,ghidra-12.1.3-initial-inventory
0x005323A0,unknown,,review,unknown,ghidra-12.1.3-initial-inventory
0x005323C0,unknown,,review,unknown,ghidra-12.1.3-initial-inventory
0x005323E0,unknown,,review,unknown,ghidra-12.1.3-initial-inventory
0x00532420,unknown,,review,unknown,ghidra-12.1.3-initial-inventory
0x00532450,unknown,,review,unknown,ghidra-12.1.3-initial-inventory
0x00532480,unknown,,review,unknown,ghidra-12.1.3-initial-inventory
0x00532490,unknown,,review,unknown,ghidra-12.1.3-initial-inventory
0x005324A0,unknown,,review,unknown,ghidra-12.1.3-initial-inventory
0x005324C0,unknown,,review,unknown,ghidra-12.1.3-initial-inventory
0x00532500,unknown,,review,unknown,ghidra-12.1.3-initial-inventory
0x00532510,unknown,,review,unknown,ghidra-12.1.3-initial-inventory
0x00532520,unknown,,review,unknown,ghidra-12.1.3-initial-inventory
0x00532950,unknown,,review,unknown,ghidra-12.1.3-initial-inventory
0x005349B0,unknown,,review,unknown,ghidra-12.1.3-initial-inventory
0x00536360,unknown,,review,unknown,ghidra-12.1.3-initial-inventory
0x00536400,unknown,,review,unknown,ghidra-12.1.3-initial-inventory
0x00540220,unknown,,review,unknown,ghidra-12.1.3-initial-inventory
0x00540240,unknown,,review,unknown,ghidra-12.1.3-initial-inventory
0x00540260,unknown,,review,unknown,ghidra-12.1.3-initial-inventory
0x00540280,unknown,,review,unknown,ghidra-12.1.3-initial-inventory
0x00540290,unknown,,review,unknown,ghidra-12.1.3-initial-inventory
0x00543210,unknown,,review,unknown,ghidra-12.1.3-initial-inventory
0x00551980,unknown,,review,unknown,ghidra-12.1.3-initial-inventory
0x00551AA0,unknown,,review,unknown,ghidra-12.1.3-initial-inventory
0x00551B20,unknown,,review,unknown,ghidra-12.1.3-initial-inventory
0x00551BD0,unknown,,review,unknown,ghidra-12.1.3-initial-inventory
0x00551BF0,unknown,,review,unknown,ghidra-12.1.3-initial-inventory
0x00551C00,unknown,,review,unknown,ghidra-12.1.3-initial-inventory
0x00555530,unknown,,review,unknown,ghidra-12.1.3-initial-inventory
0x00555940,unknown,,review,unknown,ghidra-12.1.3-initial-inventory
0x005559F0,unknown,,review,unknown,ghidra-12.1.3-initial-inventory
0x005568F0,unknown,,review,unknown,ghidra-12.1.3-initial-inventory
0x00556F40,unknown,,review,unknown,ghidra-12.1.3-initial-inventory
0x00556F50,unknown,,review,unknown,ghidra-12.1.3-initial-inventory
0x00556F80,unknown,,review,unknown,ghidra-12.1.3-initial-inventory
0x00556FA0,unknown,,review,unknown,ghidra-12.1.3-initial-inventory
0x00557380,unknown,,review,unknown,ghidra-12.1.3-initial-inventory
0x00558F50,unknown,,review,unknown,ghidra-12.1.3-initial-inventory
0x0055ABE0,unknown,,review,unknown,ghidra-12.1.3-initial-inventory
0x0055AC80,unknown,,review,unknown,ghidra-12.1.3-initial-inventory
0x00561D40,unknown,,review,unknown,ghidra-12.1.3-initial-inventory
0x00564BE0,unknown,,review,unknown,ghidra-12.1.3-initial-inventory
0x00574100,unknown,,review,unknown,ghidra-12.1.3-initial-inventory
0x00574210,unknown,,review,unknown,ghidra-12.1.3-initial-inventory
0x00574290,unknown,,review,unknown,ghidra-12.1.3-initial-inventory
0x00574340,unknown,,review,unknown,ghidra-12.1.3-initial-inventory
0x00574360,unknown,,review,unknown,ghidra-12.1.3-initial-inventory
0x00574370,unknown,,review,unknown,ghidra-12.1.3-initial-inventory
0x00577750,unknown,,review,unknown,ghidra-12.1.3-initial-inventory
0x00577BC0,unknown,,review,unknown,ghidra-12.1.3-initial-inventory
0x00577C70,unknown,,review,unknown,ghidra-12.1.3-initial-inventory
0x00578B70,unknown,,review,unknown,ghidra-12.1.3-initial-inventory
0x005791C0,unknown,,review,unknown,ghidra-12.1.3-initial-inventory
0x005791D0,unknown,,review,unknown,ghidra-12.1.3-initial-inventory
0x00579200,unknown,,review,unknown,ghidra-12.1.3-initial-inventory
0x00579220,unknown,,review,unknown,ghidra-12.1.3-initial-inventory
0x00579650,unknown,,review,unknown,ghidra-12.1.3-initial-inventory
0x0057B900,unknown,,review,unknown,ghidra-12.1.3-initial-inventory
0x0057D4E0,unknown,,review,unknown,ghidra-12.1.3-initial-inventory
0x0057D580,unknown,,review,unknown,ghidra-12.1.3-initial-inventory
0x005882B0,unknown,,review,unknown,ghidra-12.1.3-initial-inventory
0x0058AF60,unknown,,review,unknown,ghidra-12.1.3-initial-inventory
0x00597380,unknown,,review,unknown,ghidra-12.1.3-initial-inventory
0x00597480,unknown,,review,unknown,ghidra-12.1.3-initial-inventory
0x00597500,unknown,,review,unknown,ghidra-12.1.3-initial-inventory
0x00597630,unknown,,review,unknown,ghidra-12.1.3-initial-inventory
0x00597650,unknown,,review,unknown,ghidra-12.1.3-initial-inventory
0x00597660,unknown,,review,unknown,ghidra-12.1.3-initial-inventory
0x0059B490,unknown,,review,unknown,ghidra-12.1.3-initial-inventory
0x0059B740,unknown,,review,unknown,ghidra-12.1.3-initial-inventory
0x0059B7F0,unknown,,review,unknown,ghidra-12.1.3-initial-inventory
0x0059C6F0,unknown,,review,unknown,ghidra-12.1.3-initial-inventory
0x0059CD40,unknown,,review,unknown,ghidra-12.1.3-initial-inventory
0x0059CD50,unknown,,review,unknown,ghidra-12.1.3-initial-inventory
0x0059CD80,unknown,,review,unknown,ghidra-12.1.3-initial-inventory
0x0059CDA0,unknown,,review,unknown,ghidra-12.1.3-initial-inventory
0x0059D240,unknown,,review,unknown,ghidra-12.1.3-initial-inventory
0x0059F4F0,unknown,,review,unknown,ghidra-12.1.3-initial-inventory
0x005A1560,unknown,,review,unknown,ghidra-12.1.3-initial-inventory
0x005A1600,unknown,,review,unknown,ghidra-12.1.3-initial-inventory
0x005AC250,unknown,,review,unknown,ghidra-12.1.3-initial-inventory
0x005AEEC0,unknown,,review,unknown,ghidra-12.1.3-initial-inventory
0x005C0AB0,unknown,,review,unknown,ghidra-12.1.3-initial-inventory
0x005C0BB0,unknown,,review,unknown,ghidra-12.1.3-initial-inventory
0x005C0C30,unknown,,review,unknown,ghidra-12.1.3-initial-inventory
0x005C0D40,unknown,,review,unknown,ghidra-12.1.3-initial-inventory
0x005C0D60,unknown,,review,unknown,ghidra-12.1.3-initial-inventory
0x005C0D70,unknown,,review,unknown,ghidra-12.1.3-initial-inventory
0x005C3FB0,unknown,,review,unknown,ghidra-12.1.3-initial-inventory
0x005C4320,unknown,,review,unknown,ghidra-12.1.3-initial-inventory
0x005C43D0,unknown,,review,unknown,ghidra-12.1.3-initial-inventory
0x005C52D0,unknown,,review,unknown,ghidra-12.1.3-initial-inventory
0x005C5920,unknown,,review,unknown,ghidra-12.1.3-initial-inventory
0x005C5930,unknown,,review,unknown,ghidra-12.1.3-initial-inventory
0x005C5960,unknown,,review,unknown,ghidra-12.1.3-initial-inventory
0x005C5980,unknown,,review,unknown,ghidra-12.1.3-initial-inventory
0x005C5D10,unknown,,review,unknown,ghidra-12.1.3-initial-inventory
0x005C7FC0,unknown,,review,unknown,ghidra-12.1.3-initial-inventory
0x005C9C20,unknown,,review,unknown,ghidra-12.1.3-initial-inventory
0x005C9CC0,unknown,,review,unknown,ghidra-12.1.3-initial-inventory
0x005D4890,unknown,,review,unknown,ghidra-12.1.3-initial-inventory
0x005D73C0,unknown,,review,unknown,ghidra-12.1.3-initial-inventory
0x005E2090,unknown,,review,unknown,ghidra-12.1.3-initial-inventory
0x005E2170,unknown,,review,unknown,ghidra-12.1.3-initial-inventory
0x005E21F0,unknown,,review,unknown,ghidra-12.1.3-initial-inventory
0x005E22E0,unknown,,review,unknown,ghidra-12.1.3-initial-inventory
0x005E2300,unknown,,review,unknown,ghidra-12.1.3-initial-inventory
0x005E2310,unknown,,review,unknown,ghidra-12.1.3-initial-inventory
0x005E5500,unknown,,review,unknown,ghidra-12.1.3-initial-inventory
0x005E5910,unknown,,review,unknown,ghidra-12.1.3-initial-inventory
0x005E59C0,unknown,,review,unknown,ghidra-12.1.3-initial-inventory
0x005E68C0,unknown,,review,unknown,ghidra-12.1.3-initial-inventory
0x005E6F10,unknown,,review,unknown,ghidra-12.1.3-initial-inventory
0x005E6F20,unknown,,review,unknown,ghidra-12.1.3-initial-inventory
0x005E6F50,unknown,,review,unknown,ghidra-12.1.3-initial-inventory
0x005E6F70,unknown,,review,unknown,ghidra-12.1.3-initial-inventory
0x005E7370,unknown,,review,unknown,ghidra-12.1.3-initial-inventory
0x005E9620,unknown,,review,unknown,ghidra-12.1.3-initial-inventory
0x005EB490,unknown,,review,unknown,ghidra-12.1.3-initial-inventory
0x005EB520,unknown,,review,unknown,ghidra-12.1.3-initial-inventory
0x005F3D60,unknown,,review,unknown,ghidra-12.1.3-initial-inventory
0x005F6F60,unknown,,review,unknown,ghidra-12.1.3-initial-inventory
0x005F6FF0,unknown,,review,unknown,ghidra-12.1.3-initial-inventory
0x005F70E0,unknown,,review,unknown,ghidra-12.1.3-initial-inventory
0x005F7140,unknown,,review,unknown,ghidra-12.1.3-initial-inventory
0x005F71F0,unknown,,review,unknown,ghidra-12.1.3-initial-inventory
0x005F78B0,unknown,,review,unknown,ghidra-12.1.3-initial-inventory
0x005F7AA0,unknown,,review,unknown,ghidra-12.1.3-initial-inventory
0x005F7D00,unknown,,review,unknown,ghidra-12.1.3-initial-inventory
0x005F7D80,unknown,,review,unknown,ghidra-12.1.3-initial-inventory
0x005F7EA0,unknown,,review,unknown,ghidra-12.1.3-initial-inventory
0x005F7ED0,unknown,,review,unknown,ghidra-12.1.3-initial-inventory
0x005F7F20,unknown,,review,unknown,ghidra-12.1.3-initial-inventory
0x005F7F70,unknown,,review,unknown,ghidra-12.1.3-initial-inventory
0x005F7FA0,unknown,,review,unknown,ghidra-12.1.3-initial-inventory
0x005F7FC0,unknown,,review,unknown,ghidra-12.1.3-initial-inventory
0x005F8000,unknown,,review,unknown,ghidra-12.1.3-initial-inventory
0x005F8020,unknown,,review,unknown,ghidra-12.1.3-initial-inventory
0x005F8040,unknown,,review,unknown,ghidra-12.1.3-initial-inventory
0x005F8090,unknown,,review,unknown,ghidra-12.1.3-initial-inventory
0x005F80B0,unknown,,review,unknown,ghidra-12.1.3-initial-inventory
0x005F80E0,unknown,,review,unknown,ghidra-12.1.3-initial-inventory
0x005F8110,unknown,,review,unknown,ghidra-12.1.3-initial-inventory
0x005F8130,unknown,,review,unknown,ghidra-12.1.3-initial-inventory
0x005F8180,unknown,,review,unknown,ghidra-12.1.3-initial-inventory
0x005F81B0,unknown,,review,unknown,ghidra-12.1.3-initial-inventory
0x005F8290,unknown,,review,unknown,ghidra-12.1.3-initial-inventory
0x005F82D0,unknown,,review,unknown,ghidra-12.1.3-initial-inventory
0x005F82F0,unknown,,review,unknown,ghidra-12.1.3-initial-inventory
0x005F8320,unknown,,review,unknown,ghidra-12.1.3-initial-inventory
0x005F8340,unknown,,review,unknown,ghidra-12.1.3-initial-inventory
0x005F8380,unknown,,review,unknown,ghidra-12.1.3-initial-inventory
0x005F83C0,unknown,,review,unknown,ghidra-12.1.3-initial-inventory
0x005F83E0,unknown,,review,unknown,ghidra-12.1.3-initial-inventory
0x005F8400,unknown,,review,unknown,ghidra-12.1.3-initial-inventory
0x005F8420,unknown,,review,unknown,ghidra-12.1.3-initial-inventory
0x005F8460,unknown,,review,unknown,ghidra-12.1.3-initial-inventory
0x005F8490,unknown,,review,unknown,ghidra-12.1.3-initial-inventory
0x005F84B0,unknown,,review,unknown,ghidra-12.1.3-initial-inventory
0x005F8560,unknown,,review,unknown,ghidra-12.1.3-initial-inventory
0x005F85E0,unknown,,review,unknown,ghidra-12.1.3-initial-inventory
0x005F8650,unknown,,review,unknown,ghidra-12.1.3-initial-inventory
0x005F8670,unknown,,review,unknown,ghidra-12.1.3-initial-inventory
0x005F8680,unknown,,review,unknown,ghidra-12.1.3-initial-inventory
0x005F8790,unknown,,review,unknown,ghidra-12.1.3-initial-inventory
0x005F87F0,unknown,,review,unknown,ghidra-12.1.3-initial-inventory
0x005F8A00,unknown,,review,unknown,ghidra-12.1.3-initial-inventory
0x005F8AC0,unknown,,review,unknown,ghidra-12.1.3-initial-inventory
0x005F8B00,unknown,,review,unknown,ghidra-12.1.3-initial-inventory
0x005F8B10,unknown,,review,unknown,ghidra-12.1.3-initial-inventory
0x005F8B30,unknown,,review,unknown,ghidra-12.1.3-initial-inventory
0x005F8B50,unknown,,review,unknown,ghidra-12.1.3-initial-inventory
0x005F8B70,unknown,,review,unknown,ghidra-12.1.3-initial-inventory
0x005F8BD0,unknown,,review,unknown,ghidra-12.1.3-initial-inventory
0x005F8C50,unknown,,review,unknown,ghidra-12.1.3-initial-inventory
0x005F8CC0,unknown,,review,unknown,ghidra-12.1.3-initial-inventory
0x005F8CE0,unknown,,review,unknown,ghidra-12.1.3-initial-inventory
0x005F8CF0,unknown,,review,unknown,ghidra-12.1.3-initial-inventory
0x005F8D10,unknown,,review,unknown,ghidra-12.1.3-initial-inventory
0x005F8D30,unknown,,review,unknown,ghidra-12.1.3-initial-inventory
0x005F8D70,unknown,,review,unknown,ghidra-12.1.3-initial-inventory
0x005F8DB0,unknown,,review,unknown,ghidra-12.1.3-initial-inventory
0x005F8E10,unknown,,review,unknown,ghidra-12.1.3-initial-inventory
0x005F8E50,unknown,,review,unknown,ghidra-12.1.3-initial-inventory
0x005F8E70,unknown,,review,unknown,ghidra-12.1.3-initial-inventory
0x005F8EA0,unknown,,review,unknown,ghidra-12.1.3-initial-inventory
0x005F8EC0,unknown,,review,unknown,ghidra-12.1.3-initial-inventory
0x005F8EF0,unknown,,review,unknown,ghidra-12.1.3-initial-inventory
0x005F8F10,unknown,,review,unknown,ghidra-12.1.3-initial-inventory
0x005F8F30,unknown,,review,unknown,ghidra-12.1.3-initial-inventory
0x005F8F60,unknown,,review,unknown,ghidra-12.1.3-initial-inventory
0x005F8FD0,unknown,,review,unknown,ghidra-12.1.3-initial-inventory
0x005F9000,unknown,,review,unknown,ghidra-12.1.3-initial-inventory
0x005F9060,unknown,,review,unknown,ghidra-12.1.3-initial-inventory
0x005F9070,unknown,,review,unknown,ghidra-12.1.3-initial-inventory
0x005F9090,unknown,,review,unknown,ghidra-12.1.3-initial-inventory
0x005F90B0,unknown,,review,unknown,ghidra-12.1.3-initial-inventory
0x005F90D0,unknown,,review,unknown,ghidra-12.1.3-initial-inventory
0x005F90F0,unknown,,review,unknown,ghidra-12.1.3-initial-inventory
0x005F91A0,unknown,,review,unknown,ghidra-12.1.3-initial-inventory
0x005F9240,unknown,,review,unknown,ghidra-12.1.3-initial-inventory
0x005F92A0,unknown,,review,unknown,ghidra-12.1.3-initial-inventory
0x005F92C0,unknown,,review,unknown,ghidra-12.1.3-initial-inventory
0x005F92D0,unknown,,review,unknown,ghidra-12.1.3-initial-inventory
0x005F92F0,unknown,,review,unknown,ghidra-12.1.3-initial-inventory
0x005F9310,unknown,,review,unknown,ghidra-12.1.3-initial-inventory
0x005F9330,unknown,,review,unknown,ghidra-12.1.3-initial-inventory
0x005F9350,unknown,,review,unknown,ghidra-12.1.3-initial-inventory
0x005F9370,unknown,,review,unknown,ghidra-12.1.3-initial-inventory
0x005F9390,unknown,,review,unknown,ghidra-12.1.3-initial-inventory
0x005F93C0,unknown,,review,unknown,ghidra-12.1.3-initial-inventory
0x005F9430,unknown,,review,unknown,ghidra-12.1.3-initial-inventory
0x005F9460,unknown,,review,unknown,ghidra-12.1.3-initial-inventory
0x005F94C0,unknown,,review,unknown,ghidra-12.1.3-initial-inventory
0x005F94D0,unknown,,review,unknown,ghidra-12.1.3-initial-inventory
0x005F94F0,unknown,,review,unknown,ghidra-12.1.3-initial-inventory
0x005F9510,unknown,,review,unknown,ghidra-12.1.3-initial-inventory
0x005F9530,unknown,,review,unknown,ghidra-12.1.3-initial-inventory
0x005F9550,unknown,,review,unknown,ghidra-12.1.3-initial-inventory
0x005F9580,unknown,,review,unknown,ghidra-12.1.3-initial-inventory
0x005F95B0,unknown,,review,unknown,ghidra-12.1.3-initial-inventory
0x005F95D0,unknown,,review,unknown,ghidra-12.1.3-initial-inventory
0x005F95F0,unknown,,review,unknown,ghidra-12.1.3-initial-inventory
0x005F9600,unknown,,review,unknown,ghidra-12.1.3-initial-inventory
0x005F9620,unknown,,review,unknown,ghidra-12.1.3-initial-inventory
0x005F9640,unknown,,review,unknown,ghidra-12.1.3-initial-inventory
0x005F9650,unknown,,review,unknown,ghidra-12.1.3-initial-inventory
0x005F97A1,unknown,,review,unknown,ghidra-12.1.3-initial-inventory
0x005F98A6,unknown,,review,unknown,ghidra-12.1.3-initial-inventory
0x005F9990,unknown,,review,unknown,ghidra-12.1.3-initial-inventory
0x005F99C0,unknown,,review,unknown,ghidra-12.1.3-initial-inventory
0x005F99E0,unknown,,review,unknown,ghidra-12.1.3-initial-inventory
0x005F9A10,unknown,,review,unknown,ghidra-12.1.3-initial-inventory
0x005F9B4B,unknown,,review,unknown,ghidra-12.1.3-initial-inventory
0x005F9C53,unknown,,review,unknown,ghidra-12.1.3-initial-inventory
0x005F9D30,unknown,,review,unknown,ghidra-12.1.3-initial-inventory
0x005F9D60,unknown,,review,unknown,ghidra-12.1.3-initial-inventory
0x005F9DB0,unknown,,review,unknown,ghidra-12.1.3-initial-inventory
0x005F9DD0,unknown,,review,unknown,ghidra-12.1.3-initial-inventory
0x005F9E00,unknown,,review,unknown,ghidra-12.1.3-initial-inventory
0x005F9E20,unknown,,review,unknown,ghidra-12.1.3-initial-inventory
0x005F9E50,unknown,,review,unknown,ghidra-12.1.3-initial-inventory
0x005F9E90,unknown,,review,unknown,ghidra-12.1.3-initial-inventory
0x005F9ED0,unknown,,review,unknown,ghidra-12.1.3-initial-inventory
0x005F9F00,unknown,,review,unknown,ghidra-12.1.3-initial-inventory
0x005F9F40,unknown,,review,unknown,ghidra-12.1.3-initial-inventory
0x005F9F70,unknown,,review,unknown,ghidra-12.1.3-initial-inventory
0x005F9F90,unknown,,review,unknown,ghidra-12.1.3-initial-inventory
0x005F9FB0,unknown,,review,unknown,ghidra-12.1.3-initial-inventory
0x005FA000,unknown,,review,unknown,ghidra-12.1.3-initial-inventory
0x005FA050,unknown,,review,unknown,ghidra-12.1.3-initial-inventory
0x005FA090,unknown,,review,unknown,ghidra-12.1.3-initial-inventory
0x005FA0D0,unknown,,review,unknown,ghidra-12.1.3-initial-inventory
0x005FA110,unknown,,review,unknown,ghidra-12.1.3-initial-inventory
0x005FA130,unknown,,review,unknown,ghidra-12.1.3-initial-inventory
0x005FA170,unknown,,review,unknown,ghidra-12.1.3-initial-inventory
0x005FA1B0,unknown,,review,unknown,ghidra-12.1.3-initial-inventory
0x005FA1F0,unknown,,review,unknown,ghidra-12.1.3-initial-inventory
0x005FA210,unknown,,review,unknown,ghidra-12.1.3-initial-inventory
0x005FA220,unknown,,review,unknown,ghidra-12.1.3-initial-inventory
0x005FA240,unknown,,review,unknown,ghidra-12.1.3-initial-inventory
0x005FA250,unknown,,review,unknown,ghidra-12.1.3-initial-inventory
0x005FA290,unknown,,review,unknown,ghidra-12.1.3-initial-inventory
0x005FA2D0,unknown,,review,unknown,ghidra-12.1.3-initial-inventory
0x005FA2F0,unknown,,review,unknown,ghidra-12.1.3-initial-inventory
0x005FA320,unknown,,review,unknown,ghidra-12.1.3-initial-inventory
0x005FA360,unknown,,review,unknown,ghidra-12.1.3-initial-inventory
0x005FA3A0,unknown,,review,unknown,ghidra-12.1.3-initial-inventory
0x005FA3B0,unknown,,review,unknown,ghidra-12.1.3-initial-inventory
0x005FA3E0,unknown,,review,unknown,ghidra-12.1.3-initial-inventory
0x005FA410,unknown,,review,unknown,ghidra-12.1.3-initial-inventory
0x005FA450,unknown,,review,unknown,ghidra-12.1.3-initial-inventory
0x005FA490,unknown,,review,unknown,ghidra-12.1.3-initial-inventory
0x005FA4D0,unknown,,review,unknown,ghidra-12.1.3-initial-inventory
0x005FA4E0,unknown,,review,unknown,ghidra-12.1.3-initial-inventory
0x005FA540,unknown,,review,unknown,ghidra-12.1.3-initial-inventory
0x005FA5A0,unknown,,review,unknown,ghidra-12.1.3-initial-inventory
0x005FA5B0,unknown,,review,unknown,ghidra-12.1.3-initial-inventory
0x005FA5F0,unknown,,review,unknown,ghidra-12.1.3-initial-inventory
0x005FA610,unknown,,review,unknown,ghidra-12.1.3-initial-inventory
0x005FA620,unknown,,review,unknown,ghidra-12.1.3-initial-inventory
0x005FA630,unknown,,review,unknown,ghidra-12.1.3-initial-inventory
0x005FA680,unknown,,review,unknown,ghidra-12.1.3-initial-inventory
0x005FA6B0,unknown,,review,unknown,ghidra-12.1.3-initial-inventory
0x005FA6C0,unknown,,review,unknown,ghidra-12.1.3-initial-inventory
0x005FA700,unknown,,review,unknown,ghidra-12.1.3-initial-inventory
0x005FA710,unknown,,review,unknown,ghidra-12.1.3-initial-inventory
0x005FA750,unknown,,review,unknown,ghidra-12.1.3-initial-inventory
0x005FA790,unknown,,review,unknown,ghidra-12.1.3-initial-inventory
0x005FA7D0,unknown,,review,unknown,ghidra-12.1.3-initial-inventory
0x005FA810,unknown,,review,unknown,ghidra-12.1.3-initial-inventory
0x005FA86B,unknown,,review,unknown,ghidra-12.1.3-initial-inventory
0x005FA86D,unknown,,review,unknown,ghidra-12.1.3-initial-inventory
0x005FA876,unknown,,review,unknown,ghidra-12.1.3-initial-inventory
0x005FA8B0,unknown,,review,unknown,ghidra-12.1.3-initial-inventory
0x005FA8D0,unknown,,review,unknown,ghidra-12.1.3-initial-inventory
0x005FA8F0,unknown,,review,unknown,ghidra-12.1.3-initial-inventory
0x005FA910,unknown,,review,unknown,ghidra-12.1.3-initial-inventory
0x005FA930,unknown,,review,unknown,ghidra-12.1.3-initial-inventory
0x005FA960,unknown,,review,unknown,ghidra-12.1.3-initial-inventory
0x005FA9BD,unknown,,review,unknown,ghidra-12.1.3-initial-inventory
0x005FA9BF,unknown,,review,unknown,ghidra-12.1.3-initial-inventory
0x005FA9C8,unknown,,review,unknown,ghidra-12.1.3-initial-inventory
0x005FAA10,unknown,,review,unknown,ghidra-12.1.3-initial-inventory
0x005FAA50,unknown,,review,unknown,ghidra-12.1.3-initial-inventory
0x005FAA80,unknown,,review,unknown,ghidra-12.1.3-initial-inventory
0x005FAAD0,unknown,,review,unknown,ghidra-12.1.3-initial-inventory
0x005FAAE0,unknown,,review,unknown,ghidra-12.1.3-initial-inventory
0x005FAB10,unknown,,review,unknown,ghidra-12.1.3-initial-inventory
0x005FAB90,unknown,,review,unknown,ghidra-12.1.3-initial-inventory
0x005FABD0,unknown,,review,unknown,ghidra-12.1.3-initial-inventory
0x005FAC20,unknown,,review,unknown,ghidra-12.1.3-initial-inventory
0x005FAC40,unknown,,review,unknown,ghidra-12.1.3-initial-inventory
0x005FAC60,unknown,,review,unknown,ghidra-12.1.3-initial-inventory
0x005FACD0,unknown,,review,unknown,ghidra-12.1.3-initial-inventory
0x005FAD20,unknown,,review,unknown,ghidra-12.1.3-initial-inventory
0x005FAD70,unknown,,review,unknown,ghidra-12.1.3-initial-inventory
0x005FADD0,unknown,,review,unknown,ghidra-12.1.3-initial-inventory
0x005FAE30,unknown,,review,unknown,ghidra-12.1.3-initial-inventory
0x00602A60,unknown,,review,unknown,ghidra-12.1.3-initial-inventory
0x00603650,unknown,,review,unknown,ghidra-12.1.3-initial-inventory
0x006036A4,unknown,,review,unknown,ghidra-12.1.3-initial-inventory
0x0060499A,unknown,,review,unknown,ghidra-12.1.3-initial-inventory
0x006049A0,unknown,,review,unknown,ghidra-12.1.3-initial-inventory
0x006049BC,unknown,,review,unknown,ghidra-12.1.3-initial-inventory
0x006049D8,unknown,,review,unknown,ghidra-12.1.3-initial-inventory
0x006049F4,unknown,,review,unknown,ghidra-12.1.3-initial-inventory
0x00604A10,unknown,,review,unknown,ghidra-12.1.3-initial-inventory
0x00604A9C,unknown,,review,unknown,ghidra-12.1.3-initial-inventory
0x00604B65,unknown,,review,unknown,ghidra-12.1.3-initial-inventory
0x00604BF3,unknown,,review,unknown,ghidra-12.1.3-initial-inventory
0x00604C82,unknown,,review,unknown,ghidra-12.1.3-initial-inventory
0x00604CE6,unknown,,review,unknown,ghidra-12.1.3-initial-inventory
0x00604F55,unknown,,review,unknown,ghidra-12.1.3-initial-inventory
0x00604FB0,unknown,,review,unknown,ghidra-12.1.3-initial-inventory
0x0060501F,unknown,,review,unknown,ghidra-12.1.3-initial-inventory
0x0060508B,unknown,,review,unknown,ghidra-12.1.3-initial-inventory
0x00605107,unknown,,review,unknown,ghidra-12.1.3-initial-inventory
0x00605185,unknown,,review,unknown,ghidra-12.1.3-initial-inventory
0x006051B8,unknown,,review,unknown,ghidra-12.1.3-initial-inventory
0x006051DC,unknown,,review,unknown,ghidra-12.1.3-initial-inventory
0x00605251,unknown,,review,unknown,ghidra-12.1.3-initial-inventory
0x006052BF,unknown,,review,unknown,ghidra-12.1.3-initial-inventory
0x006053A1,unknown,,review,unknown,ghidra-12.1.3-initial-inventory
0x006053D2,unknown,,review,unknown,ghidra-12.1.3-initial-inventory
0x00605410,unknown,,review,unknown,ghidra-12.1.3-initial-inventory
0x006054EF,unknown,,review,unknown,ghidra-12.1.3-initial-inventory
0x006055A2,unknown,,review,unknown,ghidra-12.1.3-initial-inventory
0x006055C2,unknown,,review,unknown,ghidra-12.1.3-initial-inventory
0x006055FB,unknown,,review,unknown,ghidra-12.1.3-initial-inventory
0x006056CE,unknown,,review,unknown,ghidra-12.1.3-initial-inventory
0x0060577E,unknown,,review,unknown,ghidra-12.1.3-initial-inventory
0x0060579E,unknown,,review,unknown,ghidra-12.1.3-initial-inventory
0x006057BE,unknown,,review,unknown,ghidra-12.1.3-initial-inventory
0x00605AE8,unknown,,review,unknown,ghidra-12.1.3-initial-inventory
0x00605B10,unknown,,review,unknown,ghidra-12.1.3-initial-inventory
0x00605B38,unknown,,review,unknown,ghidra-12.1.3-initial-inventory
0x00605B61,unknown,,review,unknown,ghidra-12.1.3-initial-inventory
0x00605BC7,unknown,,review,unknown,ghidra-12.1.3-initial-inventory
0x00605C26,unknown,,review,unknown,ghidra-12.1.3-initial-inventory
0x00605C93,unknown,,review,unknown,ghidra-12.1.3-initial-inventory
0x00605CDF,unknown,,review,unknown,ghidra-12.1.3-initial-inventory
0x00605D2A,unknown,,review,unknown,ghidra-12.1.3-initial-inventory
0x00605D75,unknown,,review,unknown,ghidra-12.1.3-initial-inventory
0x00606EFF,unknown,,review,unknown,ghidra-12.1.3-initial-inventory
0x00606F3E,unknown,,review,unknown,ghidra-12.1.3-initial-inventory
0x00606F7D,unknown,,review,unknown,ghidra-12.1.3-initial-inventory
0x00606FC1,unknown,,review,unknown,ghidra-12.1.3-initial-inventory
0x00607005,unknown,,review,unknown,ghidra-12.1.3-initial-inventory
0x006070BD,unknown,,review,unknown,ghidra-12.1.3-initial-inventory
0x00607263,unknown,,review,unknown,ghidra-12.1.3-initial-inventory
0x0060731F,unknown,,review,unknown,ghidra-12.1.3-initial-inventory
0x006073A5,unknown,,review,unknown,ghidra-12.1.3-initial-inventory
0x0060779F,unknown,,review,unknown,ghidra-12.1.3-initial-inventory
0x00607C96,unknown,,review,unknown,ghidra-12.1.3-initial-inventory
0x00607CE7,unknown,,review,unknown,ghidra-12.1.3-initial-inventory
0x00607D38,unknown,,review,unknown,ghidra-12.1.3-initial-inventory
0x00607D8E,unknown,,review,unknown,ghidra-12.1.3-initial-inventory
0x00607DE4,unknown,,review,unknown,ghidra-12.1.3-initial-inventory
0x00607E35,unknown,,review,unknown,ghidra-12.1.3-initial-inventory
0x00607E86,unknown,,review,unknown,ghidra-12.1.3-initial-inventory
0x00607EDC,unknown,,review,unknown,ghidra-12.1.3-initial-inventory
0x00607F32,unknown,,review,unknown,ghidra-12.1.3-initial-inventory
0x006085A5,unknown,,review,unknown,ghidra-12.1.3-initial-inventory
0x006085E5,unknown,,review,unknown,ghidra-12.1.3-initial-inventory
0x00608625,unknown,,review,unknown,ghidra-12.1.3-initial-inventory
0x00608666,unknown,,review,unknown,ghidra-12.1.3-initial-inventory
0x006086C9,unknown,,review,unknown,ghidra-12.1.3-initial-inventory
0x0060872C,unknown,,review,unknown,ghidra-12.1.3-initial-inventory
0x00608794,unknown,,review,unknown,ghidra-12.1.3-initial-inventory
0x0060882C,unknown,,review,unknown,ghidra-12.1.3-initial-inventory
0x0060888C,unknown,,review,unknown,ghidra-12.1.3-initial-inventory
0x006088EC,unknown,,review,unknown,ghidra-12.1.3-initial-inventory
0x00608951,unknown,,review,unknown,ghidra-12.1.3-initial-inventory
0x006089E6,unknown,,review,unknown,ghidra-12.1.3-initial-inventory
0x00608A4C,unknown,,review,unknown,ghidra-12.1.3-initial-inventory
0x00608AB2,unknown,,review,unknown,ghidra-12.1.3-initial-inventory
0x00608B1D,unknown,,review,unknown,ghidra-12.1.3-initial-inventory
0x00608D8E,unknown,,review,unknown,ghidra-12.1.3-initial-inventory
0x00608DD5,unknown,,review,unknown,ghidra-12.1.3-initial-inventory
0x00608E33,unknown,,review,unknown,ghidra-12.1.3-initial-inventory
0x00608E70,unknown,,review,unknown,ghidra-12.1.3-initial-inventory
0x00608EB2,unknown,,review,unknown,ghidra-12.1.3-initial-inventory
0x00608ED8,unknown,,review,unknown,ghidra-12.1.3-initial-inventory
0x00608F1F,unknown,,review,unknown,ghidra-12.1.3-initial-inventory
0x00608F7B,unknown,,review,unknown,ghidra-12.1.3-initial-inventory
0x00608F96,unknown,,review,unknown,ghidra-12.1.3-initial-inventory
0x00608FE3,unknown,,review,unknown,ghidra-12.1.3-initial-inventory
0x00609087,unknown,,review,unknown,ghidra-12.1.3-initial-inventory
0x006090C4,unknown,,review,unknown,ghidra-12.1.3-initial-inventory
0x00609162,unknown,,review,unknown,ghidra-12.1.3-initial-inventory
0x006091BE,unknown,,review,unknown,ghidra-12.1.3-initial-inventory
0x006095FA,unknown,,review,unknown,ghidra-12.1.3-initial-inventory
0x00609AA4,unknown,,review,unknown,ghidra-12.1.3-initial-inventory
0x00609AC2,unknown,,review,unknown,ghidra-12.1.3-initial-inventory
0x00609B1E,unknown,,review,unknown,ghidra-12.1.3-initial-inventory
0x00609B5B,unknown,,review,unknown,ghidra-12.1.3-initial-inventory
0x00609B7F,unknown,,review,unknown,ghidra-12.1.3-initial-inventory
0x00609DB9,unknown,,review,unknown,ghidra-12.1.3-initial-inventory
0x00609E71,unknown,,review,unknown,ghidra-12.1.3-initial-inventory
0x00609EEF,unknown,,review,unknown,ghidra-12.1.3-initial-inventory
0x00609F11,unknown,,review,unknown,ghidra-12.1.3-initial-inventory
0x00609F58,unknown,,review,unknown,ghidra-12.1.3-initial-inventory
0x00609F9E,unknown,,review,unknown,ghidra-12.1.3-initial-inventory
0x0060A024,unknown,,review,unknown,ghidra-12.1.3-initial-inventory
0x0060A0A3,unknown,,review,unknown,ghidra-12.1.3-initial-inventory
0x0060A1FA,unknown,,review,unknown,ghidra-12.1.3-initial-inventory
0x0060A274,unknown,,review,unknown,ghidra-12.1.3-initial-inventory
0x0060A297,unknown,,review,unknown,ghidra-12.1.3-initial-inventory
0x0060A307,unknown,,review,unknown,ghidra-12.1.3-initial-inventory
0x0060A38B,unknown,,review,unknown,ghidra-12.1.3-initial-inventory
0x0060A460,unknown,,review,unknown,ghidra-12.1.3-initial-inventory
0x0060A535,unknown,,review,unknown,ghidra-12.1.3-initial-inventory
0x0060A6C3,unknown,,review,unknown,ghidra-12.1.3-initial-inventory
0x0060A770,unknown,,review,unknown,ghidra-12.1.3-initial-inventory
0x0060A798,unknown,,review,unknown,ghidra-12.1.3-initial-inventory
0x0060A7D2,unknown,,review,unknown,ghidra-12.1.3-initial-inventory
0x0060A7F4,unknown,,review,unknown,ghidra-12.1.3-initial-inventory
0x0060B728,unknown,,review,unknown,ghidra-12.1.3-initial-inventory
0x0060B7AF,unknown,,review,unknown,ghidra-12.1.3-initial-inventory
0x0060BD3C,unknown,,review,unknown,ghidra-12.1.3-initial-inventory
0x0060BE10,unknown,,review,unknown,ghidra-12.1.3-initial-inventory
0x0060BEF3,unknown,,review,unknown,ghidra-12.1.3-initial-inventory
0x0060BF05,unknown,,review,unknown,ghidra-12.1.3-initial-inventory
0x0060C015,unknown,,review,unknown,ghidra-12.1.3-initial-inventory
0x0060C0DF,unknown,,review,unknown,ghidra-12.1.3-initial-inventory
0x0060C120,unknown,,review,unknown,ghidra-12.1.3-initial-inventory
0x0060C12B,unknown,,review,unknown,ghidra-12.1.3-initial-inventory
0x0060C1D4,unknown,,review,unknown,ghidra-12.1.3-initial-inventory
0x0060C263,unknown,,review,unknown,ghidra-12.1.3-initial-inventory
0x0060C399,unknown,,review,unknown,ghidra-12.1.3-initial-inventory
0x0060CAB0,unknown,,review,unknown,ghidra-12.1.3-initial-inventory
0x0060CB59,unknown,,review,unknown,ghidra-12.1.3-initial-inventory
0x0060CBFA,unknown,,review,unknown,ghidra-12.1.3-initial-inventory
0x0060CF9B,unknown,,review,unknown,ghidra-12.1.3-initial-inventory
0x0060D044,unknown,,review,unknown,ghidra-12.1.3-initial-inventory
0x0060D11A,unknown,,review,unknown,ghidra-12.1.3-initial-inventory
0x0060D291,unknown,,review,unknown,ghidra-12.1.3-initial-inventory
0x0060D7A9,unknown,,review,unknown,ghidra-12.1.3-initial-inventory
0x0060E0E0,unknown,,review,unknown,ghidra-12.1.3-initial-inventory
0x0060E599,unknown,,review,unknown,ghidra-12.1.3-initial-inventory
0x0060EA5C,unknown,,review,unknown,ghidra-12.1.3-initial-inventory
0x0060EA69,unknown,,review,unknown,ghidra-12.1.3-initial-inventory
0x0060EA77,unknown,,review,unknown,ghidra-12.1.3-initial-inventory
0x0060EA96,unknown,,review,unknown,ghidra-12.1.3-initial-inventory
0x0060EB24,unknown,,review,unknown,ghidra-12.1.3-initial-inventory
0x0060EBB4,unknown,,review,unknown,ghidra-12.1.3-initial-inventory
0x0060EBCD,unknown,,review,unknown,ghidra-12.1.3-initial-inventory
0x0060EC26,unknown,,review,unknown,ghidra-12.1.3-initial-inventory
0x0060EC42,unknown,,review,unknown,ghidra-12.1.3-initial-inventory
0x0060ED05,unknown,,review,unknown,ghidra-12.1.3-initial-inventory
0x0060F41B,unknown,,review,unknown,ghidra-12.1.3-initial-inventory
0x0060F6FF,unknown,,review,unknown,ghidra-12.1.3-initial-inventory
0x0060F71C,unknown,,review,unknown,ghidra-12.1.3-initial-inventory
0x0060F761,unknown,,review,unknown,ghidra-12.1.3-initial-inventory
0x0060F9D1,unknown,,review,unknown,ghidra-12.1.3-initial-inventory
0x0060FE78,unknown,,review,unknown,ghidra-12.1.3-initial-inventory
0x0061014E,unknown,,review,unknown,ghidra-12.1.3-initial-inventory
0x006106E4,unknown,,review,unknown,ghidra-12.1.3-initial-inventory
0x00610A25,unknown,,review,unknown,ghidra-12.1.3-initial-inventory
0x00610CCD,unknown,,review,unknown,ghidra-12.1.3-initial-inventory
0x00610F96,unknown,,review,unknown,ghidra-12.1.3-initial-inventory
0x00610FC6,unknown,,review,unknown,ghidra-12.1.3-initial-inventory
0x0061119B,unknown,,review,unknown,ghidra-12.1.3-initial-inventory
0x006111A5,unknown,,review,unknown,ghidra-12.1.3-initial-inventory
0x006111EA,unknown,,review,unknown,ghidra-12.1.3-initial-inventory
0x006114A7,unknown,,review,unknown,ghidra-12.1.3-initial-inventory
0x006114F3,unknown,,review,unknown,ghidra-12.1.3-initial-inventory
0x00611967,unknown,,review,unknown,ghidra-12.1.3-initial-inventory
0x00611AFB,unknown,,review,unknown,ghidra-12.1.3-initial-inventory
0x00611C41,unknown,,review,unknown,ghidra-12.1.3-initial-inventory
0x00611C72,unknown,,review,unknown,ghidra-12.1.3-initial-inventory
0x00611D5A,unknown,,review,unknown,ghidra-12.1.3-initial-inventory
0x00611E9C,unknown,,review,unknown,ghidra-12.1.3-initial-inventory
0x00611F00,unknown,,review,unknown,ghidra-12.1.3-initial-inventory
0x00611F2F,unknown,,review,unknown,ghidra-12.1.3-initial-inventory
0x00611F60,unknown,,review,unknown,ghidra-12.1.3-initial-inventory
0x006120B0,unknown,,review,unknown,ghidra-12.1.3-initial-inventory
0x006121D4,unknown,,review,unknown,ghidra-12.1.3-initial-inventory
0x00612323,unknown,,review,unknown,ghidra-12.1.3-initial-inventory
0x00612476,unknown,,review,unknown,ghidra-12.1.3-initial-inventory
0x006125B5,unknown,,review,unknown,ghidra-12.1.3-initial-inventory
0x00612650,unknown,,review,unknown,ghidra-12.1.3-initial-inventory
0x0061279C,unknown,,review,unknown,ghidra-12.1.3-initial-inventory
0x006128C9,unknown,,review,unknown,ghidra-12.1.3-initial-inventory
0x00612A15,unknown,,review,unknown,ghidra-12.1.3-initial-inventory
0x00612B96,unknown,,review,unknown,ghidra-12.1.3-initial-inventory
0x00612CCE,unknown,,review,unknown,ghidra-12.1.3-initial-inventory
0x00612DBF,unknown,,review,unknown,ghidra-12.1.3-initial-inventory
0x00612FC1,unknown,,review,unknown,ghidra-12.1.3-initial-inventory
0x006131C5,unknown,,review,unknown,ghidra-12.1.3-initial-inventory
0x006135E8,unknown,,review,unknown,ghidra-12.1.3-initial-inventory
0x00613A7A,unknown,,review,unknown,ghidra-12.1.3-initial-inventory
0x00613B7A,unknown,,review,unknown,ghidra-12.1.3-initial-inventory
0x00613F60,unknown,,review,unknown,ghidra-12.1.3-initial-inventory
0x00614691,unknown,,review,unknown,ghidra-12.1.3-initial-inventory
0x00614A33,unknown,,review,unknown,ghidra-12.1.3-initial-inventory
0x00614B4D,unknown,,review,unknown,ghidra-12.1.3-initial-inventory
0x00614B5D,unknown,,review,unknown,ghidra-12.1.3-initial-inventory
0x00614BC6,unknown,,review,unknown,ghidra-12.1.3-initial-inventory
0x00614BCC,unknown,,review,unknown,ghidra-12.1.3-initial-inventory
0x00614BE2,unknown,,review,unknown,ghidra-12.1.3-initial-inventory
0x00614BE7,unknown,,review,unknown,ghidra-12.1.3-initial-inventory
0x00614FFA,unknown,,review,unknown,ghidra-12.1.3-initial-inventory
0x00614FFF,unknown,,review,unknown,ghidra-12.1.3-initial-inventory
0x0061535A,unknown,,review,unknown,ghidra-12.1.3-initial-inventory
0x00615373,unknown,,review,unknown,ghidra-12.1.3-initial-inventory
0x0061566A,unknown,,review,unknown,ghidra-12.1.3-initial-inventory
0x0061572C,unknown,,review,unknown,ghidra-12.1.3-initial-inventory
0x006157CC,unknown,,review,unknown,ghidra-12.1.3-initial-inventory
0x00615BC6,unknown,,review,unknown,ghidra-12.1.3-initial-inventory
0x00615C08,unknown,,review,unknown,ghidra-12.1.3-initial-inventory
0x00615E54,unknown,,review,unknown,ghidra-12.1.3-initial-inventory
0x00615E70,unknown,,review,unknown,ghidra-12.1.3-initial-inventory
0x00615EEB,unknown,,review,unknown,ghidra-12.1.3-initial-inventory
0x00615FB7,unknown,,review,unknown,ghidra-12.1.3-initial-inventory
0x00616027,unknown,,review,unknown,ghidra-12.1.3-initial-inventory
0x00616113,unknown,,review,unknown,ghidra-12.1.3-initial-inventory
0x00616236,unknown,,review,unknown,ghidra-12.1.3-initial-inventory
0x00616337,unknown,,review,unknown,ghidra-12.1.3-initial-inventory
0x00616438,unknown,,review,unknown,ghidra-12.1.3-initial-inventory
0x00616539,unknown,,review,unknown,ghidra-12.1.3-initial-inventory
0x00616656,unknown,,review,unknown,ghidra-12.1.3-initial-inventory
0x00616779,unknown,,review,unknown,ghidra-12.1.3-initial-inventory
0x00616877,unknown,,review,unknown,ghidra-12.1.3-initial-inventory
0x00616920,unknown,,review,unknown,ghidra-12.1.3-initial-inventory
0x00616A43,unknown,,review,unknown,ghidra-12.1.3-initial-inventory
0x00616B44,unknown,,review,unknown,ghidra-12.1.3-initial-inventory
0x00616C67,unknown,,review,unknown,ghidra-12.1.3-initial-inventory
0x00616D37,unknown,,review,unknown,ghidra-12.1.3-initial-inventory
0x00616E4F,unknown,,review,unknown,ghidra-12.1.3-initial-inventory
0x00616F14,unknown,,review,unknown,ghidra-12.1.3-initial-inventory
0x00616FD9,unknown,,review,unknown,ghidra-12.1.3-initial-inventory
0x006170CF,unknown,,review,unknown,ghidra-12.1.3-initial-inventory
0x006171BA,unknown,,review,unknown,ghidra-12.1.3-initial-inventory
0x0061728F,unknown,,review,unknown,ghidra-12.1.3-initial-inventory
0x00617394,unknown,,review,unknown,ghidra-12.1.3-initial-inventory
0x0061749F,unknown,,review,unknown,ghidra-12.1.3-initial-inventory
0x006175D9,unknown,,review,unknown,ghidra-12.1.3-initial-inventory
0x006176AF,unknown,,review,unknown,ghidra-12.1.3-initial-inventory
0x006177B9,unknown,,review,unknown,ghidra-12.1.3-initial-inventory
0x006178EF,unknown,,review,unknown,ghidra-12.1.3-initial-inventory
0x006179B6,unknown,,review,unknown,ghidra-12.1.3-initial-inventory
0x00617A7D,unknown,,review,unknown,ghidra-12.1.3-initial-inventory
0x00617B6B,unknown,,review,unknown,ghidra-12.1.3-initial-inventory
0x00617C5A,unknown,,review,unknown,ghidra-12.1.3-initial-inventory
0x00617DB6,unknown,,review,unknown,ghidra-12.1.3-initial-inventory
0x00617E42,unknown,,review,unknown,ghidra-12.1.3-initial-inventory
0x00617EE8,unknown,,review,unknown,ghidra-12.1.3-initial-inventory
0x00617F84,unknown,,review,unknown,ghidra-12.1.3-initial-inventory
0x00618029,unknown,,review,unknown,ghidra-12.1.3-initial-inventory
0x006180CB,unknown,,review,unknown,ghidra-12.1.3-initial-inventory
0x0061817B,unknown,,review,unknown,ghidra-12.1.3-initial-inventory
0x0061822A,unknown,,review,unknown,ghidra-12.1.3-initial-inventory
0x00618300,unknown,,review,unknown,ghidra-12.1.3-initial-inventory
0x00618392,unknown,,review,unknown,ghidra-12.1.3-initial-inventory
0x00618434,unknown,,review,unknown,ghidra-12.1.3-initial-inventory
0x006184A6,unknown,,review,unknown,ghidra-12.1.3-initial-inventory
0x00618558,unknown,,review,unknown,ghidra-12.1.3-initial-inventory
0x006185F7,unknown,,review,unknown,ghidra-12.1.3-initial-inventory
0x006186E2,unknown,,review,unknown,ghidra-12.1.3-initial-inventory
0x00618750,unknown,,review,unknown,ghidra-12.1.3-initial-inventory
0x006187D9,unknown,,review,unknown,ghidra-12.1.3-initial-inventory
0x00618862,unknown,,review,unknown,ghidra-12.1.3-initial-inventory
0x006188E4,unknown,,review,unknown,ghidra-12.1.3-initial-inventory
0x00618995,unknown,,review,unknown,ghidra-12.1.3-initial-inventory
0x00618A26,unknown,,review,unknown,ghidra-12.1.3-initial-inventory
0x00618ABD,unknown,,review,unknown,ghidra-12.1.3-initial-inventory
0x00618B40,unknown,,review,unknown,ghidra-12.1.3-initial-inventory
0x00618BFA,unknown,,review,unknown,ghidra-12.1.3-initial-inventory
0x00618CCD,unknown,,review,unknown,ghidra-12.1.3-initial-inventory
0x00618D3D,unknown,,review,unknown,ghidra-12.1.3-initial-inventory
0x00618DAD,unknown,,review,unknown,ghidra-12.1.3-initial-inventory
0x00618E3B,unknown,,review,unknown,ghidra-12.1.3-initial-inventory
0x00618EC7,unknown,,review,unknown,ghidra-12.1.3-initial-inventory
0x00618FA7,unknown,,review,unknown,ghidra-12.1.3-initial-inventory
0x00618FC3,unknown,,review,unknown,ghidra-12.1.3-initial-inventory
0x006190BB,unknown,,review,unknown,ghidra-12.1.3-initial-inventory
0x006190D7,unknown,,review,unknown,ghidra-12.1.3-initial-inventory
0x006190DC,unknown,,review,unknown,ghidra-12.1.3-initial-inventory
0x006190F8,unknown,,review,unknown,ghidra-12.1.3-initial-inventory
0x00619114,unknown,,review,unknown,ghidra-12.1.3-initial-inventory
0x00619119,unknown,,review,unknown,ghidra-12.1.3-initial-inventory
0x00619135,unknown,,review,unknown,ghidra-12.1.3-initial-inventory
0x00619151,unknown,,review,unknown,ghidra-12.1.3-initial-inventory
0x00619156,unknown,,review,unknown,ghidra-12.1.3-initial-inventory
0x00619172,unknown,,review,unknown,ghidra-12.1.3-initial-inventory
0x0061935E,unknown,,review,unknown,ghidra-12.1.3-initial-inventory
0x0061937A,unknown,,review,unknown,ghidra-12.1.3-initial-inventory
0x0061937F,unknown,,review,unknown,ghidra-12.1.3-initial-inventory
0x0061939B,unknown,,review,unknown,ghidra-12.1.3-initial-inventory
0x006193B7,unknown,,review,unknown,ghidra-12.1.3-initial-inventory
0x006193BC,unknown,,review,unknown,ghidra-12.1.3-initial-inventory
0x006193D8,unknown,,review,unknown,ghidra-12.1.3-initial-inventory
0x006193F4,unknown,,review,unknown,ghidra-12.1.3-initial-inventory
0x006193F9,unknown,,review,unknown,ghidra-12.1.3-initial-inventory
0x006196CA,unknown,,review,unknown,ghidra-12.1.3-initial-inventory
0x006196E6,unknown,,review,unknown,ghidra-12.1.3-initial-inventory
0x00619702,unknown,,review,unknown,ghidra-12.1.3-initial-inventory
0x00619707,unknown,,review,unknown,ghidra-12.1.3-initial-inventory
0x00619723,unknown,,review,unknown,ghidra-12.1.3-initial-inventory
0x0061973F,unknown,,review,unknown,ghidra-12.1.3-initial-inventory
0x00619744,unknown,,review,unknown,ghidra-12.1.3-initial-inventory
0x00619760,unknown,,review,unknown,ghidra-12.1.3-initial-inventory
0x0061977C,unknown,,review,unknown,ghidra-12.1.3-initial-inventory
0x00619781,unknown,,review,unknown,ghidra-12.1.3-initial-inventory
0x0061979D,unknown,,review,unknown,ghidra-12.1.3-initial-inventory
0x006197B9,unknown,,review,unknown,ghidra-12.1.3-initial-inventory
0x006197BE,unknown,,review,unknown,ghidra-12.1.3-initial-inventory
0x006197DA,unknown,,review,unknown,ghidra-12.1.3-initial-inventory
0x006197F6,unknown,,review,unknown,ghidra-12.1.3-initial-inventory
0x006197FB,unknown,,review,unknown,ghidra-12.1.3-initial-inventory
0x00619888,unknown,,review,unknown,ghidra-12.1.3-initial-inventory
0x006198A4,unknown,,review,unknown,ghidra-12.1.3-initial-inventory
0x006198C0,unknown,,review,unknown,ghidra-12.1.3-initial-inventory
0x00619934,unknown,,review,unknown,ghidra-12.1.3-initial-inventory
0x00619950,unknown,,review,unknown,ghidra-12.1.3-initial-inventory
0x0061996C,unknown,,review,unknown,ghidra-12.1.3-initial-inventory
0x00619971,unknown,,review,unknown,ghidra-12.1.3-initial-inventory
0x00619B63,unknown,,review,unknown,ghidra-12.1.3-initial-inventory
0x00619B7F,unknown,,review,unknown,ghidra-12.1.3-initial-inventory
0x00619B9B,unknown,,review,unknown,ghidra-12.1.3-initial-inventory
0x00619BA0,unknown,,review,unknown,ghidra-12.1.3-initial-inventory
0x00619BBC,unknown,,review,unknown,ghidra-12.1.3-initial-inventory
0x00619BD8,unknown,,review,unknown,ghidra-12.1.3-initial-inventory
0x00619BDD,unknown,,review,unknown,ghidra-12.1.3-initial-inventory
0x00619BF9,unknown,,review,unknown,ghidra-12.1.3-initial-inventory
0x00619C15,unknown,,review,unknown,ghidra-12.1.3-initial-inventory
0x00619C1A,unknown,,review,unknown,ghidra-12.1.3-initial-inventory
0x00619C36,unknown,,review,unknown,ghidra-12.1.3-initial-inventory
0x00619C52,unknown,,review,unknown,ghidra-12.1.3-initial-inventory
0x00619C6E,unknown,,review,unknown,ghidra-12.1.3-initial-inventory
0x00619C73,unknown,,review,unknown,ghidra-12.1.3-initial-inventory
0x00619C8F,unknown,,review,unknown,ghidra-12.1.3-initial-inventory
0x00619CAB,unknown,,review,unknown,ghidra-12.1.3-initial-inventory
0x00619CB0,unknown,,review,unknown,ghidra-12.1.3-initial-inventory
0x00619DB1,unknown,,review,unknown,ghidra-12.1.3-initial-inventory
0x00619DCD,unknown,,review,unknown,ghidra-12.1.3-initial-inventory
0x00619DE9,unknown,,review,unknown,ghidra-12.1.3-initial-inventory
0x00619DEE,unknown,,review,unknown,ghidra-12.1.3-initial-inventory
0x00619E0A,unknown,,review,unknown,ghidra-12.1.3-initial-inventory
0x00619E26,unknown,,review,unknown,ghidra-12.1.3-initial-inventory
0x00619E2B,unknown,,review,unknown,ghidra-12.1.3-initial-inventory
0x00619E47,unknown,,review,unknown,ghidra-12.1.3-initial-inventory
0x00619E63,unknown,,review,unknown,ghidra-12.1.3-initial-inventory
0x00619E68,unknown,,review,unknown,ghidra-12.1.3-initial-inventory
0x00619E84,unknown,,review,unknown,ghidra-12.1.3-initial-inventory
0x00619EA0,unknown,,review,unknown,ghidra-12.1.3-initial-inventory
0x00619EA5,unknown,,review,unknown,ghidra-12.1.3-initial-inventory
0x00619EC1,unknown,,review,unknown,ghidra-12.1.3-initial-inventory
0x00619EDD,unknown,,review,unknown,ghidra-12.1.3-initial-inventory
0x00619EE2,unknown,,review,unknown,ghidra-12.1.3-initial-inventory
0x00619EFE,unknown,,review,unknown,ghidra-12.1.3-initial-inventory
0x00619F1A,unknown,,review,unknown,ghidra-12.1.3-initial-inventory
0x00619F1F,unknown,,review,unknown,ghidra-12.1.3-initial-inventory
0x00619F3B,unknown,,review,unknown,ghidra-12.1.3-initial-inventory
0x00619F57,unknown,,review,unknown,ghidra-12.1.3-initial-inventory
0x00619F5C,unknown,,review,unknown,ghidra-12.1.3-initial-inventory
0x00619F78,unknown,,review,unknown,ghidra-12.1.3-initial-inventory
0x00619F94,unknown,,review,unknown,ghidra-12.1.3-initial-inventory
0x00619F99,unknown,,review,unknown,ghidra-12.1.3-initial-inventory
0x00619FB5,unknown,,review,unknown,ghidra-12.1.3-initial-inventory
0x00619FD1,unknown,,review,unknown,ghidra-12.1.3-initial-inventory
0x00619FD6,unknown,,review,unknown,ghidra-12.1.3-initial-inventory
0x0061A27F,unknown,,review,unknown,ghidra-12.1.3-initial-inventory
0x0061A29B,unknown,,review,unknown,ghidra-12.1.3-initial-inventory
0x0061A2B7,unknown,,review,unknown,ghidra-12.1.3-initial-inventory
0x0061A2BC,unknown,,review,unknown,ghidra-12.1.3-initial-inventory
0x0061A2D8,unknown,,review,unknown,ghidra-12.1.3-initial-inventory
0x0061A2F4,unknown,,review,unknown,ghidra-12.1.3-initial-inventory
0x0061A2F9,unknown,,review,unknown,ghidra-12.1.3-initial-inventory
0x0061A315,unknown,,review,unknown,ghidra-12.1.3-initial-inventory
0x0061A331,unknown,,review,unknown,ghidra-12.1.3-initial-inventory
0x0061A336,unknown,,review,unknown,ghidra-12.1.3-initial-inventory
0x0061A34E,unknown,,review,unknown,ghidra-12.1.3-initial-inventory
0x0061A36A,unknown,,review,unknown,ghidra-12.1.3-initial-inventory
0x0061A36F,unknown,,review,unknown,ghidra-12.1.3-initial-inventory
0x0061A387,unknown,,review,unknown,ghidra-12.1.3-initial-inventory
0x0061A3A3,unknown,,review,unknown,ghidra-12.1.3-initial-inventory
0x0061A3A8,unknown,,review,unknown,ghidra-12.1.3-initial-inventory
0x0061A3C0,unknown,,review,unknown,ghidra-12.1.3-initial-inventory
0x0061A3DC,unknown,,review,unknown,ghidra-12.1.3-initial-inventory
0x0061A3E1,unknown,,review,unknown,ghidra-12.1.3-initial-inventory
0x0061A3F9,unknown,,review,unknown,ghidra-12.1.3-initial-inventory
0x0061A415,unknown,,review,unknown,ghidra-12.1.3-initial-inventory
0x0061A41A,unknown,,review,unknown,ghidra-12.1.3-initial-inventory
0x0061A432,unknown,,review,unknown,ghidra-12.1.3-initial-inventory
0x0061A44E,unknown,,review,unknown,ghidra-12.1.3-initial-inventory
0x0061A453,unknown,,review,unknown,ghidra-12.1.3-initial-inventory
0x0061A49C,unknown,,review,unknown,ghidra-12.1.3-initial-inventory
0x0061A4B4,unknown,,review,unknown,ghidra-12.1.3-initial-inventory
0x0061A4CC,unknown,,review,unknown,ghidra-12.1.3-initial-inventory
0x0061AC44,unknown,,review,unknown,ghidra-12.1.3-initial-inventory
0x0061AC60,unknown,,review,unknown,ghidra-12.1.3-initial-inventory
0x0061AC65,unknown,,review,unknown,ghidra-12.1.3-initial-inventory
0x0061AC81,unknown,,review,unknown,ghidra-12.1.3-initial-inventory
0x0061AC86,unknown,,review,unknown,ghidra-12.1.3-initial-inventory
0x0061ACD9,unknown,,review,unknown,ghidra-12.1.3-initial-inventory
0x0061AD97,unknown,,review,unknown,ghidra-12.1.3-initial-inventory
0x0061AE76,unknown,,review,unknown,ghidra-12.1.3-initial-inventory
0x0061AF27,unknown,,review,unknown,ghidra-12.1.3-initial-inventory
0x0061AF34,unknown,,review,unknown,ghidra-12.1.3-initial-inventory
0x0061AF44,unknown,,review,unknown,ghidra-12.1.3-initial-inventory
0x0061B022,unknown,,review,unknown,ghidra-12.1.3-initial-inventory
0x0061B123,unknown,,review,unknown,ghidra-12.1.3-initial-inventory
0x0061B256,unknown,,review,unknown,ghidra-12.1.3-initial-inventory
0x0061B263,unknown,,review,unknown,ghidra-12.1.3-initial-inventory
0x0061B2E5,unknown,,review,unknown,ghidra-12.1.3-initial-inventory
0x0061B330,unknown,,review,unknown,ghidra-12.1.3-initial-inventory
0x0061B469,unknown,,review,unknown,ghidra-12.1.3-initial-inventory
0x0061B5A5,unknown,,review,unknown,ghidra-12.1.3-initial-inventory
0x0061B6C8,unknown,,review,unknown,ghidra-12.1.3-initial-inventory
0x0061B930,unknown,,review,unknown,ghidra-12.1.3-initial-inventory
0x0061B93D,unknown,,review,unknown,ghidra-12.1.3-initial-inventory
0x0061BB79,unknown,,review,unknown,ghidra-12.1.3-initial-inventory
0x0061BB86,unknown,,review,unknown,ghidra-12.1.3-initial-inventory
0x0061BE62,unknown,,review,unknown,ghidra-12.1.3-initial-inventory
0x0061BE6F,unknown,,review,unknown,ghidra-12.1.3-initial-inventory
0x0061C2A6,unknown,,review,unknown,ghidra-12.1.3-initial-inventory
0x0061C2FF,unknown,,review,unknown,ghidra-12.1.3-initial-inventory
0x0061C38F,unknown,,review,unknown,ghidra-12.1.3-initial-inventory
0x0061C464,unknown,,review,unknown,ghidra-12.1.3-initial-inventory
0x0061C500,unknown,,review,unknown,ghidra-12.1.3-initial-inventory
0x0061C59D,unknown,,review,unknown,ghidra-12.1.3-initial-inventory
0x0061C763,unknown,,review,unknown,ghidra-12.1.3-initial-inventory
0x0061C770,unknown,,review,unknown,ghidra-12.1.3-initial-inventory
0x0061C88C,unknown,,review,unknown,ghidra-12.1.3-initial-inventory
0x0061C89D,unknown,,review,unknown,ghidra-12.1.3-initial-inventory
0x0061C8BB,unknown,,review,unknown,ghidra-12.1.3-initial-inventory
0x0061CA33,unknown,,review,unknown,ghidra-12.1.3-initial-inventory
0x0061CB7B,unknown,,review,unknown,ghidra-12.1.3-initial-inventory
0x0061CCF1,unknown,,review,unknown,ghidra-12.1.3-initial-inventory
0x0061CD5D,unknown,,review,unknown,ghidra-12.1.3-initial-inventory
0x0061CDC9,unknown,,review,unknown,ghidra-12.1.3-initial-inventory
0x0061CE5D,unknown,,review,unknown,ghidra-12.1.3-initial-inventory
0x0061CEF1,unknown,,review,unknown,ghidra-12.1.3-initial-inventory
0x0061CF8E,unknown,,review,unknown,ghidra-12.1.3-initial-inventory
0x0061D082,unknown,,review,unknown,ghidra-12.1.3-initial-inventory
0x0061D13E,unknown,,review,unknown,ghidra-12.1.3-initial-inventory
0x0061D1EF,unknown,,review,unknown,ghidra-12.1.3-initial-inventory
0x0061D291,unknown,,review,unknown,ghidra-12.1.3-initial-inventory
0x0061D552,unknown,,review,unknown,ghidra-12.1.3-initial-inventory
0x0061D5D4,unknown,,review,unknown,ghidra-12.1.3-initial-inventory
0x0061D602,unknown,,review,unknown,ghidra-12.1.3-initial-inventory
0x0061D6E1,unknown,,review,unknown,ghidra-12.1.3-initial-inventory
0x0061D6EE,unknown,,review,unknown,ghidra-12.1.3-initial-inventory
0x0061D856,unknown,,review,unknown,ghidra-12.1.3-initial-inventory
0x0061D863,unknown,,review,unknown,ghidra-12.1.3-initial-inventory
0x0061D92A,unknown,,review,unknown,ghidra-12.1.3-initial-inventory
0x0061D9BB,unknown,,review,unknown,ghidra-12.1.3-initial-inventory
0x0061DA5C,unknown,,review,unknown,ghidra-12.1.3-initial-inventory
0x0061DA80,unknown,,review,unknown,ghidra-12.1.3-initial-inventory
0x0061DB69,unknown,,review,unknown,ghidra-12.1.3-initial-inventory
0x0061DBF0,unknown,,review,unknown,ghidra-12.1.3-initial-inventory
0x0061DCC7,unknown,,review,unknown,ghidra-12.1.3-initial-inventory
0x0061DCD4,unknown,,review,unknown,ghidra-12.1.3-initial-inventory
0x0061DFE5,unknown,,review,unknown,ghidra-12.1.3-initial-inventory
0x0061E03D,unknown,,review,unknown,ghidra-12.1.3-initial-inventory
0x0061E086,unknown,,review,unknown,ghidra-12.1.3-initial-inventory
0x0061E154,unknown,,review,unknown,ghidra-12.1.3-initial-inventory
0x0061E1E1,unknown,,review,unknown,ghidra-12.1.3-initial-inventory
0x0061E24C,unknown,,review,unknown,ghidra-12.1.3-initial-inventory
0x0061E2CC,unknown,,review,unknown,ghidra-12.1.3-initial-inventory
0x0061E308,unknown,,review,unknown,ghidra-12.1.3-initial-inventory
0x0061E3A8,unknown,,review,unknown,ghidra-12.1.3-initial-inventory
0x0061E467,unknown,,review,unknown,ghidra-12.1.3-initial-inventory
0x0061E5F4,unknown,,review,unknown,ghidra-12.1.3-initial-inventory
0x0061E79A,unknown,,review,unknown,ghidra-12.1.3-initial-inventory
0x0061E853,unknown,,review,unknown,ghidra-12.1.3-initial-inventory
0x0061E87A,unknown,,review,unknown,ghidra-12.1.3-initial-inventory
0x0061E8B3,unknown,,review,unknown,ghidra-12.1.3-initial-inventory
0x0061EB67,unknown,,review,unknown,ghidra-12.1.3-initial-inventory
0x0061EC41,unknown,,review,unknown,ghidra-12.1.3-initial-inventory
0x0061F0DA,unknown,,review,unknown,ghidra-12.1.3-initial-inventory
0x0061F125,unknown,,review,unknown,ghidra-12.1.3-initial-inventory
0x0061F221,unknown,,review,unknown,ghidra-12.1.3-initial-inventory
0x0061F23D,unknown,,review,unknown,ghidra-12.1.3-initial-inventory
0x0061F2CA,unknown,,review,unknown,ghidra-12.1.3-initial-inventory
0x0061F2FA,unknown,,review,unknown,ghidra-12.1.3-initial-inventory
0x0061F375,unknown,,review,unknown,ghidra-12.1.3-initial-inventory
0x0061F42F,unknown,,review,unknown,ghidra-12.1.3-initial-inventory
0x0061F452,unknown,,review,unknown,ghidra-12.1.3-initial-inventory
0x0061F45E,unknown,,review,unknown,ghidra-12.1.3-initial-inventory
0x0061F59F,unknown,,review,unknown,ghidra-12.1.3-initial-inventory
0x0061FAB2,unknown,,review,unknown,ghidra-12.1.3-initial-inventory
0x0061FB27,unknown,,review,unknown,ghidra-12.1.3-initial-inventory
0x0061FB37,unknown,,review,unknown,ghidra-12.1.3-initial-inventory
0x0061FB45,unknown,,review,unknown,ghidra-12.1.3-initial-inventory
0x0061FBB3,unknown,,review,unknown,ghidra-12.1.3-initial-inventory
0x0061FBE7,unknown,,review,unknown,ghidra-12.1.3-initial-inventory
0x0061FBEF,unknown,,review,unknown,ghidra-12.1.3-initial-inventory
0x0061FC02,unknown,,review,unknown,ghidra-12.1.3-initial-inventory
0x0061FC33,unknown,,review,unknown,ghidra-12.1.3-initial-inventory
0x0061FCE6,unknown,,review,unknown,ghidra-12.1.3-initial-inventory
0x0061FD1A,unknown,,review,unknown,ghidra-12.1.3-initial-inventory
0x0061FD22,unknown,,review,unknown,ghidra-12.1.3-initial-inventory
0x0061FE0A,unknown,,review,unknown,ghidra-12.1.3-initial-inventory
0x0061FE1F,unknown,,review,unknown,ghidra-12.1.3-initial-inventory
0x0061FEDB,unknown,,review,unknown,ghidra-12.1.3-initial-inventory
0x0061FEF6,unknown,,review,unknown,ghidra-12.1.3-initial-inventory
0x0061FF67,unknown,,review,unknown,ghidra-12.1.3-initial-inventory
0x00620074,unknown,,review,unknown,ghidra-12.1.3-initial-inventory
0x00620093,unknown,,review,unknown,ghidra-12.1.3-initial-inventory
0x006200DA,unknown,,review,unknown,ghidra-12.1.3-initial-inventory
0x00620116,unknown,,review,unknown,ghidra-12.1.3-initial-inventory
0x00620132,unknown,,review,unknown,ghidra-12.1.3-initial-inventory
0x006201DF,unknown,,review,unknown,ghidra-12.1.3-initial-inventory
0x0062029F,unknown,,review,unknown,ghidra-12.1.3-initial-inventory
0x006202A9,unknown,,review,unknown,ghidra-12.1.3-initial-inventory
0x00620306,unknown,,review,unknown,ghidra-12.1.3-initial-inventory
0x00620479,unknown,,review,unknown,ghidra-12.1.3-initial-inventory
0x00620513,unknown,,review,unknown,ghidra-12.1.3-initial-inventory
0x00620583,unknown,,review,unknown,ghidra-12.1.3-initial-inventory
0x0062062A,unknown,,review,unknown,ghidra-12.1.3-initial-inventory
0x0062068D,unknown,,review,unknown,ghidra-12.1.3-initial-inventory
0x00620736,unknown,,review,unknown,ghidra-12.1.3-initial-inventory
0x006207BA,unknown,,review,unknown,ghidra-12.1.3-initial-inventory
0x0062092E,unknown,,review,unknown,ghidra-12.1.3-initial-inventory
0x006209EF,unknown,,review,unknown,ghidra-12.1.3-initial-inventory
0x00620A4B,unknown,,review,unknown,ghidra-12.1.3-initial-inventory
0x00620A70,unknown,,review,unknown,ghidra-12.1.3-initial-inventory
0x00620B09,unknown,,review,unknown,ghidra-12.1.3-initial-inventory
0x00620B41,unknown,,review,unknown,ghidra-12.1.3-initial-inventory
0x00620B7B,unknown,,review,unknown,ghidra-12.1.3-initial-inventory
0x00620B87,unknown,,review,unknown,ghidra-12.1.3-initial-inventory
0x00620BE6,unknown,,review,unknown,ghidra-12.1.3-initial-inventory
0x00620C9A,unknown,,review,unknown,ghidra-12.1.3-initial-inventory
0x00620D77,unknown,,review,unknown,ghidra-12.1.3-initial-inventory
0x00620E05,unknown,,review,unknown,ghidra-12.1.3-initial-inventory
0x00621100,unknown,,review,unknown,ghidra-12.1.3-initial-inventory
0x006213B2,unknown,,review,unknown,ghidra-12.1.3-initial-inventory
0x006215EE,unknown,,review,unknown,ghidra-12.1.3-initial-inventory
0x00621768,unknown,,review,unknown,ghidra-12.1.3-initial-inventory
0x006218BF,unknown,,review,unknown,ghidra-12.1.3-initial-inventory
0x00621B53,unknown,,review,unknown,ghidra-12.1.3-initial-inventory
0x00621D7C,unknown,,review,unknown,ghidra-12.1.3-initial-inventory
0x00621E53,unknown,,review,unknown,ghidra-12.1.3-initial-inventory
0x00621EEF,unknown,,review,unknown,ghidra-12.1.3-initial-inventory
0x00621FC6,unknown,,review,unknown,ghidra-12.1.3-initial-inventory
0x0062224A,unknown,,review,unknown,ghidra-12.1.3-initial-inventory
0x006223B7,unknown,,review,unknown,ghidra-12.1.3-initial-inventory
0x006223E1,unknown,,review,unknown,ghidra-12.1.3-initial-inventory
0x0062245E,unknown,,review,unknown,ghidra-12.1.3-initial-inventory
0x0062256F,unknown,,review,unknown,ghidra-12.1.3-initial-inventory
0x006225BB,unknown,,review,unknown,ghidra-12.1.3-initial-inventory
0x0062264F,unknown,,review,unknown,ghidra-12.1.3-initial-inventory
0x00622671,unknown,,review,unknown,ghidra-12.1.3-initial-inventory
0x0062268F,unknown,,review,unknown,ghidra-12.1.3-initial-inventory
0x006226A4,unknown,,review,unknown,ghidra-12.1.3-initial-inventory
0x006226C9,unknown,,review,unknown,ghidra-12.1.3-initial-inventory
0x006226EE,unknown,,review,unknown,ghidra-12.1.3-initial-inventory
0x006227F1,unknown,,review,unknown,ghidra-12.1.3-initial-inventory
0x006228B1,unknown,,review,unknown,ghidra-12.1.3-initial-inventory
0x00622A24,unknown,,review,unknown,ghidra-12.1.3-initial-inventory
0x00622A56,unknown,,review,unknown,ghidra-12.1.3-initial-inventory
0x00622DFD,unknown,,review,unknown,ghidra-12.1.3-initial-inventory
0x00622E77,unknown,,review,unknown,ghidra-12.1.3-initial-inventory
0x00622EC4,unknown,,review,unknown,ghidra-12.1.3-initial-inventory
0x00622FC4,unknown,,review,unknown,ghidra-12.1.3-initial-inventory
0x006230F6,unknown,,review,unknown,ghidra-12.1.3-initial-inventory
0x00623177,unknown,,review,unknown,ghidra-12.1.3-initial-inventory
0x00623191,unknown,,review,unknown,ghidra-12.1.3-initial-inventory
0x006231A7,unknown,,review,unknown,ghidra-12.1.3-initial-inventory
0x006231D3,unknown,,review,unknown,ghidra-12.1.3-initial-inventory
0x006231FC,unknown,,review,unknown,ghidra-12.1.3-initial-inventory
0x00623227,unknown,,review,unknown,ghidra-12.1.3-initial-inventory
0x006232F8,unknown,,review,unknown,ghidra-12.1.3-initial-inventory
0x0062332B,unknown,,review,unknown,ghidra-12.1.3-initial-inventory
0x00623392,unknown,,review,unknown,ghidra-12.1.3-initial-inventory
0x0062339B,unknown,,review,unknown,ghidra-12.1.3-initial-inventory
0x006233AD,unknown,,review,unknown,ghidra-12.1.3-initial-inventory
0x006233DF,unknown,,review,unknown,ghidra-12.1.3-initial-inventory
0x006233F8,unknown,,review,unknown,ghidra-12.1.3-initial-inventory
0x00623445,unknown,,review,unknown,ghidra-12.1.3-initial-inventory
0x00623472,unknown,,review,unknown,ghidra-12.1.3-initial-inventory
0x006235B9,unknown,,review,unknown,ghidra-12.1.3-initial-inventory
0x00623C0C,unknown,,review,unknown,ghidra-12.1.3-initial-inventory
0x00623C54,unknown,,review,unknown,ghidra-12.1.3-initial-inventory
0x00623C5D,unknown,,review,unknown,ghidra-12.1.3-initial-inventory
0x00623C66,unknown,,review,unknown,ghidra-12.1.3-initial-inventory
0x00623D51,unknown,,review,unknown,ghidra-12.1.3-initial-inventory
0x00623E61,unknown,,review,unknown,ghidra-12.1.3-initial-inventory
0x00623FD8,unknown,,review,unknown,ghidra-12.1.3-initial-inventory
0x0062401C,unknown,,review,unknown,ghidra-12.1.3-initial-inventory
0x00624254,unknown,,review,unknown,ghidra-12.1.3-initial-inventory
0x006242B4,unknown,,review,unknown,ghidra-12.1.3-initial-inventory
0x00624602,unknown,,review,unknown,ghidra-12.1.3-initial-inventory
0x0062480A,unknown,,review,unknown,ghidra-12.1.3-initial-inventory
0x00624B5C,unknown,,review,unknown,ghidra-12.1.3-initial-inventory
0x00624C6A,unknown,,review,unknown,ghidra-12.1.3-initial-inventory
0x00624F73,unknown,,review,unknown,ghidra-12.1.3-initial-inventory
0x00625086,unknown,,review,unknown,ghidra-12.1.3-initial-inventory
0x0062523E,unknown,,review,unknown,ghidra-12.1.3-initial-inventory
0x00625259,unknown,,review,unknown,ghidra-12.1.3-initial-inventory
0x006252FA,unknown,,review,unknown,ghidra-12.1.3-initial-inventory
0x0062531E,unknown,,review,unknown,ghidra-12.1.3-initial-inventory
0x00625339,unknown,,review,unknown,ghidra-12.1.3-initial-inventory
0x00625372,unknown,,review,unknown,ghidra-12.1.3-initial-inventory
0x006253CC,unknown,,review,unknown,ghidra-12.1.3-initial-inventory
0x006253F4,unknown,,review,unknown,ghidra-12.1.3-initial-inventory
0x00625466,unknown,,review,unknown,ghidra-12.1.3-initial-inventory
0x006254C6,unknown,,review,unknown,ghidra-12.1.3-initial-inventory
0x00625519,unknown,,review,unknown,ghidra-12.1.3-initial-inventory
0x0062551E,unknown,,review,unknown,ghidra-12.1.3-initial-inventory
0x00625536,unknown,,review,unknown,ghidra-12.1.3-initial-inventory
0x00625575,unknown,,review,unknown,ghidra-12.1.3-initial-inventory
0x00625583,unknown,,review,unknown,ghidra-12.1.3-initial-inventory
0x006255A0,unknown,,review,unknown,ghidra-12.1.3-initial-inventory
0x006255C6,unknown,,review,unknown,ghidra-12.1.3-initial-inventory
0x006255EC,unknown,,review,unknown,ghidra-12.1.3-initial-inventory
0x00625638,unknown,,review,unknown,ghidra-12.1.3-initial-inventory
0x006256B6,unknown,,review,unknown,ghidra-12.1.3-initial-inventory
0x006256E6,unknown,,review,unknown,ghidra-12.1.3-initial-inventory
0x0062572C,unknown,,review,unknown,ghidra-12.1.3-initial-inventory
0x0062576E,unknown,,review,unknown,ghidra-12.1.3-initial-inventory
0x00625868,unknown,,review,unknown,ghidra-12.1.3-initial-inventory
0x00625B6D,unknown,,review,unknown,ghidra-12.1.3-initial-inventory
0x006260D8,unknown,,review,unknown,ghidra-12.1.3-initial-inventory
0x006268DC,unknown,,review,unknown,ghidra-12.1.3-initial-inventory
0x00626A1A,unknown,,review,unknown,ghidra-12.1.3-initial-inventory
0x00626A9D,unknown,,review,unknown,ghidra-12.1.3-initial-inventory
0x00626BF1,unknown,,review,unknown,ghidra-12.1.3-initial-inventory
0x00626D05,unknown,,review,unknown,ghidra-12.1.3-initial-inventory
0x0062719D,unknown,,review,unknown,ghidra-12.1.3-initial-inventory
0x006271D1,unknown,,review,unknown,ghidra-12.1.3-initial-inventory
0x00627205,unknown,,review,unknown,ghidra-12.1.3-initial-inventory
0x00627215,unknown,,review,unknown,ghidra-12.1.3-initial-inventory
0x0062722D,unknown,,review,unknown,ghidra-12.1.3-initial-inventory
0x00627274,unknown,,review,unknown,ghidra-12.1.3-initial-inventory
0x00627296,unknown,,review,unknown,ghidra-12.1.3-initial-inventory
0x006272B1,unknown,,review,unknown,ghidra-12.1.3-initial-inventory
0x006272E3,unknown,,review,unknown,ghidra-12.1.3-initial-inventory
0x0062749E,unknown,,review,unknown,ghidra-12.1.3-initial-inventory
0x00627614,unknown,,review,unknown,ghidra-12.1.3-initial-inventory
0x006276A6,unknown,,review,unknown,ghidra-12.1.3-initial-inventory
0x00627773,unknown,,review,unknown,ghidra-12.1.3-initial-inventory
0x006277BB,unknown,,review,unknown,ghidra-12.1.3-initial-inventory
0x006277FC,unknown,,review,unknown,ghidra-12.1.3-initial-inventory
0x00627811,unknown,,review,unknown,ghidra-12.1.3-initial-inventory
0x0062790D,unknown,,review,unknown,ghidra-12.1.3-initial-inventory
0x0062799B,unknown,,review,unknown,ghidra-12.1.3-initial-inventory
0x00627A2D,unknown,,review,unknown,ghidra-12.1.3-initial-inventory
0x00627ACB,unknown,,review,unknown,ghidra-12.1.3-initial-inventory
0x00627B2C,unknown,,review,unknown,ghidra-12.1.3-initial-inventory
0x00627B8D,unknown,,review,unknown,ghidra-12.1.3-initial-inventory
0x00627D0C,unknown,,review,unknown,ghidra-12.1.3-initial-inventory
0x00627D94,unknown,,review,unknown,ghidra-12.1.3-initial-inventory
0x00627E1F,unknown,,review,unknown,ghidra-12.1.3-initial-inventory
0x00627F3D,unknown,,review,unknown,ghidra-12.1.3-initial-inventory
0x00628060,unknown,,review,unknown,ghidra-12.1.3-initial-inventory
0x00628141,unknown,,review,unknown,ghidra-12.1.3-initial-inventory
0x00628171,unknown,,review,unknown,ghidra-12.1.3-initial-inventory
0x00628225,unknown,,review,unknown,ghidra-12.1.3-initial-inventory
0x00628247,unknown,,review,unknown,ghidra-12.1.3-initial-inventory
0x00628262,unknown,,review,unknown,ghidra-12.1.3-initial-inventory
0x0062827E,unknown,,review,unknown,ghidra-12.1.3-initial-inventory
0x0062829A,unknown,,review,unknown,ghidra-12.1.3-initial-inventory
0x0062830B,unknown,,review,unknown,ghidra-12.1.3-initial-inventory
0x006284FA,unknown,,review,unknown,ghidra-12.1.3-initial-inventory
0x00628569,unknown,,review,unknown,ghidra-12.1.3-initial-inventory
0x00628864,unknown,,review,unknown,ghidra-12.1.3-initial-inventory
0x006288C7,unknown,,review,unknown,ghidra-12.1.3-initial-inventory
0x00628900,unknown,,review,unknown,ghidra-12.1.3-initial-inventory
0x00628A10,unknown,,review,unknown,ghidra-12.1.3-initial-inventory
0x00628B20,unknown,,review,unknown,ghidra-12.1.3-initial-inventory
0x00628BF5,unknown,,review,unknown,ghidra-12.1.3-initial-inventory
0x00629081,unknown,,review,unknown,ghidra-12.1.3-initial-inventory
0x0062914B,unknown,,review,unknown,ghidra-12.1.3-initial-inventory
0x0062922E,unknown,,review,unknown,ghidra-12.1.3-initial-inventory
0x006292BC,unknown,,review,unknown,ghidra-12.1.3-initial-inventory
0x006292F8,unknown,,review,unknown,ghidra-12.1.3-initial-inventory
0x00629337,unknown,,review,unknown,ghidra-12.1.3-initial-inventory
0x00629375,unknown,,review,unknown,ghidra-12.1.3-initial-inventory
0x0062945A,unknown,,review,unknown,ghidra-12.1.3-initial-inventory
0x00629471,unknown,,review,unknown,ghidra-12.1.3-initial-inventory
0x006297D8,unknown,,review,unknown,ghidra-12.1.3-initial-inventory
0x00629851,unknown,,review,unknown,ghidra-12.1.3-initial-inventory
0x00629921,unknown,,review,unknown,ghidra-12.1.3-initial-inventory
0x00629963,unknown,,review,unknown,ghidra-12.1.3-initial-inventory
0x00629970,unknown,,review,unknown,ghidra-12.1.3-initial-inventory
0x006299A6,unknown,,review,unknown,ghidra-12.1.3-initial-inventory
0x006299BF,unknown,,review,unknown,ghidra-12.1.3-initial-inventory
0x006299E2,unknown,,review,unknown,ghidra-12.1.3-initial-inventory
0x00629A13,unknown,,review,unknown,ghidra-12.1.3-initial-inventory
0x00629A49,unknown,,review,unknown,ghidra-12.1.3-initial-inventory
0x00629A63,unknown,,review,unknown,ghidra-12.1.3-initial-inventory
0x00629AC1,unknown,,review,unknown,ghidra-12.1.3-initial-inventory
0x00629B23,unknown,,review,unknown,ghidra-12.1.3-initial-inventory
0x00629D39,unknown,,review,unknown,ghidra-12.1.3-initial-inventory
0x0062A002,unknown,,review,unknown,ghidra-12.1.3-initial-inventory
0x0062A17D,unknown,,review,unknown,ghidra-12.1.3-initial-inventory
0x0062A319,unknown,,review,unknown,ghidra-12.1.3-initial-inventory
0x0062A3A5,unknown,,review,unknown,ghidra-12.1.3-initial-inventory
0x0062A59B,unknown,,review,unknown,ghidra-12.1.3-initial-inventory
0x0062A6C5,unknown,,review,unknown,ghidra-12.1.3-initial-inventory
0x0062A70F,unknown,,review,unknown,ghidra-12.1.3-initial-inventory
0x0062A81A,unknown,,review,unknown,ghidra-12.1.3-initial-inventory
0x0062A909,unknown,,review,unknown,ghidra-12.1.3-initial-inventory
0x0062AAC0,unknown,,review,unknown,ghidra-12.1.3-initial-inventory
0x0062AB0A,unknown,,review,unknown,ghidra-12.1.3-initial-inventory
0x0062AD34,unknown,,review,unknown,ghidra-12.1.3-initial-inventory
0x0062AE3D,unknown,,review,unknown,ghidra-12.1.3-initial-inventory
0x0062AE48,unknown,,review,unknown,ghidra-12.1.3-initial-inventory
0x0062AE53,unknown,,review,unknown,ghidra-12.1.3-initial-inventory
0x0062AE5E,unknown,,review,unknown,ghidra-12.1.3-initial-inventory
0x0062AE69,unknown,,review,unknown,ghidra-12.1.3-initial-inventory
0x0062AE6E,unknown,,review,unknown,ghidra-12.1.3-initial-inventory
0x0062AE82,unknown,,review,unknown,ghidra-12.1.3-initial-inventory
0x0062AE85,unknown,,review,unknown,ghidra-12.1.3-initial-inventory
0x0062AE86,unknown,,review,unknown,ghidra-12.1.3-initial-inventory
0x0062AF2E,unknown,,review,unknown,ghidra-12.1.3-initial-inventory
0x0062B05F,unknown,,review,unknown,ghidra-12.1.3-initial-inventory
0x0062B133,unknown,,review,unknown,ghidra-12.1.3-initial-inventory
0x0062B1C9,unknown,,review,unknown,ghidra-12.1.3-initial-inventory
0x0062B231,unknown,,review,unknown,ghidra-12.1.3-initial-inventory
0x0062B3C4,unknown,,review,unknown,ghidra-12.1.3-initial-inventory
0x0062B497,unknown,,review,unknown,ghidra-12.1.3-initial-inventory
0x0062B4E6,unknown,,review,unknown,ghidra-12.1.3-initial-inventory
0x0062B6C3,unknown,,review,unknown,ghidra-12.1.3-initial-inventory
0x0062B862,unknown,,review,unknown,ghidra-12.1.3-initial-inventory
0x0062B9C8,unknown,,review,unknown,ghidra-12.1.3-initial-inventory
0x0062BFC8,unknown,,review,unknown,ghidra-12.1.3-initial-inventory
0x0062C003,unknown,,review,unknown,ghidra-12.1.3-initial-inventory
0x0062C0FB,unknown,,review,unknown,ghidra-12.1.3-initial-inventory
0x0062C2A5,unknown,,review,unknown,ghidra-12.1.3-initial-inventory
0x0062C38F,unknown,,review,unknown,ghidra-12.1.3-initial-inventory
0x0062C479,unknown,,review,unknown,ghidra-12.1.3-initial-inventory
0x0062C4D7,unknown,,review,unknown,ghidra-12.1.3-initial-inventory
0x0062C8A4,unknown,,review,unknown,ghidra-12.1.3-initial-inventory
0x0062C9D3,unknown,,review,unknown,ghidra-12.1.3-initial-inventory
0x0062CA0D,unknown,,review,unknown,ghidra-12.1.3-initial-inventory
0x0062CA68,unknown,,review,unknown,ghidra-12.1.3-initial-inventory
0x0062CC65,unknown,,review,unknown,ghidra-12.1.3-initial-inventory
0x0062CE8E,unknown,,review,unknown,ghidra-12.1.3-initial-inventory
0x0062CF70,unknown,,review,unknown,ghidra-12.1.3-initial-inventory
0x0062D2DE,unknown,,review,unknown,ghidra-12.1.3-initial-inventory
0x0062D581,unknown,,review,unknown,ghidra-12.1.3-initial-inventory
0x0062D5E2,unknown,,review,unknown,ghidra-12.1.3-initial-inventory
0x0062D799,unknown,,review,unknown,ghidra-12.1.3-initial-inventory
0x0062D80D,unknown,,review,unknown,ghidra-12.1.3-initial-inventory
0x0062D872,unknown,,review,unknown,ghidra-12.1.3-initial-inventory
0x0062D902,unknown,,review,unknown,ghidra-12.1.3-initial-inventory
0x0062DA34,unknown,,review,unknown,ghidra-12.1.3-initial-inventory
0x0062DAD1,unknown,,review,unknown,ghidra-12.1.3-initial-inventory
0x0062DBAA,unknown,,review,unknown,ghidra-12.1.3-initial-inventory
0x0062DC87,unknown,,review,unknown,ghidra-12.1.3-initial-inventory
0x0062DCDE,unknown,,review,unknown,ghidra-12.1.3-initial-inventory
0x0062DD48,unknown,,review,unknown,ghidra-12.1.3-initial-inventory
0x0062DDEC,unknown,,review,unknown,ghidra-12.1.3-initial-inventory
0x0062DEF3,unknown,,review,unknown,ghidra-12.1.3-initial-inventory
0x0062E0B4,unknown,,review,unknown,ghidra-12.1.3-initial-inventory
0x0062E164,unknown,,review,unknown,ghidra-12.1.3-initial-inventory
0x0062E1CF,unknown,,review,unknown,ghidra-12.1.3-initial-inventory
0x0062E1F2,unknown,,review,unknown,ghidra-12.1.3-initial-inventory
0x0062E325,unknown,,review,unknown,ghidra-12.1.3-initial-inventory
0x0062E461,unknown,,review,unknown,ghidra-12.1.3-initial-inventory
0x0062E58F,unknown,,review,unknown,ghidra-12.1.3-initial-inventory
0x0062E6CB,unknown,,review,unknown,ghidra-12.1.3-initial-inventory
0x0062E8E9,unknown,,review,unknown,ghidra-12.1.3-initial-inventory
0x0062EA0A,unknown,,review,unknown,ghidra-12.1.3-initial-inventory
0x0062EACF,unknown,,review,unknown,ghidra-12.1.3-initial-inventory
0x0062EB75,unknown,,review,unknown,ghidra-12.1.3-initial-inventory
0x0062EBA6,unknown,,review,unknown,ghidra-12.1.3-initial-inventory
0x0062ECFC,unknown,,review,unknown,ghidra-12.1.3-initial-inventory
0x0062EEE2,unknown,,review,unknown,ghidra-12.1.3-initial-inventory
0x0062EF57,unknown,,review,unknown,ghidra-12.1.3-initial-inventory
0x0062F00F,unknown,,review,unknown,ghidra-12.1.3-initial-inventory
0x0062F347,unknown,,review,unknown,ghidra-12.1.3-initial-inventory
0x0062F49A,unknown,,review,unknown,ghidra-12.1.3-initial-inventory
0x0062F5D2,unknown,,review,unknown,ghidra-12.1.3-initial-inventory
0x0062F65F,unknown,,review,unknown,ghidra-12.1.3-initial-inventory
0x0062F7DF,unknown,,review,unknown,ghidra-12.1.3-initial-inventory
0x0062F8F9,unknown,,review,unknown,ghidra-12.1.3-initial-inventory
0x0062F9C9,unknown,,review,unknown,ghidra-12.1.3-initial-inventory
0x0062FA72,unknown,,review,unknown,ghidra-12.1.3-initial-inventory
0x0062FCE0,unknown,,review,unknown,ghidra-12.1.3-initial-inventory
0x0062FD93,unknown,,review,unknown,ghidra-12.1.3-initial-inventory
0x0062FEA4,unknown,,review,unknown,ghidra-12.1.3-initial-inventory
0x0062FFB7,unknown,,review,unknown,ghidra-12.1.3-initial-inventory
0x006300AE,unknown,,review,unknown,ghidra-12.1.3-initial-inventory
0x006301DB,unknown,,review,unknown,ghidra-12.1.3-initial-inventory
0x00630306,unknown,,review,unknown,ghidra-12.1.3-initial-inventory
0x00630368,unknown,,review,unknown,ghidra-12.1.3-initial-inventory
0x0063042D,unknown,,review,unknown,ghidra-12.1.3-initial-inventory
0x006304B5,unknown,,review,unknown,ghidra-12.1.3-initial-inventory
0x00630542,unknown,,review,unknown,ghidra-12.1.3-initial-inventory
0x0063062D,unknown,,review,unknown,ghidra-12.1.3-initial-inventory
0x0063072C,unknown,,review,unknown,ghidra-12.1.3-initial-inventory
0x006308B0,unknown,,review,unknown,ghidra-12.1.3-initial-inventory
0x006308E6,unknown,,review,unknown,ghidra-12.1.3-initial-inventory
0x006309C5,unknown,,review,unknown,ghidra-12.1.3-initial-inventory
0x00630A50,unknown,,review,unknown,ghidra-12.1.3-initial-inventory
0x00630A90,unknown,,review,unknown,ghidra-12.1.3-initial-inventory
0x00633C36,unknown,,review,unknown,ghidra-12.1.3-initial-inventory
0x006341DF,unknown,,review,unknown,ghidra-12.1.3-initial-inventory
0x0063424B,unknown,,review,unknown,ghidra-12.1.3-initial-inventory
0x00634382,unknown,,review,unknown,ghidra-12.1.3-initial-inventory
0x0063440F,unknown,,review,unknown,ghidra-12.1.3-initial-inventory
0x00634505,unknown,,review,unknown,ghidra-12.1.3-initial-inventory
0x006346F3,unknown,,review,unknown,ghidra-12.1.3-initial-inventory
0x00635834,unknown,,review,unknown,ghidra-12.1.3-initial-inventory
0x006359F4,unknown,,review,unknown,ghidra-12.1.3-initial-inventory
0x00636B8C,unknown,,review,unknown,ghidra-12.1.3-initial-inventory
0x00637265,unknown,,review,unknown,ghidra-12.1.3-initial-inventory
0x0063775C,unknown,,review,unknown,ghidra-12.1.3-initial-inventory
0x006388B0,unknown,,review,unknown,ghidra-12.1.3-initial-inventory
0x00638F8A,unknown,,review,unknown,ghidra-12.1.3-initial-inventory
0x006393B2,unknown,,review,unknown,ghidra-12.1.3-initial-inventory
0x00639640,unknown,,review,unknown,ghidra-12.1.3-initial-inventory
0x006396CB,unknown,,review,unknown,ghidra-12.1.3-initial-inventory
0x00639897,unknown,,review,unknown,ghidra-12.1.3-initial-inventory
0x00639A1F,unknown,,review,unknown,ghidra-12.1.3-initial-inventory
0x00639C45,unknown,,review,unknown,ghidra-12.1.3-initial-inventory
0x0063A668,unknown,,review,unknown,ghidra-12.1.3-initial-inventory
0x0063A80B,unknown,,review,unknown,ghidra-12.1.3-initial-inventory
0x0063A876,unknown,,review,unknown,ghidra-12.1.3-initial-inventory
0x0063A903,unknown,,review,unknown,ghidra-12.1.3-initial-inventory
0x0063B09E,unknown,,review,unknown,ghidra-12.1.3-initial-inventory
0x0063B0D2,unknown,,review,unknown,ghidra-12.1.3-initial-inventory
0x0063B110,unknown,,review,unknown,ghidra-12.1.3-initial-inventory
0x0063B240,unknown,,review,unknown,ghidra-12.1.3-initial-inventory
0x0063B25B,unknown,,review,unknown,ghidra-12.1.3-initial-inventory
0x0063B570,unknown,,review,unknown,ghidra-12.1.3-initial-inventory
0x0063B72E,unknown,,review,unknown,ghidra-12.1.3-initial-inventory
0x0063B76B,unknown,,review,unknown,ghidra-12.1.3-initial-inventory
0x0063B7B7,unknown,,review,unknown,ghidra-12.1.3-initial-inventory
0x0063B803,unknown,,review,unknown,ghidra-12.1.3-initial-inventory
0x0063C1C0,unknown,,review,unknown,ghidra-12.1.3-initial-inventory
0x0063C8A0,unknown,,review,unknown,ghidra-12.1.3-initial-inventory
0x0063C990,unknown,,review,unknown,ghidra-12.1.3-initial-inventory
0x0063CBC0,unknown,,review,unknown,ghidra-12.1.3-initial-inventory
0x0063CCC0,unknown,,review,unknown,ghidra-12.1.3-initial-inventory
0x0063D2A0,unknown,,review,unknown,ghidra-12.1.3-initial-inventory
0x0063D3C0,unknown,,review,unknown,ghidra-12.1.3-initial-inventory
0x0063D7B8,unknown,,review,unknown,ghidra-12.1.3-initial-inventory
0x0063D7EC,unknown,,review,unknown,ghidra-12.1.3-initial-inventory
0x0063DD50,unknown,,review,unknown,ghidra-12.1.3-initial-inventory
0x0063DD61,unknown,,review,unknown,ghidra-12.1.3-initial-inventory
0x0063E0E6,unknown,,review,unknown,ghidra-12.1.3-initial-inventory
0x0063E165,unknown,,review,unknown,ghidra-12.1.3-initial-inventory
0x0063E268,unknown,,review,unknown,ghidra-12.1.3-initial-inventory
0x0063E297,unknown,,review,unknown,ghidra-12.1.3-initial-inventory
0x0063E3AC,unknown,,review,unknown,ghidra-12.1.3-initial-inventory
0x0063E80E,unknown,,review,unknown,ghidra-12.1.3-initial-inventory
0x0063EEC6,unknown,,review,unknown,ghidra-12.1.3-initial-inventory
0x0063F221,unknown,,review,unknown,ghidra-12.1.3-initial-inventory
0x0063FFF4,unknown,,review,unknown,ghidra-12.1.3-initial-inventory
0x00640490,unknown,,review,unknown,ghidra-12.1.3-initial-inventory
0x006404F0,unknown,,review,unknown,ghidra-12.1.3-initial-inventory
0x00640548,unknown,,review,unknown,ghidra-12.1.3-initial-inventory
0x0064057A,unknown,,review,unknown,ghidra-12.1.3-initial-inventory
0x006405C2,unknown,,review,unknown,ghidra-12.1.3-initial-inventory
0x006405E0,unknown,,review,unknown,ghidra-12.1.3-initial-inventory
0x00640611,unknown,,review,unknown,ghidra-12.1.3-initial-inventory
0x00640620,unknown,,review,unknown,ghidra-12.1.3-initial-inventory
0x006406AC,unknown,,review,unknown,ghidra-12.1.3-initial-inventory
0x00640721,unknown,,review,unknown,ghidra-12.1.3-initial-inventory
0x00640751,unknown,,review,unknown,ghidra-12.1.3-initial-inventory
0x00640758,unknown,,review,unknown,ghidra-12.1.3-initial-inventory
0x0064075F,unknown,,review,unknown,ghidra-12.1.3-initial-inventory
0x00640766,unknown,,review,unknown,ghidra-12.1.3-initial-inventory
0x006407B8,unknown,,review,unknown,ghidra-12.1.3-initial-inventory
0x00640843,unknown,,review,unknown,ghidra-12.1.3-initial-inventory
0x0064090A,unknown,,review,unknown,ghidra-12.1.3-initial-inventory
0x006409BC,unknown,,review,unknown,ghidra-12.1.3-initial-inventory
0x00640A36,unknown,,review,unknown,ghidra-12.1.3-initial-inventory
0x00640A5E,unknown,,review,unknown,ghidra-12.1.3-initial-inventory
0x00640A7F,unknown,,review,unknown,ghidra-12.1.3-initial-inventory
0x00640ACB,unknown,,review,unknown,ghidra-12.1.3-initial-inventory
0x00640B24,unknown,,review,unknown,ghidra-12.1.3-initial-inventory
0x00640B66,unknown,,review,unknown,ghidra-12.1.3-initial-inventory
0x00640BCE,unknown,,review,unknown,ghidra-12.1.3-initial-inventory
0x00640BF1,unknown,,review,unknown,ghidra-12.1.3-initial-inventory
0x00640BFA,unknown,,review,unknown,ghidra-12.1.3-initial-inventory
0x00640C12,unknown,,review,unknown,ghidra-12.1.3-initial-inventory
0x00640C4C,unknown,,review,unknown,ghidra-12.1.3-initial-inventory
0x00640C9A,unknown,,review,unknown,ghidra-12.1.3-initial-inventory
0x00640CE4,unknown,,review,unknown,ghidra-12.1.3-initial-inventory
0x00640D38,unknown,,review,unknown,ghidra-12.1.3-initial-inventory
0x00640D74,unknown,,review,unknown,ghidra-12.1.3-initial-inventory
0x00640DAF,unknown,,review,unknown,ghidra-12.1.3-initial-inventory
0x00640DBA,unknown,,review,unknown,ghidra-12.1.3-initial-inventory
0x00640DD6,unknown,,review,unknown,ghidra-12.1.3-initial-inventory
0x00640DF5,unknown,,review,unknown,ghidra-12.1.3-initial-inventory
0x00640E11,unknown,,review,unknown,ghidra-12.1.3-initial-inventory
0x00640E2D,unknown,,review,unknown,ghidra-12.1.3-initial-inventory
0x00640E49,unknown,,review,unknown,ghidra-12.1.3-initial-inventory
0x00640E86,unknown,,review,unknown,ghidra-12.1.3-initial-inventory
0x00640E8F,unknown,,review,unknown,ghidra-12.1.3-initial-inventory
0x00640F15,unknown,,review,unknown,ghidra-12.1.3-initial-inventory
0x00640F20,unknown,,review,unknown,ghidra-12.1.3-initial-inventory
0x00641260,unknown,,review,unknown,ghidra-12.1.3-initial-inventory
0x0064159D,unknown,,review,unknown,ghidra-12.1.3-initial-inventory
0x006415AB,unknown,,review,unknown,ghidra-12.1.3-initial-inventory
0x0064162B,unknown,,review,unknown,ghidra-12.1.3-initial-inventory
0x00641653,unknown,,review,unknown,ghidra-12.1.3-initial-inventory
0x00641685,unknown,,review,unknown,ghidra-12.1.3-initial-inventory
0x0064168B,unknown,,review,unknown,ghidra-12.1.3-initial-inventory
0x0064169D,unknown,,review,unknown,ghidra-12.1.3-initial-inventory
0x006416A2,unknown,,review,unknown,ghidra-12.1.3-initial-inventory
0x006416B0,unknown,,review,unknown,ghidra-12.1.3-initial-inventory
0x00641740,unknown,,review,unknown,ghidra-12.1.3-initial-inventory
0x00641754,unknown,,review,unknown,ghidra-12.1.3-initial-inventory
0x0064175D,unknown,,review,unknown,ghidra-12.1.3-initial-inventory
0x006417F0,unknown,,review,unknown,ghidra-12.1.3-initial-inventory
0x00641804,unknown,,review,unknown,ghidra-12.1.3-initial-inventory
0x0064180D,unknown,,review,unknown,ghidra-12.1.3-initial-inventory
0x0064189E,unknown,,review,unknown,ghidra-12.1.3-initial-inventory
0x006418AB,unknown,,review,unknown,ghidra-12.1.3-initial-inventory
0x006418CD,unknown,,review,unknown,ghidra-12.1.3-initial-inventory
0x0064197E,unknown,,review,unknown,ghidra-12.1.3-initial-inventory
0x00641AFE,unknown,,review,unknown,ghidra-12.1.3-initial-inventory
0x00641B37,unknown,,review,unknown,ghidra-12.1.3-initial-inventory
0x00641B80,unknown,,review,unknown,ghidra-12.1.3-initial-inventory
0x00641B90,unknown,,review,unknown,ghidra-12.1.3-initial-inventory
0x00641C78,unknown,,review,unknown,ghidra-12.1.3-initial-inventory
0x00641CC2,unknown,,review,unknown,ghidra-12.1.3-initial-inventory
0x00641CEC,unknown,,review,unknown,ghidra-12.1.3-initial-inventory
0x00641D4A,unknown,,review,unknown,ghidra-12.1.3-initial-inventory
0x00641D92,unknown,,review,unknown,ghidra-12.1.3-initial-inventory
0x00641DAA,unknown,,review,unknown,ghidra-12.1.3-initial-inventory
0x00641DE0,unknown,,review,unknown,ghidra-12.1.3-initial-inventory
0x00641E40,unknown,,review,unknown,ghidra-12.1.3-initial-inventory
0x00641E54,unknown,,review,unknown,ghidra-12.1.3-initial-inventory
0x00641E5D,unknown,,review,unknown,ghidra-12.1.3-initial-inventory
0x00641F00,unknown,,review,unknown,ghidra-12.1.3-initial-inventory
0x00641FB8,unknown,,review,unknown,ghidra-12.1.3-initial-inventory
0x00641FD0,unknown,,review,unknown,ghidra-12.1.3-initial-inventory
0x00642120,unknown,,review,unknown,ghidra-12.1.3-initial-inventory
0x00642240,unknown,,review,unknown,ghidra-12.1.3-initial-inventory
0x00642260,unknown,,review,unknown,ghidra-12.1.3-initial-inventory
0x0064228D,unknown,,review,unknown,ghidra-12.1.3-initial-inventory
0x006422B2,unknown,,review,unknown,ghidra-12.1.3-initial-inventory
0x0064232C,unknown,,review,unknown,ghidra-12.1.3-initial-inventory
0x00642510,unknown,,review,unknown,ghidra-12.1.3-initial-inventory
0x0064254D,unknown,,review,unknown,ghidra-12.1.3-initial-inventory
0x006425A4,unknown,,review,unknown,ghidra-12.1.3-initial-inventory
0x006425C3,unknown,,review,unknown,ghidra-12.1.3-initial-inventory
0x00642619,unknown,,review,unknown,ghidra-12.1.3-initial-inventory
0x006426A1,unknown,,review,unknown,ghidra-12.1.3-initial-inventory
0x0064274D,unknown,,review,unknown,ghidra-12.1.3-initial-inventory
0x00642800,unknown,,review,unknown,ghidra-12.1.3-initial-inventory
0x0064283A,unknown,,review,unknown,ghidra-12.1.3-initial-inventory
0x00642879,unknown,,review,unknown,ghidra-12.1.3-initial-inventory
0x006428ED,unknown,,review,unknown,ghidra-12.1.3-initial-inventory
0x00642A2D,unknown,,review,unknown,ghidra-12.1.3-initial-inventory
0x00642A61,unknown,,review,unknown,ghidra-12.1.3-initial-inventory
0x00642AB4,unknown,,review,unknown,ghidra-12.1.3-initial-inventory
0x00642AD2,unknown,,review,unknown,ghidra-12.1.3-initial-inventory
0x00642B09,unknown,,review,unknown,ghidra-12.1.3-initial-inventory
0x00642BD9,unknown,,review,unknown,ghidra-12.1.3-initial-inventory
0x00642C9D,unknown,,review,unknown,ghidra-12.1.3-initial-inventory
0x00642CC1,unknown,,review,unknown,ghidra-12.1.3-initial-inventory
0x00642D9D,unknown,,review,unknown,ghidra-12.1.3-initial-inventory
0x00642DEB,unknown,,review,unknown,ghidra-12.1.3-initial-inventory
0x00642E1D,unknown,,review,unknown,ghidra-12.1.3-initial-inventory
0x00642E26,unknown,,review,unknown,ghidra-12.1.3-initial-inventory
0x00642EE5,unknown,,review,unknown,ghidra-12.1.3-initial-inventory
0x00643041,unknown,,review,unknown,ghidra-12.1.3-initial-inventory
0x006432D0,unknown,,review,unknown,ghidra-12.1.3-initial-inventory
0x006434A9,unknown,,review,unknown,ghidra-12.1.3-initial-inventory
0x006435F2,unknown,,review,unknown,ghidra-12.1.3-initial-inventory
0x00643604,unknown,,review,unknown,ghidra-12.1.3-initial-inventory
0x00643680,unknown,,review,unknown,ghidra-12.1.3-initial-inventory
0x006436FC,unknown,,review,unknown,ghidra-12.1.3-initial-inventory
0x00643770,unknown,,review,unknown,ghidra-12.1.3-initial-inventory
0x006437CD,unknown,,review,unknown,ghidra-12.1.3-initial-inventory
0x006439C0,unknown,,review,unknown,ghidra-12.1.3-initial-inventory
0x00643AF0,unknown,,review,unknown,ghidra-12.1.3-initial-inventory
0x00643B10,unknown,,review,unknown,ghidra-12.1.3-initial-inventory
0x00643B2D,unknown,,review,unknown,ghidra-12.1.3-initial-inventory
0x00643BDB,unknown,,review,unknown,ghidra-12.1.3-initial-inventory
0x00643BFC,unknown,,review,unknown,ghidra-12.1.3-initial-inventory
0x00643C38,unknown,,review,unknown,ghidra-12.1.3-initial-inventory
0x00643D23,unknown,,review,unknown,ghidra-12.1.3-initial-inventory
0x00643FC6,unknown,,review,unknown,ghidra-12.1.3-initial-inventory
0x00644009,unknown,,review,unknown,ghidra-12.1.3-initial-inventory
0x006440A5,unknown,,review,unknown,ghidra-12.1.3-initial-inventory
0x006440D5,unknown,,review,unknown,ghidra-12.1.3-initial-inventory
0x006440DE,unknown,,review,unknown,ghidra-12.1.3-initial-inventory
0x006440E7,unknown,,review,unknown,ghidra-12.1.3-initial-inventory
0x0064411D,unknown,,review,unknown,ghidra-12.1.3-initial-inventory
0x00644187,unknown,,review,unknown,ghidra-12.1.3-initial-inventory
0x00644236,unknown,,review,unknown,ghidra-12.1.3-initial-inventory
0x0064424A,unknown,,review,unknown,ghidra-12.1.3-initial-inventory
0x0064425B,unknown,,review,unknown,ghidra-12.1.3-initial-inventory
0x0064426C,unknown,,review,unknown,ghidra-12.1.3-initial-inventory
0x0064428A,unknown,,review,unknown,ghidra-12.1.3-initial-inventory
0x006442FC,unknown,,review,unknown,ghidra-12.1.3-initial-inventory
0x00644305,unknown,,review,unknown,ghidra-12.1.3-initial-inventory
0x00644331,unknown,,review,unknown,ghidra-12.1.3-initial-inventory
0x00644343,unknown,,review,unknown,ghidra-12.1.3-initial-inventory
0x006443ED,unknown,,review,unknown,ghidra-12.1.3-initial-inventory
0x006443FE,unknown,,review,unknown,ghidra-12.1.3-initial-inventory
0x00644517,unknown,,review,unknown,ghidra-12.1.3-initial-inventory
0x0064454A,unknown,,review,unknown,ghidra-12.1.3-initial-inventory
0x0064456E,unknown,,review,unknown,ghidra-12.1.3-initial-inventory
0x006445C4,unknown,,review,unknown,ghidra-12.1.3-initial-inventory
0x00644E5F,unknown,,review,unknown,ghidra-12.1.3-initial-inventory
0x00644E9D,unknown,,review,unknown,ghidra-12.1.3-initial-inventory
0x00644EBA,unknown,,review,unknown,ghidra-12.1.3-initial-inventory
0x00644F68,unknown,,review,unknown,ghidra-12.1.3-initial-inventory
0x00644FD4,unknown,,review,unknown,ghidra-12.1.3-initial-inventory
0x00645070,unknown,,review,unknown,ghidra-12.1.3-initial-inventory
0x006450D2,unknown,,review,unknown,ghidra-12.1.3-initial-inventory
0x0064516C,unknown,,review,unknown,ghidra-12.1.3-initial-inventory
0x006451BD,unknown,,review,unknown,ghidra-12.1.3-initial-inventory
0x006451CF,unknown,,review,unknown,ghidra-12.1.3-initial-inventory
0x0064520F,unknown,,review,unknown,ghidra-12.1.3-initial-inventory
0x00645238,unknown,,review,unknown,ghidra-12.1.3-initial-inventory
0x0064529E,unknown,,review,unknown,ghidra-12.1.3-initial-inventory
0x00645414,unknown,,review,unknown,ghidra-12.1.3-initial-inventory
0x0064544F,unknown,,review,unknown,ghidra-12.1.3-initial-inventory
0x0064554E,unknown,,review,unknown,ghidra-12.1.3-initial-inventory
0x00645569,unknown,,review,unknown,ghidra-12.1.3-initial-inventory
0x006455D6,unknown,,review,unknown,ghidra-12.1.3-initial-inventory
0x00645689,unknown,,review,unknown,ghidra-12.1.3-initial-inventory
0x006456D4,unknown,,review,unknown,ghidra-12.1.3-initial-inventory
0x00645719,unknown,,review,unknown,ghidra-12.1.3-initial-inventory
0x0064592D,unknown,,review,unknown,ghidra-12.1.3-initial-inventory
0x00645A82,unknown,,review,unknown,ghidra-12.1.3-initial-inventory
0x00645AF1,unknown,,review,unknown,ghidra-12.1.3-initial-inventory
0x00645C6D,unknown,,review,unknown,ghidra-12.1.3-initial-inventory
0x00645D92,unknown,,review,unknown,ghidra-12.1.3-initial-inventory
0x00645DF9,unknown,,review,unknown,ghidra-12.1.3-initial-inventory
0x00645EB7,unknown,,review,unknown,ghidra-12.1.3-initial-inventory
0x006460BB,unknown,,review,unknown,ghidra-12.1.3-initial-inventory
0x0064615D,unknown,,review,unknown,ghidra-12.1.3-initial-inventory
0x00646166,unknown,,review,unknown,ghidra-12.1.3-initial-inventory
0x00646196,unknown,,review,unknown,ghidra-12.1.3-initial-inventory
0x00646339,unknown,,review,unknown,ghidra-12.1.3-initial-inventory
0x00646345,unknown,,review,unknown,ghidra-12.1.3-initial-inventory
0x00646389,unknown,,review,unknown,ghidra-12.1.3-initial-inventory
0x00646478,unknown,,review,unknown,ghidra-12.1.3-initial-inventory
0x006464C5,unknown,,review,unknown,ghidra-12.1.3-initial-inventory
0x00646500,unknown,,review,unknown,ghidra-12.1.3-initial-inventory
0x0064654C,unknown,,review,unknown,ghidra-12.1.3-initial-inventory
0x006465BA,unknown,,review,unknown,ghidra-12.1.3-initial-inventory
0x00646603,unknown,,review,unknown,ghidra-12.1.3-initial-inventory
0x00646658,unknown,,review,unknown,ghidra-12.1.3-initial-inventory
0x00646685,unknown,,review,unknown,ghidra-12.1.3-initial-inventory
0x0064671C,unknown,,review,unknown,ghidra-12.1.3-initial-inventory
0x00646725,unknown,,review,unknown,ghidra-12.1.3-initial-inventory
0x00646756,unknown,,review,unknown,ghidra-12.1.3-initial-inventory
0x006468BE,unknown,,review,unknown,ghidra-12.1.3-initial-inventory
0x00646903,unknown,,review,unknown,ghidra-12.1.3-initial-inventory
0x00646970,unknown,,review,unknown,ghidra-12.1.3-initial-inventory
0x00646980,unknown,,review,unknown,ghidra-12.1.3-initial-inventory
0x006469E7,unknown,,review,unknown,ghidra-12.1.3-initial-inventory
0x00646B43,unknown,,review,unknown,ghidra-12.1.3-initial-inventory
0x00646B65,unknown,,review,unknown,ghidra-12.1.3-initial-inventory
0x00646B7C,unknown,,review,unknown,ghidra-12.1.3-initial-inventory
0x00646B95,unknown,,review,unknown,ghidra-12.1.3-initial-inventory
0x00646BD8,unknown,,review,unknown,ghidra-12.1.3-initial-inventory
0x00646BFB,unknown,,review,unknown,ghidra-12.1.3-initial-inventory
0x00646CE0,unknown,,review,unknown,ghidra-12.1.3-initial-inventory
0x00646CF7,unknown,,review,unknown,ghidra-12.1.3-initial-inventory
0x00646D33,unknown,,review,unknown,ghidra-12.1.3-initial-inventory
0x00646FD8,unknown,,review,unknown,ghidra-12.1.3-initial-inventory
0x006471FC,unknown,,review,unknown,ghidra-12.1.3-initial-inventory
0x00647244,unknown,,review,unknown,ghidra-12.1.3-initial-inventory
0x00647271,unknown,,review,unknown,ghidra-12.1.3-initial-inventory
0x0064730F,unknown,,review,unknown,ghidra-12.1.3-initial-inventory
0x00647362,unknown,,review,unknown,ghidra-12.1.3-initial-inventory
0x006473C1,unknown,,review,unknown,ghidra-12.1.3-initial-inventory
0x00647479,unknown,,review,unknown,ghidra-12.1.3-initial-inventory
0x00647542,unknown,,review,unknown,ghidra-12.1.3-initial-inventory
0x006475AB,unknown,,review,unknown,ghidra-12.1.3-initial-inventory
0x006475D0,unknown,,review,unknown,ghidra-12.1.3-initial-inventory
0x0064762B,unknown,,review,unknown,ghidra-12.1.3-initial-inventory
0x006476E7,unknown,,review,unknown,ghidra-12.1.3-initial-inventory
0x006476F2,unknown,,review,unknown,ghidra-12.1.3-initial-inventory
0x006476FE,unknown,,review,unknown,ghidra-12.1.3-initial-inventory
0x00647722,unknown,,review,unknown,ghidra-12.1.3-initial-inventory
0x00647778,unknown,,review,unknown,ghidra-12.1.3-initial-inventory
0x00647993,unknown,,review,unknown,ghidra-12.1.3-initial-inventory
0x00647A20,unknown,,review,unknown,ghidra-12.1.3-initial-inventory
0x00647BD8,unknown,,review,unknown,ghidra-12.1.3-initial-inventory
0x00647D5F,unknown,,review,unknown,ghidra-12.1.3-initial-inventory
0x00647DA2,unknown,,review,unknown,ghidra-12.1.3-initial-inventory
0x00647DE0,unknown,,review,unknown,ghidra-12.1.3-initial-inventory
0x00647E15,unknown,,review,unknown,ghidra-12.1.3-initial-inventory
0x00647E1E,unknown,,review,unknown,ghidra-12.1.3-initial-inventory
0x00647F30,unknown,,review,unknown,ghidra-12.1.3-initial-inventory
0x00647F98,unknown,,review,unknown,ghidra-12.1.3-initial-inventory
0x00647FA1,unknown,,review,unknown,ghidra-12.1.3-initial-inventory
0x00647FAA,unknown,,review,unknown,ghidra-12.1.3-initial-inventory
0x0064801D,unknown,,review,unknown,ghidra-12.1.3-initial-inventory
0x00648052,unknown,,review,unknown,ghidra-12.1.3-initial-inventory
0x00648140,unknown,,review,unknown,ghidra-12.1.3-initial-inventory
0x00648158,unknown,,review,unknown,ghidra-12.1.3-initial-inventory
0x0064815E,unknown,,review,unknown,ghidra-12.1.3-initial-inventory
0x006485D7,unknown,,review,unknown,ghidra-12.1.3-initial-inventory
0x00648865,unknown,,review,unknown,ghidra-12.1.3-initial-inventory
0x006489AC,unknown,,review,unknown,ghidra-12.1.3-initial-inventory
0x006489F0,unknown,,review,unknown,ghidra-12.1.3-initial-inventory
0x00648A2E,unknown,,review,unknown,ghidra-12.1.3-initial-inventory
0x00648A6B,unknown,,review,unknown,ghidra-12.1.3-initial-inventory
0x00648AB3,unknown,,review,unknown,ghidra-12.1.3-initial-inventory
0x00648ABA,unknown,,review,unknown,ghidra-12.1.3-initial-inventory
0x00648C01,unknown,,review,unknown,ghidra-12.1.3-initial-inventory
0x00648C34,unknown,,review,unknown,ghidra-12.1.3-initial-inventory
0x00648C70,unknown,,review,unknown,ghidra-12.1.3-initial-inventory
0x00648E11,unknown,,review,unknown,ghidra-12.1.3-initial-inventory
0x00648E76,unknown,,review,unknown,ghidra-12.1.3-initial-inventory
0x00648FF5,unknown,,review,unknown,ghidra-12.1.3-initial-inventory
0x00649052,unknown,,review,unknown,ghidra-12.1.3-initial-inventory
0x00649119,unknown,,review,unknown,ghidra-12.1.3-initial-inventory
0x00649285,unknown,,review,unknown,ghidra-12.1.3-initial-inventory
0x00649327,unknown,,review,unknown,ghidra-12.1.3-initial-inventory
0x00649449,unknown,,review,unknown,ghidra-12.1.3-initial-inventory
0x00649693,unknown,,review,unknown,ghidra-12.1.3-initial-inventory
0x0064971B,unknown,,review,unknown,ghidra-12.1.3-initial-inventory
0x00649735,unknown,,review,unknown,ghidra-12.1.3-initial-inventory
0x0064980B,unknown,,review,unknown,ghidra-12.1.3-initial-inventory
0x006498B0,unknown,,review,unknown,ghidra-12.1.3-initial-inventory
0x006498FC,unknown,,review,unknown,ghidra-12.1.3-initial-inventory
0x0064993C,unknown,,review,unknown,ghidra-12.1.3-initial-inventory
0x0064A6CD,unknown,,review,unknown,ghidra-12.1.3-initial-inventory
0x0064A715,unknown,,review,unknown,ghidra-12.1.3-initial-inventory
0x0064A740,unknown,,review,unknown,ghidra-12.1.3-initial-inventory
0x0064AA58,unknown,,review,unknown,ghidra-12.1.3-initial-inventory
0x0064AB0F,unknown,,review,unknown,ghidra-12.1.3-initial-inventory
0x0064AC15,unknown,,review,unknown,ghidra-12.1.3-initial-inventory
0x0064AFC5,unknown,,review,unknown,ghidra-12.1.3-initial-inventory
0x0064B339,unknown,,review,unknown,ghidra-12.1.3-initial-inventory
0x0064B635,unknown,,review,unknown,ghidra-12.1.3-initial-inventory
0x0064B6B4,unknown,,review,unknown,ghidra-12.1.3-initial-inventory
0x0064B749,unknown,,review,unknown,ghidra-12.1.3-initial-inventory
0x0064B97C,unknown,,review,unknown,ghidra-12.1.3-initial-inventory
0x0064B9D2,unknown,,review,unknown,ghidra-12.1.3-initial-inventory
0x0064BA4B,unknown,,review,unknown,ghidra-12.1.3-initial-inventory
0x0064BCB1,unknown,,review,unknown,ghidra-12.1.3-initial-inventory
0x0064C13B,unknown,,review,unknown,ghidra-12.1.3-initial-inventory
0x0064C200,unknown,,review,unknown,ghidra-12.1.3-initial-inventory
0x0064C25F,unknown,,review,unknown,ghidra-12.1.3-initial-inventory
0x0064C5C6,unknown,,review,unknown,ghidra-12.1.3-initial-inventory
0x0064C7E8,unknown,,review,unknown,ghidra-12.1.3-initial-inventory
0x0064C847,unknown,,review,unknown,ghidra-12.1.3-initial-inventory
0x0064CA47,unknown,,review,unknown,ghidra-12.1.3-initial-inventory
0x0064CB20,unknown,,review,unknown,ghidra-12.1.3-initial-inventory
0x0064CD5F,unknown,,review,unknown,ghidra-12.1.3-initial-inventory
0x0064CFA0,unknown,,review,unknown,ghidra-12.1.3-initial-inventory
0x0064CFF0,unknown,,review,unknown,ghidra-12.1.3-initial-inventory
0x0064D114,unknown,,review,unknown,ghidra-12.1.3-initial-inventory
0x0064D174,unknown,,review,unknown,ghidra-12.1.3-initial-inventory
0x0064D18E,unknown,,review,unknown,ghidra-12.1.3-initial-inventory
0x0064D204,unknown,,review,unknown,ghidra-12.1.3-initial-inventory
0x0064D222,unknown,,review,unknown,ghidra-12.1.3-initial-inventory
0x0064D305,unknown,,review,unknown,ghidra-12.1.3-initial-inventory
0x0064D33A,unknown,,review,unknown,ghidra-12.1.3-initial-inventory
0x0064D357,unknown,,review,unknown,ghidra-12.1.3-initial-inventory
0x0064D3EB,unknown,,review,unknown,ghidra-12.1.3-initial-inventory
0x0064D45C,unknown,,review,unknown,ghidra-12.1.3-initial-inventory
0x0064D676,unknown,,review,unknown,ghidra-12.1.3-initial-inventory
0x0064D741,unknown,,review,unknown,ghidra-12.1.3-initial-inventory
0x0064D778,unknown,,review,unknown,ghidra-12.1.3-initial-inventory
0x0064D7FE,unknown,,review,unknown,ghidra-12.1.3-initial-inventory
0x0064D853,unknown,,review,unknown,ghidra-12.1.3-initial-inventory
0x0064DA08,unknown,,review,unknown,ghidra-12.1.3-initial-inventory
0x0064DBD0,unknown,,review,unknown,ghidra-12.1.3-initial-inventory
0x0064DC10,unknown,,review,unknown,ghidra-12.1.3-initial-inventory
0x0064DC60,unknown,,review,unknown,ghidra-12.1.3-initial-inventory
0x0064DC79,unknown,,review,unknown,ghidra-12.1.3-initial-inventory
0x0064E7B0,unknown,,review,unknown,ghidra-12.1.3-initial-inventory
0x0064E81E,unknown,,review,unknown,ghidra-12.1.3-initial-inventory
0x0064E980,unknown,,review,unknown,ghidra-12.1.3-initial-inventory
0x0064EA53,unknown,,review,unknown,ghidra-12.1.3-initial-inventory
0x0064EC68,unknown,,review,unknown,ghidra-12.1.3-initial-inventory
0x0064EC83,unknown,,review,unknown,ghidra-12.1.3-initial-inventory
0x0064ECF7,unknown,,review,unknown,ghidra-12.1.3-initial-inventory
0x0064ED7E,unknown,,review,unknown,ghidra-12.1.3-initial-inventory
0x0064EDA2,unknown,,review,unknown,ghidra-12.1.3-initial-inventory
0x0064EF70,unknown,,review,unknown,ghidra-12.1.3-initial-inventory
0x0064EFF7,unknown,,review,unknown,ghidra-12.1.3-initial-inventory
0x0064F01B,unknown,,review,unknown,ghidra-12.1.3-initial-inventory
0x0064F05F,unknown,,review,unknown,ghidra-12.1.3-initial-inventory
0x0064F1F0,unknown,,review,unknown,ghidra-12.1.3-initial-inventory
0x0064F250,unknown,,review,unknown,ghidra-12.1.3-initial-inventory
0x0064F280,unknown,,review,unknown,ghidra-12.1.3-initial-inventory
0x0064F31D,unknown,,review,unknown,ghidra-12.1.3-initial-inventory
0x0064F3E5,unknown,,review,unknown,ghidra-12.1.3-initial-inventory
0x0064F407,unknown,,review,unknown,ghidra-12.1.3-initial-inventory
0x0064F439,unknown,,review,unknown,ghidra-12.1.3-initial-inventory
0x0064F486,unknown,,review,unknown,ghidra-12.1.3-initial-inventory
0x0064F4F8,unknown,,review,unknown,ghidra-12.1.3-initial-inventory
0x0064F513,unknown,,review,unknown,ghidra-12.1.3-initial-inventory
0x0064F51F,unknown,,review,unknown,ghidra-12.1.3-initial-inventory
0x0064F538,unknown,,review,unknown,ghidra-12.1.3-initial-inventory
0x0064F5B3,unknown,,review,unknown,ghidra-12.1.3-initial-inventory
0x0064F70B,unknown,,review,unknown,ghidra-12.1.3-initial-inventory
0x0064F721,unknown,,review,unknown,ghidra-12.1.3-initial-inventory
0x0064F737,unknown,,review,unknown,ghidra-12.1.3-initial-inventory
0x0064F7B3,unknown,,review,unknown,ghidra-12.1.3-initial-inventory
0x0064F7F0,unknown,,review,unknown,ghidra-12.1.3-initial-inventory
0x0064F82E,unknown,,review,unknown,ghidra-12.1.3-initial-inventory
0x0064F86B,unknown,,review,unknown,ghidra-12.1.3-initial-inventory
0x0064F8E2,unknown,,review,unknown,ghidra-12.1.3-initial-inventory
0x0064F99C,unknown,,review,unknown,ghidra-12.1.3-initial-inventory
0x0064FA08,unknown,,review,unknown,ghidra-12.1.3-initial-inventory
0x0064FA3C,unknown,,review,unknown,ghidra-12.1.3-initial-inventory
0x0064FACE,unknown,,review,unknown,ghidra-12.1.3-initial-inventory
0x0064FBB6,unknown,,review,unknown,ghidra-12.1.3-initial-inventory
0x0064FBE8,unknown,,review,unknown,ghidra-12.1.3-initial-inventory
0x0064FBFE,unknown,,review,unknown,ghidra-12.1.3-initial-inventory
0x0064FCF7,unknown,,review,unknown,ghidra-12.1.3-initial-inventory
0x0064FF20,unknown,,review,unknown,ghidra-12.1.3-initial-inventory
0x0064FF3C,unknown,,review,unknown,ghidra-12.1.3-initial-inventory
0x0064FF58,unknown,,review,unknown,ghidra-12.1.3-initial-inventory
0x0064FFB6,unknown,,review,unknown,ghidra-12.1.3-initial-inventory
0x0064FFE5,unknown,,review,unknown,ghidra-12.1.3-initial-inventory
0x0065000E,unknown,,review,unknown,ghidra-12.1.3-initial-inventory
0x0065019A,unknown,,review,unknown,ghidra-12.1.3-initial-inventory
0x00650200,unknown,,review,unknown,ghidra-12.1.3-initial-inventory
0x00650209,unknown,,review,unknown,ghidra-12.1.3-initial-inventory
0x006503A9,unknown,,review,unknown,ghidra-12.1.3-initial-inventory
0x006504F0,unknown,,review,unknown,ghidra-12.1.3-initial-inventory
0x006504F9,unknown,,review,unknown,ghidra-12.1.3-initial-inventory
0x00650517,unknown,,review,unknown,ghidra-12.1.3-initial-inventory
0x0065052F,unknown,,review,unknown,ghidra-12.1.3-initial-inventory
0x0065053F,unknown,,review,unknown,ghidra-12.1.3-initial-inventory
0x006505CA,unknown,,review,unknown,ghidra-12.1.3-initial-inventory
0x006506C2,unknown,,review,unknown,ghidra-12.1.3-initial-inventory
0x006506C5,unknown,,review,unknown,ghidra-12.1.3-initial-inventory
0x0065151B,unknown,,review,unknown,ghidra-12.1.3-initial-inventory
0x0065152C,unknown,,review,unknown,ghidra-12.1.3-initial-inventory
0x006515F3,unknown,,review,unknown,ghidra-12.1.3-initial-inventory
0x0065163C,unknown,,review,unknown,ghidra-12.1.3-initial-inventory
0x0065171D,unknown,,review,unknown,ghidra-12.1.3-initial-inventory
0x006517CE,unknown,,review,unknown,ghidra-12.1.3-initial-inventory
0x0065188E,unknown,,review,unknown,ghidra-12.1.3-initial-inventory
0x006518B9,unknown,,review,unknown,ghidra-12.1.3-initial-inventory
0x006519A0,unknown,,review,unknown,ghidra-12.1.3-initial-inventory
0x006519EE,unknown,,review,unknown,ghidra-12.1.3-initial-inventory
0x00651B15,unknown,,review,unknown,ghidra-12.1.3-initial-inventory
0x00651B7E,unknown,,review,unknown,ghidra-12.1.3-initial-inventory
0x00651BFD,unknown,,review,unknown,ghidra-12.1.3-initial-inventory
0x00651C3B,unknown,,review,unknown,ghidra-12.1.3-initial-inventory
0x00651C65,unknown,,review,unknown,ghidra-12.1.3-initial-inventory
0x00651CA6,unknown,,review,unknown,ghidra-12.1.3-initial-inventory
0x00651D13,unknown,,review,unknown,ghidra-12.1.3-initial-inventory
0x00651D44,unknown,,review,unknown,ghidra-12.1.3-initial-inventory
0x00651D5F,unknown,,review,unknown,ghidra-12.1.3-initial-inventory
0x00651DA2,unknown,,review,unknown,ghidra-12.1.3-initial-inventory
0x00651FE7,unknown,,review,unknown,ghidra-12.1.3-initial-inventory
0x00652066,unknown,,review,unknown,ghidra-12.1.3-initial-inventory
0x006520A7,unknown,,review,unknown,ghidra-12.1.3-initial-inventory
0x0065213E,unknown,,review,unknown,ghidra-12.1.3-initial-inventory
0x00652147,unknown,,review,unknown,ghidra-12.1.3-initial-inventory
0x006523AC,unknown,,review,unknown,ghidra-12.1.3-initial-inventory
0x00652588,unknown,,review,unknown,ghidra-12.1.3-initial-inventory
0x0065275D,unknown,,review,unknown,ghidra-12.1.3-initial-inventory
0x00652B19,unknown,,review,unknown,ghidra-12.1.3-initial-inventory
0x00652B3A,unknown,,review,unknown,ghidra-12.1.3-initial-inventory
0x00652B98,unknown,,review,unknown,ghidra-12.1.3-initial-inventory
0x00652BC6,unknown,,review,unknown,ghidra-12.1.3-initial-inventory
0x00652BF3,unknown,,review,unknown,ghidra-12.1.3-initial-inventory
0x00652CD1,unknown,,review,unknown,ghidra-12.1.3-initial-inventory
0x00653105,unknown,,review,unknown,ghidra-12.1.3-initial-inventory
0x00653151,unknown,,review,unknown,ghidra-12.1.3-initial-inventory
0x0065346E,unknown,,review,unknown,ghidra-12.1.3-initial-inventory
0x0065364F,unknown,,review,unknown,ghidra-12.1.3-initial-inventory
0x0065378A,unknown,,review,unknown,ghidra-12.1.3-initial-inventory
0x006537C8,unknown,,review,unknown,ghidra-12.1.3-initial-inventory
0x00653816,unknown,,review,unknown,ghidra-12.1.3-initial-inventory
0x006538A6,unknown,,review,unknown,ghidra-12.1.3-initial-inventory
0x00653A81,unknown,,review,unknown,ghidra-12.1.3-initial-inventory
0x00653B08,unknown,,review,unknown,ghidra-12.1.3-initial-inventory
0x00653B2C,unknown,,review,unknown,ghidra-12.1.3-initial-inventory
0x00653C5C,unknown,,review,unknown,ghidra-12.1.3-initial-inventory
0x00653DA0,unknown,,review,unknown,ghidra-12.1.3-initial-inventory
0x00653E01,unknown,,review,unknown,ghidra-12.1.3-initial-inventory
0x00653F5A,unknown,,review,unknown,ghidra-12.1.3-initial-inventory
0x0065418C,unknown,,review,unknown,ghidra-12.1.3-initial-inventory
0x00654212,unknown,,review,unknown,ghidra-12.1.3-initial-inventory
0x0065422E,unknown,,review,unknown,ghidra-12.1.3-initial-inventory
0x006545B2,unknown,,review,unknown,ghidra-12.1.3-initial-inventory
0x006545FF,unknown,,review,unknown,ghidra-12.1.3-initial-inventory
0x00654660,unknown,,review,unknown,ghidra-12.1.3-initial-inventory
0x00654835,unknown,,review,unknown,ghidra-12.1.3-initial-inventory
0x006548B8,unknown,,review,unknown,ghidra-12.1.3-initial-inventory
0x0065492F,unknown,,review,unknown,ghidra-12.1.3-initial-inventory
0x00654953,unknown,,review,unknown,ghidra-12.1.3-initial-inventory
0x0065497E,unknown,,review,unknown,ghidra-12.1.3-initial-inventory
0x00654ACE,unknown,,review,unknown,ghidra-12.1.3-initial-inventory
0x00654B0E,unknown,,review,unknown,ghidra-12.1.3-initial-inventory
0x00654B54,unknown,,review,unknown,ghidra-12.1.3-initial-inventory
0x00654D00,unknown,,review,unknown,ghidra-12.1.3-initial-inventory
0x00654D20,unknown,,review,unknown,ghidra-12.1.3-initial-inventory
0x00654D40,unknown,,review,unknown,ghidra-12.1.3-initial-inventory
0x00654D60,unknown,,review,unknown,ghidra-12.1.3-initial-inventory
0x00654DA0,unknown,,review,unknown,ghidra-12.1.3-initial-inventory
0x00654DE0,unknown,,review,unknown,ghidra-12.1.3-initial-inventory
0x00654DF2,unknown,,review,unknown,ghidra-12.1.3-initial-inventory
0x00654E04,unknown,,review,unknown,ghidra-12.1.3-initial-inventory
0x00654E16,unknown,,review,unknown,ghidra-12.1.3-initial-inventory
0x00654E30,unknown,,review,unknown,ghidra-12.1.3-initial-inventory
0x00654E50,unknown,,review,unknown,ghidra-12.1.3-initial-inventory
0x00654E70,unknown,,review,unknown,ghidra-12.1.3-initial-inventory
0x00654EA0,unknown,,review,unknown,ghidra-12.1.3-initial-inventory
0x00654EA8,unknown,,review,unknown,ghidra-12.1.3-initial-inventory
0x00654EB3,unknown,,review,unknown,ghidra-12.1.3-initial-inventory
0x00654EBE,unknown,,review,unknown,ghidra-12.1.3-initial-inventory
0x00654EC9,unknown,,review,unknown,ghidra-12.1.3-initial-inventory
0x00654EDE,unknown,,review,unknown,ghidra-12.1.3-initial-inventory
0x00654EE6,unknown,,review,unknown,ghidra-12.1.3-initial-inventory
0x00654EF1,unknown,,review,unknown,ghidra-12.1.3-initial-inventory
0x00654EFC,unknown,,review,unknown,ghidra-12.1.3-initial-inventory
0x00654F07,unknown,,review,unknown,ghidra-12.1.3-initial-inventory
0x00654F1C,unknown,,review,unknown,ghidra-12.1.3-initial-inventory
0x00654F2E,unknown,,review,unknown,ghidra-12.1.3-initial-inventory
0x00654F40,unknown,,review,unknown,ghidra-12.1.3-initial-inventory
0x00654F60,unknown,,review,unknown,ghidra-12.1.3-initial-inventory
0x00654F80,unknown,,review,unknown,ghidra-12.1.3-initial-inventory
0x00654FA0,unknown,,review,unknown,ghidra-12.1.3-initial-inventory
0x00654FC0,unknown,,review,unknown,ghidra-12.1.3-initial-inventory
0x00655010,unknown,,review,unknown,ghidra-12.1.3-initial-inventory
0x00655040,unknown,,review,unknown,ghidra-12.1.3-initial-inventory
0x00655060,unknown,,review,unknown,ghidra-12.1.3-initial-inventory
0x00655080,unknown,,review,unknown,ghidra-12.1.3-initial-inventory
0x00655095,unknown,,review,unknown,ghidra-12.1.3-initial-inventory
0x006550AA,unknown,,review,unknown,ghidra-12.1.3-initial-inventory
0x006550C0,unknown,,review,unknown,ghidra-12.1.3-initial-inventory
0x006550CE,unknown,,review,unknown,ghidra-12.1.3-initial-inventory
0x006550DC,unknown,,review,unknown,ghidra-12.1.3-initial-inventory
0x006550F4,unknown,,review,unknown,ghidra-12.1.3-initial-inventory
0x00655102,unknown,,review,unknown,ghidra-12.1.3-initial-inventory
0x00655110,unknown,,review,unknown,ghidra-12.1.3-initial-inventory
0x0065511E,unknown,,review,unknown,ghidra-12.1.3-initial-inventory
0x00655140,unknown,,review,unknown,ghidra-12.1.3-initial-inventory
0x00655160,unknown,,review,unknown,ghidra-12.1.3-initial-inventory
0x00655180,unknown,,review,unknown,ghidra-12.1.3-initial-inventory
0x006551A0,unknown,,review,unknown,ghidra-12.1.3-initial-inventory
0x006551AB,unknown,,review,unknown,ghidra-12.1.3-initial-inventory
0x006551B6,unknown,,review,unknown,ghidra-12.1.3-initial-inventory
0x006551CB,unknown,,review,unknown,ghidra-12.1.3-initial-inventory
0x006551D6,unknown,,review,unknown,ghidra-12.1.3-initial-inventory
0x006551E1,unknown,,review,unknown,ghidra-12.1.3-initial-inventory
0x006551EC,unknown,,review,unknown,ghidra-12.1.3-initial-inventory
0x006551F7,unknown,,review,unknown,ghidra-12.1.3-initial-inventory
0x00655202,unknown,,review,unknown,ghidra-12.1.3-initial-inventory
0x0065520D,unknown,,review,unknown,ghidra-12.1.3-initial-inventory
0x00655218,unknown,,review,unknown,ghidra-12.1.3-initial-inventory
0x00655223,unknown,,review,unknown,ghidra-12.1.3-initial-inventory
0x0065522E,unknown,,review,unknown,ghidra-12.1.3-initial-inventory
0x00655239,unknown,,review,unknown,ghidra-12.1.3-initial-inventory
0x00655251,unknown,,review,unknown,ghidra-12.1.3-initial-inventory
0x0065525C,unknown,,review,unknown,ghidra-12.1.3-initial-inventory
0x00655267,unknown,,review,unknown,ghidra-12.1.3-initial-inventory
0x00655272,unknown,,review,unknown,ghidra-12.1.3-initial-inventory
0x0065527D,unknown,,review,unknown,ghidra-12.1.3-initial-inventory
0x00655288,unknown,,review,unknown,ghidra-12.1.3-initial-inventory
0x00655293,unknown,,review,unknown,ghidra-12.1.3-initial-inventory
0x0065529E,unknown,,review,unknown,ghidra-12.1.3-initial-inventory
0x006552A9,unknown,,review,unknown,ghidra-12.1.3-initial-inventory
0x006552B4,unknown,,review,unknown,ghidra-12.1.3-initial-inventory
0x006552BF,unknown,,review,unknown,ghidra-12.1.3-initial-inventory
0x006552CA,unknown,,review,unknown,ghidra-12.1.3-initial-inventory
0x006552D5,unknown,,review,unknown,ghidra-12.1.3-initial-inventory
0x006552E0,unknown,,review,unknown,ghidra-12.1.3-initial-inventory
0x006552EE,unknown,,review,unknown,ghidra-12.1.3-initial-inventory
0x006552FC,unknown,,review,unknown,ghidra-12.1.3-initial-inventory
0x0065530A,unknown,,review,unknown,ghidra-12.1.3-initial-inventory
0x00655318,unknown,,review,unknown,ghidra-12.1.3-initial-inventory
0x00655326,unknown,,review,unknown,ghidra-12.1.3-initial-inventory
0x00655334,unknown,,review,unknown,ghidra-12.1.3-initial-inventory
0x00655342,unknown,,review,unknown,ghidra-12.1.3-initial-inventory
0x00655350,unknown,,review,unknown,ghidra-12.1.3-initial-inventory
0x0065535E,unknown,,review,unknown,ghidra-12.1.3-initial-inventory
0x0065536C,unknown,,review,unknown,ghidra-12.1.3-initial-inventory
0x0065537A,unknown,,review,unknown,ghidra-12.1.3-initial-inventory
0x00655388,unknown,,review,unknown,ghidra-12.1.3-initial-inventory
0x00655396,unknown,,review,unknown,ghidra-12.1.3-initial-inventory
0x006553A4,unknown,,review,unknown,ghidra-12.1.3-initial-inventory
0x006553B2,unknown,,review,unknown,ghidra-12.1.3-initial-inventory
0x006553C0,unknown,,review,unknown,ghidra-12.1.3-initial-inventory
0x006553CE,unknown,,review,unknown,ghidra-12.1.3-initial-inventory
0x006553DC,unknown,,review,unknown,ghidra-12.1.3-initial-inventory
0x006553EA,unknown,,review,unknown,ghidra-12.1.3-initial-inventory
0x006553F8,unknown,,review,unknown,ghidra-12.1.3-initial-inventory
0x00655406,unknown,,review,unknown,ghidra-12.1.3-initial-inventory
0x00655414,unknown,,review,unknown,ghidra-12.1.3-initial-inventory
0x00655430,unknown,,review,unknown,ghidra-12.1.3-initial-inventory
0x00655445,unknown,,review,unknown,ghidra-12.1.3-initial-inventory
0x0065545A,unknown,,review,unknown,ghidra-12.1.3-initial-inventory
0x00655480,unknown,,review,unknown,ghidra-12.1.3-initial-inventory
0x006554A0,unknown,,review,unknown,ghidra-12.1.3-initial-inventory
0x006554C0,unknown,,review,unknown,ghidra-12.1.3-initial-inventory
0x006554E0,unknown,,review,unknown,ghidra-12.1.3-initial-inventory
0x00655500,unknown,,review,unknown,ghidra-12.1.3-initial-inventory
0x00655520,unknown,,review,unknown,ghidra-12.1.3-initial-inventory
0x00655540,unknown,,review,unknown,ghidra-12.1.3-initial-inventory
0x00655558,unknown,,review,unknown,ghidra-12.1.3-initial-inventory
0x00655570,unknown,,review,unknown,ghidra-12.1.3-initial-inventory
0x00655578,unknown,,review,unknown,ghidra-12.1.3-initial-inventory
0x00655580,unknown,,review,unknown,ghidra-12.1.3-initial-inventory
0x00655588,unknown,,review,unknown,ghidra-12.1.3-initial-inventory
0x00655590,unknown,,review,unknown,ghidra-12.1.3-initial-inventory
0x00655598,unknown,,review,unknown,ghidra-12.1.3-initial-inventory
0x006555A0,unknown,,review,unknown,ghidra-12.1.3-initial-inventory
0x006555A8,unknown,,review,unknown,ghidra-12.1.3-initial-inventory
0x006555B0,unknown,,review,unknown,ghidra-12.1.3-initial-inventory
0x006555D0,unknown,,review,unknown,ghidra-12.1.3-initial-inventory
0x006555F0,unknown,,review,unknown,ghidra-12.1.3-initial-inventory
0x00655610,unknown,,review,unknown,ghidra-12.1.3-initial-inventory
0x00655630,unknown,,review,unknown,ghidra-12.1.3-initial-inventory
0x00655650,unknown,,review,unknown,ghidra-12.1.3-initial-inventory
0x00655670,unknown,,review,unknown,ghidra-12.1.3-initial-inventory
0x00655690,unknown,,review,unknown,ghidra-12.1.3-initial-inventory
0x006556D0,unknown,,review,unknown,ghidra-12.1.3-initial-inventory
0x006556F0,unknown,,review,unknown,ghidra-12.1.3-initial-inventory
0x00655710,unknown,,review,unknown,ghidra-12.1.3-initial-inventory
0x00655730,unknown,,review,unknown,ghidra-12.1.3-initial-inventory
0x00655738,unknown,,review,unknown,ghidra-12.1.3-initial-inventory
0x0065574D,unknown,,review,unknown,ghidra-12.1.3-initial-inventory
0x00655760,unknown,,review,unknown,ghidra-12.1.3-initial-inventory
0x00655768,unknown,,review,unknown,ghidra-12.1.3-initial-inventory
0x0065577D,unknown,,review,unknown,ghidra-12.1.3-initial-inventory
0x00655790,unknown,,review,unknown,ghidra-12.1.3-initial-inventory
0x00655798,unknown,,review,unknown,ghidra-12.1.3-initial-inventory
0x006557AE,unknown,,review,unknown,ghidra-12.1.3-initial-inventory
0x006557C3,unknown,,review,unknown,ghidra-12.1.3-initial-inventory
0x006557CB,unknown,,review,unknown,ghidra-12.1.3-initial-inventory
0x006557EB,unknown,,review,unknown,ghidra-12.1.3-initial-inventory
0x00655803,unknown,,review,unknown,ghidra-12.1.3-initial-inventory
0x0065581B,unknown,,review,unknown,ghidra-12.1.3-initial-inventory
0x00655829,unknown,,review,unknown,ghidra-12.1.3-initial-inventory
0x00655850,unknown,,review,unknown,ghidra-12.1.3-initial-inventory
0x00655858,unknown,,review,unknown,ghidra-12.1.3-initial-inventory
0x0065586D,unknown,,review,unknown,ghidra-12.1.3-initial-inventory
0x00655880,unknown,,review,unknown,ghidra-12.1.3-initial-inventory
0x00655888,unknown,,review,unknown,ghidra-12.1.3-initial-inventory
0x0065589D,unknown,,review,unknown,ghidra-12.1.3-initial-inventory
0x006558AF,unknown,,review,unknown,ghidra-12.1.3-initial-inventory
0x006558D0,unknown,,review,unknown,ghidra-12.1.3-initial-inventory
0x006558D8,unknown,,review,unknown,ghidra-12.1.3-initial-inventory
0x006558ED,unknown,,review,unknown,ghidra-12.1.3-initial-inventory
0x00655900,unknown,,review,unknown,ghidra-12.1.3-initial-inventory
0x00655908,unknown,,review,unknown,ghidra-12.1.3-initial-inventory
0x0065591D,unknown,,review,unknown,ghidra-12.1.3-initial-inventory
0x00655930,unknown,,review,unknown,ghidra-12.1.3-initial-inventory
0x00655938,unknown,,review,unknown,ghidra-12.1.3-initial-inventory
0x00655943,unknown,,review,unknown,ghidra-12.1.3-initial-inventory
0x0065594E,unknown,,review,unknown,ghidra-12.1.3-initial-inventory
0x00655959,unknown,,review,unknown,ghidra-12.1.3-initial-inventory
0x0065596E,unknown,,review,unknown,ghidra-12.1.3-initial-inventory
0x00655976,unknown,,review,unknown,ghidra-12.1.3-initial-inventory
0x00655981,unknown,,review,unknown,ghidra-12.1.3-initial-inventory
0x0065598C,unknown,,review,unknown,ghidra-12.1.3-initial-inventory
0x006559B0,unknown,,review,unknown,ghidra-12.1.3-initial-inventory
0x006559D0,unknown,,review,unknown,ghidra-12.1.3-initial-inventory
0x006559D8,unknown,,review,unknown,ghidra-12.1.3-initial-inventory
0x006559ED,unknown,,review,unknown,ghidra-12.1.3-initial-inventory
0x00655A00,unknown,,review,unknown,ghidra-12.1.3-initial-inventory
0x00655A08,unknown,,review,unknown,ghidra-12.1.3-initial-inventory
0x00655A13,unknown,,review,unknown,ghidra-12.1.3-initial-inventory
0x00655A28,unknown,,review,unknown,ghidra-12.1.3-initial-inventory
0x00655A30,unknown,,review,unknown,ghidra-12.1.3-initial-inventory
0x00655A45,unknown,,review,unknown,ghidra-12.1.3-initial-inventory
0x00655A5D,unknown,,review,unknown,ghidra-12.1.3-initial-inventory
0x00655A75,unknown,,review,unknown,ghidra-12.1.3-initial-inventory
0x00655A90,unknown,,review,unknown,ghidra-12.1.3-initial-inventory
0x00655A98,unknown,,review,unknown,ghidra-12.1.3-initial-inventory
0x00655AA3,unknown,,review,unknown,ghidra-12.1.3-initial-inventory
0x00655AAE,unknown,,review,unknown,ghidra-12.1.3-initial-inventory
0x00655AC3,unknown,,review,unknown,ghidra-12.1.3-initial-inventory
0x00655AE0,unknown,,review,unknown,ghidra-12.1.3-initial-inventory
0x00655AE8,unknown,,review,unknown,ghidra-12.1.3-initial-inventory
0x00655AFD,unknown,,review,unknown,ghidra-12.1.3-initial-inventory
0x00655B10,unknown,,review,unknown,ghidra-12.1.3-initial-inventory
0x00655B18,unknown,,review,unknown,ghidra-12.1.3-initial-inventory
0x00655B2D,unknown,,review,unknown,ghidra-12.1.3-initial-inventory
0x00655B40,unknown,,review,unknown,ghidra-12.1.3-initial-inventory
0x00655B48,unknown,,review,unknown,ghidra-12.1.3-initial-inventory
0x00655B53,unknown,,review,unknown,ghidra-12.1.3-initial-inventory
0x00655B5E,unknown,,review,unknown,ghidra-12.1.3-initial-inventory
0x00655B69,unknown,,review,unknown,ghidra-12.1.3-initial-inventory
0x00655B7E,unknown,,review,unknown,ghidra-12.1.3-initial-inventory
0x00655B90,unknown,,review,unknown,ghidra-12.1.3-initial-inventory
0x00655BB0,unknown,,review,unknown,ghidra-12.1.3-initial-inventory
0x00655BD0,unknown,,review,unknown,ghidra-12.1.3-initial-inventory
0x00655BF0,unknown,,review,unknown,ghidra-12.1.3-initial-inventory
0x00655C10,unknown,,review,unknown,ghidra-12.1.3-initial-inventory
0x00655C30,unknown,,review,unknown,ghidra-12.1.3-initial-inventory
0x00655C50,unknown,,review,unknown,ghidra-12.1.3-initial-inventory
0x00655C70,unknown,,review,unknown,ghidra-12.1.3-initial-inventory
0x00655C90,unknown,,review,unknown,ghidra-12.1.3-initial-inventory
0x00655CB0,unknown,,review,unknown,ghidra-12.1.3-initial-inventory
0x00655CD0,unknown,,review,unknown,ghidra-12.1.3-initial-inventory
0x00655CF0,unknown,,review,unknown,ghidra-12.1.3-initial-inventory
0x00655D10,unknown,,review,unknown,ghidra-12.1.3-initial-inventory
0x00655D30,unknown,,review,unknown,ghidra-12.1.3-initial-inventory
0x00655D50,unknown,,review,unknown,ghidra-12.1.3-initial-inventory
0x00655D70,unknown,,review,unknown,ghidra-12.1.3-initial-inventory
0x00655D90,unknown,,review,unknown,ghidra-12.1.3-initial-inventory
0x00655DB0,unknown,,review,unknown,ghidra-12.1.3-initial-inventory
0x00655DD0,unknown,,review,unknown,ghidra-12.1.3-initial-inventory
0x00655DF0,unknown,,review,unknown,ghidra-12.1.3-initial-inventory
0x00655E10,unknown,,review,unknown,ghidra-12.1.3-initial-inventory
0x00655E30,unknown,,review,unknown,ghidra-12.1.3-initial-inventory
0x00655E50,unknown,,review,unknown,ghidra-12.1.3-initial-inventory
0x00655E70,unknown,,review,unknown,ghidra-12.1.3-initial-inventory
0x00655E90,unknown,,review,unknown,ghidra-12.1.3-initial-inventory
0x00655EB0,unknown,,review,unknown,ghidra-12.1.3-initial-inventory
0x00655ED0,unknown,,review,unknown,ghidra-12.1.3-initial-inventory
0x00655EF0,unknown,,review,unknown,ghidra-12.1.3-initial-inventory
0x00655F10,unknown,,review,unknown,ghidra-12.1.3-initial-inventory
0x00655F30,unknown,,review,unknown,ghidra-12.1.3-initial-inventory
0x00655F50,unknown,,review,unknown,ghidra-12.1.3-initial-inventory
0x00655F70,unknown,,review,unknown,ghidra-12.1.3-initial-inventory
0x00655F90,unknown,,review,unknown,ghidra-12.1.3-initial-inventory
0x00655FB0,unknown,,review,unknown,ghidra-12.1.3-initial-inventory
0x00655FD0,unknown,,review,unknown,ghidra-12.1.3-initial-inventory
0x00655FF0,unknown,,review,unknown,ghidra-12.1.3-initial-inventory
0x00656010,unknown,,review,unknown,ghidra-12.1.3-initial-inventory
0x00656030,unknown,,review,unknown,ghidra-12.1.3-initial-inventory
0x00656050,unknown,,review,unknown,ghidra-12.1.3-initial-inventory
0x00656080,unknown,,review,unknown,ghidra-12.1.3-initial-inventory
0x0065608E,unknown,,review,unknown,ghidra-12.1.3-initial-inventory
0x0065609C,unknown,,review,unknown,ghidra-12.1.3-initial-inventory
0x006560AA,unknown,,review,unknown,ghidra-12.1.3-initial-inventory
0x006560B8,unknown,,review,unknown,ghidra-12.1.3-initial-inventory
0x006560C6,unknown,,review,unknown,ghidra-12.1.3-initial-inventory
0x006560DB,unknown,,review,unknown,ghidra-12.1.3-initial-inventory
0x006560E9,unknown,,review,unknown,ghidra-12.1.3-initial-inventory
0x006560F7,unknown,,review,unknown,ghidra-12.1.3-initial-inventory
0x00656105,unknown,,review,unknown,ghidra-12.1.3-initial-inventory
0x00656113,unknown,,review,unknown,ghidra-12.1.3-initial-inventory
0x0065612B,unknown,,review,unknown,ghidra-12.1.3-initial-inventory
0x00656139,unknown,,review,unknown,ghidra-12.1.3-initial-inventory
0x00656147,unknown,,review,unknown,ghidra-12.1.3-initial-inventory
0x0065615F,unknown,,review,unknown,ghidra-12.1.3-initial-inventory
0x0065616A,unknown,,review,unknown,ghidra-12.1.3-initial-inventory
0x00656182,unknown,,review,unknown,ghidra-12.1.3-initial-inventory
0x006561A0,unknown,,review,unknown,ghidra-12.1.3-initial-inventory
0x006561C0,unknown,,review,unknown,ghidra-12.1.3-initial-inventory
0x006561C8,unknown,,review,unknown,ghidra-12.1.3-initial-inventory
0x006561D3,unknown,,review,unknown,ghidra-12.1.3-initial-inventory
0x006561F0,unknown,,review,unknown,ghidra-12.1.3-initial-inventory
0x006561F8,unknown,,review,unknown,ghidra-12.1.3-initial-inventory
0x00656203,unknown,,review,unknown,ghidra-12.1.3-initial-inventory
0x00656220,unknown,,review,unknown,ghidra-12.1.3-initial-inventory
0x00656240,unknown,,review,unknown,ghidra-12.1.3-initial-inventory
0x00656260,unknown,,review,unknown,ghidra-12.1.3-initial-inventory
0x00656268,unknown,,review,unknown,ghidra-12.1.3-initial-inventory
0x006562A0,unknown,,review,unknown,ghidra-12.1.3-initial-inventory
0x006562C0,unknown,,review,unknown,ghidra-12.1.3-initial-inventory
0x006562E0,unknown,,review,unknown,ghidra-12.1.3-initial-inventory
0x00656300,unknown,,review,unknown,ghidra-12.1.3-initial-inventory
0x00656380,unknown,,review,unknown,ghidra-12.1.3-initial-inventory
0x006563A0,unknown,,review,unknown,ghidra-12.1.3-initial-inventory
0x006563C0,unknown,,review,unknown,ghidra-12.1.3-initial-inventory
0x006563E0,unknown,,review,unknown,ghidra-12.1.3-initial-inventory
0x00656400,unknown,,review,unknown,ghidra-12.1.3-initial-inventory
0x00656420,unknown,,review,unknown,ghidra-12.1.3-initial-inventory
0x00656440,unknown,,review,unknown,ghidra-12.1.3-initial-inventory
0x00656460,unknown,,review,unknown,ghidra-12.1.3-initial-inventory
0x00656480,unknown,,review,unknown,ghidra-12.1.3-initial-inventory
0x006564A0,unknown,,review,unknown,ghidra-12.1.3-initial-inventory
0x006564C0,unknown,,review,unknown,ghidra-12.1.3-initial-inventory
0x006564D2,unknown,,review,unknown,ghidra-12.1.3-initial-inventory
0x006564DA,unknown,,review,unknown,ghidra-12.1.3-initial-inventory
0x006564F2,unknown,,review,unknown,ghidra-12.1.3-initial-inventory
0x00656520,unknown,,review,unknown,ghidra-12.1.3-initial-inventory
0x00656540,unknown,,review,unknown,ghidra-12.1.3-initial-inventory
0x00656560,unknown,,review,unknown,ghidra-12.1.3-initial-inventory
0x00656580,unknown,,review,unknown,ghidra-12.1.3-initial-inventory
0x006565A0,unknown,,review,unknown,ghidra-12.1.3-initial-inventory
0x006565C0,unknown,,review,unknown,ghidra-12.1.3-initial-inventory
0x006565E0,unknown,,review,unknown,ghidra-12.1.3-initial-inventory
0x00656600,unknown,,review,unknown,ghidra-12.1.3-initial-inventory
0x00656613,unknown,,review,unknown,ghidra-12.1.3-initial-inventory
0x0065661E,unknown,,review,unknown,ghidra-12.1.3-initial-inventory
0x00656633,unknown,,review,unknown,ghidra-12.1.3-initial-inventory
0x00656646,unknown,,review,unknown,ghidra-12.1.3-initial-inventory
0x00656651,unknown,,review,unknown,ghidra-12.1.3-initial-inventory
0x00656666,unknown,,review,unknown,ghidra-12.1.3-initial-inventory
0x0065666E,unknown,,review,unknown,ghidra-12.1.3-initial-inventory
0x00656683,unknown,,review,unknown,ghidra-12.1.3-initial-inventory
0x00656698,unknown,,review,unknown,ghidra-12.1.3-initial-inventory
0x006566B0,unknown,,review,unknown,ghidra-12.1.3-initial-inventory
0x006566D0,unknown,,review,unknown,ghidra-12.1.3-initial-inventory
0x006566F0,unknown,,review,unknown,ghidra-12.1.3-initial-inventory
0x00656710,unknown,,review,unknown,ghidra-12.1.3-initial-inventory
0x00656730,unknown,,review,unknown,ghidra-12.1.3-initial-inventory
0x00656750,unknown,,review,unknown,ghidra-12.1.3-initial-inventory
0x00656770,unknown,,review,unknown,ghidra-12.1.3-initial-inventory
0x00656790,unknown,,review,unknown,ghidra-12.1.3-initial-inventory
0x006567E0,unknown,,review,unknown,ghidra-12.1.3-initial-inventory
0x00656800,unknown,,review,unknown,ghidra-12.1.3-initial-inventory
0x00656812,unknown,,review,unknown,ghidra-12.1.3-initial-inventory
0x0065681A,unknown,,review,unknown,ghidra-12.1.3-initial-inventory
0x0065682C,unknown,,review,unknown,ghidra-12.1.3-initial-inventory
0x00656834,unknown,,review,unknown,ghidra-12.1.3-initial-inventory
0x00656846,unknown,,review,unknown,ghidra-12.1.3-initial-inventory
0x00656851,unknown,,review,unknown,ghidra-12.1.3-initial-inventory
0x0065685B,unknown,,review,unknown,ghidra-12.1.3-initial-inventory
0x00656865,unknown,,review,unknown,ghidra-12.1.3-initial-inventory
0x0065686F,unknown,,review,unknown,ghidra-12.1.3-initial-inventory
0x00656883,unknown,,review,unknown,ghidra-12.1.3-initial-inventory
0x00656898,unknown,,review,unknown,ghidra-12.1.3-initial-inventory
0x006568A0,unknown,,review,unknown,ghidra-12.1.3-initial-inventory
0x006568AB,unknown,,review,unknown,ghidra-12.1.3-initial-inventory
0x006568B6,unknown,,review,unknown,ghidra-12.1.3-initial-inventory
0x006568C1,unknown,,review,unknown,ghidra-12.1.3-initial-inventory
0x006568CC,unknown,,review,unknown,ghidra-12.1.3-initial-inventory
0x006568D7,unknown,,review,unknown,ghidra-12.1.3-initial-inventory
0x006568E2,unknown,,review,unknown,ghidra-12.1.3-initial-inventory
0x006568F7,unknown,,review,unknown,ghidra-12.1.3-initial-inventory
0x006568FF,unknown,,review,unknown,ghidra-12.1.3-initial-inventory
0x0065690A,unknown,,review,unknown,ghidra-12.1.3-initial-inventory
0x00656915,unknown,,review,unknown,ghidra-12.1.3-initial-inventory
0x00656920,unknown,,review,unknown,ghidra-12.1.3-initial-inventory
0x0065692B,unknown,,review,unknown,ghidra-12.1.3-initial-inventory
0x00656936,unknown,,review,unknown,ghidra-12.1.3-initial-inventory
0x00656941,unknown,,review,unknown,ghidra-12.1.3-initial-inventory
0x00656956,unknown,,review,unknown,ghidra-12.1.3-initial-inventory
0x00656960,unknown,,review,unknown,ghidra-12.1.3-initial-inventory
0x00656974,unknown,,review,unknown,ghidra-12.1.3-initial-inventory
0x0065697C,unknown,,review,unknown,ghidra-12.1.3-initial-inventory
0x0065698E,unknown,,review,unknown,ghidra-12.1.3-initial-inventory
0x00656998,unknown,,review,unknown,ghidra-12.1.3-initial-inventory
0x006569A2,unknown,,review,unknown,ghidra-12.1.3-initial-inventory
0x006569B6,unknown,,review,unknown,ghidra-12.1.3-initial-inventory
0x006569CA,unknown,,review,unknown,ghidra-12.1.3-initial-inventory
0x006569D4,unknown,,review,unknown,ghidra-12.1.3-initial-inventory
0x006569E8,unknown,,review,unknown,ghidra-12.1.3-initial-inventory
0x006569F2,unknown,,review,unknown,ghidra-12.1.3-initial-inventory
0x00656A06,unknown,,review,unknown,ghidra-12.1.3-initial-inventory
0x00656A10,unknown,,review,unknown,ghidra-12.1.3-initial-inventory
0x00656A1A,unknown,,review,unknown,ghidra-12.1.3-initial-inventory
0x00656A2E,unknown,,review,unknown,ghidra-12.1.3-initial-inventory
0x00656A38,unknown,,review,unknown,ghidra-12.1.3-initial-inventory
0x00656A42,unknown,,review,unknown,ghidra-12.1.3-initial-inventory
0x00656A56,unknown,,review,unknown,ghidra-12.1.3-initial-inventory
0x00656A60,unknown,,review,unknown,ghidra-12.1.3-initial-inventory
0x00656A74,unknown,,review,unknown,ghidra-12.1.3-initial-inventory
0x00656A7E,unknown,,review,unknown,ghidra-12.1.3-initial-inventory
0x00656A92,unknown,,review,unknown,ghidra-12.1.3-initial-inventory
0x00656A9C,unknown,,review,unknown,ghidra-12.1.3-initial-inventory
0x00656AA6,unknown,,review,unknown,ghidra-12.1.3-initial-inventory
0x00656ABA,unknown,,review,unknown,ghidra-12.1.3-initial-inventory
0x00656ACC,unknown,,review,unknown,ghidra-12.1.3-initial-inventory
0x00656AE0,unknown,,review,unknown,ghidra-12.1.3-initial-inventory
0x00656AF4,unknown,,review,unknown,ghidra-12.1.3-initial-inventory
0x00656AFC,unknown,,review,unknown,ghidra-12.1.3-initial-inventory
0x00656B10,unknown,,review,unknown,ghidra-12.1.3-initial-inventory
0x00656B24,unknown,,review,unknown,ghidra-12.1.3-initial-inventory
0x00656B36,unknown,,review,unknown,ghidra-12.1.3-initial-inventory
0x00656B40,unknown,,review,unknown,ghidra-12.1.3-initial-inventory
0x00656B4A,unknown,,review,unknown,ghidra-12.1.3-initial-inventory
0x00656B54,unknown,,review,unknown,ghidra-12.1.3-initial-inventory
0x00656B5E,unknown,,review,unknown,ghidra-12.1.3-initial-inventory
0x00656B68,unknown,,review,unknown,ghidra-12.1.3-initial-inventory
0x00656B72,unknown,,review,unknown,ghidra-12.1.3-initial-inventory
0x00656B7C,unknown,,review,unknown,ghidra-12.1.3-initial-inventory
0x00656B86,unknown,,review,unknown,ghidra-12.1.3-initial-inventory
0x00656B90,unknown,,review,unknown,ghidra-12.1.3-initial-inventory
0x00656B9A,unknown,,review,unknown,ghidra-12.1.3-initial-inventory
0x00656BA4,unknown,,review,unknown,ghidra-12.1.3-initial-inventory
0x00656BAE,unknown,,review,unknown,ghidra-12.1.3-initial-inventory
0x00656BB8,unknown,,review,unknown,ghidra-12.1.3-initial-inventory
0x00656BC2,unknown,,review,unknown,ghidra-12.1.3-initial-inventory
0x00656BCC,unknown,,review,unknown,ghidra-12.1.3-initial-inventory
0x00656BD6,unknown,,review,unknown,ghidra-12.1.3-initial-inventory
0x00656BE0,unknown,,review,unknown,ghidra-12.1.3-initial-inventory
0x00656BEA,unknown,,review,unknown,ghidra-12.1.3-initial-inventory
0x00656BF4,unknown,,review,unknown,ghidra-12.1.3-initial-inventory
0x00656BFE,unknown,,review,unknown,ghidra-12.1.3-initial-inventory
0x00656C08,unknown,,review,unknown,ghidra-12.1.3-initial-inventory
0x00656C12,unknown,,review,unknown,ghidra-12.1.3-initial-inventory
0x00656C1C,unknown,,review,unknown,ghidra-12.1.3-initial-inventory
0x00656C26,unknown,,review,unknown,ghidra-12.1.3-initial-inventory
0x00656C30,unknown,,review,unknown,ghidra-12.1.3-initial-inventory
0x00656C3A,unknown,,review,unknown,ghidra-12.1.3-initial-inventory
0x00656C44,unknown,,review,unknown,ghidra-12.1.3-initial-inventory
0x00656C4E,unknown,,review,unknown,ghidra-12.1.3-initial-inventory
0x00656C58,unknown,,review,unknown,ghidra-12.1.3-initial-inventory
0x00656C62,unknown,,review,unknown,ghidra-12.1.3-initial-inventory
0x00656C6C,unknown,,review,unknown,ghidra-12.1.3-initial-inventory
0x00656C76,unknown,,review,unknown,ghidra-12.1.3-initial-inventory
0x00656C80,unknown,,review,unknown,ghidra-12.1.3-initial-inventory
0x00656C8A,unknown,,review,unknown,ghidra-12.1.3-initial-inventory
0x00656C94,unknown,,review,unknown,ghidra-12.1.3-initial-inventory
0x00656C9E,unknown,,review,unknown,ghidra-12.1.3-initial-inventory
0x00656CB2,unknown,,review,unknown,ghidra-12.1.3-initial-inventory
0x00656CD0,unknown,,review,unknown,ghidra-12.1.3-initial-inventory
0x00656CE2,unknown,,review,unknown,ghidra-12.1.3-initial-inventory
0x00656D00,unknown,,review,unknown,ghidra-12.1.3-initial-inventory
0x00656D20,unknown,,review,unknown,ghidra-12.1.3-initial-inventory
0x00656D40,unknown,,review,unknown,ghidra-12.1.3-initial-inventory
0x00656D60,unknown,,review,unknown,ghidra-12.1.3-initial-inventory
0x00656D90,unknown,,review,unknown,ghidra-12.1.3-initial-inventory
0x00656DB0,unknown,,review,unknown,ghidra-12.1.3-initial-inventory
0x00656DC0,unknown,,review,unknown,ghidra-12.1.3-initial-inventory
0x00656DE0,unknown,,review,unknown,ghidra-12.1.3-initial-inventory
0x00656E00,unknown,,review,unknown,ghidra-12.1.3-initial-inventory
0x00656E20,unknown,,review,unknown,ghidra-12.1.3-initial-inventory
0x00656E40,unknown,,review,unknown,ghidra-12.1.3-initial-inventory
0x00656E60,unknown,,review,unknown,ghidra-12.1.3-initial-inventory
0x00656E70,unknown,,review,unknown,ghidra-12.1.3-initial-inventory
0x00656E80,unknown,,review,unknown,ghidra-12.1.3-initial-inventory
0x00656E90,unknown,,review,unknown,ghidra-12.1.3-initial-inventory
0x00656EB0,unknown,,review,unknown,ghidra-12.1.3-initial-inventory
0x00656EC0,unknown,,review,unknown,ghidra-12.1.3-initial-inventory
0x00656ED0,unknown,,review,unknown,ghidra-12.1.3-initial-inventory
0x00656EE0,unknown,,review,unknown,ghidra-12.1.3-initial-inventory
0x00656EF0,unknown,,review,unknown,ghidra-12.1.3-initial-inventory
0x00656F00,unknown,,review,unknown,ghidra-12.1.3-initial-inventory
