address,size,family_key,coff_symbol,matching_symbols,source_sha256,body_sha256,relocation_bindings,indirect_call_count,witness_role,parent_address,parent_call_offset,callee_address,evidence_id
0x004063F0,42,??0?$vector,??0?$vector@KV?$allocator@K@std@@@std@@QAE@XZ,"[""??0?$vector@EV?$allocator@E@std@@@std@@QAE@XZ"",""??0?$vector@GV?$allocator@G@std@@@std@@QAE@XZ"",""??0?$vector@KV?$allocator@K@std@@@std@@QAE@XZ"",""??0?$vector@MV?$allocator@M@std@@@std@@QAE@XZ"",""??0?$vector@NV?$allocator@N@std@@@std@@QAE@XZ"",""??0?$vector@PAXV?$allocator@PAX@std@@@std@@QAE@XZ"",""??0?$vector@U?$VectorOperationRecord@$00@@V?$allocator@U?$VectorOperationRecord@$00@@@std@@@std@@QAE@XZ"",""??0?$vector@U?$VectorOperationRecord@$01@@V?$allocator@U?$VectorOperationRecord@$01@@@std@@@std@@QAE@XZ"",""??0?$vector@U?$VectorOperationRecord@$03@@V?$allocator@U?$VectorOperationRecord@$03@@@std@@@std@@QAE@XZ"",""??0?$vector@U?$VectorOperationRecord@$07@@V?$allocator@U?$VectorOperationRecord@$07@@@std@@@std@@QAE@XZ"",""??0?$vector@U?$VectorOperationRecord@$0BA@@@V?$allocator@U?$VectorOperationRecord@$0BA@@@@std@@@std@@QAE@XZ"",""??0?$vector@U?$VectorOperationRecord@$0CA@@@V?$allocator@U?$VectorOperationRecord@$0CA@@@@std@@@std@@QAE@XZ"",""??0?$vector@U?$VectorOperationRecord@$0CM@@@V?$allocator@U?$VectorOperationRecord@$0CM@@@@std@@@std@@QAE@XZ"",""??0?$vector@U?$VectorOperationRecord@$0EA@@@V?$allocator@U?$VectorOperationRecord@$0EA@@@@std@@@std@@QAE@XZ"",""??0?$vector@U?$VectorOperationRecord@$0FA@@@V?$allocator@U?$VectorOperationRecord@$0FA@@@@std@@@std@@QAE@XZ"",""??0?$vector@U?$VectorOperationRecord@$0HE@@@V?$allocator@U?$VectorOperationRecord@$0HE@@@@std@@@std@@QAE@XZ""]",631130b9f6e7d59ff30d1b9591ba4e1e1f2dcc6b3070b7e39df9b95f14b3946e,852546457c0bba514c04e01c4198a6c11c0ee27a1d68f918a4b3a15622fa4f7c,"[{""offset"":13,""type"":""REL32"",""symbol"":""??0?$allocator@K@std@@QAE@XZ"",""addend"":0,""target_address"":""0x004064C0""},{""offset"":21,""type"":""REL32"",""symbol"":""??0?$_Vector_val@KV?$allocator@K@std@@@std@@IAE@V?$allocator@K@1@@Z"",""addend"":0,""target_address"":""0x004064A0""},{""offset"":31,""type"":""REL32"",""symbol"":""?_Buy@?$vector@KV?$allocator@K@std@@@std@@IAE_NI@Z"",""addend"":0,""target_address"":""0x00406420""}]",0,constructor,,,0x00406420,R090
0x004064A0,28,??0?$_Vector_val,??0?$_Vector_val@KV?$allocator@K@std@@@std@@IAE@V?$allocator@K@1@@Z,"[""??0?$_Vector_val@EV?$allocator@E@std@@@std@@IAE@V?$allocator@E@1@@Z"",""??0?$_Vector_val@GV?$allocator@G@std@@@std@@IAE@V?$allocator@G@1@@Z"",""??0?$_Vector_val@KV?$allocator@K@std@@@std@@IAE@V?$allocator@K@1@@Z"",""??0?$_Vector_val@MV?$allocator@M@std@@@std@@IAE@V?$allocator@M@1@@Z"",""??0?$_Vector_val@NV?$allocator@N@std@@@std@@IAE@V?$allocator@N@1@@Z"",""??0?$_Vector_val@PAXV?$allocator@PAX@std@@@std@@IAE@V?$allocator@PAX@1@@Z"",""??0?$_Vector_val@U?$VectorOperationRecord@$00@@V?$allocator@U?$VectorOperationRecord@$00@@@std@@@std@@IAE@V?$allocator@U?$VectorOperationRecord@$00@@@1@@Z"",""??0?$_Vector_val@U?$VectorOperationRecord@$01@@V?$allocator@U?$VectorOperationRecord@$01@@@std@@@std@@IAE@V?$allocator@U?$VectorOperationRecord@$01@@@1@@Z"",""??0?$_Vector_val@U?$VectorOperationRecord@$03@@V?$allocator@U?$VectorOperationRecord@$03@@@std@@@std@@IAE@V?$allocator@U?$VectorOperationRecord@$03@@@1@@Z"",""??0?$_Vector_val@U?$VectorOperationRecord@$07@@V?$allocator@U?$VectorOperationRecord@$07@@@std@@@std@@IAE@V?$allocator@U?$VectorOperationRecord@$07@@@1@@Z"",""??0?$_Vector_val@U?$VectorOperationRecord@$0BA@@@V?$allocator@U?$VectorOperationRecord@$0BA@@@@std@@@std@@IAE@V?$allocator@U?$VectorOperationRecord@$0BA@@@@1@@Z"",""??0?$_Vector_val@U?$VectorOperationRecord@$0CA@@@V?$allocator@U?$VectorOperationRecord@$0CA@@@@std@@@std@@IAE@V?$allocator@U?$VectorOperationRecord@$0CA@@@@1@@Z"",""??0?$_Vector_val@U?$VectorOperationRecord@$0CM@@@V?$allocator@U?$VectorOperationRecord@$0CM@@@@std@@@std@@IAE@V?$allocator@U?$VectorOperationRecord@$0CM@@@@1@@Z"",""??0?$_Vector_val@U?$VectorOperationRecord@$0EA@@@V?$allocator@U?$VectorOperationRecord@$0EA@@@@std@@@std@@IAE@V?$allocator@U?$VectorOperationRecord@$0EA@@@@1@@Z"",""??0?$_Vector_val@U?$VectorOperationRecord@$0FA@@@V?$allocator@U?$VectorOperationRecord@$0FA@@@@std@@@std@@IAE@V?$allocator@U?$VectorOperationRecord@$0FA@@@@1@@Z"",""??0?$_Vector_val@U?$VectorOperationRecord@$0HE@@@V?$allocator@U?$VectorOperationRecord@$0HE@@@@std@@@std@@IAE@V?$allocator@U?$VectorOperationRecord@$0HE@@@@1@@Z""]",5a5bc7571b31897ab7b4704700b6d6b4d822e8789a3d0fe9b04b456b4a95f896,387c4b2b8d5cc2c2b2a8df477ae93a6f764076a3a7fa9ecec193bb42cb949176,"[{""offset"":15,""type"":""REL32"",""symbol"":""??0?$allocator@K@std@@QAE@ABV01@@Z"",""addend"":0,""target_address"":""0x004064D0""}]",0,child,0x004063F0,21,,R090
0x004064C0,14,??0?$allocator,??0?$allocator@K@std@@QAE@XZ,"[""??0?$allocator@D@std@@QAE@XZ"",""??0?$allocator@E@std@@QAE@XZ"",""??0?$allocator@G@std@@QAE@XZ"",""??0?$allocator@K@std@@QAE@XZ"",""??0?$allocator@M@std@@QAE@XZ"",""??0?$allocator@N@std@@QAE@XZ"",""??0?$allocator@PAX@std@@QAE@XZ"",""??0?$allocator@U?$VectorOperationRecord@$00@@@std@@QAE@XZ"",""??0?$allocator@U?$VectorOperationRecord@$01@@@std@@QAE@XZ"",""??0?$allocator@U?$VectorOperationRecord@$03@@@std@@QAE@XZ"",""??0?$allocator@U?$VectorOperationRecord@$07@@@std@@QAE@XZ"",""??0?$allocator@U?$VectorOperationRecord@$0BA@@@@std@@QAE@XZ"",""??0?$allocator@U?$VectorOperationRecord@$0CA@@@@std@@QAE@XZ"",""??0?$allocator@U?$VectorOperationRecord@$0CM@@@@std@@QAE@XZ"",""??0?$allocator@U?$VectorOperationRecord@$0EA@@@@std@@QAE@XZ"",""??0?$allocator@U?$VectorOperationRecord@$0FA@@@@std@@QAE@XZ"",""??0?$allocator@U?$VectorOperationRecord@$0HE@@@@std@@QAE@XZ""]",befca35709395b425403c72a706d2f3c715162ad22664d93df30e0255a4d4e8c,befca35709395b425403c72a706d2f3c715162ad22664d93df30e0255a4d4e8c,[],0,child,0x004063F0,13,,R090
0x004064D0,16,??0?$allocator,??0?$allocator@K@std@@QAE@ABV01@@Z,"[""??0?$allocator@D@std@@QAE@ABV01@@Z"",""??0?$allocator@E@std@@QAE@ABV01@@Z"",""??0?$allocator@G@std@@QAE@ABV01@@Z"",""??0?$allocator@K@std@@QAE@ABV01@@Z"",""??0?$allocator@M@std@@QAE@ABV01@@Z"",""??0?$allocator@N@std@@QAE@ABV01@@Z"",""??0?$allocator@PAX@std@@QAE@ABV01@@Z"",""??0?$allocator@U?$VectorOperationRecord@$00@@@std@@QAE@ABV01@@Z"",""??0?$allocator@U?$VectorOperationRecord@$01@@@std@@QAE@ABV01@@Z"",""??0?$allocator@U?$VectorOperationRecord@$03@@@std@@QAE@ABV01@@Z"",""??0?$allocator@U?$VectorOperationRecord@$07@@@std@@QAE@ABV01@@Z"",""??0?$allocator@U?$VectorOperationRecord@$0BA@@@@std@@QAE@ABV01@@Z"",""??0?$allocator@U?$VectorOperationRecord@$0CA@@@@std@@QAE@ABV01@@Z"",""??0?$allocator@U?$VectorOperationRecord@$0CM@@@@std@@QAE@ABV01@@Z"",""??0?$allocator@U?$VectorOperationRecord@$0EA@@@@std@@QAE@ABV01@@Z"",""??0?$allocator@U?$VectorOperationRecord@$0FA@@@@std@@QAE@ABV01@@Z"",""??0?$allocator@U?$VectorOperationRecord@$0HE@@@@std@@QAE@ABV01@@Z""]",08591b9c945863c4a421e0123378c589f44fe525fd590f731e33703824d80440,08591b9c945863c4a421e0123378c589f44fe525fd590f731e33703824d80440,[],0,child,0x004064A0,15,,R090
0x004064E0,42,??0?$vector,??0?$vector@U?$VectorOperationRecord@$0FA@@@V?$allocator@U?$VectorOperationRecord@$0FA@@@@std@@@std@@QAE@XZ,"[""??0?$vector@EV?$allocator@E@std@@@std@@QAE@XZ"",""??0?$vector@GV?$allocator@G@std@@@std@@QAE@XZ"",""??0?$vector@KV?$allocator@K@std@@@std@@QAE@XZ"",""??0?$vector@MV?$allocator@M@std@@@std@@QAE@XZ"",""??0?$vector@NV?$allocator@N@std@@@std@@QAE@XZ"",""??0?$vector@PAXV?$allocator@PAX@std@@@std@@QAE@XZ"",""??0?$vector@U?$VectorOperationRecord@$00@@V?$allocator@U?$VectorOperationRecord@$00@@@std@@@std@@QAE@XZ"",""??0?$vector@U?$VectorOperationRecord@$01@@V?$allocator@U?$VectorOperationRecord@$01@@@std@@@std@@QAE@XZ"",""??0?$vector@U?$VectorOperationRecord@$03@@V?$allocator@U?$VectorOperationRecord@$03@@@std@@@std@@QAE@XZ"",""??0?$vector@U?$VectorOperationRecord@$07@@V?$allocator@U?$VectorOperationRecord@$07@@@std@@@std@@QAE@XZ"",""??0?$vector@U?$VectorOperationRecord@$0BA@@@V?$allocator@U?$VectorOperationRecord@$0BA@@@@std@@@std@@QAE@XZ"",""??0?$vector@U?$VectorOperationRecord@$0CA@@@V?$allocator@U?$VectorOperationRecord@$0CA@@@@std@@@std@@QAE@XZ"",""??0?$vector@U?$VectorOperationRecord@$0CM@@@V?$allocator@U?$VectorOperationRecord@$0CM@@@@std@@@std@@QAE@XZ"",""??0?$vector@U?$VectorOperationRecord@$0EA@@@V?$allocator@U?$VectorOperationRecord@$0EA@@@@std@@@std@@QAE@XZ"",""??0?$vector@U?$VectorOperationRecord@$0FA@@@V?$allocator@U?$VectorOperationRecord@$0FA@@@@std@@@std@@QAE@XZ"",""??0?$vector@U?$VectorOperationRecord@$0HE@@@V?$allocator@U?$VectorOperationRecord@$0HE@@@@std@@@std@@QAE@XZ""]",631130b9f6e7d59ff30d1b9591ba4e1e1f2dcc6b3070b7e39df9b95f14b3946e,852546457c0bba514c04e01c4198a6c11c0ee27a1d68f918a4b3a15622fa4f7c,"[{""offset"":13,""type"":""REL32"",""symbol"":""??0?$allocator@U?$VectorOperationRecord@$0FA@@@@std@@QAE@XZ"",""addend"":0,""target_address"":""0x004065B0""},{""offset"":21,""type"":""REL32"",""symbol"":""??0?$_Vector_val@U?$VectorOperationRecord@$0FA@@@V?$allocator@U?$VectorOperationRecord@$0FA@@@@std@@@std@@IAE@V?$allocator@U?$VectorOperationRecord@$0FA@@@@1@@Z"",""addend"":0,""target_address"":""0x00406590""},{""offset"":31,""type"":""REL32"",""symbol"":""?_Buy@?$vector@U?$VectorOperationRecord@$0FA@@@V?$allocator@U?$VectorOperationRecord@$0FA@@@@std@@@std@@IAE_NI@Z"",""addend"":0,""target_address"":""0x00406510""}]",0,constructor,,,0x00406510,R090
0x00406590,28,??0?$_Vector_val,??0?$_Vector_val@U?$VectorOperationRecord@$0FA@@@V?$allocator@U?$VectorOperationRecord@$0FA@@@@std@@@std@@IAE@V?$allocator@U?$VectorOperationRecord@$0FA@@@@1@@Z,"[""??0?$_Vector_val@EV?$allocator@E@std@@@std@@IAE@V?$allocator@E@1@@Z"",""??0?$_Vector_val@GV?$allocator@G@std@@@std@@IAE@V?$allocator@G@1@@Z"",""??0?$_Vector_val@KV?$allocator@K@std@@@std@@IAE@V?$allocator@K@1@@Z"",""??0?$_Vector_val@MV?$allocator@M@std@@@std@@IAE@V?$allocator@M@1@@Z"",""??0?$_Vector_val@NV?$allocator@N@std@@@std@@IAE@V?$allocator@N@1@@Z"",""??0?$_Vector_val@PAXV?$allocator@PAX@std@@@std@@IAE@V?$allocator@PAX@1@@Z"",""??0?$_Vector_val@U?$VectorOperationRecord@$00@@V?$allocator@U?$VectorOperationRecord@$00@@@std@@@std@@IAE@V?$allocator@U?$VectorOperationRecord@$00@@@1@@Z"",""??0?$_Vector_val@U?$VectorOperationRecord@$01@@V?$allocator@U?$VectorOperationRecord@$01@@@std@@@std@@IAE@V?$allocator@U?$VectorOperationRecord@$01@@@1@@Z"",""??0?$_Vector_val@U?$VectorOperationRecord@$03@@V?$allocator@U?$VectorOperationRecord@$03@@@std@@@std@@IAE@V?$allocator@U?$VectorOperationRecord@$03@@@1@@Z"",""??0?$_Vector_val@U?$VectorOperationRecord@$07@@V?$allocator@U?$VectorOperationRecord@$07@@@std@@@std@@IAE@V?$allocator@U?$VectorOperationRecord@$07@@@1@@Z"",""??0?$_Vector_val@U?$VectorOperationRecord@$0BA@@@V?$allocator@U?$VectorOperationRecord@$0BA@@@@std@@@std@@IAE@V?$allocator@U?$VectorOperationRecord@$0BA@@@@1@@Z"",""??0?$_Vector_val@U?$VectorOperationRecord@$0CA@@@V?$allocator@U?$VectorOperationRecord@$0CA@@@@std@@@std@@IAE@V?$allocator@U?$VectorOperationRecord@$0CA@@@@1@@Z"",""??0?$_Vector_val@U?$VectorOperationRecord@$0CM@@@V?$allocator@U?$VectorOperationRecord@$0CM@@@@std@@@std@@IAE@V?$allocator@U?$VectorOperationRecord@$0CM@@@@1@@Z"",""??0?$_Vector_val@U?$VectorOperationRecord@$0EA@@@V?$allocator@U?$VectorOperationRecord@$0EA@@@@std@@@std@@IAE@V?$allocator@U?$VectorOperationRecord@$0EA@@@@1@@Z"",""??0?$_Vector_val@U?$VectorOperationRecord@$0FA@@@V?$allocator@U?$VectorOperationRecord@$0FA@@@@std@@@std@@IAE@V?$allocator@U?$VectorOperationRecord@$0FA@@@@1@@Z"",""??0?$_Vector_val@U?$VectorOperationRecord@$0HE@@@V?$allocator@U?$VectorOperationRecord@$0HE@@@@std@@@std@@IAE@V?$allocator@U?$VectorOperationRecord@$0HE@@@@1@@Z""]",5a5bc7571b31897ab7b4704700b6d6b4d822e8789a3d0fe9b04b456b4a95f896,387c4b2b8d5cc2c2b2a8df477ae93a6f764076a3a7fa9ecec193bb42cb949176,"[{""offset"":15,""type"":""REL32"",""symbol"":""??0?$allocator@U?$VectorOperationRecord@$0FA@@@@std@@QAE@ABV01@@Z"",""addend"":0,""target_address"":""0x004065C0""}]",0,child,0x004064E0,21,,R090
0x004065B0,14,??0?$allocator,??0?$allocator@U?$VectorOperationRecord@$0FA@@@@std@@QAE@XZ,"[""??0?$allocator@D@std@@QAE@XZ"",""??0?$allocator@E@std@@QAE@XZ"",""??0?$allocator@G@std@@QAE@XZ"",""??0?$allocator@K@std@@QAE@XZ"",""??0?$allocator@M@std@@QAE@XZ"",""??0?$allocator@N@std@@QAE@XZ"",""??0?$allocator@PAX@std@@QAE@XZ"",""??0?$allocator@U?$VectorOperationRecord@$00@@@std@@QAE@XZ"",""??0?$allocator@U?$VectorOperationRecord@$01@@@std@@QAE@XZ"",""??0?$allocator@U?$VectorOperationRecord@$03@@@std@@QAE@XZ"",""??0?$allocator@U?$VectorOperationRecord@$07@@@std@@QAE@XZ"",""??0?$allocator@U?$VectorOperationRecord@$0BA@@@@std@@QAE@XZ"",""??0?$allocator@U?$VectorOperationRecord@$0CA@@@@std@@QAE@XZ"",""??0?$allocator@U?$VectorOperationRecord@$0CM@@@@std@@QAE@XZ"",""??0?$allocator@U?$VectorOperationRecord@$0EA@@@@std@@QAE@XZ"",""??0?$allocator@U?$VectorOperationRecord@$0FA@@@@std@@QAE@XZ"",""??0?$allocator@U?$VectorOperationRecord@$0HE@@@@std@@QAE@XZ""]",befca35709395b425403c72a706d2f3c715162ad22664d93df30e0255a4d4e8c,befca35709395b425403c72a706d2f3c715162ad22664d93df30e0255a4d4e8c,[],0,child,0x004064E0,13,,R090
0x004065C0,16,??0?$allocator,??0?$allocator@U?$VectorOperationRecord@$0FA@@@@std@@QAE@ABV01@@Z,"[""??0?$allocator@D@std@@QAE@ABV01@@Z"",""??0?$allocator@E@std@@QAE@ABV01@@Z"",""??0?$allocator@G@std@@QAE@ABV01@@Z"",""??0?$allocator@K@std@@QAE@ABV01@@Z"",""??0?$allocator@M@std@@QAE@ABV01@@Z"",""??0?$allocator@N@std@@QAE@ABV01@@Z"",""??0?$allocator@PAX@std@@QAE@ABV01@@Z"",""??0?$allocator@U?$VectorOperationRecord@$00@@@std@@QAE@ABV01@@Z"",""??0?$allocator@U?$VectorOperationRecord@$01@@@std@@QAE@ABV01@@Z"",""??0?$allocator@U?$VectorOperationRecord@$03@@@std@@QAE@ABV01@@Z"",""??0?$allocator@U?$VectorOperationRecord@$07@@@std@@QAE@ABV01@@Z"",""??0?$allocator@U?$VectorOperationRecord@$0BA@@@@std@@QAE@ABV01@@Z"",""??0?$allocator@U?$VectorOperationRecord@$0CA@@@@std@@QAE@ABV01@@Z"",""??0?$allocator@U?$VectorOperationRecord@$0CM@@@@std@@QAE@ABV01@@Z"",""??0?$allocator@U?$VectorOperationRecord@$0EA@@@@std@@QAE@ABV01@@Z"",""??0?$allocator@U?$VectorOperationRecord@$0FA@@@@std@@QAE@ABV01@@Z"",""??0?$allocator@U?$VectorOperationRecord@$0HE@@@@std@@QAE@ABV01@@Z""]",08591b9c945863c4a421e0123378c589f44fe525fd590f731e33703824d80440,08591b9c945863c4a421e0123378c589f44fe525fd590f731e33703824d80440,[],0,child,0x00406590,15,,R090
0x00409350,42,??0?$vector,??0?$vector@KV?$allocator@K@std@@@std@@QAE@XZ,"[""??0?$vector@EV?$allocator@E@std@@@std@@QAE@XZ"",""??0?$vector@GV?$allocator@G@std@@@std@@QAE@XZ"",""??0?$vector@KV?$allocator@K@std@@@std@@QAE@XZ"",""??0?$vector@MV?$allocator@M@std@@@std@@QAE@XZ"",""??0?$vector@NV?$allocator@N@std@@@std@@QAE@XZ"",""??0?$vector@PAXV?$allocator@PAX@std@@@std@@QAE@XZ"",""??0?$vector@U?$VectorOperationRecord@$00@@V?$allocator@U?$VectorOperationRecord@$00@@@std@@@std@@QAE@XZ"",""??0?$vector@U?$VectorOperationRecord@$01@@V?$allocator@U?$VectorOperationRecord@$01@@@std@@@std@@QAE@XZ"",""??0?$vector@U?$VectorOperationRecord@$03@@V?$allocator@U?$VectorOperationRecord@$03@@@std@@@std@@QAE@XZ"",""??0?$vector@U?$VectorOperationRecord@$07@@V?$allocator@U?$VectorOperationRecord@$07@@@std@@@std@@QAE@XZ"",""??0?$vector@U?$VectorOperationRecord@$0BA@@@V?$allocator@U?$VectorOperationRecord@$0BA@@@@std@@@std@@QAE@XZ"",""??0?$vector@U?$VectorOperationRecord@$0CA@@@V?$allocator@U?$VectorOperationRecord@$0CA@@@@std@@@std@@QAE@XZ"",""??0?$vector@U?$VectorOperationRecord@$0CM@@@V?$allocator@U?$VectorOperationRecord@$0CM@@@@std@@@std@@QAE@XZ"",""??0?$vector@U?$VectorOperationRecord@$0EA@@@V?$allocator@U?$VectorOperationRecord@$0EA@@@@std@@@std@@QAE@XZ"",""??0?$vector@U?$VectorOperationRecord@$0FA@@@V?$allocator@U?$VectorOperationRecord@$0FA@@@@std@@@std@@QAE@XZ"",""??0?$vector@U?$VectorOperationRecord@$0HE@@@V?$allocator@U?$VectorOperationRecord@$0HE@@@@std@@@std@@QAE@XZ""]",631130b9f6e7d59ff30d1b9591ba4e1e1f2dcc6b3070b7e39df9b95f14b3946e,e8f94aa03ead4be83f0fce8ba23878f596fe4c7830aba4edbf56a816fb948cad,"[{""offset"":13,""type"":""REL32"",""symbol"":""??0?$allocator@K@std@@QAE@XZ"",""addend"":0,""target_address"":""0x004099D0""},{""offset"":21,""type"":""REL32"",""symbol"":""??0?$_Vector_val@KV?$allocator@K@std@@@std@@IAE@V?$allocator@K@1@@Z"",""addend"":0,""target_address"":""0x004099B0""},{""offset"":31,""type"":""REL32"",""symbol"":""?_Buy@?$vector@KV?$allocator@K@std@@@std@@IAE_NI@Z"",""addend"":0,""target_address"":""0x004097E0""}]",0,constructor,,,0x004097E0,R090
0x004099B0,28,??0?$_Vector_val,??0?$_Vector_val@KV?$allocator@K@std@@@std@@IAE@V?$allocator@K@1@@Z,"[""??0?$_Vector_val@EV?$allocator@E@std@@@std@@IAE@V?$allocator@E@1@@Z"",""??0?$_Vector_val@GV?$allocator@G@std@@@std@@IAE@V?$allocator@G@1@@Z"",""??0?$_Vector_val@KV?$allocator@K@std@@@std@@IAE@V?$allocator@K@1@@Z"",""??0?$_Vector_val@MV?$allocator@M@std@@@std@@IAE@V?$allocator@M@1@@Z"",""??0?$_Vector_val@NV?$allocator@N@std@@@std@@IAE@V?$allocator@N@1@@Z"",""??0?$_Vector_val@PAXV?$allocator@PAX@std@@@std@@IAE@V?$allocator@PAX@1@@Z"",""??0?$_Vector_val@U?$VectorOperationRecord@$00@@V?$allocator@U?$VectorOperationRecord@$00@@@std@@@std@@IAE@V?$allocator@U?$VectorOperationRecord@$00@@@1@@Z"",""??0?$_Vector_val@U?$VectorOperationRecord@$01@@V?$allocator@U?$VectorOperationRecord@$01@@@std@@@std@@IAE@V?$allocator@U?$VectorOperationRecord@$01@@@1@@Z"",""??0?$_Vector_val@U?$VectorOperationRecord@$03@@V?$allocator@U?$VectorOperationRecord@$03@@@std@@@std@@IAE@V?$allocator@U?$VectorOperationRecord@$03@@@1@@Z"",""??0?$_Vector_val@U?$VectorOperationRecord@$07@@V?$allocator@U?$VectorOperationRecord@$07@@@std@@@std@@IAE@V?$allocator@U?$VectorOperationRecord@$07@@@1@@Z"",""??0?$_Vector_val@U?$VectorOperationRecord@$0BA@@@V?$allocator@U?$VectorOperationRecord@$0BA@@@@std@@@std@@IAE@V?$allocator@U?$VectorOperationRecord@$0BA@@@@1@@Z"",""??0?$_Vector_val@U?$VectorOperationRecord@$0CA@@@V?$allocator@U?$VectorOperationRecord@$0CA@@@@std@@@std@@IAE@V?$allocator@U?$VectorOperationRecord@$0CA@@@@1@@Z"",""??0?$_Vector_val@U?$VectorOperationRecord@$0CM@@@V?$allocator@U?$VectorOperationRecord@$0CM@@@@std@@@std@@IAE@V?$allocator@U?$VectorOperationRecord@$0CM@@@@1@@Z"",""??0?$_Vector_val@U?$VectorOperationRecord@$0EA@@@V?$allocator@U?$VectorOperationRecord@$0EA@@@@std@@@std@@IAE@V?$allocator@U?$VectorOperationRecord@$0EA@@@@1@@Z"",""??0?$_Vector_val@U?$VectorOperationRecord@$0FA@@@V?$allocator@U?$VectorOperationRecord@$0FA@@@@std@@@std@@IAE@V?$allocator@U?$VectorOperationRecord@$0FA@@@@1@@Z"",""??0?$_Vector_val@U?$VectorOperationRecord@$0HE@@@V?$allocator@U?$VectorOperationRecord@$0HE@@@@std@@@std@@IAE@V?$allocator@U?$VectorOperationRecord@$0HE@@@@1@@Z""]",5a5bc7571b31897ab7b4704700b6d6b4d822e8789a3d0fe9b04b456b4a95f896,1748f49aa483c4923f78578b5590414a613abae847090bd4f5be50a82c838ab1,"[{""offset"":15,""type"":""REL32"",""symbol"":""??0?$allocator@K@std@@QAE@ABV01@@Z"",""addend"":0,""target_address"":""0x00409FD0""}]",0,child,0x00409350,21,,R090
0x004099D0,14,??0?$allocator,??0?$allocator@K@std@@QAE@XZ,"[""??0?$allocator@D@std@@QAE@XZ"",""??0?$allocator@E@std@@QAE@XZ"",""??0?$allocator@G@std@@QAE@XZ"",""??0?$allocator@K@std@@QAE@XZ"",""??0?$allocator@M@std@@QAE@XZ"",""??0?$allocator@N@std@@QAE@XZ"",""??0?$allocator@PAX@std@@QAE@XZ"",""??0?$allocator@U?$VectorOperationRecord@$00@@@std@@QAE@XZ"",""??0?$allocator@U?$VectorOperationRecord@$01@@@std@@QAE@XZ"",""??0?$allocator@U?$VectorOperationRecord@$03@@@std@@QAE@XZ"",""??0?$allocator@U?$VectorOperationRecord@$07@@@std@@QAE@XZ"",""??0?$allocator@U?$VectorOperationRecord@$0BA@@@@std@@QAE@XZ"",""??0?$allocator@U?$VectorOperationRecord@$0CA@@@@std@@QAE@XZ"",""??0?$allocator@U?$VectorOperationRecord@$0CM@@@@std@@QAE@XZ"",""??0?$allocator@U?$VectorOperationRecord@$0EA@@@@std@@QAE@XZ"",""??0?$allocator@U?$VectorOperationRecord@$0FA@@@@std@@QAE@XZ"",""??0?$allocator@U?$VectorOperationRecord@$0HE@@@@std@@QAE@XZ""]",befca35709395b425403c72a706d2f3c715162ad22664d93df30e0255a4d4e8c,befca35709395b425403c72a706d2f3c715162ad22664d93df30e0255a4d4e8c,[],0,child,0x00409350,13,,R090
0x00409E80,19,?max_size,?max_size@?$vector@KV?$allocator@K@std@@@std@@QBEIXZ,"[""?max_size@?$vector@EV?$allocator@E@std@@@std@@QBEIXZ"",""?max_size@?$vector@GV?$allocator@G@std@@@std@@QBEIXZ"",""?max_size@?$vector@KV?$allocator@K@std@@@std@@QBEIXZ"",""?max_size@?$vector@MV?$allocator@M@std@@@std@@QBEIXZ"",""?max_size@?$vector@NV?$allocator@N@std@@@std@@QBEIXZ"",""?max_size@?$vector@PAXV?$allocator@PAX@std@@@std@@QBEIXZ"",""?max_size@?$vector@U?$VectorOperationRecord@$00@@V?$allocator@U?$VectorOperationRecord@$00@@@std@@@std@@QBEIXZ"",""?max_size@?$vector@U?$VectorOperationRecord@$01@@V?$allocator@U?$VectorOperationRecord@$01@@@std@@@std@@QBEIXZ"",""?max_size@?$vector@U?$VectorOperationRecord@$03@@V?$allocator@U?$VectorOperationRecord@$03@@@std@@@std@@QBEIXZ"",""?max_size@?$vector@U?$VectorOperationRecord@$07@@V?$allocator@U?$VectorOperationRecord@$07@@@std@@@std@@QBEIXZ"",""?max_size@?$vector@U?$VectorOperationRecord@$0BA@@@V?$allocator@U?$VectorOperationRecord@$0BA@@@@std@@@std@@QBEIXZ"",""?max_size@?$vector@U?$VectorOperationRecord@$0CA@@@V?$allocator@U?$VectorOperationRecord@$0CA@@@@std@@@std@@QBEIXZ"",""?max_size@?$vector@U?$VectorOperationRecord@$0CM@@@V?$allocator@U?$VectorOperationRecord@$0CM@@@@std@@@std@@QBEIXZ"",""?max_size@?$vector@U?$VectorOperationRecord@$0EA@@@V?$allocator@U?$VectorOperationRecord@$0EA@@@@std@@@std@@QBEIXZ"",""?max_size@?$vector@U?$VectorOperationRecord@$0FA@@@V?$allocator@U?$VectorOperationRecord@$0FA@@@@std@@@std@@QBEIXZ"",""?max_size@?$vector@U?$VectorOperationRecord@$0HE@@@V?$allocator@U?$VectorOperationRecord@$0HE@@@@std@@@std@@QBEIXZ""]",34d6af46dd3338abf5d997f2e605a0321d87bfe083118d27838b6e494535d81a,8dc3844917521cfb75e5419e586244e91d5aa3304c55378aef3f4afa5f4340c9,"[{""offset"":11,""type"":""REL32"",""symbol"":""?max_size@?$allocator@K@std@@QBEIXZ"",""addend"":0,""target_address"":""0x0040A530""}]",0,child,0x004097E0,51,,R090
0x00409FD0,16,??0?$allocator,??0?$allocator@K@std@@QAE@ABV01@@Z,"[""??0?$allocator@D@std@@QAE@ABV01@@Z"",""??0?$allocator@E@std@@QAE@ABV01@@Z"",""??0?$allocator@G@std@@QAE@ABV01@@Z"",""??0?$allocator@K@std@@QAE@ABV01@@Z"",""??0?$allocator@M@std@@QAE@ABV01@@Z"",""??0?$allocator@N@std@@QAE@ABV01@@Z"",""??0?$allocator@PAX@std@@QAE@ABV01@@Z"",""??0?$allocator@U?$VectorOperationRecord@$00@@@std@@QAE@ABV01@@Z"",""??0?$allocator@U?$VectorOperationRecord@$01@@@std@@QAE@ABV01@@Z"",""??0?$allocator@U?$VectorOperationRecord@$03@@@std@@QAE@ABV01@@Z"",""??0?$allocator@U?$VectorOperationRecord@$07@@@std@@QAE@ABV01@@Z"",""??0?$allocator@U?$VectorOperationRecord@$0BA@@@@std@@QAE@ABV01@@Z"",""??0?$allocator@U?$VectorOperationRecord@$0CA@@@@std@@QAE@ABV01@@Z"",""??0?$allocator@U?$VectorOperationRecord@$0CM@@@@std@@QAE@ABV01@@Z"",""??0?$allocator@U?$VectorOperationRecord@$0EA@@@@std@@QAE@ABV01@@Z"",""??0?$allocator@U?$VectorOperationRecord@$0FA@@@@std@@QAE@ABV01@@Z"",""??0?$allocator@U?$VectorOperationRecord@$0HE@@@@std@@QAE@ABV01@@Z""]",08591b9c945863c4a421e0123378c589f44fe525fd590f731e33703824d80440,08591b9c945863c4a421e0123378c589f44fe525fd590f731e33703824d80440,[],0,child,0x004099B0,15,,R090
0x00409FE0,25,?deallocate,?deallocate@?$allocator@K@std@@QAEXPAKI@Z,"[""?deallocate@?$allocator@D@std@@QAEXPADI@Z"",""?deallocate@?$allocator@E@std@@QAEXPAEI@Z"",""?deallocate@?$allocator@G@std@@QAEXPAGI@Z"",""?deallocate@?$allocator@K@std@@QAEXPAKI@Z"",""?deallocate@?$allocator@M@std@@QAEXPAMI@Z"",""?deallocate@?$allocator@N@std@@QAEXPANI@Z"",""?deallocate@?$allocator@PAX@std@@QAEXPAPAXI@Z"",""?deallocate@?$allocator@U?$VectorOperationRecord@$00@@@std@@QAEXPAU?$VectorOperationRecord@$00@@I@Z"",""?deallocate@?$allocator@U?$VectorOperationRecord@$01@@@std@@QAEXPAU?$VectorOperationRecord@$01@@I@Z"",""?deallocate@?$allocator@U?$VectorOperationRecord@$03@@@std@@QAEXPAU?$VectorOperationRecord@$03@@I@Z"",""?deallocate@?$allocator@U?$VectorOperationRecord@$07@@@std@@QAEXPAU?$VectorOperationRecord@$07@@I@Z"",""?deallocate@?$allocator@U?$VectorOperationRecord@$0BA@@@@std@@QAEXPAU?$VectorOperationRecord@$0BA@@@I@Z"",""?deallocate@?$allocator@U?$VectorOperationRecord@$0CA@@@@std@@QAEXPAU?$VectorOperationRecord@$0CA@@@I@Z"",""?deallocate@?$allocator@U?$VectorOperationRecord@$0CM@@@@std@@QAEXPAU?$VectorOperationRecord@$0CM@@@I@Z"",""?deallocate@?$allocator@U?$VectorOperationRecord@$0EA@@@@std@@QAEXPAU?$VectorOperationRecord@$0EA@@@I@Z"",""?deallocate@?$allocator@U?$VectorOperationRecord@$0FA@@@@std@@QAEXPAU?$VectorOperationRecord@$0FA@@@I@Z"",""?deallocate@?$allocator@U?$VectorOperationRecord@$0HE@@@@std@@QAEXPAU?$VectorOperationRecord@$0HE@@@I@Z""]",98d8393a76ac9fbc41250c6069af9c5f734d1f3529f958ca7e72be42b1585abc,f31294d68ed63cb9f5c6dc2b17bd096f46fa646f4167139bb4df82a693dc70e4,"[{""offset"":12,""type"":""REL32"",""symbol"":""??3@YAXPAX@Z"",""addend"":0,""target_address"":""0x00640F15""}]",0,child,0x00409860,65,,R090
0x0040A000,27,?allocate,?allocate@?$allocator@K@std@@QAEPAKI@Z,"[""?allocate@?$allocator@D@std@@QAEPADI@Z"",""?allocate@?$allocator@E@std@@QAEPAEI@Z"",""?allocate@?$allocator@G@std@@QAEPAGI@Z"",""?allocate@?$allocator@K@std@@QAEPAKI@Z"",""?allocate@?$allocator@M@std@@QAEPAMI@Z"",""?allocate@?$allocator@N@std@@QAEPANI@Z"",""?allocate@?$allocator@PAX@std@@QAEPAPAXI@Z"",""?allocate@?$allocator@U?$VectorOperationRecord@$00@@@std@@QAEPAU?$VectorOperationRecord@$00@@I@Z"",""?allocate@?$allocator@U?$VectorOperationRecord@$01@@@std@@QAEPAU?$VectorOperationRecord@$01@@I@Z"",""?allocate@?$allocator@U?$VectorOperationRecord@$03@@@std@@QAEPAU?$VectorOperationRecord@$03@@I@Z"",""?allocate@?$allocator@U?$VectorOperationRecord@$07@@@std@@QAEPAU?$VectorOperationRecord@$07@@I@Z"",""?allocate@?$allocator@U?$VectorOperationRecord@$0BA@@@@std@@QAEPAU?$VectorOperationRecord@$0BA@@@I@Z"",""?allocate@?$allocator@U?$VectorOperationRecord@$0CA@@@@std@@QAEPAU?$VectorOperationRecord@$0CA@@@I@Z"",""?allocate@?$allocator@U?$VectorOperationRecord@$0CM@@@@std@@QAEPAU?$VectorOperationRecord@$0CM@@@I@Z"",""?allocate@?$allocator@U?$VectorOperationRecord@$0EA@@@@std@@QAEPAU?$VectorOperationRecord@$0EA@@@I@Z"",""?allocate@?$allocator@U?$VectorOperationRecord@$0FA@@@@std@@QAEPAU?$VectorOperationRecord@$0FA@@@I@Z"",""?allocate@?$allocator@U?$VectorOperationRecord@$0HE@@@@std@@QAEPAU?$VectorOperationRecord@$0HE@@@I@Z""]",76fb3dabc7b7eea5850822eba2d953b3b8e0320e33383773c37a3afd919292f3,1e9268fefc1f0ccf8d8fd07cc6932a8b6d06e6f8fa6a34367e20201336c5580d,"[{""offset"":14,""type"":""REL32"",""symbol"":""??$_Allocate@K@std@@YAPAKIPAK@Z"",""addend"":0,""target_address"":""0x0040A8C0""}]",0,child,0x004097E0,78,,R090
0x0040A8C0,20,??$_Allocate,??$_Allocate@K@std@@YAPAKIPAK@Z,"[""??$_Allocate@K@std@@YAPAKIPAK@Z"",""??$_Allocate@M@std@@YAPAMIPAM@Z"",""??$_Allocate@PAX@std@@YAPAPAXIPAPAX@Z"",""??$_Allocate@U?$VectorOperationRecord@$03@@@std@@YAPAU?$VectorOperationRecord@$03@@IPAU1@@Z""]",46d179bc7089064574a65de94c364d1767142c0ccb8f6d0062d856054d090878,d74aeedf65b3df955af0b219db7bed8f949724079ce8103dc6a74b9cebacf69a,"[{""offset"":11,""type"":""REL32"",""symbol"":""??2@YAPAXI@Z"",""addend"":0,""target_address"":""0x0064159D""}]",0,child,0x0040A000,14,,R090
0x0040DC90,42,??0?$vector,??0?$vector@U?$VectorOperationRecord@$0CM@@@V?$allocator@U?$VectorOperationRecord@$0CM@@@@std@@@std@@QAE@XZ,"[""??0?$vector@EV?$allocator@E@std@@@std@@QAE@XZ"",""??0?$vector@GV?$allocator@G@std@@@std@@QAE@XZ"",""??0?$vector@KV?$allocator@K@std@@@std@@QAE@XZ"",""??0?$vector@MV?$allocator@M@std@@@std@@QAE@XZ"",""??0?$vector@NV?$allocator@N@std@@@std@@QAE@XZ"",""??0?$vector@PAXV?$allocator@PAX@std@@@std@@QAE@XZ"",""??0?$vector@U?$VectorOperationRecord@$00@@V?$allocator@U?$VectorOperationRecord@$00@@@std@@@std@@QAE@XZ"",""??0?$vector@U?$VectorOperationRecord@$01@@V?$allocator@U?$VectorOperationRecord@$01@@@std@@@std@@QAE@XZ"",""??0?$vector@U?$VectorOperationRecord@$03@@V?$allocator@U?$VectorOperationRecord@$03@@@std@@@std@@QAE@XZ"",""??0?$vector@U?$VectorOperationRecord@$07@@V?$allocator@U?$VectorOperationRecord@$07@@@std@@@std@@QAE@XZ"",""??0?$vector@U?$VectorOperationRecord@$0BA@@@V?$allocator@U?$VectorOperationRecord@$0BA@@@@std@@@std@@QAE@XZ"",""??0?$vector@U?$VectorOperationRecord@$0CA@@@V?$allocator@U?$VectorOperationRecord@$0CA@@@@std@@@std@@QAE@XZ"",""??0?$vector@U?$VectorOperationRecord@$0CM@@@V?$allocator@U?$VectorOperationRecord@$0CM@@@@std@@@std@@QAE@XZ"",""??0?$vector@U?$VectorOperationRecord@$0EA@@@V?$allocator@U?$VectorOperationRecord@$0EA@@@@std@@@std@@QAE@XZ"",""??0?$vector@U?$VectorOperationRecord@$0FA@@@V?$allocator@U?$VectorOperationRecord@$0FA@@@@std@@@std@@QAE@XZ"",""??0?$vector@U?$VectorOperationRecord@$0HE@@@V?$allocator@U?$VectorOperationRecord@$0HE@@@@std@@@std@@QAE@XZ""]",631130b9f6e7d59ff30d1b9591ba4e1e1f2dcc6b3070b7e39df9b95f14b3946e,d0165ae4901208566860cdc7cdb57638198ecdaa659171f5a2344b79b5cfa695,"[{""offset"":13,""type"":""REL32"",""symbol"":""??0?$allocator@U?$VectorOperationRecord@$0CM@@@@std@@QAE@XZ"",""addend"":0,""target_address"":""0x0040E1E0""},{""offset"":21,""type"":""REL32"",""symbol"":""??0?$_Vector_val@U?$VectorOperationRecord@$0CM@@@V?$allocator@U?$VectorOperationRecord@$0CM@@@@std@@@std@@IAE@V?$allocator@U?$VectorOperationRecord@$0CM@@@@1@@Z"",""addend"":0,""target_address"":""0x0040E1C0""},{""offset"":31,""type"":""REL32"",""symbol"":""?_Buy@?$vector@U?$VectorOperationRecord@$0CM@@@V?$allocator@U?$VectorOperationRecord@$0CM@@@@std@@@std@@IAE_NI@Z"",""addend"":0,""target_address"":""0x0040E0A0""}]",0,constructor,,,0x0040E0A0,R090
0x0040DE50,42,??0?$vector,??0?$vector@KV?$allocator@K@std@@@std@@QAE@XZ,"[""??0?$vector@EV?$allocator@E@std@@@std@@QAE@XZ"",""??0?$vector@GV?$allocator@G@std@@@std@@QAE@XZ"",""??0?$vector@KV?$allocator@K@std@@@std@@QAE@XZ"",""??0?$vector@MV?$allocator@M@std@@@std@@QAE@XZ"",""??0?$vector@NV?$allocator@N@std@@@std@@QAE@XZ"",""??0?$vector@PAXV?$allocator@PAX@std@@@std@@QAE@XZ"",""??0?$vector@U?$VectorOperationRecord@$00@@V?$allocator@U?$VectorOperationRecord@$00@@@std@@@std@@QAE@XZ"",""??0?$vector@U?$VectorOperationRecord@$01@@V?$allocator@U?$VectorOperationRecord@$01@@@std@@@std@@QAE@XZ"",""??0?$vector@U?$VectorOperationRecord@$03@@V?$allocator@U?$VectorOperationRecord@$03@@@std@@@std@@QAE@XZ"",""??0?$vector@U?$VectorOperationRecord@$07@@V?$allocator@U?$VectorOperationRecord@$07@@@std@@@std@@QAE@XZ"",""??0?$vector@U?$VectorOperationRecord@$0BA@@@V?$allocator@U?$VectorOperationRecord@$0BA@@@@std@@@std@@QAE@XZ"",""??0?$vector@U?$VectorOperationRecord@$0CA@@@V?$allocator@U?$VectorOperationRecord@$0CA@@@@std@@@std@@QAE@XZ"",""??0?$vector@U?$VectorOperationRecord@$0CM@@@V?$allocator@U?$VectorOperationRecord@$0CM@@@@std@@@std@@QAE@XZ"",""??0?$vector@U?$VectorOperationRecord@$0EA@@@V?$allocator@U?$VectorOperationRecord@$0EA@@@@std@@@std@@QAE@XZ"",""??0?$vector@U?$VectorOperationRecord@$0FA@@@V?$allocator@U?$VectorOperationRecord@$0FA@@@@std@@@std@@QAE@XZ"",""??0?$vector@U?$VectorOperationRecord@$0HE@@@V?$allocator@U?$VectorOperationRecord@$0HE@@@@std@@@std@@QAE@XZ""]",631130b9f6e7d59ff30d1b9591ba4e1e1f2dcc6b3070b7e39df9b95f14b3946e,6503a993b22a2e8ba08d6063fe574aaf166acde864f736c23064f40e50f467a4,"[{""offset"":13,""type"":""REL32"",""symbol"":""??0?$allocator@K@std@@QAE@XZ"",""addend"":0,""target_address"":""0x0040E380""},{""offset"":21,""type"":""REL32"",""symbol"":""??0?$_Vector_val@KV?$allocator@K@std@@@std@@IAE@V?$allocator@K@1@@Z"",""addend"":0,""target_address"":""0x0040E360""},{""offset"":31,""type"":""REL32"",""symbol"":""?_Buy@?$vector@KV?$allocator@K@std@@@std@@IAE_NI@Z"",""addend"":0,""target_address"":""0x0040E270""}]",0,constructor,,,0x0040E270,R090
0x0040E1C0,28,??0?$_Vector_val,??0?$_Vector_val@U?$VectorOperationRecord@$0CM@@@V?$allocator@U?$VectorOperationRecord@$0CM@@@@std@@@std@@IAE@V?$allocator@U?$VectorOperationRecord@$0CM@@@@1@@Z,"[""??0?$_Vector_val@EV?$allocator@E@std@@@std@@IAE@V?$allocator@E@1@@Z"",""??0?$_Vector_val@GV?$allocator@G@std@@@std@@IAE@V?$allocator@G@1@@Z"",""??0?$_Vector_val@KV?$allocator@K@std@@@std@@IAE@V?$allocator@K@1@@Z"",""??0?$_Vector_val@MV?$allocator@M@std@@@std@@IAE@V?$allocator@M@1@@Z"",""??0?$_Vector_val@NV?$allocator@N@std@@@std@@IAE@V?$allocator@N@1@@Z"",""??0?$_Vector_val@PAXV?$allocator@PAX@std@@@std@@IAE@V?$allocator@PAX@1@@Z"",""??0?$_Vector_val@U?$VectorOperationRecord@$00@@V?$allocator@U?$VectorOperationRecord@$00@@@std@@@std@@IAE@V?$allocator@U?$VectorOperationRecord@$00@@@1@@Z"",""??0?$_Vector_val@U?$VectorOperationRecord@$01@@V?$allocator@U?$VectorOperationRecord@$01@@@std@@@std@@IAE@V?$allocator@U?$VectorOperationRecord@$01@@@1@@Z"",""??0?$_Vector_val@U?$VectorOperationRecord@$03@@V?$allocator@U?$VectorOperationRecord@$03@@@std@@@std@@IAE@V?$allocator@U?$VectorOperationRecord@$03@@@1@@Z"",""??0?$_Vector_val@U?$VectorOperationRecord@$07@@V?$allocator@U?$VectorOperationRecord@$07@@@std@@@std@@IAE@V?$allocator@U?$VectorOperationRecord@$07@@@1@@Z"",""??0?$_Vector_val@U?$VectorOperationRecord@$0BA@@@V?$allocator@U?$VectorOperationRecord@$0BA@@@@std@@@std@@IAE@V?$allocator@U?$VectorOperationRecord@$0BA@@@@1@@Z"",""??0?$_Vector_val@U?$VectorOperationRecord@$0CA@@@V?$allocator@U?$VectorOperationRecord@$0CA@@@@std@@@std@@IAE@V?$allocator@U?$VectorOperationRecord@$0CA@@@@1@@Z"",""??0?$_Vector_val@U?$VectorOperationRecord@$0CM@@@V?$allocator@U?$VectorOperationRecord@$0CM@@@@std@@@std@@IAE@V?$allocator@U?$VectorOperationRecord@$0CM@@@@1@@Z"",""??0?$_Vector_val@U?$VectorOperationRecord@$0EA@@@V?$allocator@U?$VectorOperationRecord@$0EA@@@@std@@@std@@IAE@V?$allocator@U?$VectorOperationRecord@$0EA@@@@1@@Z"",""??0?$_Vector_val@U?$VectorOperationRecord@$0FA@@@V?$allocator@U?$VectorOperationRecord@$0FA@@@@std@@@std@@IAE@V?$allocator@U?$VectorOperationRecord@$0FA@@@@1@@Z"",""??0?$_Vector_val@U?$VectorOperationRecord@$0HE@@@V?$allocator@U?$VectorOperationRecord@$0HE@@@@std@@@std@@IAE@V?$allocator@U?$VectorOperationRecord@$0HE@@@@1@@Z""]",5a5bc7571b31897ab7b4704700b6d6b4d822e8789a3d0fe9b04b456b4a95f896,b4eae91d25e5d62ad2e1162d40999ba40129b196a26f8ec3546e0a29eaf4890b,"[{""offset"":15,""type"":""REL32"",""symbol"":""??0?$allocator@U?$VectorOperationRecord@$0CM@@@@std@@QAE@ABV01@@Z"",""addend"":0,""target_address"":""0x0040E630""}]",0,child,0x0040DC90,21,,R090
0x0040E1E0,14,??0?$allocator,??0?$allocator@U?$VectorOperationRecord@$0CM@@@@std@@QAE@XZ,"[""??0?$allocator@D@std@@QAE@XZ"",""??0?$allocator@E@std@@QAE@XZ"",""??0?$allocator@G@std@@QAE@XZ"",""??0?$allocator@K@std@@QAE@XZ"",""??0?$allocator@M@std@@QAE@XZ"",""??0?$allocator@N@std@@QAE@XZ"",""??0?$allocator@PAX@std@@QAE@XZ"",""??0?$allocator@U?$VectorOperationRecord@$00@@@std@@QAE@XZ"",""??0?$allocator@U?$VectorOperationRecord@$01@@@std@@QAE@XZ"",""??0?$allocator@U?$VectorOperationRecord@$03@@@std@@QAE@XZ"",""??0?$allocator@U?$VectorOperationRecord@$07@@@std@@QAE@XZ"",""??0?$allocator@U?$VectorOperationRecord@$0BA@@@@std@@QAE@XZ"",""??0?$allocator@U?$VectorOperationRecord@$0CA@@@@std@@QAE@XZ"",""??0?$allocator@U?$VectorOperationRecord@$0CM@@@@std@@QAE@XZ"",""??0?$allocator@U?$VectorOperationRecord@$0EA@@@@std@@QAE@XZ"",""??0?$allocator@U?$VectorOperationRecord@$0FA@@@@std@@QAE@XZ"",""??0?$allocator@U?$VectorOperationRecord@$0HE@@@@std@@QAE@XZ""]",befca35709395b425403c72a706d2f3c715162ad22664d93df30e0255a4d4e8c,befca35709395b425403c72a706d2f3c715162ad22664d93df30e0255a4d4e8c,[],0,child,0x0040DC90,13,,R090
0x0040E360,28,??0?$_Vector_val,??0?$_Vector_val@KV?$allocator@K@std@@@std@@IAE@V?$allocator@K@1@@Z,"[""??0?$_Vector_val@EV?$allocator@E@std@@@std@@IAE@V?$allocator@E@1@@Z"",""??0?$_Vector_val@GV?$allocator@G@std@@@std@@IAE@V?$allocator@G@1@@Z"",""??0?$_Vector_val@KV?$allocator@K@std@@@std@@IAE@V?$allocator@K@1@@Z"",""??0?$_Vector_val@MV?$allocator@M@std@@@std@@IAE@V?$allocator@M@1@@Z"",""??0?$_Vector_val@NV?$allocator@N@std@@@std@@IAE@V?$allocator@N@1@@Z"",""??0?$_Vector_val@PAXV?$allocator@PAX@std@@@std@@IAE@V?$allocator@PAX@1@@Z"",""??0?$_Vector_val@U?$VectorOperationRecord@$00@@V?$allocator@U?$VectorOperationRecord@$00@@@std@@@std@@IAE@V?$allocator@U?$VectorOperationRecord@$00@@@1@@Z"",""??0?$_Vector_val@U?$VectorOperationRecord@$01@@V?$allocator@U?$VectorOperationRecord@$01@@@std@@@std@@IAE@V?$allocator@U?$VectorOperationRecord@$01@@@1@@Z"",""??0?$_Vector_val@U?$VectorOperationRecord@$03@@V?$allocator@U?$VectorOperationRecord@$03@@@std@@@std@@IAE@V?$allocator@U?$VectorOperationRecord@$03@@@1@@Z"",""??0?$_Vector_val@U?$VectorOperationRecord@$07@@V?$allocator@U?$VectorOperationRecord@$07@@@std@@@std@@IAE@V?$allocator@U?$VectorOperationRecord@$07@@@1@@Z"",""??0?$_Vector_val@U?$VectorOperationRecord@$0BA@@@V?$allocator@U?$VectorOperationRecord@$0BA@@@@std@@@std@@IAE@V?$allocator@U?$VectorOperationRecord@$0BA@@@@1@@Z"",""??0?$_Vector_val@U?$VectorOperationRecord@$0CA@@@V?$allocator@U?$VectorOperationRecord@$0CA@@@@std@@@std@@IAE@V?$allocator@U?$VectorOperationRecord@$0CA@@@@1@@Z"",""??0?$_Vector_val@U?$VectorOperationRecord@$0CM@@@V?$allocator@U?$VectorOperationRecord@$0CM@@@@std@@@std@@IAE@V?$allocator@U?$VectorOperationRecord@$0CM@@@@1@@Z"",""??0?$_Vector_val@U?$VectorOperationRecord@$0EA@@@V?$allocator@U?$VectorOperationRecord@$0EA@@@@std@@@std@@IAE@V?$allocator@U?$VectorOperationRecord@$0EA@@@@1@@Z"",""??0?$_Vector_val@U?$VectorOperationRecord@$0FA@@@V?$allocator@U?$VectorOperationRecord@$0FA@@@@std@@@std@@IAE@V?$allocator@U?$VectorOperationRecord@$0FA@@@@1@@Z"",""??0?$_Vector_val@U?$VectorOperationRecord@$0HE@@@V?$allocator@U?$VectorOperationRecord@$0HE@@@@std@@@std@@IAE@V?$allocator@U?$VectorOperationRecord@$0HE@@@@1@@Z""]",5a5bc7571b31897ab7b4704700b6d6b4d822e8789a3d0fe9b04b456b4a95f896,7324e74da92786dd306b0dec88ac14a7b8dfb733b3668b0a80a1cfd8677aafa4,"[{""offset"":15,""type"":""REL32"",""symbol"":""??0?$allocator@K@std@@QAE@ABV01@@Z"",""addend"":0,""target_address"":""0x0040E7F0""}]",0,child,0x0040DE50,21,,R090
0x0040E380,14,??0?$allocator,??0?$allocator@K@std@@QAE@XZ,"[""??0?$allocator@D@std@@QAE@XZ"",""??0?$allocator@E@std@@QAE@XZ"",""??0?$allocator@G@std@@QAE@XZ"",""??0?$allocator@K@std@@QAE@XZ"",""??0?$allocator@M@std@@QAE@XZ"",""??0?$allocator@N@std@@QAE@XZ"",""??0?$allocator@PAX@std@@QAE@XZ"",""??0?$allocator@U?$VectorOperationRecord@$00@@@std@@QAE@XZ"",""??0?$allocator@U?$VectorOperationRecord@$01@@@std@@QAE@XZ"",""??0?$allocator@U?$VectorOperationRecord@$03@@@std@@QAE@XZ"",""??0?$allocator@U?$VectorOperationRecord@$07@@@std@@QAE@XZ"",""??0?$allocator@U?$VectorOperationRecord@$0BA@@@@std@@QAE@XZ"",""??0?$allocator@U?$VectorOperationRecord@$0CA@@@@std@@QAE@XZ"",""??0?$allocator@U?$VectorOperationRecord@$0CM@@@@std@@QAE@XZ"",""??0?$allocator@U?$VectorOperationRecord@$0EA@@@@std@@QAE@XZ"",""??0?$allocator@U?$VectorOperationRecord@$0FA@@@@std@@QAE@XZ"",""??0?$allocator@U?$VectorOperationRecord@$0HE@@@@std@@QAE@XZ""]",befca35709395b425403c72a706d2f3c715162ad22664d93df30e0255a4d4e8c,befca35709395b425403c72a706d2f3c715162ad22664d93df30e0255a4d4e8c,[],0,child,0x0040DE50,13,,R090
0x0040E580,19,?max_size,?max_size@?$vector@U?$VectorOperationRecord@$0CM@@@V?$allocator@U?$VectorOperationRecord@$0CM@@@@std@@@std@@QBEIXZ,"[""?max_size@?$vector@EV?$allocator@E@std@@@std@@QBEIXZ"",""?max_size@?$vector@GV?$allocator@G@std@@@std@@QBEIXZ"",""?max_size@?$vector@KV?$allocator@K@std@@@std@@QBEIXZ"",""?max_size@?$vector@MV?$allocator@M@std@@@std@@QBEIXZ"",""?max_size@?$vector@NV?$allocator@N@std@@@std@@QBEIXZ"",""?max_size@?$vector@PAXV?$allocator@PAX@std@@@std@@QBEIXZ"",""?max_size@?$vector@U?$VectorOperationRecord@$00@@V?$allocator@U?$VectorOperationRecord@$00@@@std@@@std@@QBEIXZ"",""?max_size@?$vector@U?$VectorOperationRecord@$01@@V?$allocator@U?$VectorOperationRecord@$01@@@std@@@std@@QBEIXZ"",""?max_size@?$vector@U?$VectorOperationRecord@$03@@V?$allocator@U?$VectorOperationRecord@$03@@@std@@@std@@QBEIXZ"",""?max_size@?$vector@U?$VectorOperationRecord@$07@@V?$allocator@U?$VectorOperationRecord@$07@@@std@@@std@@QBEIXZ"",""?max_size@?$vector@U?$VectorOperationRecord@$0BA@@@V?$allocator@U?$VectorOperationRecord@$0BA@@@@std@@@std@@QBEIXZ"",""?max_size@?$vector@U?$VectorOperationRecord@$0CA@@@V?$allocator@U?$VectorOperationRecord@$0CA@@@@std@@@std@@QBEIXZ"",""?max_size@?$vector@U?$VectorOperationRecord@$0CM@@@V?$allocator@U?$VectorOperationRecord@$0CM@@@@std@@@std@@QBEIXZ"",""?max_size@?$vector@U?$VectorOperationRecord@$0EA@@@V?$allocator@U?$VectorOperationRecord@$0EA@@@@std@@@std@@QBEIXZ"",""?max_size@?$vector@U?$VectorOperationRecord@$0FA@@@V?$allocator@U?$VectorOperationRecord@$0FA@@@@std@@@std@@QBEIXZ"",""?max_size@?$vector@U?$VectorOperationRecord@$0HE@@@V?$allocator@U?$VectorOperationRecord@$0HE@@@@std@@@std@@QBEIXZ""]",34d6af46dd3338abf5d997f2e605a0321d87bfe083118d27838b6e494535d81a,f0683798ff045643330b0aaed1fbe317f14b727e608d252c1eab0985586609ad,"[{""offset"":11,""type"":""REL32"",""symbol"":""?max_size@?$allocator@U?$VectorOperationRecord@$0CM@@@@std@@QBEIXZ"",""addend"":0,""target_address"":""0x0040ED80""}]",0,child,0x0040E0A0,51,,R090
0x0040E630,16,??0?$allocator,??0?$allocator@U?$VectorOperationRecord@$0CM@@@@std@@QAE@ABV01@@Z,"[""??0?$allocator@D@std@@QAE@ABV01@@Z"",""??0?$allocator@E@std@@QAE@ABV01@@Z"",""??0?$allocator@G@std@@QAE@ABV01@@Z"",""??0?$allocator@K@std@@QAE@ABV01@@Z"",""??0?$allocator@M@std@@QAE@ABV01@@Z"",""??0?$allocator@N@std@@QAE@ABV01@@Z"",""??0?$allocator@PAX@std@@QAE@ABV01@@Z"",""??0?$allocator@U?$VectorOperationRecord@$00@@@std@@QAE@ABV01@@Z"",""??0?$allocator@U?$VectorOperationRecord@$01@@@std@@QAE@ABV01@@Z"",""??0?$allocator@U?$VectorOperationRecord@$03@@@std@@QAE@ABV01@@Z"",""??0?$allocator@U?$VectorOperationRecord@$07@@@std@@QAE@ABV01@@Z"",""??0?$allocator@U?$VectorOperationRecord@$0BA@@@@std@@QAE@ABV01@@Z"",""??0?$allocator@U?$VectorOperationRecord@$0CA@@@@std@@QAE@ABV01@@Z"",""??0?$allocator@U?$VectorOperationRecord@$0CM@@@@std@@QAE@ABV01@@Z"",""??0?$allocator@U?$VectorOperationRecord@$0EA@@@@std@@QAE@ABV01@@Z"",""??0?$allocator@U?$VectorOperationRecord@$0FA@@@@std@@QAE@ABV01@@Z"",""??0?$allocator@U?$VectorOperationRecord@$0HE@@@@std@@QAE@ABV01@@Z""]",08591b9c945863c4a421e0123378c589f44fe525fd590f731e33703824d80440,08591b9c945863c4a421e0123378c589f44fe525fd590f731e33703824d80440,[],0,child,0x0040E1C0,15,,R090
0x0040E640,25,?deallocate,?deallocate@?$allocator@U?$VectorOperationRecord@$0CM@@@@std@@QAEXPAU?$VectorOperationRecord@$0CM@@@I@Z,"[""?deallocate@?$allocator@D@std@@QAEXPADI@Z"",""?deallocate@?$allocator@E@std@@QAEXPAEI@Z"",""?deallocate@?$allocator@G@std@@QAEXPAGI@Z"",""?deallocate@?$allocator@K@std@@QAEXPAKI@Z"",""?deallocate@?$allocator@M@std@@QAEXPAMI@Z"",""?deallocate@?$allocator@N@std@@QAEXPANI@Z"",""?deallocate@?$allocator@PAX@std@@QAEXPAPAXI@Z"",""?deallocate@?$allocator@U?$VectorOperationRecord@$00@@@std@@QAEXPAU?$VectorOperationRecord@$00@@I@Z"",""?deallocate@?$allocator@U?$VectorOperationRecord@$01@@@std@@QAEXPAU?$VectorOperationRecord@$01@@I@Z"",""?deallocate@?$allocator@U?$VectorOperationRecord@$03@@@std@@QAEXPAU?$VectorOperationRecord@$03@@I@Z"",""?deallocate@?$allocator@U?$VectorOperationRecord@$07@@@std@@QAEXPAU?$VectorOperationRecord@$07@@I@Z"",""?deallocate@?$allocator@U?$VectorOperationRecord@$0BA@@@@std@@QAEXPAU?$VectorOperationRecord@$0BA@@@I@Z"",""?deallocate@?$allocator@U?$VectorOperationRecord@$0CA@@@@std@@QAEXPAU?$VectorOperationRecord@$0CA@@@I@Z"",""?deallocate@?$allocator@U?$VectorOperationRecord@$0CM@@@@std@@QAEXPAU?$VectorOperationRecord@$0CM@@@I@Z"",""?deallocate@?$allocator@U?$VectorOperationRecord@$0EA@@@@std@@QAEXPAU?$VectorOperationRecord@$0EA@@@I@Z"",""?deallocate@?$allocator@U?$VectorOperationRecord@$0FA@@@@std@@QAEXPAU?$VectorOperationRecord@$0FA@@@I@Z"",""?deallocate@?$allocator@U?$VectorOperationRecord@$0HE@@@@std@@QAEXPAU?$VectorOperationRecord@$0HE@@@I@Z""]",98d8393a76ac9fbc41250c6069af9c5f734d1f3529f958ca7e72be42b1585abc,20a3df4206b7f1fdc8849826362297b37bb6ff369e049d9fae3fae891abf5e37,"[{""offset"":12,""type"":""REL32"",""symbol"":""??3@YAXPAX@Z"",""addend"":0,""target_address"":""0x00640F15""}]",0,child,0x0040E150,72,,R090
0x0040E660,27,?allocate,?allocate@?$allocator@U?$VectorOperationRecord@$0CM@@@@std@@QAEPAU?$VectorOperationRecord@$0CM@@@I@Z,"[""?allocate@?$allocator@D@std@@QAEPADI@Z"",""?allocate@?$allocator@E@std@@QAEPAEI@Z"",""?allocate@?$allocator@G@std@@QAEPAGI@Z"",""?allocate@?$allocator@K@std@@QAEPAKI@Z"",""?allocate@?$allocator@M@std@@QAEPAMI@Z"",""?allocate@?$allocator@N@std@@QAEPANI@Z"",""?allocate@?$allocator@PAX@std@@QAEPAPAXI@Z"",""?allocate@?$allocator@U?$VectorOperationRecord@$00@@@std@@QAEPAU?$VectorOperationRecord@$00@@I@Z"",""?allocate@?$allocator@U?$VectorOperationRecord@$01@@@std@@QAEPAU?$VectorOperationRecord@$01@@I@Z"",""?allocate@?$allocator@U?$VectorOperationRecord@$03@@@std@@QAEPAU?$VectorOperationRecord@$03@@I@Z"",""?allocate@?$allocator@U?$VectorOperationRecord@$07@@@std@@QAEPAU?$VectorOperationRecord@$07@@I@Z"",""?allocate@?$allocator@U?$VectorOperationRecord@$0BA@@@@std@@QAEPAU?$VectorOperationRecord@$0BA@@@I@Z"",""?allocate@?$allocator@U?$VectorOperationRecord@$0CA@@@@std@@QAEPAU?$VectorOperationRecord@$0CA@@@I@Z"",""?allocate@?$allocator@U?$VectorOperationRecord@$0CM@@@@std@@QAEPAU?$VectorOperationRecord@$0CM@@@I@Z"",""?allocate@?$allocator@U?$VectorOperationRecord@$0EA@@@@std@@QAEPAU?$VectorOperationRecord@$0EA@@@I@Z"",""?allocate@?$allocator@U?$VectorOperationRecord@$0FA@@@@std@@QAEPAU?$VectorOperationRecord@$0FA@@@I@Z"",""?allocate@?$allocator@U?$VectorOperationRecord@$0HE@@@@std@@QAEPAU?$VectorOperationRecord@$0HE@@@I@Z""]",76fb3dabc7b7eea5850822eba2d953b3b8e0320e33383773c37a3afd919292f3,8928a440e28650ce2c8cf67b98d37bab76b51f30070cbcb7e926ec411fbe1761,"[{""offset"":14,""type"":""REL32"",""symbol"":""??$_Allocate@U?$VectorOperationRecord@$0CM@@@@std@@YAPAU?$VectorOperationRecord@$0CM@@@IPAU1@@Z"",""addend"":0,""target_address"":""0x0040F2F0""}]",0,child,0x0040E0A0,78,,R090
0x0040E6A0,19,?max_size,?max_size@?$vector@KV?$allocator@K@std@@@std@@QBEIXZ,"[""?max_size@?$vector@EV?$allocator@E@std@@@std@@QBEIXZ"",""?max_size@?$vector@GV?$allocator@G@std@@@std@@QBEIXZ"",""?max_size@?$vector@KV?$allocator@K@std@@@std@@QBEIXZ"",""?max_size@?$vector@MV?$allocator@M@std@@@std@@QBEIXZ"",""?max_size@?$vector@NV?$allocator@N@std@@@std@@QBEIXZ"",""?max_size@?$vector@PAXV?$allocator@PAX@std@@@std@@QBEIXZ"",""?max_size@?$vector@U?$VectorOperationRecord@$00@@V?$allocator@U?$VectorOperationRecord@$00@@@std@@@std@@QBEIXZ"",""?max_size@?$vector@U?$VectorOperationRecord@$01@@V?$allocator@U?$VectorOperationRecord@$01@@@std@@@std@@QBEIXZ"",""?max_size@?$vector@U?$VectorOperationRecord@$03@@V?$allocator@U?$VectorOperationRecord@$03@@@std@@@std@@QBEIXZ"",""?max_size@?$vector@U?$VectorOperationRecord@$07@@V?$allocator@U?$VectorOperationRecord@$07@@@std@@@std@@QBEIXZ"",""?max_size@?$vector@U?$VectorOperationRecord@$0BA@@@V?$allocator@U?$VectorOperationRecord@$0BA@@@@std@@@std@@QBEIXZ"",""?max_size@?$vector@U?$VectorOperationRecord@$0CA@@@V?$allocator@U?$VectorOperationRecord@$0CA@@@@std@@@std@@QBEIXZ"",""?max_size@?$vector@U?$VectorOperationRecord@$0CM@@@V?$allocator@U?$VectorOperationRecord@$0CM@@@@std@@@std@@QBEIXZ"",""?max_size@?$vector@U?$VectorOperationRecord@$0EA@@@V?$allocator@U?$VectorOperationRecord@$0EA@@@@std@@@std@@QBEIXZ"",""?max_size@?$vector@U?$VectorOperationRecord@$0FA@@@V?$allocator@U?$VectorOperationRecord@$0FA@@@@std@@@std@@QBEIXZ"",""?max_size@?$vector@U?$VectorOperationRecord@$0HE@@@V?$allocator@U?$VectorOperationRecord@$0HE@@@@std@@@std@@QBEIXZ""]",34d6af46dd3338abf5d997f2e605a0321d87bfe083118d27838b6e494535d81a,8dbd1e2de1e490cb9381989505afe16aceadbdfc174c2034a9877b32ef609e2e,"[{""offset"":11,""type"":""REL32"",""symbol"":""?max_size@?$allocator@K@std@@QBEIXZ"",""addend"":0,""target_address"":""0x0040F0D0""}]",0,child,0x0040E270,51,,R090
0x0040E7F0,16,??0?$allocator,??0?$allocator@K@std@@QAE@ABV01@@Z,"[""??0?$allocator@D@std@@QAE@ABV01@@Z"",""??0?$allocator@E@std@@QAE@ABV01@@Z"",""??0?$allocator@G@std@@QAE@ABV01@@Z"",""??0?$allocator@K@std@@QAE@ABV01@@Z"",""??0?$allocator@M@std@@QAE@ABV01@@Z"",""??0?$allocator@N@std@@QAE@ABV01@@Z"",""??0?$allocator@PAX@std@@QAE@ABV01@@Z"",""??0?$allocator@U?$VectorOperationRecord@$00@@@std@@QAE@ABV01@@Z"",""??0?$allocator@U?$VectorOperationRecord@$01@@@std@@QAE@ABV01@@Z"",""??0?$allocator@U?$VectorOperationRecord@$03@@@std@@QAE@ABV01@@Z"",""??0?$allocator@U?$VectorOperationRecord@$07@@@std@@QAE@ABV01@@Z"",""??0?$allocator@U?$VectorOperationRecord@$0BA@@@@std@@QAE@ABV01@@Z"",""??0?$allocator@U?$VectorOperationRecord@$0CA@@@@std@@QAE@ABV01@@Z"",""??0?$allocator@U?$VectorOperationRecord@$0CM@@@@std@@QAE@ABV01@@Z"",""??0?$allocator@U?$VectorOperationRecord@$0EA@@@@std@@QAE@ABV01@@Z"",""??0?$allocator@U?$VectorOperationRecord@$0FA@@@@std@@QAE@ABV01@@Z"",""??0?$allocator@U?$VectorOperationRecord@$0HE@@@@std@@QAE@ABV01@@Z""]",08591b9c945863c4a421e0123378c589f44fe525fd590f731e33703824d80440,08591b9c945863c4a421e0123378c589f44fe525fd590f731e33703824d80440,[],0,child,0x0040E360,15,,R090
0x0040E800,25,?deallocate,?deallocate@?$allocator@K@std@@QAEXPAKI@Z,"[""?deallocate@?$allocator@D@std@@QAEXPADI@Z"",""?deallocate@?$allocator@E@std@@QAEXPAEI@Z"",""?deallocate@?$allocator@G@std@@QAEXPAGI@Z"",""?deallocate@?$allocator@K@std@@QAEXPAKI@Z"",""?deallocate@?$allocator@M@std@@QAEXPAMI@Z"",""?deallocate@?$allocator@N@std@@QAEXPANI@Z"",""?deallocate@?$allocator@PAX@std@@QAEXPAPAXI@Z"",""?deallocate@?$allocator@U?$VectorOperationRecord@$00@@@std@@QAEXPAU?$VectorOperationRecord@$00@@I@Z"",""?deallocate@?$allocator@U?$VectorOperationRecord@$01@@@std@@QAEXPAU?$VectorOperationRecord@$01@@I@Z"",""?deallocate@?$allocator@U?$VectorOperationRecord@$03@@@std@@QAEXPAU?$VectorOperationRecord@$03@@I@Z"",""?deallocate@?$allocator@U?$VectorOperationRecord@$07@@@std@@QAEXPAU?$VectorOperationRecord@$07@@I@Z"",""?deallocate@?$allocator@U?$VectorOperationRecord@$0BA@@@@std@@QAEXPAU?$VectorOperationRecord@$0BA@@@I@Z"",""?deallocate@?$allocator@U?$VectorOperationRecord@$0CA@@@@std@@QAEXPAU?$VectorOperationRecord@$0CA@@@I@Z"",""?deallocate@?$allocator@U?$VectorOperationRecord@$0CM@@@@std@@QAEXPAU?$VectorOperationRecord@$0CM@@@I@Z"",""?deallocate@?$allocator@U?$VectorOperationRecord@$0EA@@@@std@@QAEXPAU?$VectorOperationRecord@$0EA@@@I@Z"",""?deallocate@?$allocator@U?$VectorOperationRecord@$0FA@@@@std@@QAEXPAU?$VectorOperationRecord@$0FA@@@I@Z"",""?deallocate@?$allocator@U?$VectorOperationRecord@$0HE@@@@std@@QAEXPAU?$VectorOperationRecord@$0HE@@@I@Z""]",98d8393a76ac9fbc41250c6069af9c5f734d1f3529f958ca7e72be42b1585abc,b915af5609a4c555c79e0a9f6e3b0d63ad9728ac891de90b494d29b7a62d97a6,"[{""offset"":12,""type"":""REL32"",""symbol"":""??3@YAXPAX@Z"",""addend"":0,""target_address"":""0x00640F15""}]",0,child,0x0040E2F0,65,,R090
0x0040E820,27,?allocate,?allocate@?$allocator@K@std@@QAEPAKI@Z,"[""?allocate@?$allocator@D@std@@QAEPADI@Z"",""?allocate@?$allocator@E@std@@QAEPAEI@Z"",""?allocate@?$allocator@G@std@@QAEPAGI@Z"",""?allocate@?$allocator@K@std@@QAEPAKI@Z"",""?allocate@?$allocator@M@std@@QAEPAMI@Z"",""?allocate@?$allocator@N@std@@QAEPANI@Z"",""?allocate@?$allocator@PAX@std@@QAEPAPAXI@Z"",""?allocate@?$allocator@U?$VectorOperationRecord@$00@@@std@@QAEPAU?$VectorOperationRecord@$00@@I@Z"",""?allocate@?$allocator@U?$VectorOperationRecord@$01@@@std@@QAEPAU?$VectorOperationRecord@$01@@I@Z"",""?allocate@?$allocator@U?$VectorOperationRecord@$03@@@std@@QAEPAU?$VectorOperationRecord@$03@@I@Z"",""?allocate@?$allocator@U?$VectorOperationRecord@$07@@@std@@QAEPAU?$VectorOperationRecord@$07@@I@Z"",""?allocate@?$allocator@U?$VectorOperationRecord@$0BA@@@@std@@QAEPAU?$VectorOperationRecord@$0BA@@@I@Z"",""?allocate@?$allocator@U?$VectorOperationRecord@$0CA@@@@std@@QAEPAU?$VectorOperationRecord@$0CA@@@I@Z"",""?allocate@?$allocator@U?$VectorOperationRecord@$0CM@@@@std@@QAEPAU?$VectorOperationRecord@$0CM@@@I@Z"",""?allocate@?$allocator@U?$VectorOperationRecord@$0EA@@@@std@@QAEPAU?$VectorOperationRecord@$0EA@@@I@Z"",""?allocate@?$allocator@U?$VectorOperationRecord@$0FA@@@@std@@QAEPAU?$VectorOperationRecord@$0FA@@@I@Z"",""?allocate@?$allocator@U?$VectorOperationRecord@$0HE@@@@std@@QAEPAU?$VectorOperationRecord@$0HE@@@I@Z""]",76fb3dabc7b7eea5850822eba2d953b3b8e0320e33383773c37a3afd919292f3,8cb698f20cf95d33a1b6537803ec96d967ed98d24ad6c0da5673ccb1512c4c56,"[{""offset"":14,""type"":""REL32"",""symbol"":""??$_Allocate@K@std@@YAPAKIPAK@Z"",""addend"":0,""target_address"":""0x0040F390""}]",0,child,0x0040E270,78,,R090
0x0040F2F0,20,??$_Allocate,??$_Allocate@U?$VectorOperationRecord@$0CM@@@@std@@YAPAU?$VectorOperationRecord@$0CM@@@IPAU1@@Z,"[""??$_Allocate@U?$VectorOperationRecord@$0CM@@@@std@@YAPAU?$VectorOperationRecord@$0CM@@@IPAU1@@Z""]",d14cad6db8c89602960dbbd6fe905dccf5e5bc6f8ddf752254ea455b98f270aa,b6ecf7be0fb10f8de72b8212eb04eb02e2abc50d7701cc83c010565877f7fcd6,"[{""offset"":11,""type"":""REL32"",""symbol"":""??2@YAPAXI@Z"",""addend"":0,""target_address"":""0x0064159D""}]",0,child,0x0040E660,14,,R090
0x0040F390,20,??$_Allocate,??$_Allocate@K@std@@YAPAKIPAK@Z,"[""??$_Allocate@K@std@@YAPAKIPAK@Z"",""??$_Allocate@M@std@@YAPAMIPAM@Z"",""??$_Allocate@PAX@std@@YAPAPAXIPAPAX@Z"",""??$_Allocate@U?$VectorOperationRecord@$03@@@std@@YAPAU?$VectorOperationRecord@$03@@IPAU1@@Z""]",46d179bc7089064574a65de94c364d1767142c0ccb8f6d0062d856054d090878,a3f42e9b70f18dff55fd572d922334b334730deda2fd0e6886acef69ed3f4719,"[{""offset"":11,""type"":""REL32"",""symbol"":""??2@YAPAXI@Z"",""addend"":0,""target_address"":""0x0064159D""}]",0,child,0x0040E820,14,,R090
0x004589C0,42,??0?$vector,??0?$vector@U?$VectorOperationRecord@$0BA@@@V?$allocator@U?$VectorOperationRecord@$0BA@@@@std@@@std@@QAE@XZ,"[""??0?$vector@EV?$allocator@E@std@@@std@@QAE@XZ"",""??0?$vector@GV?$allocator@G@std@@@std@@QAE@XZ"",""??0?$vector@KV?$allocator@K@std@@@std@@QAE@XZ"",""??0?$vector@MV?$allocator@M@std@@@std@@QAE@XZ"",""??0?$vector@NV?$allocator@N@std@@@std@@QAE@XZ"",""??0?$vector@PAXV?$allocator@PAX@std@@@std@@QAE@XZ"",""??0?$vector@U?$VectorOperationRecord@$00@@V?$allocator@U?$VectorOperationRecord@$00@@@std@@@std@@QAE@XZ"",""??0?$vector@U?$VectorOperationRecord@$01@@V?$allocator@U?$VectorOperationRecord@$01@@@std@@@std@@QAE@XZ"",""??0?$vector@U?$VectorOperationRecord@$03@@V?$allocator@U?$VectorOperationRecord@$03@@@std@@@std@@QAE@XZ"",""??0?$vector@U?$VectorOperationRecord@$07@@V?$allocator@U?$VectorOperationRecord@$07@@@std@@@std@@QAE@XZ"",""??0?$vector@U?$VectorOperationRecord@$0BA@@@V?$allocator@U?$VectorOperationRecord@$0BA@@@@std@@@std@@QAE@XZ"",""??0?$vector@U?$VectorOperationRecord@$0CA@@@V?$allocator@U?$VectorOperationRecord@$0CA@@@@std@@@std@@QAE@XZ"",""??0?$vector@U?$VectorOperationRecord@$0CM@@@V?$allocator@U?$VectorOperationRecord@$0CM@@@@std@@@std@@QAE@XZ"",""??0?$vector@U?$VectorOperationRecord@$0EA@@@V?$allocator@U?$VectorOperationRecord@$0EA@@@@std@@@std@@QAE@XZ"",""??0?$vector@U?$VectorOperationRecord@$0FA@@@V?$allocator@U?$VectorOperationRecord@$0FA@@@@std@@@std@@QAE@XZ"",""??0?$vector@U?$VectorOperationRecord@$0HE@@@V?$allocator@U?$VectorOperationRecord@$0HE@@@@std@@@std@@QAE@XZ""]",631130b9f6e7d59ff30d1b9591ba4e1e1f2dcc6b3070b7e39df9b95f14b3946e,773590c7a062288a2460bf0e52bb8c1aa98eeca5fa0c9c469f7cce2438ffe718,"[{""offset"":13,""type"":""REL32"",""symbol"":""??0?$allocator@U?$VectorOperationRecord@$0BA@@@@std@@QAE@XZ"",""addend"":0,""target_address"":""0x00458E60""},{""offset"":21,""type"":""REL32"",""symbol"":""??0?$_Vector_val@U?$VectorOperationRecord@$0BA@@@V?$allocator@U?$VectorOperationRecord@$0BA@@@@std@@@std@@IAE@V?$allocator@U?$VectorOperationRecord@$0BA@@@@1@@Z"",""addend"":0,""target_address"":""0x00458E40""},{""offset"":31,""type"":""REL32"",""symbol"":""?_Buy@?$vector@U?$VectorOperationRecord@$0BA@@@V?$allocator@U?$VectorOperationRecord@$0BA@@@@std@@@std@@IAE_NI@Z"",""addend"":0,""target_address"":""0x00458D20""}]",0,constructor,,,0x00458D20,R090
0x00458AA0,42,??0?$vector,??0?$vector@U?$VectorOperationRecord@$0HE@@@V?$allocator@U?$VectorOperationRecord@$0HE@@@@std@@@std@@QAE@XZ,"[""??0?$vector@EV?$allocator@E@std@@@std@@QAE@XZ"",""??0?$vector@GV?$allocator@G@std@@@std@@QAE@XZ"",""??0?$vector@KV?$allocator@K@std@@@std@@QAE@XZ"",""??0?$vector@MV?$allocator@M@std@@@std@@QAE@XZ"",""??0?$vector@NV?$allocator@N@std@@@std@@QAE@XZ"",""??0?$vector@PAXV?$allocator@PAX@std@@@std@@QAE@XZ"",""??0?$vector@U?$VectorOperationRecord@$00@@V?$allocator@U?$VectorOperationRecord@$00@@@std@@@std@@QAE@XZ"",""??0?$vector@U?$VectorOperationRecord@$01@@V?$allocator@U?$VectorOperationRecord@$01@@@std@@@std@@QAE@XZ"",""??0?$vector@U?$VectorOperationRecord@$03@@V?$allocator@U?$VectorOperationRecord@$03@@@std@@@std@@QAE@XZ"",""??0?$vector@U?$VectorOperationRecord@$07@@V?$allocator@U?$VectorOperationRecord@$07@@@std@@@std@@QAE@XZ"",""??0?$vector@U?$VectorOperationRecord@$0BA@@@V?$allocator@U?$VectorOperationRecord@$0BA@@@@std@@@std@@QAE@XZ"",""??0?$vector@U?$VectorOperationRecord@$0CA@@@V?$allocator@U?$VectorOperationRecord@$0CA@@@@std@@@std@@QAE@XZ"",""??0?$vector@U?$VectorOperationRecord@$0CM@@@V?$allocator@U?$VectorOperationRecord@$0CM@@@@std@@@std@@QAE@XZ"",""??0?$vector@U?$VectorOperationRecord@$0EA@@@V?$allocator@U?$VectorOperationRecord@$0EA@@@@std@@@std@@QAE@XZ"",""??0?$vector@U?$VectorOperationRecord@$0FA@@@V?$allocator@U?$VectorOperationRecord@$0FA@@@@std@@@std@@QAE@XZ"",""??0?$vector@U?$VectorOperationRecord@$0HE@@@V?$allocator@U?$VectorOperationRecord@$0HE@@@@std@@@std@@QAE@XZ""]",631130b9f6e7d59ff30d1b9591ba4e1e1f2dcc6b3070b7e39df9b95f14b3946e,c31b4240c51d9d41ec8fa0e451bc398b0d1df2386580c57751a52be715cec804,"[{""offset"":13,""type"":""REL32"",""symbol"":""??0?$allocator@U?$VectorOperationRecord@$0HE@@@@std@@QAE@XZ"",""addend"":0,""target_address"":""0x00459050""},{""offset"":21,""type"":""REL32"",""symbol"":""??0?$_Vector_val@U?$VectorOperationRecord@$0HE@@@V?$allocator@U?$VectorOperationRecord@$0HE@@@@std@@@std@@IAE@V?$allocator@U?$VectorOperationRecord@$0HE@@@@1@@Z"",""addend"":0,""target_address"":""0x00459030""},{""offset"":31,""type"":""REL32"",""symbol"":""?_Buy@?$vector@U?$VectorOperationRecord@$0HE@@@V?$allocator@U?$VectorOperationRecord@$0HE@@@@std@@@std@@IAE_NI@Z"",""addend"":0,""target_address"":""0x00458F40""}]",0,constructor,,,0x00458F40,R090
0x00458B70,42,??0?$vector,??0?$vector@KV?$allocator@K@std@@@std@@QAE@XZ,"[""??0?$vector@EV?$allocator@E@std@@@std@@QAE@XZ"",""??0?$vector@GV?$allocator@G@std@@@std@@QAE@XZ"",""??0?$vector@KV?$allocator@K@std@@@std@@QAE@XZ"",""??0?$vector@MV?$allocator@M@std@@@std@@QAE@XZ"",""??0?$vector@NV?$allocator@N@std@@@std@@QAE@XZ"",""??0?$vector@PAXV?$allocator@PAX@std@@@std@@QAE@XZ"",""??0?$vector@U?$VectorOperationRecord@$00@@V?$allocator@U?$VectorOperationRecord@$00@@@std@@@std@@QAE@XZ"",""??0?$vector@U?$VectorOperationRecord@$01@@V?$allocator@U?$VectorOperationRecord@$01@@@std@@@std@@QAE@XZ"",""??0?$vector@U?$VectorOperationRecord@$03@@V?$allocator@U?$VectorOperationRecord@$03@@@std@@@std@@QAE@XZ"",""??0?$vector@U?$VectorOperationRecord@$07@@V?$allocator@U?$VectorOperationRecord@$07@@@std@@@std@@QAE@XZ"",""??0?$vector@U?$VectorOperationRecord@$0BA@@@V?$allocator@U?$VectorOperationRecord@$0BA@@@@std@@@std@@QAE@XZ"",""??0?$vector@U?$VectorOperationRecord@$0CA@@@V?$allocator@U?$VectorOperationRecord@$0CA@@@@std@@@std@@QAE@XZ"",""??0?$vector@U?$VectorOperationRecord@$0CM@@@V?$allocator@U?$VectorOperationRecord@$0CM@@@@std@@@std@@QAE@XZ"",""??0?$vector@U?$VectorOperationRecord@$0EA@@@V?$allocator@U?$VectorOperationRecord@$0EA@@@@std@@@std@@QAE@XZ"",""??0?$vector@U?$VectorOperationRecord@$0FA@@@V?$allocator@U?$VectorOperationRecord@$0FA@@@@std@@@std@@QAE@XZ"",""??0?$vector@U?$VectorOperationRecord@$0HE@@@V?$allocator@U?$VectorOperationRecord@$0HE@@@@std@@@std@@QAE@XZ""]",631130b9f6e7d59ff30d1b9591ba4e1e1f2dcc6b3070b7e39df9b95f14b3946e,9b4d4e2858e9e201b6e9907d9d57c1770a76182502bdeeebe1ec11fdf9b45b04,"[{""offset"":13,""type"":""REL32"",""symbol"":""??0?$allocator@K@std@@QAE@XZ"",""addend"":0,""target_address"":""0x004591D0""},{""offset"":21,""type"":""REL32"",""symbol"":""??0?$_Vector_val@KV?$allocator@K@std@@@std@@IAE@V?$allocator@K@1@@Z"",""addend"":0,""target_address"":""0x004591B0""},{""offset"":31,""type"":""REL32"",""symbol"":""?_Buy@?$vector@KV?$allocator@K@std@@@std@@IAE_NI@Z"",""addend"":0,""target_address"":""0x004590C0""}]",0,constructor,,,0x004590C0,R090
0x00458E40,28,??0?$_Vector_val,??0?$_Vector_val@U?$VectorOperationRecord@$0BA@@@V?$allocator@U?$VectorOperationRecord@$0BA@@@@std@@@std@@IAE@V?$allocator@U?$VectorOperationRecord@$0BA@@@@1@@Z,"[""??0?$_Vector_val@EV?$allocator@E@std@@@std@@IAE@V?$allocator@E@1@@Z"",""??0?$_Vector_val@GV?$allocator@G@std@@@std@@IAE@V?$allocator@G@1@@Z"",""??0?$_Vector_val@KV?$allocator@K@std@@@std@@IAE@V?$allocator@K@1@@Z"",""??0?$_Vector_val@MV?$allocator@M@std@@@std@@IAE@V?$allocator@M@1@@Z"",""??0?$_Vector_val@NV?$allocator@N@std@@@std@@IAE@V?$allocator@N@1@@Z"",""??0?$_Vector_val@PAXV?$allocator@PAX@std@@@std@@IAE@V?$allocator@PAX@1@@Z"",""??0?$_Vector_val@U?$VectorOperationRecord@$00@@V?$allocator@U?$VectorOperationRecord@$00@@@std@@@std@@IAE@V?$allocator@U?$VectorOperationRecord@$00@@@1@@Z"",""??0?$_Vector_val@U?$VectorOperationRecord@$01@@V?$allocator@U?$VectorOperationRecord@$01@@@std@@@std@@IAE@V?$allocator@U?$VectorOperationRecord@$01@@@1@@Z"",""??0?$_Vector_val@U?$VectorOperationRecord@$03@@V?$allocator@U?$VectorOperationRecord@$03@@@std@@@std@@IAE@V?$allocator@U?$VectorOperationRecord@$03@@@1@@Z"",""??0?$_Vector_val@U?$VectorOperationRecord@$07@@V?$allocator@U?$VectorOperationRecord@$07@@@std@@@std@@IAE@V?$allocator@U?$VectorOperationRecord@$07@@@1@@Z"",""??0?$_Vector_val@U?$VectorOperationRecord@$0BA@@@V?$allocator@U?$VectorOperationRecord@$0BA@@@@std@@@std@@IAE@V?$allocator@U?$VectorOperationRecord@$0BA@@@@1@@Z"",""??0?$_Vector_val@U?$VectorOperationRecord@$0CA@@@V?$allocator@U?$VectorOperationRecord@$0CA@@@@std@@@std@@IAE@V?$allocator@U?$VectorOperationRecord@$0CA@@@@1@@Z"",""??0?$_Vector_val@U?$VectorOperationRecord@$0CM@@@V?$allocator@U?$VectorOperationRecord@$0CM@@@@std@@@std@@IAE@V?$allocator@U?$VectorOperationRecord@$0CM@@@@1@@Z"",""??0?$_Vector_val@U?$VectorOperationRecord@$0EA@@@V?$allocator@U?$VectorOperationRecord@$0EA@@@@std@@@std@@IAE@V?$allocator@U?$VectorOperationRecord@$0EA@@@@1@@Z"",""??0?$_Vector_val@U?$VectorOperationRecord@$0FA@@@V?$allocator@U?$VectorOperationRecord@$0FA@@@@std@@@std@@IAE@V?$allocator@U?$VectorOperationRecord@$0FA@@@@1@@Z"",""??0?$_Vector_val@U?$VectorOperationRecord@$0HE@@@V?$allocator@U?$VectorOperationRecord@$0HE@@@@std@@@std@@IAE@V?$allocator@U?$VectorOperationRecord@$0HE@@@@1@@Z""]",5a5bc7571b31897ab7b4704700b6d6b4d822e8789a3d0fe9b04b456b4a95f896,9a1da2f95316dba1775807e22121337f8ce257c373369f16f3efc8755caaef73,"[{""offset"":15,""type"":""REL32"",""symbol"":""??0?$allocator@U?$VectorOperationRecord@$0BA@@@@std@@QAE@ABV01@@Z"",""addend"":0,""target_address"":""0x00459840""}]",0,child,0x004589C0,21,,R090
0x00458E60,14,??0?$allocator,??0?$allocator@U?$VectorOperationRecord@$0BA@@@@std@@QAE@XZ,"[""??0?$allocator@D@std@@QAE@XZ"",""??0?$allocator@E@std@@QAE@XZ"",""??0?$allocator@G@std@@QAE@XZ"",""??0?$allocator@K@std@@QAE@XZ"",""??0?$allocator@M@std@@QAE@XZ"",""??0?$allocator@N@std@@QAE@XZ"",""??0?$allocator@PAX@std@@QAE@XZ"",""??0?$allocator@U?$VectorOperationRecord@$00@@@std@@QAE@XZ"",""??0?$allocator@U?$VectorOperationRecord@$01@@@std@@QAE@XZ"",""??0?$allocator@U?$VectorOperationRecord@$03@@@std@@QAE@XZ"",""??0?$allocator@U?$VectorOperationRecord@$07@@@std@@QAE@XZ"",""??0?$allocator@U?$VectorOperationRecord@$0BA@@@@std@@QAE@XZ"",""??0?$allocator@U?$VectorOperationRecord@$0CA@@@@std@@QAE@XZ"",""??0?$allocator@U?$VectorOperationRecord@$0CM@@@@std@@QAE@XZ"",""??0?$allocator@U?$VectorOperationRecord@$0EA@@@@std@@QAE@XZ"",""??0?$allocator@U?$VectorOperationRecord@$0FA@@@@std@@QAE@XZ"",""??0?$allocator@U?$VectorOperationRecord@$0HE@@@@std@@QAE@XZ""]",befca35709395b425403c72a706d2f3c715162ad22664d93df30e0255a4d4e8c,befca35709395b425403c72a706d2f3c715162ad22664d93df30e0255a4d4e8c,[],0,child,0x004589C0,13,,R090
0x00459030,28,??0?$_Vector_val,??0?$_Vector_val@U?$VectorOperationRecord@$0HE@@@V?$allocator@U?$VectorOperationRecord@$0HE@@@@std@@@std@@IAE@V?$allocator@U?$VectorOperationRecord@$0HE@@@@1@@Z,"[""??0?$_Vector_val@EV?$allocator@E@std@@@std@@IAE@V?$allocator@E@1@@Z"",""??0?$_Vector_val@GV?$allocator@G@std@@@std@@IAE@V?$allocator@G@1@@Z"",""??0?$_Vector_val@KV?$allocator@K@std@@@std@@IAE@V?$allocator@K@1@@Z"",""??0?$_Vector_val@MV?$allocator@M@std@@@std@@IAE@V?$allocator@M@1@@Z"",""??0?$_Vector_val@NV?$allocator@N@std@@@std@@IAE@V?$allocator@N@1@@Z"",""??0?$_Vector_val@PAXV?$allocator@PAX@std@@@std@@IAE@V?$allocator@PAX@1@@Z"",""??0?$_Vector_val@U?$VectorOperationRecord@$00@@V?$allocator@U?$VectorOperationRecord@$00@@@std@@@std@@IAE@V?$allocator@U?$VectorOperationRecord@$00@@@1@@Z"",""??0?$_Vector_val@U?$VectorOperationRecord@$01@@V?$allocator@U?$VectorOperationRecord@$01@@@std@@@std@@IAE@V?$allocator@U?$VectorOperationRecord@$01@@@1@@Z"",""??0?$_Vector_val@U?$VectorOperationRecord@$03@@V?$allocator@U?$VectorOperationRecord@$03@@@std@@@std@@IAE@V?$allocator@U?$VectorOperationRecord@$03@@@1@@Z"",""??0?$_Vector_val@U?$VectorOperationRecord@$07@@V?$allocator@U?$VectorOperationRecord@$07@@@std@@@std@@IAE@V?$allocator@U?$VectorOperationRecord@$07@@@1@@Z"",""??0?$_Vector_val@U?$VectorOperationRecord@$0BA@@@V?$allocator@U?$VectorOperationRecord@$0BA@@@@std@@@std@@IAE@V?$allocator@U?$VectorOperationRecord@$0BA@@@@1@@Z"",""??0?$_Vector_val@U?$VectorOperationRecord@$0CA@@@V?$allocator@U?$VectorOperationRecord@$0CA@@@@std@@@std@@IAE@V?$allocator@U?$VectorOperationRecord@$0CA@@@@1@@Z"",""??0?$_Vector_val@U?$VectorOperationRecord@$0CM@@@V?$allocator@U?$VectorOperationRecord@$0CM@@@@std@@@std@@IAE@V?$allocator@U?$VectorOperationRecord@$0CM@@@@1@@Z"",""??0?$_Vector_val@U?$VectorOperationRecord@$0EA@@@V?$allocator@U?$VectorOperationRecord@$0EA@@@@std@@@std@@IAE@V?$allocator@U?$VectorOperationRecord@$0EA@@@@1@@Z"",""??0?$_Vector_val@U?$VectorOperationRecord@$0FA@@@V?$allocator@U?$VectorOperationRecord@$0FA@@@@std@@@std@@IAE@V?$allocator@U?$VectorOperationRecord@$0FA@@@@1@@Z"",""??0?$_Vector_val@U?$VectorOperationRecord@$0HE@@@V?$allocator@U?$VectorOperationRecord@$0HE@@@@std@@@std@@IAE@V?$allocator@U?$VectorOperationRecord@$0HE@@@@1@@Z""]",5a5bc7571b31897ab7b4704700b6d6b4d822e8789a3d0fe9b04b456b4a95f896,360512efdeb991b461b903b36fa95cce1c5f83435a8d3530320ed8791cbc1777,"[{""offset"":15,""type"":""REL32"",""symbol"":""??0?$allocator@U?$VectorOperationRecord@$0HE@@@@std@@QAE@ABV01@@Z"",""addend"":0,""target_address"":""0x00459A00""}]",0,child,0x00458AA0,21,,R090
0x00459050,14,??0?$allocator,??0?$allocator@U?$VectorOperationRecord@$0HE@@@@std@@QAE@XZ,"[""??0?$allocator@D@std@@QAE@XZ"",""??0?$allocator@E@std@@QAE@XZ"",""??0?$allocator@G@std@@QAE@XZ"",""??0?$allocator@K@std@@QAE@XZ"",""??0?$allocator@M@std@@QAE@XZ"",""??0?$allocator@N@std@@QAE@XZ"",""??0?$allocator@PAX@std@@QAE@XZ"",""??0?$allocator@U?$VectorOperationRecord@$00@@@std@@QAE@XZ"",""??0?$allocator@U?$VectorOperationRecord@$01@@@std@@QAE@XZ"",""??0?$allocator@U?$VectorOperationRecord@$03@@@std@@QAE@XZ"",""??0?$allocator@U?$VectorOperationRecord@$07@@@std@@QAE@XZ"",""??0?$allocator@U?$VectorOperationRecord@$0BA@@@@std@@QAE@XZ"",""??0?$allocator@U?$VectorOperationRecord@$0CA@@@@std@@QAE@XZ"",""??0?$allocator@U?$VectorOperationRecord@$0CM@@@@std@@QAE@XZ"",""??0?$allocator@U?$VectorOperationRecord@$0EA@@@@std@@QAE@XZ"",""??0?$allocator@U?$VectorOperationRecord@$0FA@@@@std@@QAE@XZ"",""??0?$allocator@U?$VectorOperationRecord@$0HE@@@@std@@QAE@XZ""]",befca35709395b425403c72a706d2f3c715162ad22664d93df30e0255a4d4e8c,befca35709395b425403c72a706d2f3c715162ad22664d93df30e0255a4d4e8c,[],0,child,0x00458AA0,13,,R090
0x004591B0,28,??0?$_Vector_val,??0?$_Vector_val@KV?$allocator@K@std@@@std@@IAE@V?$allocator@K@1@@Z,"[""??0?$_Vector_val@EV?$allocator@E@std@@@std@@IAE@V?$allocator@E@1@@Z"",""??0?$_Vector_val@GV?$allocator@G@std@@@std@@IAE@V?$allocator@G@1@@Z"",""??0?$_Vector_val@KV?$allocator@K@std@@@std@@IAE@V?$allocator@K@1@@Z"",""??0?$_Vector_val@MV?$allocator@M@std@@@std@@IAE@V?$allocator@M@1@@Z"",""??0?$_Vector_val@NV?$allocator@N@std@@@std@@IAE@V?$allocator@N@1@@Z"",""??0?$_Vector_val@PAXV?$allocator@PAX@std@@@std@@IAE@V?$allocator@PAX@1@@Z"",""??0?$_Vector_val@U?$VectorOperationRecord@$00@@V?$allocator@U?$VectorOperationRecord@$00@@@std@@@std@@IAE@V?$allocator@U?$VectorOperationRecord@$00@@@1@@Z"",""??0?$_Vector_val@U?$VectorOperationRecord@$01@@V?$allocator@U?$VectorOperationRecord@$01@@@std@@@std@@IAE@V?$allocator@U?$VectorOperationRecord@$01@@@1@@Z"",""??0?$_Vector_val@U?$VectorOperationRecord@$03@@V?$allocator@U?$VectorOperationRecord@$03@@@std@@@std@@IAE@V?$allocator@U?$VectorOperationRecord@$03@@@1@@Z"",""??0?$_Vector_val@U?$VectorOperationRecord@$07@@V?$allocator@U?$VectorOperationRecord@$07@@@std@@@std@@IAE@V?$allocator@U?$VectorOperationRecord@$07@@@1@@Z"",""??0?$_Vector_val@U?$VectorOperationRecord@$0BA@@@V?$allocator@U?$VectorOperationRecord@$0BA@@@@std@@@std@@IAE@V?$allocator@U?$VectorOperationRecord@$0BA@@@@1@@Z"",""??0?$_Vector_val@U?$VectorOperationRecord@$0CA@@@V?$allocator@U?$VectorOperationRecord@$0CA@@@@std@@@std@@IAE@V?$allocator@U?$VectorOperationRecord@$0CA@@@@1@@Z"",""??0?$_Vector_val@U?$VectorOperationRecord@$0CM@@@V?$allocator@U?$VectorOperationRecord@$0CM@@@@std@@@std@@IAE@V?$allocator@U?$VectorOperationRecord@$0CM@@@@1@@Z"",""??0?$_Vector_val@U?$VectorOperationRecord@$0EA@@@V?$allocator@U?$VectorOperationRecord@$0EA@@@@std@@@std@@IAE@V?$allocator@U?$VectorOperationRecord@$0EA@@@@1@@Z"",""??0?$_Vector_val@U?$VectorOperationRecord@$0FA@@@V?$allocator@U?$VectorOperationRecord@$0FA@@@@std@@@std@@IAE@V?$allocator@U?$VectorOperationRecord@$0FA@@@@1@@Z"",""??0?$_Vector_val@U?$VectorOperationRecord@$0HE@@@V?$allocator@U?$VectorOperationRecord@$0HE@@@@std@@@std@@IAE@V?$allocator@U?$VectorOperationRecord@$0HE@@@@1@@Z""]",5a5bc7571b31897ab7b4704700b6d6b4d822e8789a3d0fe9b04b456b4a95f896,daec6a532c1455c9eb92eb31d5dda660e64dee29b3b2ea0fc673cf8395757b2f,"[{""offset"":15,""type"":""REL32"",""symbol"":""??0?$allocator@K@std@@QAE@ABV01@@Z"",""addend"":0,""target_address"":""0x00459BC0""}]",0,child,0x00458B70,21,,R090
0x004591D0,14,??0?$allocator,??0?$allocator@K@std@@QAE@XZ,"[""??0?$allocator@D@std@@QAE@XZ"",""??0?$allocator@E@std@@QAE@XZ"",""??0?$allocator@G@std@@QAE@XZ"",""??0?$allocator@K@std@@QAE@XZ"",""??0?$allocator@M@std@@QAE@XZ"",""??0?$allocator@N@std@@QAE@XZ"",""??0?$allocator@PAX@std@@QAE@XZ"",""??0?$allocator@U?$VectorOperationRecord@$00@@@std@@QAE@XZ"",""??0?$allocator@U?$VectorOperationRecord@$01@@@std@@QAE@XZ"",""??0?$allocator@U?$VectorOperationRecord@$03@@@std@@QAE@XZ"",""??0?$allocator@U?$VectorOperationRecord@$07@@@std@@QAE@XZ"",""??0?$allocator@U?$VectorOperationRecord@$0BA@@@@std@@QAE@XZ"",""??0?$allocator@U?$VectorOperationRecord@$0CA@@@@std@@QAE@XZ"",""??0?$allocator@U?$VectorOperationRecord@$0CM@@@@std@@QAE@XZ"",""??0?$allocator@U?$VectorOperationRecord@$0EA@@@@std@@QAE@XZ"",""??0?$allocator@U?$VectorOperationRecord@$0FA@@@@std@@QAE@XZ"",""??0?$allocator@U?$VectorOperationRecord@$0HE@@@@std@@QAE@XZ""]",befca35709395b425403c72a706d2f3c715162ad22664d93df30e0255a4d4e8c,befca35709395b425403c72a706d2f3c715162ad22664d93df30e0255a4d4e8c,[],0,child,0x00458B70,13,,R090
0x00459460,19,?max_size,?max_size@?$vector@U?$VectorOperationRecord@$0BA@@@V?$allocator@U?$VectorOperationRecord@$0BA@@@@std@@@std@@QBEIXZ,"[""?max_size@?$vector@EV?$allocator@E@std@@@std@@QBEIXZ"",""?max_size@?$vector@GV?$allocator@G@std@@@std@@QBEIXZ"",""?max_size@?$vector@KV?$allocator@K@std@@@std@@QBEIXZ"",""?max_size@?$vector@MV?$allocator@M@std@@@std@@QBEIXZ"",""?max_size@?$vector@NV?$allocator@N@std@@@std@@QBEIXZ"",""?max_size@?$vector@PAXV?$allocator@PAX@std@@@std@@QBEIXZ"",""?max_size@?$vector@U?$VectorOperationRecord@$00@@V?$allocator@U?$VectorOperationRecord@$00@@@std@@@std@@QBEIXZ"",""?max_size@?$vector@U?$VectorOperationRecord@$01@@V?$allocator@U?$VectorOperationRecord@$01@@@std@@@std@@QBEIXZ"",""?max_size@?$vector@U?$VectorOperationRecord@$03@@V?$allocator@U?$VectorOperationRecord@$03@@@std@@@std@@QBEIXZ"",""?max_size@?$vector@U?$VectorOperationRecord@$07@@V?$allocator@U?$VectorOperationRecord@$07@@@std@@@std@@QBEIXZ"",""?max_size@?$vector@U?$VectorOperationRecord@$0BA@@@V?$allocator@U?$VectorOperationRecord@$0BA@@@@std@@@std@@QBEIXZ"",""?max_size@?$vector@U?$VectorOperationRecord@$0CA@@@V?$allocator@U?$VectorOperationRecord@$0CA@@@@std@@@std@@QBEIXZ"",""?max_size@?$vector@U?$VectorOperationRecord@$0CM@@@V?$allocator@U?$VectorOperationRecord@$0CM@@@@std@@@std@@QBEIXZ"",""?max_size@?$vector@U?$VectorOperationRecord@$0EA@@@V?$allocator@U?$VectorOperationRecord@$0EA@@@@std@@@std@@QBEIXZ"",""?max_size@?$vector@U?$VectorOperationRecord@$0FA@@@V?$allocator@U?$VectorOperationRecord@$0FA@@@@std@@@std@@QBEIXZ"",""?max_size@?$vector@U?$VectorOperationRecord@$0HE@@@V?$allocator@U?$VectorOperationRecord@$0HE@@@@std@@@std@@QBEIXZ""]",34d6af46dd3338abf5d997f2e605a0321d87bfe083118d27838b6e494535d81a,daf154ef74233c90ea76c3d578c074e494f37c78b02219c29803ca8bda83c283,"[{""offset"":11,""type"":""REL32"",""symbol"":""?max_size@?$allocator@U?$VectorOperationRecord@$0BA@@@@std@@QBEIXZ"",""addend"":0,""target_address"":""0x00459C80""}]",0,child,0x00458D20,51,,R090
0x00459840,16,??0?$allocator,??0?$allocator@U?$VectorOperationRecord@$0BA@@@@std@@QAE@ABV01@@Z,"[""??0?$allocator@D@std@@QAE@ABV01@@Z"",""??0?$allocator@E@std@@QAE@ABV01@@Z"",""??0?$allocator@G@std@@QAE@ABV01@@Z"",""??0?$allocator@K@std@@QAE@ABV01@@Z"",""??0?$allocator@M@std@@QAE@ABV01@@Z"",""??0?$allocator@N@std@@QAE@ABV01@@Z"",""??0?$allocator@PAX@std@@QAE@ABV01@@Z"",""??0?$allocator@U?$VectorOperationRecord@$00@@@std@@QAE@ABV01@@Z"",""??0?$allocator@U?$VectorOperationRecord@$01@@@std@@QAE@ABV01@@Z"",""??0?$allocator@U?$VectorOperationRecord@$03@@@std@@QAE@ABV01@@Z"",""??0?$allocator@U?$VectorOperationRecord@$07@@@std@@QAE@ABV01@@Z"",""??0?$allocator@U?$VectorOperationRecord@$0BA@@@@std@@QAE@ABV01@@Z"",""??0?$allocator@U?$VectorOperationRecord@$0CA@@@@std@@QAE@ABV01@@Z"",""??0?$allocator@U?$VectorOperationRecord@$0CM@@@@std@@QAE@ABV01@@Z"",""??0?$allocator@U?$VectorOperationRecord@$0EA@@@@std@@QAE@ABV01@@Z"",""??0?$allocator@U?$VectorOperationRecord@$0FA@@@@std@@QAE@ABV01@@Z"",""??0?$allocator@U?$VectorOperationRecord@$0HE@@@@std@@QAE@ABV01@@Z""]",08591b9c945863c4a421e0123378c589f44fe525fd590f731e33703824d80440,08591b9c945863c4a421e0123378c589f44fe525fd590f731e33703824d80440,[],0,child,0x00458E40,15,,R090
0x00459850,25,?deallocate,?deallocate@?$allocator@U?$VectorOperationRecord@$0BA@@@@std@@QAEXPAU?$VectorOperationRecord@$0BA@@@I@Z,"[""?deallocate@?$allocator@D@std@@QAEXPADI@Z"",""?deallocate@?$allocator@E@std@@QAEXPAEI@Z"",""?deallocate@?$allocator@G@std@@QAEXPAGI@Z"",""?deallocate@?$allocator@K@std@@QAEXPAKI@Z"",""?deallocate@?$allocator@M@std@@QAEXPAMI@Z"",""?deallocate@?$allocator@N@std@@QAEXPANI@Z"",""?deallocate@?$allocator@PAX@std@@QAEXPAPAXI@Z"",""?deallocate@?$allocator@U?$VectorOperationRecord@$00@@@std@@QAEXPAU?$VectorOperationRecord@$00@@I@Z"",""?deallocate@?$allocator@U?$VectorOperationRecord@$01@@@std@@QAEXPAU?$VectorOperationRecord@$01@@I@Z"",""?deallocate@?$allocator@U?$VectorOperationRecord@$03@@@std@@QAEXPAU?$VectorOperationRecord@$03@@I@Z"",""?deallocate@?$allocator@U?$VectorOperationRecord@$07@@@std@@QAEXPAU?$VectorOperationRecord@$07@@I@Z"",""?deallocate@?$allocator@U?$VectorOperationRecord@$0BA@@@@std@@QAEXPAU?$VectorOperationRecord@$0BA@@@I@Z"",""?deallocate@?$allocator@U?$VectorOperationRecord@$0CA@@@@std@@QAEXPAU?$VectorOperationRecord@$0CA@@@I@Z"",""?deallocate@?$allocator@U?$VectorOperationRecord@$0CM@@@@std@@QAEXPAU?$VectorOperationRecord@$0CM@@@I@Z"",""?deallocate@?$allocator@U?$VectorOperationRecord@$0EA@@@@std@@QAEXPAU?$VectorOperationRecord@$0EA@@@I@Z"",""?deallocate@?$allocator@U?$VectorOperationRecord@$0FA@@@@std@@QAEXPAU?$VectorOperationRecord@$0FA@@@I@Z"",""?deallocate@?$allocator@U?$VectorOperationRecord@$0HE@@@@std@@QAEXPAU?$VectorOperationRecord@$0HE@@@I@Z""]",98d8393a76ac9fbc41250c6069af9c5f734d1f3529f958ca7e72be42b1585abc,0ec312970688e64d20af83c070812e3d2597cd51f710503a84d47bfa559ae4c3,"[{""offset"":12,""type"":""REL32"",""symbol"":""??3@YAXPAX@Z"",""addend"":0,""target_address"":""0x00640F15""}]",0,child,0x00458DA0,65,,R090
0x00459870,27,?allocate,?allocate@?$allocator@U?$VectorOperationRecord@$0BA@@@@std@@QAEPAU?$VectorOperationRecord@$0BA@@@I@Z,"[""?allocate@?$allocator@D@std@@QAEPADI@Z"",""?allocate@?$allocator@E@std@@QAEPAEI@Z"",""?allocate@?$allocator@G@std@@QAEPAGI@Z"",""?allocate@?$allocator@K@std@@QAEPAKI@Z"",""?allocate@?$allocator@M@std@@QAEPAMI@Z"",""?allocate@?$allocator@N@std@@QAEPANI@Z"",""?allocate@?$allocator@PAX@std@@QAEPAPAXI@Z"",""?allocate@?$allocator@U?$VectorOperationRecord@$00@@@std@@QAEPAU?$VectorOperationRecord@$00@@I@Z"",""?allocate@?$allocator@U?$VectorOperationRecord@$01@@@std@@QAEPAU?$VectorOperationRecord@$01@@I@Z"",""?allocate@?$allocator@U?$VectorOperationRecord@$03@@@std@@QAEPAU?$VectorOperationRecord@$03@@I@Z"",""?allocate@?$allocator@U?$VectorOperationRecord@$07@@@std@@QAEPAU?$VectorOperationRecord@$07@@I@Z"",""?allocate@?$allocator@U?$VectorOperationRecord@$0BA@@@@std@@QAEPAU?$VectorOperationRecord@$0BA@@@I@Z"",""?allocate@?$allocator@U?$VectorOperationRecord@$0CA@@@@std@@QAEPAU?$VectorOperationRecord@$0CA@@@I@Z"",""?allocate@?$allocator@U?$VectorOperationRecord@$0CM@@@@std@@QAEPAU?$VectorOperationRecord@$0CM@@@I@Z"",""?allocate@?$allocator@U?$VectorOperationRecord@$0EA@@@@std@@QAEPAU?$VectorOperationRecord@$0EA@@@I@Z"",""?allocate@?$allocator@U?$VectorOperationRecord@$0FA@@@@std@@QAEPAU?$VectorOperationRecord@$0FA@@@I@Z"",""?allocate@?$allocator@U?$VectorOperationRecord@$0HE@@@@std@@QAEPAU?$VectorOperationRecord@$0HE@@@I@Z""]",76fb3dabc7b7eea5850822eba2d953b3b8e0320e33383773c37a3afd919292f3,2f23be6d0c5b852b5c0bbc53c0a783cb8ca2f24da097d930a6881b2ca2ab5a34,"[{""offset"":14,""type"":""REL32"",""symbol"":""??$_Allocate@U?$VectorOperationRecord@$0BA@@@@std@@YAPAU?$VectorOperationRecord@$0BA@@@IPAU1@@Z"",""addend"":0,""target_address"":""0x0045A7C0""}]",0,child,0x00458D20,78,,R090
0x004598B0,19,?max_size,?max_size@?$vector@U?$VectorOperationRecord@$0HE@@@V?$allocator@U?$VectorOperationRecord@$0HE@@@@std@@@std@@QBEIXZ,"[""?max_size@?$vector@EV?$allocator@E@std@@@std@@QBEIXZ"",""?max_size@?$vector@GV?$allocator@G@std@@@std@@QBEIXZ"",""?max_size@?$vector@KV?$allocator@K@std@@@std@@QBEIXZ"",""?max_size@?$vector@MV?$allocator@M@std@@@std@@QBEIXZ"",""?max_size@?$vector@NV?$allocator@N@std@@@std@@QBEIXZ"",""?max_size@?$vector@PAXV?$allocator@PAX@std@@@std@@QBEIXZ"",""?max_size@?$vector@U?$VectorOperationRecord@$00@@V?$allocator@U?$VectorOperationRecord@$00@@@std@@@std@@QBEIXZ"",""?max_size@?$vector@U?$VectorOperationRecord@$01@@V?$allocator@U?$VectorOperationRecord@$01@@@std@@@std@@QBEIXZ"",""?max_size@?$vector@U?$VectorOperationRecord@$03@@V?$allocator@U?$VectorOperationRecord@$03@@@std@@@std@@QBEIXZ"",""?max_size@?$vector@U?$VectorOperationRecord@$07@@V?$allocator@U?$VectorOperationRecord@$07@@@std@@@std@@QBEIXZ"",""?max_size@?$vector@U?$VectorOperationRecord@$0BA@@@V?$allocator@U?$VectorOperationRecord@$0BA@@@@std@@@std@@QBEIXZ"",""?max_size@?$vector@U?$VectorOperationRecord@$0CA@@@V?$allocator@U?$VectorOperationRecord@$0CA@@@@std@@@std@@QBEIXZ"",""?max_size@?$vector@U?$VectorOperationRecord@$0CM@@@V?$allocator@U?$VectorOperationRecord@$0CM@@@@std@@@std@@QBEIXZ"",""?max_size@?$vector@U?$VectorOperationRecord@$0EA@@@V?$allocator@U?$VectorOperationRecord@$0EA@@@@std@@@std@@QBEIXZ"",""?max_size@?$vector@U?$VectorOperationRecord@$0FA@@@V?$allocator@U?$VectorOperationRecord@$0FA@@@@std@@@std@@QBEIXZ"",""?max_size@?$vector@U?$VectorOperationRecord@$0HE@@@V?$allocator@U?$VectorOperationRecord@$0HE@@@@std@@@std@@QBEIXZ""]",34d6af46dd3338abf5d997f2e605a0321d87bfe083118d27838b6e494535d81a,9cce15b3b812eb2f45a775edcd470640885e8321c816445d5c284bff6500c7fe,"[{""offset"":11,""type"":""REL32"",""symbol"":""?max_size@?$allocator@U?$VectorOperationRecord@$0HE@@@@std@@QBEIXZ"",""addend"":0,""target_address"":""0x0045A100""}]",0,child,0x00458F40,51,,R090
0x00459A00,16,??0?$allocator,??0?$allocator@U?$VectorOperationRecord@$0HE@@@@std@@QAE@ABV01@@Z,"[""??0?$allocator@D@std@@QAE@ABV01@@Z"",""??0?$allocator@E@std@@QAE@ABV01@@Z"",""??0?$allocator@G@std@@QAE@ABV01@@Z"",""??0?$allocator@K@std@@QAE@ABV01@@Z"",""??0?$allocator@M@std@@QAE@ABV01@@Z"",""??0?$allocator@N@std@@QAE@ABV01@@Z"",""??0?$allocator@PAX@std@@QAE@ABV01@@Z"",""??0?$allocator@U?$VectorOperationRecord@$00@@@std@@QAE@ABV01@@Z"",""??0?$allocator@U?$VectorOperationRecord@$01@@@std@@QAE@ABV01@@Z"",""??0?$allocator@U?$VectorOperationRecord@$03@@@std@@QAE@ABV01@@Z"",""??0?$allocator@U?$VectorOperationRecord@$07@@@std@@QAE@ABV01@@Z"",""??0?$allocator@U?$VectorOperationRecord@$0BA@@@@std@@QAE@ABV01@@Z"",""??0?$allocator@U?$VectorOperationRecord@$0CA@@@@std@@QAE@ABV01@@Z"",""??0?$allocator@U?$VectorOperationRecord@$0CM@@@@std@@QAE@ABV01@@Z"",""??0?$allocator@U?$VectorOperationRecord@$0EA@@@@std@@QAE@ABV01@@Z"",""??0?$allocator@U?$VectorOperationRecord@$0FA@@@@std@@QAE@ABV01@@Z"",""??0?$allocator@U?$VectorOperationRecord@$0HE@@@@std@@QAE@ABV01@@Z""]",08591b9c945863c4a421e0123378c589f44fe525fd590f731e33703824d80440,08591b9c945863c4a421e0123378c589f44fe525fd590f731e33703824d80440,[],0,child,0x00459030,15,,R090
0x00459A10,25,?deallocate,?deallocate@?$allocator@U?$VectorOperationRecord@$0HE@@@@std@@QAEXPAU?$VectorOperationRecord@$0HE@@@I@Z,"[""?deallocate@?$allocator@D@std@@QAEXPADI@Z"",""?deallocate@?$allocator@E@std@@QAEXPAEI@Z"",""?deallocate@?$allocator@G@std@@QAEXPAGI@Z"",""?deallocate@?$allocator@K@std@@QAEXPAKI@Z"",""?deallocate@?$allocator@M@std@@QAEXPAMI@Z"",""?deallocate@?$allocator@N@std@@QAEXPANI@Z"",""?deallocate@?$allocator@PAX@std@@QAEXPAPAXI@Z"",""?deallocate@?$allocator@U?$VectorOperationRecord@$00@@@std@@QAEXPAU?$VectorOperationRecord@$00@@I@Z"",""?deallocate@?$allocator@U?$VectorOperationRecord@$01@@@std@@QAEXPAU?$VectorOperationRecord@$01@@I@Z"",""?deallocate@?$allocator@U?$VectorOperationRecord@$03@@@std@@QAEXPAU?$VectorOperationRecord@$03@@I@Z"",""?deallocate@?$allocator@U?$VectorOperationRecord@$07@@@std@@QAEXPAU?$VectorOperationRecord@$07@@I@Z"",""?deallocate@?$allocator@U?$VectorOperationRecord@$0BA@@@@std@@QAEXPAU?$VectorOperationRecord@$0BA@@@I@Z"",""?deallocate@?$allocator@U?$VectorOperationRecord@$0CA@@@@std@@QAEXPAU?$VectorOperationRecord@$0CA@@@I@Z"",""?deallocate@?$allocator@U?$VectorOperationRecord@$0CM@@@@std@@QAEXPAU?$VectorOperationRecord@$0CM@@@I@Z"",""?deallocate@?$allocator@U?$VectorOperationRecord@$0EA@@@@std@@QAEXPAU?$VectorOperationRecord@$0EA@@@I@Z"",""?deallocate@?$allocator@U?$VectorOperationRecord@$0FA@@@@std@@QAEXPAU?$VectorOperationRecord@$0FA@@@I@Z"",""?deallocate@?$allocator@U?$VectorOperationRecord@$0HE@@@@std@@QAEXPAU?$VectorOperationRecord@$0HE@@@I@Z""]",98d8393a76ac9fbc41250c6069af9c5f734d1f3529f958ca7e72be42b1585abc,12e16d6ddc3d1c679b787d6eed1b9103132f2528d6ee170bc45c032c87c4dd20,"[{""offset"":12,""type"":""REL32"",""symbol"":""??3@YAXPAX@Z"",""addend"":0,""target_address"":""0x00640F15""}]",0,child,0x00458FC0,72,,R090
0x00459A30,27,?allocate,?allocate@?$allocator@U?$VectorOperationRecord@$0HE@@@@std@@QAEPAU?$VectorOperationRecord@$0HE@@@I@Z,"[""?allocate@?$allocator@D@std@@QAEPADI@Z"",""?allocate@?$allocator@E@std@@QAEPAEI@Z"",""?allocate@?$allocator@G@std@@QAEPAGI@Z"",""?allocate@?$allocator@K@std@@QAEPAKI@Z"",""?allocate@?$allocator@M@std@@QAEPAMI@Z"",""?allocate@?$allocator@N@std@@QAEPANI@Z"",""?allocate@?$allocator@PAX@std@@QAEPAPAXI@Z"",""?allocate@?$allocator@U?$VectorOperationRecord@$00@@@std@@QAEPAU?$VectorOperationRecord@$00@@I@Z"",""?allocate@?$allocator@U?$VectorOperationRecord@$01@@@std@@QAEPAU?$VectorOperationRecord@$01@@I@Z"",""?allocate@?$allocator@U?$VectorOperationRecord@$03@@@std@@QAEPAU?$VectorOperationRecord@$03@@I@Z"",""?allocate@?$allocator@U?$VectorOperationRecord@$07@@@std@@QAEPAU?$VectorOperationRecord@$07@@I@Z"",""?allocate@?$allocator@U?$VectorOperationRecord@$0BA@@@@std@@QAEPAU?$VectorOperationRecord@$0BA@@@I@Z"",""?allocate@?$allocator@U?$VectorOperationRecord@$0CA@@@@std@@QAEPAU?$VectorOperationRecord@$0CA@@@I@Z"",""?allocate@?$allocator@U?$VectorOperationRecord@$0CM@@@@std@@QAEPAU?$VectorOperationRecord@$0CM@@@I@Z"",""?allocate@?$allocator@U?$VectorOperationRecord@$0EA@@@@std@@QAEPAU?$VectorOperationRecord@$0EA@@@I@Z"",""?allocate@?$allocator@U?$VectorOperationRecord@$0FA@@@@std@@QAEPAU?$VectorOperationRecord@$0FA@@@I@Z"",""?allocate@?$allocator@U?$VectorOperationRecord@$0HE@@@@std@@QAEPAU?$VectorOperationRecord@$0HE@@@I@Z""]",76fb3dabc7b7eea5850822eba2d953b3b8e0320e33383773c37a3afd919292f3,f168f7297c88daf4d9a815dd7645f517b200b3cb6b976463600aaa1af63ea727,"[{""offset"":14,""type"":""REL32"",""symbol"":""??$_Allocate@U?$VectorOperationRecord@$0HE@@@@std@@YAPAU?$VectorOperationRecord@$0HE@@@IPAU1@@Z"",""addend"":0,""target_address"":""0x0045A860""}]",0,child,0x00458F40,78,,R090
0x00459A70,19,?max_size,?max_size@?$vector@KV?$allocator@K@std@@@std@@QBEIXZ,"[""?max_size@?$vector@EV?$allocator@E@std@@@std@@QBEIXZ"",""?max_size@?$vector@GV?$allocator@G@std@@@std@@QBEIXZ"",""?max_size@?$vector@KV?$allocator@K@std@@@std@@QBEIXZ"",""?max_size@?$vector@MV?$allocator@M@std@@@std@@QBEIXZ"",""?max_size@?$vector@NV?$allocator@N@std@@@std@@QBEIXZ"",""?max_size@?$vector@PAXV?$allocator@PAX@std@@@std@@QBEIXZ"",""?max_size@?$vector@U?$VectorOperationRecord@$00@@V?$allocator@U?$VectorOperationRecord@$00@@@std@@@std@@QBEIXZ"",""?max_size@?$vector@U?$VectorOperationRecord@$01@@V?$allocator@U?$VectorOperationRecord@$01@@@std@@@std@@QBEIXZ"",""?max_size@?$vector@U?$VectorOperationRecord@$03@@V?$allocator@U?$VectorOperationRecord@$03@@@std@@@std@@QBEIXZ"",""?max_size@?$vector@U?$VectorOperationRecord@$07@@V?$allocator@U?$VectorOperationRecord@$07@@@std@@@std@@QBEIXZ"",""?max_size@?$vector@U?$VectorOperationRecord@$0BA@@@V?$allocator@U?$VectorOperationRecord@$0BA@@@@std@@@std@@QBEIXZ"",""?max_size@?$vector@U?$VectorOperationRecord@$0CA@@@V?$allocator@U?$VectorOperationRecord@$0CA@@@@std@@@std@@QBEIXZ"",""?max_size@?$vector@U?$VectorOperationRecord@$0CM@@@V?$allocator@U?$VectorOperationRecord@$0CM@@@@std@@@std@@QBEIXZ"",""?max_size@?$vector@U?$VectorOperationRecord@$0EA@@@V?$allocator@U?$VectorOperationRecord@$0EA@@@@std@@@std@@QBEIXZ"",""?max_size@?$vector@U?$VectorOperationRecord@$0FA@@@V?$allocator@U?$VectorOperationRecord@$0FA@@@@std@@@std@@QBEIXZ"",""?max_size@?$vector@U?$VectorOperationRecord@$0HE@@@V?$allocator@U?$VectorOperationRecord@$0HE@@@@std@@@std@@QBEIXZ""]",34d6af46dd3338abf5d997f2e605a0321d87bfe083118d27838b6e494535d81a,79cd24bd9d9d2995f623ac180908e597ecbd11e7372dc3f9580e63e76380a45f,"[{""offset"":11,""type"":""REL32"",""symbol"":""?max_size@?$allocator@K@std@@QBEIXZ"",""addend"":0,""target_address"":""0x0045A450""}]",0,child,0x004590C0,51,,R090
0x00459BC0,16,??0?$allocator,??0?$allocator@K@std@@QAE@ABV01@@Z,"[""??0?$allocator@D@std@@QAE@ABV01@@Z"",""??0?$allocator@E@std@@QAE@ABV01@@Z"",""??0?$allocator@G@std@@QAE@ABV01@@Z"",""??0?$allocator@K@std@@QAE@ABV01@@Z"",""??0?$allocator@M@std@@QAE@ABV01@@Z"",""??0?$allocator@N@std@@QAE@ABV01@@Z"",""??0?$allocator@PAX@std@@QAE@ABV01@@Z"",""??0?$allocator@U?$VectorOperationRecord@$00@@@std@@QAE@ABV01@@Z"",""??0?$allocator@U?$VectorOperationRecord@$01@@@std@@QAE@ABV01@@Z"",""??0?$allocator@U?$VectorOperationRecord@$03@@@std@@QAE@ABV01@@Z"",""??0?$allocator@U?$VectorOperationRecord@$07@@@std@@QAE@ABV01@@Z"",""??0?$allocator@U?$VectorOperationRecord@$0BA@@@@std@@QAE@ABV01@@Z"",""??0?$allocator@U?$VectorOperationRecord@$0CA@@@@std@@QAE@ABV01@@Z"",""??0?$allocator@U?$VectorOperationRecord@$0CM@@@@std@@QAE@ABV01@@Z"",""??0?$allocator@U?$VectorOperationRecord@$0EA@@@@std@@QAE@ABV01@@Z"",""??0?$allocator@U?$VectorOperationRecord@$0FA@@@@std@@QAE@ABV01@@Z"",""??0?$allocator@U?$VectorOperationRecord@$0HE@@@@std@@QAE@ABV01@@Z""]",08591b9c945863c4a421e0123378c589f44fe525fd590f731e33703824d80440,08591b9c945863c4a421e0123378c589f44fe525fd590f731e33703824d80440,[],0,child,0x004591B0,15,,R090
0x00459BD0,25,?deallocate,?deallocate@?$allocator@K@std@@QAEXPAKI@Z,"[""?deallocate@?$allocator@D@std@@QAEXPADI@Z"",""?deallocate@?$allocator@E@std@@QAEXPAEI@Z"",""?deallocate@?$allocator@G@std@@QAEXPAGI@Z"",""?deallocate@?$allocator@K@std@@QAEXPAKI@Z"",""?deallocate@?$allocator@M@std@@QAEXPAMI@Z"",""?deallocate@?$allocator@N@std@@QAEXPANI@Z"",""?deallocate@?$allocator@PAX@std@@QAEXPAPAXI@Z"",""?deallocate@?$allocator@U?$VectorOperationRecord@$00@@@std@@QAEXPAU?$VectorOperationRecord@$00@@I@Z"",""?deallocate@?$allocator@U?$VectorOperationRecord@$01@@@std@@QAEXPAU?$VectorOperationRecord@$01@@I@Z"",""?deallocate@?$allocator@U?$VectorOperationRecord@$03@@@std@@QAEXPAU?$VectorOperationRecord@$03@@I@Z"",""?deallocate@?$allocator@U?$VectorOperationRecord@$07@@@std@@QAEXPAU?$VectorOperationRecord@$07@@I@Z"",""?deallocate@?$allocator@U?$VectorOperationRecord@$0BA@@@@std@@QAEXPAU?$VectorOperationRecord@$0BA@@@I@Z"",""?deallocate@?$allocator@U?$VectorOperationRecord@$0CA@@@@std@@QAEXPAU?$VectorOperationRecord@$0CA@@@I@Z"",""?deallocate@?$allocator@U?$VectorOperationRecord@$0CM@@@@std@@QAEXPAU?$VectorOperationRecord@$0CM@@@I@Z"",""?deallocate@?$allocator@U?$VectorOperationRecord@$0EA@@@@std@@QAEXPAU?$VectorOperationRecord@$0EA@@@I@Z"",""?deallocate@?$allocator@U?$VectorOperationRecord@$0FA@@@@std@@QAEXPAU?$VectorOperationRecord@$0FA@@@I@Z"",""?deallocate@?$allocator@U?$VectorOperationRecord@$0HE@@@@std@@QAEXPAU?$VectorOperationRecord@$0HE@@@I@Z""]",98d8393a76ac9fbc41250c6069af9c5f734d1f3529f958ca7e72be42b1585abc,71df0dc6b975098839988feffc2ce28650934ad1b9f4ea133996c37f6f09393d,"[{""offset"":12,""type"":""REL32"",""symbol"":""??3@YAXPAX@Z"",""addend"":0,""target_address"":""0x00640F15""}]",0,child,0x00459140,65,,R090
0x00459BF0,27,?allocate,?allocate@?$allocator@K@std@@QAEPAKI@Z,"[""?allocate@?$allocator@D@std@@QAEPADI@Z"",""?allocate@?$allocator@E@std@@QAEPAEI@Z"",""?allocate@?$allocator@G@std@@QAEPAGI@Z"",""?allocate@?$allocator@K@std@@QAEPAKI@Z"",""?allocate@?$allocator@M@std@@QAEPAMI@Z"",""?allocate@?$allocator@N@std@@QAEPANI@Z"",""?allocate@?$allocator@PAX@std@@QAEPAPAXI@Z"",""?allocate@?$allocator@U?$VectorOperationRecord@$00@@@std@@QAEPAU?$VectorOperationRecord@$00@@I@Z"",""?allocate@?$allocator@U?$VectorOperationRecord@$01@@@std@@QAEPAU?$VectorOperationRecord@$01@@I@Z"",""?allocate@?$allocator@U?$VectorOperationRecord@$03@@@std@@QAEPAU?$VectorOperationRecord@$03@@I@Z"",""?allocate@?$allocator@U?$VectorOperationRecord@$07@@@std@@QAEPAU?$VectorOperationRecord@$07@@I@Z"",""?allocate@?$allocator@U?$VectorOperationRecord@$0BA@@@@std@@QAEPAU?$VectorOperationRecord@$0BA@@@I@Z"",""?allocate@?$allocator@U?$VectorOperationRecord@$0CA@@@@std@@QAEPAU?$VectorOperationRecord@$0CA@@@I@Z"",""?allocate@?$allocator@U?$VectorOperationRecord@$0CM@@@@std@@QAEPAU?$VectorOperationRecord@$0CM@@@I@Z"",""?allocate@?$allocator@U?$VectorOperationRecord@$0EA@@@@std@@QAEPAU?$VectorOperationRecord@$0EA@@@I@Z"",""?allocate@?$allocator@U?$VectorOperationRecord@$0FA@@@@std@@QAEPAU?$VectorOperationRecord@$0FA@@@I@Z"",""?allocate@?$allocator@U?$VectorOperationRecord@$0HE@@@@std@@QAEPAU?$VectorOperationRecord@$0HE@@@I@Z""]",76fb3dabc7b7eea5850822eba2d953b3b8e0320e33383773c37a3afd919292f3,1df5d81186c4a082e80a57cc3b279fc9ec835fa662e5bb06c40219aa9497901c,"[{""offset"":14,""type"":""REL32"",""symbol"":""??$_Allocate@K@std@@YAPAKIPAK@Z"",""addend"":0,""target_address"":""0x0045A900""}]",0,child,0x004590C0,78,,R090
0x0045A7C0,20,??$_Allocate,??$_Allocate@U?$VectorOperationRecord@$0BA@@@@std@@YAPAU?$VectorOperationRecord@$0BA@@@IPAU1@@Z,"[""??$_Allocate@U?$VectorOperationRecord@$0BA@@@@std@@YAPAU?$VectorOperationRecord@$0BA@@@IPAU1@@Z""]",215af2364c244a15b9f20e47adeafc78688407d276d4bce0863131638683b82e,100c4ccb82bc93dd57a41cc57744c0d020c33cb4362b436ce00cde94b396a973,"[{""offset"":11,""type"":""REL32"",""symbol"":""??2@YAPAXI@Z"",""addend"":0,""target_address"":""0x0064159D""}]",0,child,0x00459870,14,,R090
0x0045A860,20,??$_Allocate,??$_Allocate@U?$VectorOperationRecord@$0HE@@@@std@@YAPAU?$VectorOperationRecord@$0HE@@@IPAU1@@Z,"[""??$_Allocate@U?$VectorOperationRecord@$0HE@@@@std@@YAPAU?$VectorOperationRecord@$0HE@@@IPAU1@@Z""]",c4bbb1285564fdbaaf18a306b9565502b0d5cefeb7c0c0753a982ab29a21b020,701b70eb8a3291202b03962a6e3dfc63131d6edc44cdab5d16869720cc95ce1a,"[{""offset"":11,""type"":""REL32"",""symbol"":""??2@YAPAXI@Z"",""addend"":0,""target_address"":""0x0064159D""}]",0,child,0x00459A30,14,,R090
0x0045A900,20,??$_Allocate,??$_Allocate@K@std@@YAPAKIPAK@Z,"[""??$_Allocate@K@std@@YAPAKIPAK@Z"",""??$_Allocate@M@std@@YAPAMIPAM@Z"",""??$_Allocate@PAX@std@@YAPAPAXIPAPAX@Z"",""??$_Allocate@U?$VectorOperationRecord@$03@@@std@@YAPAU?$VectorOperationRecord@$03@@IPAU1@@Z""]",46d179bc7089064574a65de94c364d1767142c0ccb8f6d0062d856054d090878,483bb78d4a36b3d0e172eb19b89a6f0e51927d8f647778b12829b479b0c5d17b,"[{""offset"":11,""type"":""REL32"",""symbol"":""??2@YAPAXI@Z"",""addend"":0,""target_address"":""0x0064159D""}]",0,child,0x00459BF0,14,,R090
0x005F7F70,42,??0?$vector,??0?$vector@U?$VectorOperationRecord@$0BA@@@V?$allocator@U?$VectorOperationRecord@$0BA@@@@std@@@std@@QAE@XZ,"[""??0?$vector@EV?$allocator@E@std@@@std@@QAE@XZ"",""??0?$vector@GV?$allocator@G@std@@@std@@QAE@XZ"",""??0?$vector@KV?$allocator@K@std@@@std@@QAE@XZ"",""??0?$vector@MV?$allocator@M@std@@@std@@QAE@XZ"",""??0?$vector@NV?$allocator@N@std@@@std@@QAE@XZ"",""??0?$vector@PAXV?$allocator@PAX@std@@@std@@QAE@XZ"",""??0?$vector@U?$VectorOperationRecord@$00@@V?$allocator@U?$VectorOperationRecord@$00@@@std@@@std@@QAE@XZ"",""??0?$vector@U?$VectorOperationRecord@$01@@V?$allocator@U?$VectorOperationRecord@$01@@@std@@@std@@QAE@XZ"",""??0?$vector@U?$VectorOperationRecord@$03@@V?$allocator@U?$VectorOperationRecord@$03@@@std@@@std@@QAE@XZ"",""??0?$vector@U?$VectorOperationRecord@$07@@V?$allocator@U?$VectorOperationRecord@$07@@@std@@@std@@QAE@XZ"",""??0?$vector@U?$VectorOperationRecord@$0BA@@@V?$allocator@U?$VectorOperationRecord@$0BA@@@@std@@@std@@QAE@XZ"",""??0?$vector@U?$VectorOperationRecord@$0CA@@@V?$allocator@U?$VectorOperationRecord@$0CA@@@@std@@@std@@QAE@XZ"",""??0?$vector@U?$VectorOperationRecord@$0CM@@@V?$allocator@U?$VectorOperationRecord@$0CM@@@@std@@@std@@QAE@XZ"",""??0?$vector@U?$VectorOperationRecord@$0EA@@@V?$allocator@U?$VectorOperationRecord@$0EA@@@@std@@@std@@QAE@XZ"",""??0?$vector@U?$VectorOperationRecord@$0FA@@@V?$allocator@U?$VectorOperationRecord@$0FA@@@@std@@@std@@QAE@XZ"",""??0?$vector@U?$VectorOperationRecord@$0HE@@@V?$allocator@U?$VectorOperationRecord@$0HE@@@@std@@@std@@QAE@XZ""]",631130b9f6e7d59ff30d1b9591ba4e1e1f2dcc6b3070b7e39df9b95f14b3946e,121710a37838b021b3cde2b256820cf70b27ae35352b85f0eed40b4ff3dcf62c,"[{""offset"":13,""type"":""REL32"",""symbol"":""??0?$allocator@U?$VectorOperationRecord@$0BA@@@@std@@QAE@XZ"",""addend"":0,""target_address"":""0x005F8670""},{""offset"":21,""type"":""REL32"",""symbol"":""??0?$_Vector_val@U?$VectorOperationRecord@$0BA@@@V?$allocator@U?$VectorOperationRecord@$0BA@@@@std@@@std@@IAE@V?$allocator@U?$VectorOperationRecord@$0BA@@@@1@@Z"",""addend"":0,""target_address"":""0x005F8650""},{""offset"":31,""type"":""REL32"",""symbol"":""?_Buy@?$vector@U?$VectorOperationRecord@$0BA@@@V?$allocator@U?$VectorOperationRecord@$0BA@@@@std@@@std@@IAE_NI@Z"",""addend"":0,""target_address"":""0x005F8560""}]",0,constructor,,,0x005F8560,R090
0x005F82F0,42,??0?$vector,??0?$vector@KV?$allocator@K@std@@@std@@QAE@XZ,"[""??0?$vector@EV?$allocator@E@std@@@std@@QAE@XZ"",""??0?$vector@GV?$allocator@G@std@@@std@@QAE@XZ"",""??0?$vector@KV?$allocator@K@std@@@std@@QAE@XZ"",""??0?$vector@MV?$allocator@M@std@@@std@@QAE@XZ"",""??0?$vector@NV?$allocator@N@std@@@std@@QAE@XZ"",""??0?$vector@PAXV?$allocator@PAX@std@@@std@@QAE@XZ"",""??0?$vector@U?$VectorOperationRecord@$00@@V?$allocator@U?$VectorOperationRecord@$00@@@std@@@std@@QAE@XZ"",""??0?$vector@U?$VectorOperationRecord@$01@@V?$allocator@U?$VectorOperationRecord@$01@@@std@@@std@@QAE@XZ"",""??0?$vector@U?$VectorOperationRecord@$03@@V?$allocator@U?$VectorOperationRecord@$03@@@std@@@std@@QAE@XZ"",""??0?$vector@U?$VectorOperationRecord@$07@@V?$allocator@U?$VectorOperationRecord@$07@@@std@@@std@@QAE@XZ"",""??0?$vector@U?$VectorOperationRecord@$0BA@@@V?$allocator@U?$VectorOperationRecord@$0BA@@@@std@@@std@@QAE@XZ"",""??0?$vector@U?$VectorOperationRecord@$0CA@@@V?$allocator@U?$VectorOperationRecord@$0CA@@@@std@@@std@@QAE@XZ"",""??0?$vector@U?$VectorOperationRecord@$0CM@@@V?$allocator@U?$VectorOperationRecord@$0CM@@@@std@@@std@@QAE@XZ"",""??0?$vector@U?$VectorOperationRecord@$0EA@@@V?$allocator@U?$VectorOperationRecord@$0EA@@@@std@@@std@@QAE@XZ"",""??0?$vector@U?$VectorOperationRecord@$0FA@@@V?$allocator@U?$VectorOperationRecord@$0FA@@@@std@@@std@@QAE@XZ"",""??0?$vector@U?$VectorOperationRecord@$0HE@@@V?$allocator@U?$VectorOperationRecord@$0HE@@@@std@@@std@@QAE@XZ""]",631130b9f6e7d59ff30d1b9591ba4e1e1f2dcc6b3070b7e39df9b95f14b3946e,802aec49f59c88ceb88924ee5626e12d1612c805f7f478118c6c55fe76608d72,"[{""offset"":13,""type"":""REL32"",""symbol"":""??0?$allocator@K@std@@QAE@XZ"",""addend"":0,""target_address"":""0x005F8CE0""},{""offset"":21,""type"":""REL32"",""symbol"":""??0?$_Vector_val@KV?$allocator@K@std@@@std@@IAE@V?$allocator@K@1@@Z"",""addend"":0,""target_address"":""0x005F8CC0""},{""offset"":31,""type"":""REL32"",""symbol"":""?_Buy@?$vector@KV?$allocator@K@std@@@std@@IAE_NI@Z"",""addend"":0,""target_address"":""0x005F8BD0""}]",0,constructor,,,0x005F8BD0,R090
0x005F8650,28,??0?$_Vector_val,??0?$_Vector_val@U?$VectorOperationRecord@$0BA@@@V?$allocator@U?$VectorOperationRecord@$0BA@@@@std@@@std@@IAE@V?$allocator@U?$VectorOperationRecord@$0BA@@@@1@@Z,"[""??0?$_Vector_val@EV?$allocator@E@std@@@std@@IAE@V?$allocator@E@1@@Z"",""??0?$_Vector_val@GV?$allocator@G@std@@@std@@IAE@V?$allocator@G@1@@Z"",""??0?$_Vector_val@KV?$allocator@K@std@@@std@@IAE@V?$allocator@K@1@@Z"",""??0?$_Vector_val@MV?$allocator@M@std@@@std@@IAE@V?$allocator@M@1@@Z"",""??0?$_Vector_val@NV?$allocator@N@std@@@std@@IAE@V?$allocator@N@1@@Z"",""??0?$_Vector_val@PAXV?$allocator@PAX@std@@@std@@IAE@V?$allocator@PAX@1@@Z"",""??0?$_Vector_val@U?$VectorOperationRecord@$00@@V?$allocator@U?$VectorOperationRecord@$00@@@std@@@std@@IAE@V?$allocator@U?$VectorOperationRecord@$00@@@1@@Z"",""??0?$_Vector_val@U?$VectorOperationRecord@$01@@V?$allocator@U?$VectorOperationRecord@$01@@@std@@@std@@IAE@V?$allocator@U?$VectorOperationRecord@$01@@@1@@Z"",""??0?$_Vector_val@U?$VectorOperationRecord@$03@@V?$allocator@U?$VectorOperationRecord@$03@@@std@@@std@@IAE@V?$allocator@U?$VectorOperationRecord@$03@@@1@@Z"",""??0?$_Vector_val@U?$VectorOperationRecord@$07@@V?$allocator@U?$VectorOperationRecord@$07@@@std@@@std@@IAE@V?$allocator@U?$VectorOperationRecord@$07@@@1@@Z"",""??0?$_Vector_val@U?$VectorOperationRecord@$0BA@@@V?$allocator@U?$VectorOperationRecord@$0BA@@@@std@@@std@@IAE@V?$allocator@U?$VectorOperationRecord@$0BA@@@@1@@Z"",""??0?$_Vector_val@U?$VectorOperationRecord@$0CA@@@V?$allocator@U?$VectorOperationRecord@$0CA@@@@std@@@std@@IAE@V?$allocator@U?$VectorOperationRecord@$0CA@@@@1@@Z"",""??0?$_Vector_val@U?$VectorOperationRecord@$0CM@@@V?$allocator@U?$VectorOperationRecord@$0CM@@@@std@@@std@@IAE@V?$allocator@U?$VectorOperationRecord@$0CM@@@@1@@Z"",""??0?$_Vector_val@U?$VectorOperationRecord@$0EA@@@V?$allocator@U?$VectorOperationRecord@$0EA@@@@std@@@std@@IAE@V?$allocator@U?$VectorOperationRecord@$0EA@@@@1@@Z"",""??0?$_Vector_val@U?$VectorOperationRecord@$0FA@@@V?$allocator@U?$VectorOperationRecord@$0FA@@@@std@@@std@@IAE@V?$allocator@U?$VectorOperationRecord@$0FA@@@@1@@Z"",""??0?$_Vector_val@U?$VectorOperationRecord@$0HE@@@V?$allocator@U?$VectorOperationRecord@$0HE@@@@std@@@std@@IAE@V?$allocator@U?$VectorOperationRecord@$0HE@@@@1@@Z""]",5a5bc7571b31897ab7b4704700b6d6b4d822e8789a3d0fe9b04b456b4a95f896,daec6a532c1455c9eb92eb31d5dda660e64dee29b3b2ea0fc673cf8395757b2f,"[{""offset"":15,""type"":""REL32"",""symbol"":""??0?$allocator@U?$VectorOperationRecord@$0BA@@@@std@@QAE@ABV01@@Z"",""addend"":0,""target_address"":""0x005F9060""}]",0,child,0x005F7F70,21,,R090
0x005F8670,14,??0?$allocator,??0?$allocator@U?$VectorOperationRecord@$0BA@@@@std@@QAE@XZ,"[""??0?$allocator@D@std@@QAE@XZ"",""??0?$allocator@E@std@@QAE@XZ"",""??0?$allocator@G@std@@QAE@XZ"",""??0?$allocator@K@std@@QAE@XZ"",""??0?$allocator@M@std@@QAE@XZ"",""??0?$allocator@N@std@@QAE@XZ"",""??0?$allocator@PAX@std@@QAE@XZ"",""??0?$allocator@U?$VectorOperationRecord@$00@@@std@@QAE@XZ"",""??0?$allocator@U?$VectorOperationRecord@$01@@@std@@QAE@XZ"",""??0?$allocator@U?$VectorOperationRecord@$03@@@std@@QAE@XZ"",""??0?$allocator@U?$VectorOperationRecord@$07@@@std@@QAE@XZ"",""??0?$allocator@U?$VectorOperationRecord@$0BA@@@@std@@QAE@XZ"",""??0?$allocator@U?$VectorOperationRecord@$0CA@@@@std@@QAE@XZ"",""??0?$allocator@U?$VectorOperationRecord@$0CM@@@@std@@QAE@XZ"",""??0?$allocator@U?$VectorOperationRecord@$0EA@@@@std@@QAE@XZ"",""??0?$allocator@U?$VectorOperationRecord@$0FA@@@@std@@QAE@XZ"",""??0?$allocator@U?$VectorOperationRecord@$0HE@@@@std@@QAE@XZ""]",befca35709395b425403c72a706d2f3c715162ad22664d93df30e0255a4d4e8c,befca35709395b425403c72a706d2f3c715162ad22664d93df30e0255a4d4e8c,[],0,child,0x005F7F70,13,,R090
0x005F8CC0,28,??0?$_Vector_val,??0?$_Vector_val@KV?$allocator@K@std@@@std@@IAE@V?$allocator@K@1@@Z,"[""??0?$_Vector_val@EV?$allocator@E@std@@@std@@IAE@V?$allocator@E@1@@Z"",""??0?$_Vector_val@GV?$allocator@G@std@@@std@@IAE@V?$allocator@G@1@@Z"",""??0?$_Vector_val@KV?$allocator@K@std@@@std@@IAE@V?$allocator@K@1@@Z"",""??0?$_Vector_val@MV?$allocator@M@std@@@std@@IAE@V?$allocator@M@1@@Z"",""??0?$_Vector_val@NV?$allocator@N@std@@@std@@IAE@V?$allocator@N@1@@Z"",""??0?$_Vector_val@PAXV?$allocator@PAX@std@@@std@@IAE@V?$allocator@PAX@1@@Z"",""??0?$_Vector_val@U?$VectorOperationRecord@$00@@V?$allocator@U?$VectorOperationRecord@$00@@@std@@@std@@IAE@V?$allocator@U?$VectorOperationRecord@$00@@@1@@Z"",""??0?$_Vector_val@U?$VectorOperationRecord@$01@@V?$allocator@U?$VectorOperationRecord@$01@@@std@@@std@@IAE@V?$allocator@U?$VectorOperationRecord@$01@@@1@@Z"",""??0?$_Vector_val@U?$VectorOperationRecord@$03@@V?$allocator@U?$VectorOperationRecord@$03@@@std@@@std@@IAE@V?$allocator@U?$VectorOperationRecord@$03@@@1@@Z"",""??0?$_Vector_val@U?$VectorOperationRecord@$07@@V?$allocator@U?$VectorOperationRecord@$07@@@std@@@std@@IAE@V?$allocator@U?$VectorOperationRecord@$07@@@1@@Z"",""??0?$_Vector_val@U?$VectorOperationRecord@$0BA@@@V?$allocator@U?$VectorOperationRecord@$0BA@@@@std@@@std@@IAE@V?$allocator@U?$VectorOperationRecord@$0BA@@@@1@@Z"",""??0?$_Vector_val@U?$VectorOperationRecord@$0CA@@@V?$allocator@U?$VectorOperationRecord@$0CA@@@@std@@@std@@IAE@V?$allocator@U?$VectorOperationRecord@$0CA@@@@1@@Z"",""??0?$_Vector_val@U?$VectorOperationRecord@$0CM@@@V?$allocator@U?$VectorOperationRecord@$0CM@@@@std@@@std@@IAE@V?$allocator@U?$VectorOperationRecord@$0CM@@@@1@@Z"",""??0?$_Vector_val@U?$VectorOperationRecord@$0EA@@@V?$allocator@U?$VectorOperationRecord@$0EA@@@@std@@@std@@IAE@V?$allocator@U?$VectorOperationRecord@$0EA@@@@1@@Z"",""??0?$_Vector_val@U?$VectorOperationRecord@$0FA@@@V?$allocator@U?$VectorOperationRecord@$0FA@@@@std@@@std@@IAE@V?$allocator@U?$VectorOperationRecord@$0FA@@@@1@@Z"",""??0?$_Vector_val@U?$VectorOperationRecord@$0HE@@@V?$allocator@U?$VectorOperationRecord@$0HE@@@@std@@@std@@IAE@V?$allocator@U?$VectorOperationRecord@$0HE@@@@1@@Z""]",5a5bc7571b31897ab7b4704700b6d6b4d822e8789a3d0fe9b04b456b4a95f896,098e5115e10d4d52d2c55e5660154785e56d6fbc09c8ec3d2639e09a67ed564b,"[{""offset"":15,""type"":""REL32"",""symbol"":""??0?$allocator@K@std@@QAE@ABV01@@Z"",""addend"":0,""target_address"":""0x005F94C0""}]",0,child,0x005F82F0,21,,R090
0x005F8CE0,14,??0?$allocator,??0?$allocator@K@std@@QAE@XZ,"[""??0?$allocator@D@std@@QAE@XZ"",""??0?$allocator@E@std@@QAE@XZ"",""??0?$allocator@G@std@@QAE@XZ"",""??0?$allocator@K@std@@QAE@XZ"",""??0?$allocator@M@std@@QAE@XZ"",""??0?$allocator@N@std@@QAE@XZ"",""??0?$allocator@PAX@std@@QAE@XZ"",""??0?$allocator@U?$VectorOperationRecord@$00@@@std@@QAE@XZ"",""??0?$allocator@U?$VectorOperationRecord@$01@@@std@@QAE@XZ"",""??0?$allocator@U?$VectorOperationRecord@$03@@@std@@QAE@XZ"",""??0?$allocator@U?$VectorOperationRecord@$07@@@std@@QAE@XZ"",""??0?$allocator@U?$VectorOperationRecord@$0BA@@@@std@@QAE@XZ"",""??0?$allocator@U?$VectorOperationRecord@$0CA@@@@std@@QAE@XZ"",""??0?$allocator@U?$VectorOperationRecord@$0CM@@@@std@@QAE@XZ"",""??0?$allocator@U?$VectorOperationRecord@$0EA@@@@std@@QAE@XZ"",""??0?$allocator@U?$VectorOperationRecord@$0FA@@@@std@@QAE@XZ"",""??0?$allocator@U?$VectorOperationRecord@$0HE@@@@std@@QAE@XZ""]",befca35709395b425403c72a706d2f3c715162ad22664d93df30e0255a4d4e8c,befca35709395b425403c72a706d2f3c715162ad22664d93df30e0255a4d4e8c,[],0,child,0x005F82F0,13,,R090
0x005F8F10,19,?max_size,?max_size@?$vector@U?$VectorOperationRecord@$0BA@@@V?$allocator@U?$VectorOperationRecord@$0BA@@@@std@@@std@@QBEIXZ,"[""?max_size@?$vector@EV?$allocator@E@std@@@std@@QBEIXZ"",""?max_size@?$vector@GV?$allocator@G@std@@@std@@QBEIXZ"",""?max_size@?$vector@KV?$allocator@K@std@@@std@@QBEIXZ"",""?max_size@?$vector@MV?$allocator@M@std@@@std@@QBEIXZ"",""?max_size@?$vector@NV?$allocator@N@std@@@std@@QBEIXZ"",""?max_size@?$vector@PAXV?$allocator@PAX@std@@@std@@QBEIXZ"",""?max_size@?$vector@U?$VectorOperationRecord@$00@@V?$allocator@U?$VectorOperationRecord@$00@@@std@@@std@@QBEIXZ"",""?max_size@?$vector@U?$VectorOperationRecord@$01@@V?$allocator@U?$VectorOperationRecord@$01@@@std@@@std@@QBEIXZ"",""?max_size@?$vector@U?$VectorOperationRecord@$03@@V?$allocator@U?$VectorOperationRecord@$03@@@std@@@std@@QBEIXZ"",""?max_size@?$vector@U?$VectorOperationRecord@$07@@V?$allocator@U?$VectorOperationRecord@$07@@@std@@@std@@QBEIXZ"",""?max_size@?$vector@U?$VectorOperationRecord@$0BA@@@V?$allocator@U?$VectorOperationRecord@$0BA@@@@std@@@std@@QBEIXZ"",""?max_size@?$vector@U?$VectorOperationRecord@$0CA@@@V?$allocator@U?$VectorOperationRecord@$0CA@@@@std@@@std@@QBEIXZ"",""?max_size@?$vector@U?$VectorOperationRecord@$0CM@@@V?$allocator@U?$VectorOperationRecord@$0CM@@@@std@@@std@@QBEIXZ"",""?max_size@?$vector@U?$VectorOperationRecord@$0EA@@@V?$allocator@U?$VectorOperationRecord@$0EA@@@@std@@@std@@QBEIXZ"",""?max_size@?$vector@U?$VectorOperationRecord@$0FA@@@V?$allocator@U?$VectorOperationRecord@$0FA@@@@std@@@std@@QBEIXZ"",""?max_size@?$vector@U?$VectorOperationRecord@$0HE@@@V?$allocator@U?$VectorOperationRecord@$0HE@@@@std@@@std@@QBEIXZ""]",34d6af46dd3338abf5d997f2e605a0321d87bfe083118d27838b6e494535d81a,932d70791706f41ad41dbe5e73aebc5b7837ac7b5fef00bf9fd68ba17cd536e6,"[{""offset"":11,""type"":""REL32"",""symbol"":""?max_size@?$allocator@U?$VectorOperationRecord@$0BA@@@@std@@QBEIXZ"",""addend"":0,""target_address"":""0x005F9990""}]",0,child,0x005F8560,51,,R090
0x005F9060,16,??0?$allocator,??0?$allocator@U?$VectorOperationRecord@$0BA@@@@std@@QAE@ABV01@@Z,"[""??0?$allocator@D@std@@QAE@ABV01@@Z"",""??0?$allocator@E@std@@QAE@ABV01@@Z"",""??0?$allocator@G@std@@QAE@ABV01@@Z"",""??0?$allocator@K@std@@QAE@ABV01@@Z"",""??0?$allocator@M@std@@QAE@ABV01@@Z"",""??0?$allocator@N@std@@QAE@ABV01@@Z"",""??0?$allocator@PAX@std@@QAE@ABV01@@Z"",""??0?$allocator@U?$VectorOperationRecord@$00@@@std@@QAE@ABV01@@Z"",""??0?$allocator@U?$VectorOperationRecord@$01@@@std@@QAE@ABV01@@Z"",""??0?$allocator@U?$VectorOperationRecord@$03@@@std@@QAE@ABV01@@Z"",""??0?$allocator@U?$VectorOperationRecord@$07@@@std@@QAE@ABV01@@Z"",""??0?$allocator@U?$VectorOperationRecord@$0BA@@@@std@@QAE@ABV01@@Z"",""??0?$allocator@U?$VectorOperationRecord@$0CA@@@@std@@QAE@ABV01@@Z"",""??0?$allocator@U?$VectorOperationRecord@$0CM@@@@std@@QAE@ABV01@@Z"",""??0?$allocator@U?$VectorOperationRecord@$0EA@@@@std@@QAE@ABV01@@Z"",""??0?$allocator@U?$VectorOperationRecord@$0FA@@@@std@@QAE@ABV01@@Z"",""??0?$allocator@U?$VectorOperationRecord@$0HE@@@@std@@QAE@ABV01@@Z""]",08591b9c945863c4a421e0123378c589f44fe525fd590f731e33703824d80440,08591b9c945863c4a421e0123378c589f44fe525fd590f731e33703824d80440,[],0,child,0x005F8650,15,,R090
0x005F9070,25,?deallocate,?deallocate@?$allocator@U?$VectorOperationRecord@$0BA@@@@std@@QAEXPAU?$VectorOperationRecord@$0BA@@@I@Z,"[""?deallocate@?$allocator@D@std@@QAEXPADI@Z"",""?deallocate@?$allocator@E@std@@QAEXPAEI@Z"",""?deallocate@?$allocator@G@std@@QAEXPAGI@Z"",""?deallocate@?$allocator@K@std@@QAEXPAKI@Z"",""?deallocate@?$allocator@M@std@@QAEXPAMI@Z"",""?deallocate@?$allocator@N@std@@QAEXPANI@Z"",""?deallocate@?$allocator@PAX@std@@QAEXPAPAXI@Z"",""?deallocate@?$allocator@U?$VectorOperationRecord@$00@@@std@@QAEXPAU?$VectorOperationRecord@$00@@I@Z"",""?deallocate@?$allocator@U?$VectorOperationRecord@$01@@@std@@QAEXPAU?$VectorOperationRecord@$01@@I@Z"",""?deallocate@?$allocator@U?$VectorOperationRecord@$03@@@std@@QAEXPAU?$VectorOperationRecord@$03@@I@Z"",""?deallocate@?$allocator@U?$VectorOperationRecord@$07@@@std@@QAEXPAU?$VectorOperationRecord@$07@@I@Z"",""?deallocate@?$allocator@U?$VectorOperationRecord@$0BA@@@@std@@QAEXPAU?$VectorOperationRecord@$0BA@@@I@Z"",""?deallocate@?$allocator@U?$VectorOperationRecord@$0CA@@@@std@@QAEXPAU?$VectorOperationRecord@$0CA@@@I@Z"",""?deallocate@?$allocator@U?$VectorOperationRecord@$0CM@@@@std@@QAEXPAU?$VectorOperationRecord@$0CM@@@I@Z"",""?deallocate@?$allocator@U?$VectorOperationRecord@$0EA@@@@std@@QAEXPAU?$VectorOperationRecord@$0EA@@@I@Z"",""?deallocate@?$allocator@U?$VectorOperationRecord@$0FA@@@@std@@QAEXPAU?$VectorOperationRecord@$0FA@@@I@Z"",""?deallocate@?$allocator@U?$VectorOperationRecord@$0HE@@@@std@@QAEXPAU?$VectorOperationRecord@$0HE@@@I@Z""]",98d8393a76ac9fbc41250c6069af9c5f734d1f3529f958ca7e72be42b1585abc,014f3c4f85be70c96a795493c4c995d713bebde893ef56765ce9a4a20e579304,"[{""offset"":12,""type"":""REL32"",""symbol"":""??3@YAXPAX@Z"",""addend"":0,""target_address"":""0x00640F15""}]",0,child,0x005F85E0,65,,R090
0x005F9090,27,?allocate,?allocate@?$allocator@U?$VectorOperationRecord@$0BA@@@@std@@QAEPAU?$VectorOperationRecord@$0BA@@@I@Z,"[""?allocate@?$allocator@D@std@@QAEPADI@Z"",""?allocate@?$allocator@E@std@@QAEPAEI@Z"",""?allocate@?$allocator@G@std@@QAEPAGI@Z"",""?allocate@?$allocator@K@std@@QAEPAKI@Z"",""?allocate@?$allocator@M@std@@QAEPAMI@Z"",""?allocate@?$allocator@N@std@@QAEPANI@Z"",""?allocate@?$allocator@PAX@std@@QAEPAPAXI@Z"",""?allocate@?$allocator@U?$VectorOperationRecord@$00@@@std@@QAEPAU?$VectorOperationRecord@$00@@I@Z"",""?allocate@?$allocator@U?$VectorOperationRecord@$01@@@std@@QAEPAU?$VectorOperationRecord@$01@@I@Z"",""?allocate@?$allocator@U?$VectorOperationRecord@$03@@@std@@QAEPAU?$VectorOperationRecord@$03@@I@Z"",""?allocate@?$allocator@U?$VectorOperationRecord@$07@@@std@@QAEPAU?$VectorOperationRecord@$07@@I@Z"",""?allocate@?$allocator@U?$VectorOperationRecord@$0BA@@@@std@@QAEPAU?$VectorOperationRecord@$0BA@@@I@Z"",""?allocate@?$allocator@U?$VectorOperationRecord@$0CA@@@@std@@QAEPAU?$VectorOperationRecord@$0CA@@@I@Z"",""?allocate@?$allocator@U?$VectorOperationRecord@$0CM@@@@std@@QAEPAU?$VectorOperationRecord@$0CM@@@I@Z"",""?allocate@?$allocator@U?$VectorOperationRecord@$0EA@@@@std@@QAEPAU?$VectorOperationRecord@$0EA@@@I@Z"",""?allocate@?$allocator@U?$VectorOperationRecord@$0FA@@@@std@@QAEPAU?$VectorOperationRecord@$0FA@@@I@Z"",""?allocate@?$allocator@U?$VectorOperationRecord@$0HE@@@@std@@QAEPAU?$VectorOperationRecord@$0HE@@@I@Z""]",76fb3dabc7b7eea5850822eba2d953b3b8e0320e33383773c37a3afd919292f3,5ff9804a6d029fa31fe1521d731bccbeeb8690d6f0a9863ac9edf6aa72dd5772,"[{""offset"":14,""type"":""REL32"",""symbol"":""??$_Allocate@U?$VectorOperationRecord@$0BA@@@@std@@YAPAU?$VectorOperationRecord@$0BA@@@IPAU1@@Z"",""addend"":0,""target_address"":""0x005FA1F0""}]",0,child,0x005F8560,78,,R090
0x005F9370,19,?max_size,?max_size@?$vector@KV?$allocator@K@std@@@std@@QBEIXZ,"[""?max_size@?$vector@EV?$allocator@E@std@@@std@@QBEIXZ"",""?max_size@?$vector@GV?$allocator@G@std@@@std@@QBEIXZ"",""?max_size@?$vector@KV?$allocator@K@std@@@std@@QBEIXZ"",""?max_size@?$vector@MV?$allocator@M@std@@@std@@QBEIXZ"",""?max_size@?$vector@NV?$allocator@N@std@@@std@@QBEIXZ"",""?max_size@?$vector@PAXV?$allocator@PAX@std@@@std@@QBEIXZ"",""?max_size@?$vector@U?$VectorOperationRecord@$00@@V?$allocator@U?$VectorOperationRecord@$00@@@std@@@std@@QBEIXZ"",""?max_size@?$vector@U?$VectorOperationRecord@$01@@V?$allocator@U?$VectorOperationRecord@$01@@@std@@@std@@QBEIXZ"",""?max_size@?$vector@U?$VectorOperationRecord@$03@@V?$allocator@U?$VectorOperationRecord@$03@@@std@@@std@@QBEIXZ"",""?max_size@?$vector@U?$VectorOperationRecord@$07@@V?$allocator@U?$VectorOperationRecord@$07@@@std@@@std@@QBEIXZ"",""?max_size@?$vector@U?$VectorOperationRecord@$0BA@@@V?$allocator@U?$VectorOperationRecord@$0BA@@@@std@@@std@@QBEIXZ"",""?max_size@?$vector@U?$VectorOperationRecord@$0CA@@@V?$allocator@U?$VectorOperationRecord@$0CA@@@@std@@@std@@QBEIXZ"",""?max_size@?$vector@U?$VectorOperationRecord@$0CM@@@V?$allocator@U?$VectorOperationRecord@$0CM@@@@std@@@std@@QBEIXZ"",""?max_size@?$vector@U?$VectorOperationRecord@$0EA@@@V?$allocator@U?$VectorOperationRecord@$0EA@@@@std@@@std@@QBEIXZ"",""?max_size@?$vector@U?$VectorOperationRecord@$0FA@@@V?$allocator@U?$VectorOperationRecord@$0FA@@@@std@@@std@@QBEIXZ"",""?max_size@?$vector@U?$VectorOperationRecord@$0HE@@@V?$allocator@U?$VectorOperationRecord@$0HE@@@@std@@@std@@QBEIXZ""]",34d6af46dd3338abf5d997f2e605a0321d87bfe083118d27838b6e494535d81a,2aa49f14a4fac320df1986bb3cf1d17204c868d425898ec7283ef9e017f68674,"[{""offset"":11,""type"":""REL32"",""symbol"":""?max_size@?$allocator@K@std@@QBEIXZ"",""addend"":0,""target_address"":""0x005F9D30""}]",0,child,0x005F8BD0,51,,R090
0x005F94C0,16,??0?$allocator,??0?$allocator@K@std@@QAE@ABV01@@Z,"[""??0?$allocator@D@std@@QAE@ABV01@@Z"",""??0?$allocator@E@std@@QAE@ABV01@@Z"",""??0?$allocator@G@std@@QAE@ABV01@@Z"",""??0?$allocator@K@std@@QAE@ABV01@@Z"",""??0?$allocator@M@std@@QAE@ABV01@@Z"",""??0?$allocator@N@std@@QAE@ABV01@@Z"",""??0?$allocator@PAX@std@@QAE@ABV01@@Z"",""??0?$allocator@U?$VectorOperationRecord@$00@@@std@@QAE@ABV01@@Z"",""??0?$allocator@U?$VectorOperationRecord@$01@@@std@@QAE@ABV01@@Z"",""??0?$allocator@U?$VectorOperationRecord@$03@@@std@@QAE@ABV01@@Z"",""??0?$allocator@U?$VectorOperationRecord@$07@@@std@@QAE@ABV01@@Z"",""??0?$allocator@U?$VectorOperationRecord@$0BA@@@@std@@QAE@ABV01@@Z"",""??0?$allocator@U?$VectorOperationRecord@$0CA@@@@std@@QAE@ABV01@@Z"",""??0?$allocator@U?$VectorOperationRecord@$0CM@@@@std@@QAE@ABV01@@Z"",""??0?$allocator@U?$VectorOperationRecord@$0EA@@@@std@@QAE@ABV01@@Z"",""??0?$allocator@U?$VectorOperationRecord@$0FA@@@@std@@QAE@ABV01@@Z"",""??0?$allocator@U?$VectorOperationRecord@$0HE@@@@std@@QAE@ABV01@@Z""]",08591b9c945863c4a421e0123378c589f44fe525fd590f731e33703824d80440,08591b9c945863c4a421e0123378c589f44fe525fd590f731e33703824d80440,[],0,child,0x005F8CC0,15,,R090
0x005F94D0,25,?deallocate,?deallocate@?$allocator@K@std@@QAEXPAKI@Z,"[""?deallocate@?$allocator@D@std@@QAEXPADI@Z"",""?deallocate@?$allocator@E@std@@QAEXPAEI@Z"",""?deallocate@?$allocator@G@std@@QAEXPAGI@Z"",""?deallocate@?$allocator@K@std@@QAEXPAKI@Z"",""?deallocate@?$allocator@M@std@@QAEXPAMI@Z"",""?deallocate@?$allocator@N@std@@QAEXPANI@Z"",""?deallocate@?$allocator@PAX@std@@QAEXPAPAXI@Z"",""?deallocate@?$allocator@U?$VectorOperationRecord@$00@@@std@@QAEXPAU?$VectorOperationRecord@$00@@I@Z"",""?deallocate@?$allocator@U?$VectorOperationRecord@$01@@@std@@QAEXPAU?$VectorOperationRecord@$01@@I@Z"",""?deallocate@?$allocator@U?$VectorOperationRecord@$03@@@std@@QAEXPAU?$VectorOperationRecord@$03@@I@Z"",""?deallocate@?$allocator@U?$VectorOperationRecord@$07@@@std@@QAEXPAU?$VectorOperationRecord@$07@@I@Z"",""?deallocate@?$allocator@U?$VectorOperationRecord@$0BA@@@@std@@QAEXPAU?$VectorOperationRecord@$0BA@@@I@Z"",""?deallocate@?$allocator@U?$VectorOperationRecord@$0CA@@@@std@@QAEXPAU?$VectorOperationRecord@$0CA@@@I@Z"",""?deallocate@?$allocator@U?$VectorOperationRecord@$0CM@@@@std@@QAEXPAU?$VectorOperationRecord@$0CM@@@I@Z"",""?deallocate@?$allocator@U?$VectorOperationRecord@$0EA@@@@std@@QAEXPAU?$VectorOperationRecord@$0EA@@@I@Z"",""?deallocate@?$allocator@U?$VectorOperationRecord@$0FA@@@@std@@QAEXPAU?$VectorOperationRecord@$0FA@@@I@Z"",""?deallocate@?$allocator@U?$VectorOperationRecord@$0HE@@@@std@@QAEXPAU?$VectorOperationRecord@$0HE@@@I@Z""]",98d8393a76ac9fbc41250c6069af9c5f734d1f3529f958ca7e72be42b1585abc,22b9abc479803fbc48349435092e771249c9cc2c28ed65981dc4a6b2f083eb27,"[{""offset"":12,""type"":""REL32"",""symbol"":""??3@YAXPAX@Z"",""addend"":0,""target_address"":""0x00640F15""}]",0,child,0x005F8C50,65,,R090
0x005F94F0,27,?allocate,?allocate@?$allocator@K@std@@QAEPAKI@Z,"[""?allocate@?$allocator@D@std@@QAEPADI@Z"",""?allocate@?$allocator@E@std@@QAEPAEI@Z"",""?allocate@?$allocator@G@std@@QAEPAGI@Z"",""?allocate@?$allocator@K@std@@QAEPAKI@Z"",""?allocate@?$allocator@M@std@@QAEPAMI@Z"",""?allocate@?$allocator@N@std@@QAEPANI@Z"",""?allocate@?$allocator@PAX@std@@QAEPAPAXI@Z"",""?allocate@?$allocator@U?$VectorOperationRecord@$00@@@std@@QAEPAU?$VectorOperationRecord@$00@@I@Z"",""?allocate@?$allocator@U?$VectorOperationRecord@$01@@@std@@QAEPAU?$VectorOperationRecord@$01@@I@Z"",""?allocate@?$allocator@U?$VectorOperationRecord@$03@@@std@@QAEPAU?$VectorOperationRecord@$03@@I@Z"",""?allocate@?$allocator@U?$VectorOperationRecord@$07@@@std@@QAEPAU?$VectorOperationRecord@$07@@I@Z"",""?allocate@?$allocator@U?$VectorOperationRecord@$0BA@@@@std@@QAEPAU?$VectorOperationRecord@$0BA@@@I@Z"",""?allocate@?$allocator@U?$VectorOperationRecord@$0CA@@@@std@@QAEPAU?$VectorOperationRecord@$0CA@@@I@Z"",""?allocate@?$allocator@U?$VectorOperationRecord@$0CM@@@@std@@QAEPAU?$VectorOperationRecord@$0CM@@@I@Z"",""?allocate@?$allocator@U?$VectorOperationRecord@$0EA@@@@std@@QAEPAU?$VectorOperationRecord@$0EA@@@I@Z"",""?allocate@?$allocator@U?$VectorOperationRecord@$0FA@@@@std@@QAEPAU?$VectorOperationRecord@$0FA@@@I@Z"",""?allocate@?$allocator@U?$VectorOperationRecord@$0HE@@@@std@@QAEPAU?$VectorOperationRecord@$0HE@@@I@Z""]",76fb3dabc7b7eea5850822eba2d953b3b8e0320e33383773c37a3afd919292f3,9464bd93c1e1cc83bf57af09bbf04aa41b39606ecfafd8f94ae648243eef6669,"[{""offset"":14,""type"":""REL32"",""symbol"":""??$_Allocate@K@std@@YAPAKIPAK@Z"",""addend"":0,""target_address"":""0x005FA2D0""}]",0,child,0x005F8BD0,78,,R090
0x005FA1F0,20,??$_Allocate,??$_Allocate@U?$VectorOperationRecord@$0BA@@@@std@@YAPAU?$VectorOperationRecord@$0BA@@@IPAU1@@Z,"[""??$_Allocate@U?$VectorOperationRecord@$0BA@@@@std@@YAPAU?$VectorOperationRecord@$0BA@@@IPAU1@@Z""]",215af2364c244a15b9f20e47adeafc78688407d276d4bce0863131638683b82e,1badb9de859581181d6e600240a1c809da1075ff78305f6c25f4a0fd5ecf698c,"[{""offset"":11,""type"":""REL32"",""symbol"":""??2@YAPAXI@Z"",""addend"":0,""target_address"":""0x0064159D""}]",0,child,0x005F9090,14,,R090
0x005FA2D0,20,??$_Allocate,??$_Allocate@K@std@@YAPAKIPAK@Z,"[""??$_Allocate@K@std@@YAPAKIPAK@Z"",""??$_Allocate@M@std@@YAPAMIPAM@Z"",""??$_Allocate@PAX@std@@YAPAPAXIPAPAX@Z"",""??$_Allocate@U?$VectorOperationRecord@$03@@@std@@YAPAU?$VectorOperationRecord@$03@@IPAU1@@Z""]",46d179bc7089064574a65de94c364d1767142c0ccb8f6d0062d856054d090878,b07525de6966ab62dab90cec17678516a9a70d0be5a047d16349730b7a0bff50,"[{""offset"":11,""type"":""REL32"",""symbol"":""??2@YAPAXI@Z"",""addend"":0,""target_address"":""0x0064159D""}]",0,child,0x005F94F0,14,,R090
