address,size,family_key,coff_symbol,matching_symbols,source_sha256,body_sha256,relocation_bindings,indirect_call_count,parent_address,parent_call_offset,evidence_id
0x00409D20,27,?allocate,?allocate@?$allocator@PAU?$DequeProbeRecord@$00@@@std@@QAEPAPAU?$DequeProbeRecord@$00@@I@Z,"[""?allocate@?$allocator@PAU?$DequeProbeRecord@$00@@@std@@QAEPAPAU?$DequeProbeRecord@$00@@I@Z"",""?allocate@?$allocator@PAU?$DequeProbeRecord@$01@@@std@@QAEPAPAU?$DequeProbeRecord@$01@@I@Z"",""?allocate@?$allocator@PAU?$DequeProbeRecord@$03@@@std@@QAEPAPAU?$DequeProbeRecord@$03@@I@Z"",""?allocate@?$allocator@PAU?$DequeProbeRecord@$07@@@std@@QAEPAPAU?$DequeProbeRecord@$07@@I@Z"",""?allocate@?$allocator@PAU?$DequeProbeRecord@$0BA@@@@std@@QAEPAPAU?$DequeProbeRecord@$0BA@@@I@Z"",""?allocate@?$allocator@PAU?$DequeProbeRecord@$0CA@@@@std@@QAEPAPAU?$DequeProbeRecord@$0CA@@@I@Z"",""?allocate@?$allocator@PAU?$DequeProbeRecord@$0EA@@@@std@@QAEPAPAU?$DequeProbeRecord@$0EA@@@I@Z"",""?allocate@?$allocator@U?$DequeProbeRecord@$00@@@std@@QAEPAU?$DequeProbeRecord@$00@@I@Z"",""?allocate@?$allocator@U?$DequeProbeRecord@$01@@@std@@QAEPAU?$DequeProbeRecord@$01@@I@Z"",""?allocate@?$allocator@U?$DequeProbeRecord@$03@@@std@@QAEPAU?$DequeProbeRecord@$03@@I@Z"",""?allocate@?$allocator@U?$DequeProbeRecord@$07@@@std@@QAEPAU?$DequeProbeRecord@$07@@I@Z"",""?allocate@?$allocator@U?$DequeProbeRecord@$0BA@@@@std@@QAEPAU?$DequeProbeRecord@$0BA@@@I@Z"",""?allocate@?$allocator@U?$DequeProbeRecord@$0CA@@@@std@@QAEPAU?$DequeProbeRecord@$0CA@@@I@Z"",""?allocate@?$allocator@U?$DequeProbeRecord@$0EA@@@@std@@QAEPAU?$DequeProbeRecord@$0EA@@@I@Z""]",76fb3dabc7b7eea5850822eba2d953b3b8e0320e33383773c37a3afd919292f3,f064e26391ac206956e54e76adec3d1bc45fc30e82d8ecff2087f757db29bc63,"[{""offset"":14,""type"":""REL32"",""symbol"":""??$_Allocate@PAU?$DequeProbeRecord@$00@@@std@@YAPAPAU?$DequeProbeRecord@$00@@IPAPAU1@@Z"",""addend"":0,""target_address"":""0x0040A7C0""}]",0,0x004095C0,130,R074
0x00409D40,29,?construct,?construct@?$allocator@U?$DequeProbeRecord@$00@@@std@@QAEXPAU?$DequeProbeRecord@$00@@ABU3@@Z,"[""?construct@?$allocator@U?$DequeProbeRecord@$00@@@std@@QAEXPAU?$DequeProbeRecord@$00@@ABU3@@Z"",""?construct@?$allocator@U?$DequeProbeRecord@$01@@@std@@QAEXPAU?$DequeProbeRecord@$01@@ABU3@@Z"",""?construct@?$allocator@U?$DequeProbeRecord@$03@@@std@@QAEXPAU?$DequeProbeRecord@$03@@ABU3@@Z"",""?construct@?$allocator@U?$DequeProbeRecord@$07@@@std@@QAEXPAU?$DequeProbeRecord@$07@@ABU3@@Z"",""?construct@?$allocator@U?$DequeProbeRecord@$0BA@@@@std@@QAEXPAU?$DequeProbeRecord@$0BA@@@ABU3@@Z"",""?construct@?$allocator@U?$DequeProbeRecord@$0CA@@@@std@@QAEXPAU?$DequeProbeRecord@$0CA@@@ABU3@@Z"",""?construct@?$allocator@U?$DequeProbeRecord@$0EA@@@@std@@QAEXPAU?$DequeProbeRecord@$0EA@@@ABU3@@Z""]",7c6d9fb49bf679d9ce24e0ea5fcdcc441c4a612bbc57f5c6c01fdb7e501bdce0,65769ee04dae10e0d4fa93b714c75eca2f55ea49f0cfa283945d90497db0523e,"[{""offset"":16,""type"":""REL32"",""symbol"":""??$_Construct@U?$DequeProbeRecord@$00@@U1@@std@@YAXPAU?$DequeProbeRecord@$00@@ABU1@@Z"",""addend"":0,""target_address"":""0x0040A7E0""}]",0,0x004095C0,185,R074
0x00409D60,25,?destroy,?destroy@?$allocator@PAU?$DequeProbeRecord@$00@@@std@@QAEXPAPAU?$DequeProbeRecord@$00@@@Z,"[""?destroy@?$allocator@PAU?$DequeProbeRecord@$00@@@std@@QAEXPAPAU?$DequeProbeRecord@$00@@@Z"",""?destroy@?$allocator@PAU?$DequeProbeRecord@$01@@@std@@QAEXPAPAU?$DequeProbeRecord@$01@@@Z"",""?destroy@?$allocator@PAU?$DequeProbeRecord@$03@@@std@@QAEXPAPAU?$DequeProbeRecord@$03@@@Z"",""?destroy@?$allocator@PAU?$DequeProbeRecord@$07@@@std@@QAEXPAPAU?$DequeProbeRecord@$07@@@Z"",""?destroy@?$allocator@PAU?$DequeProbeRecord@$0BA@@@@std@@QAEXPAPAU?$DequeProbeRecord@$0BA@@@@Z"",""?destroy@?$allocator@PAU?$DequeProbeRecord@$0CA@@@@std@@QAEXPAPAU?$DequeProbeRecord@$0CA@@@@Z"",""?destroy@?$allocator@PAU?$DequeProbeRecord@$0EA@@@@std@@QAEXPAPAU?$DequeProbeRecord@$0EA@@@@Z"",""?destroy@?$allocator@U?$DequeProbeRecord@$00@@@std@@QAEXPAU?$DequeProbeRecord@$00@@@Z"",""?destroy@?$allocator@U?$DequeProbeRecord@$01@@@std@@QAEXPAU?$DequeProbeRecord@$01@@@Z"",""?destroy@?$allocator@U?$DequeProbeRecord@$03@@@std@@QAEXPAU?$DequeProbeRecord@$03@@@Z"",""?destroy@?$allocator@U?$DequeProbeRecord@$07@@@std@@QAEXPAU?$DequeProbeRecord@$07@@@Z"",""?destroy@?$allocator@U?$DequeProbeRecord@$0BA@@@@std@@QAEXPAU?$DequeProbeRecord@$0BA@@@@Z"",""?destroy@?$allocator@U?$DequeProbeRecord@$0CA@@@@std@@QAEXPAU?$DequeProbeRecord@$0CA@@@@Z"",""?destroy@?$allocator@U?$DequeProbeRecord@$0EA@@@@std@@QAEXPAU?$DequeProbeRecord@$0EA@@@@Z""]",f15b6ab0bb8c123fee8171d5aa3537e37ca40958350e515dc8a11a0d87089971,0f2f3a0e943c386cccc11a40c4c98aad394c11dfb0bd29c9796f70affaed8488,"[{""offset"":12,""type"":""REL32"",""symbol"":""??$_Destroy@PAU?$DequeProbeRecord@$00@@@std@@YAXPAPAU?$DequeProbeRecord@$00@@@Z"",""addend"":0,""target_address"":""0x0040A830""}]",0,0x00409520,72,R074
0x0040A020,22,?max_size,?max_size@?$deque@U?$DequeProbeRecord@$00@@V?$allocator@U?$DequeProbeRecord@$00@@@std@@@std@@QBEIXZ,"[""?max_size@?$deque@U?$DequeProbeRecord@$00@@V?$allocator@U?$DequeProbeRecord@$00@@@std@@@std@@QBEIXZ"",""?max_size@?$deque@U?$DequeProbeRecord@$01@@V?$allocator@U?$DequeProbeRecord@$01@@@std@@@std@@QBEIXZ"",""?max_size@?$deque@U?$DequeProbeRecord@$03@@V?$allocator@U?$DequeProbeRecord@$03@@@std@@@std@@QBEIXZ"",""?max_size@?$deque@U?$DequeProbeRecord@$07@@V?$allocator@U?$DequeProbeRecord@$07@@@std@@@std@@QBEIXZ"",""?max_size@?$deque@U?$DequeProbeRecord@$0BA@@@V?$allocator@U?$DequeProbeRecord@$0BA@@@@std@@@std@@QBEIXZ"",""?max_size@?$deque@U?$DequeProbeRecord@$0CA@@@V?$allocator@U?$DequeProbeRecord@$0CA@@@@std@@@std@@QBEIXZ"",""?max_size@?$deque@U?$DequeProbeRecord@$0EA@@@V?$allocator@U?$DequeProbeRecord@$0EA@@@@std@@@std@@QBEIXZ""]",036ac8295c572d4c8b872d83a60757d79e408d2f452ee1bad9de69a885252f44,d0c13004ea336696c0892967c721e878b343f18c2fdb0bc9a3fc91db832de2b5,"[{""offset"":14,""type"":""REL32"",""symbol"":""?max_size@?$allocator@U?$DequeProbeRecord@$00@@@std@@QBEIXZ"",""addend"":0,""target_address"":""0x0040A560""}]",0,0x00409A60,13,R074
0x0040A0A0,25,?deallocate,?deallocate@?$allocator@PAU?$DequeProbeRecord@$00@@@std@@QAEXPAPAU?$DequeProbeRecord@$00@@I@Z,"[""?deallocate@?$allocator@PAU?$DequeProbeRecord@$00@@@std@@QAEXPAPAU?$DequeProbeRecord@$00@@I@Z"",""?deallocate@?$allocator@PAU?$DequeProbeRecord@$01@@@std@@QAEXPAPAU?$DequeProbeRecord@$01@@I@Z"",""?deallocate@?$allocator@PAU?$DequeProbeRecord@$03@@@std@@QAEXPAPAU?$DequeProbeRecord@$03@@I@Z"",""?deallocate@?$allocator@PAU?$DequeProbeRecord@$07@@@std@@QAEXPAPAU?$DequeProbeRecord@$07@@I@Z"",""?deallocate@?$allocator@PAU?$DequeProbeRecord@$0BA@@@@std@@QAEXPAPAU?$DequeProbeRecord@$0BA@@@I@Z"",""?deallocate@?$allocator@PAU?$DequeProbeRecord@$0CA@@@@std@@QAEXPAPAU?$DequeProbeRecord@$0CA@@@I@Z"",""?deallocate@?$allocator@PAU?$DequeProbeRecord@$0EA@@@@std@@QAEXPAPAU?$DequeProbeRecord@$0EA@@@I@Z"",""?deallocate@?$allocator@U?$DequeProbeRecord@$00@@@std@@QAEXPAU?$DequeProbeRecord@$00@@I@Z"",""?deallocate@?$allocator@U?$DequeProbeRecord@$01@@@std@@QAEXPAU?$DequeProbeRecord@$01@@I@Z"",""?deallocate@?$allocator@U?$DequeProbeRecord@$03@@@std@@QAEXPAU?$DequeProbeRecord@$03@@I@Z"",""?deallocate@?$allocator@U?$DequeProbeRecord@$07@@@std@@QAEXPAU?$DequeProbeRecord@$07@@I@Z"",""?deallocate@?$allocator@U?$DequeProbeRecord@$0BA@@@@std@@QAEXPAU?$DequeProbeRecord@$0BA@@@I@Z"",""?deallocate@?$allocator@U?$DequeProbeRecord@$0CA@@@@std@@QAEXPAU?$DequeProbeRecord@$0CA@@@I@Z"",""?deallocate@?$allocator@U?$DequeProbeRecord@$0EA@@@@std@@QAEXPAU?$DequeProbeRecord@$0EA@@@I@Z""]",98d8393a76ac9fbc41250c6069af9c5f734d1f3529f958ca7e72be42b1585abc,2d4710209435844500d36f6fb68d2c3bbeced4232e60b29b4869ef9c8a20996b,"[{""offset"":12,""type"":""REL32"",""symbol"":""??3@YAXPAX@Z"",""addend"":0,""target_address"":""0x00640F15""}]",0,0x00409C60,95,R074
0x0040A0C0,25,?deallocate,?deallocate@?$allocator@PAU?$DequeProbeRecord@$00@@@std@@QAEXPAPAU?$DequeProbeRecord@$00@@I@Z,"[""?deallocate@?$allocator@PAU?$DequeProbeRecord@$00@@@std@@QAEXPAPAU?$DequeProbeRecord@$00@@I@Z"",""?deallocate@?$allocator@PAU?$DequeProbeRecord@$01@@@std@@QAEXPAPAU?$DequeProbeRecord@$01@@I@Z"",""?deallocate@?$allocator@PAU?$DequeProbeRecord@$03@@@std@@QAEXPAPAU?$DequeProbeRecord@$03@@I@Z"",""?deallocate@?$allocator@PAU?$DequeProbeRecord@$07@@@std@@QAEXPAPAU?$DequeProbeRecord@$07@@I@Z"",""?deallocate@?$allocator@PAU?$DequeProbeRecord@$0BA@@@@std@@QAEXPAPAU?$DequeProbeRecord@$0BA@@@I@Z"",""?deallocate@?$allocator@PAU?$DequeProbeRecord@$0CA@@@@std@@QAEXPAPAU?$DequeProbeRecord@$0CA@@@I@Z"",""?deallocate@?$allocator@PAU?$DequeProbeRecord@$0EA@@@@std@@QAEXPAPAU?$DequeProbeRecord@$0EA@@@I@Z"",""?deallocate@?$allocator@U?$DequeProbeRecord@$00@@@std@@QAEXPAU?$DequeProbeRecord@$00@@I@Z"",""?deallocate@?$allocator@U?$DequeProbeRecord@$01@@@std@@QAEXPAU?$DequeProbeRecord@$01@@I@Z"",""?deallocate@?$allocator@U?$DequeProbeRecord@$03@@@std@@QAEXPAU?$DequeProbeRecord@$03@@I@Z"",""?deallocate@?$allocator@U?$DequeProbeRecord@$07@@@std@@QAEXPAU?$DequeProbeRecord@$07@@I@Z"",""?deallocate@?$allocator@U?$DequeProbeRecord@$0BA@@@@std@@QAEXPAU?$DequeProbeRecord@$0BA@@@I@Z"",""?deallocate@?$allocator@U?$DequeProbeRecord@$0CA@@@@std@@QAEXPAU?$DequeProbeRecord@$0CA@@@I@Z"",""?deallocate@?$allocator@U?$DequeProbeRecord@$0EA@@@@std@@QAEXPAU?$DequeProbeRecord@$0EA@@@I@Z""]",98d8393a76ac9fbc41250c6069af9c5f734d1f3529f958ca7e72be42b1585abc,b69d92e1fe467f1e8cc2c4f063aadc01def80dcb94793d5bfe2dac1481c1034d,"[{""offset"":12,""type"":""REL32"",""symbol"":""??3@YAXPAX@Z"",""addend"":0,""target_address"":""0x00640F15""}]",0,0x00409A60,477,R074
0x0040A0E0,27,?allocate,?allocate@?$allocator@PAU?$DequeProbeRecord@$00@@@std@@QAEPAPAU?$DequeProbeRecord@$00@@I@Z,"[""?allocate@?$allocator@PAU?$DequeProbeRecord@$00@@@std@@QAEPAPAU?$DequeProbeRecord@$00@@I@Z"",""?allocate@?$allocator@PAU?$DequeProbeRecord@$01@@@std@@QAEPAPAU?$DequeProbeRecord@$01@@I@Z"",""?allocate@?$allocator@PAU?$DequeProbeRecord@$03@@@std@@QAEPAPAU?$DequeProbeRecord@$03@@I@Z"",""?allocate@?$allocator@PAU?$DequeProbeRecord@$07@@@std@@QAEPAPAU?$DequeProbeRecord@$07@@I@Z"",""?allocate@?$allocator@PAU?$DequeProbeRecord@$0BA@@@@std@@QAEPAPAU?$DequeProbeRecord@$0BA@@@I@Z"",""?allocate@?$allocator@PAU?$DequeProbeRecord@$0CA@@@@std@@QAEPAPAU?$DequeProbeRecord@$0CA@@@I@Z"",""?allocate@?$allocator@PAU?$DequeProbeRecord@$0EA@@@@std@@QAEPAPAU?$DequeProbeRecord@$0EA@@@I@Z"",""?allocate@?$allocator@U?$DequeProbeRecord@$00@@@std@@QAEPAU?$DequeProbeRecord@$00@@I@Z"",""?allocate@?$allocator@U?$DequeProbeRecord@$01@@@std@@QAEPAU?$DequeProbeRecord@$01@@I@Z"",""?allocate@?$allocator@U?$DequeProbeRecord@$03@@@std@@QAEPAU?$DequeProbeRecord@$03@@I@Z"",""?allocate@?$allocator@U?$DequeProbeRecord@$07@@@std@@QAEPAU?$DequeProbeRecord@$07@@I@Z"",""?allocate@?$allocator@U?$DequeProbeRecord@$0BA@@@@std@@QAEPAU?$DequeProbeRecord@$0BA@@@I@Z"",""?allocate@?$allocator@U?$DequeProbeRecord@$0CA@@@@std@@QAEPAU?$DequeProbeRecord@$0CA@@@I@Z"",""?allocate@?$allocator@U?$DequeProbeRecord@$0EA@@@@std@@QAEPAU?$DequeProbeRecord@$0EA@@@I@Z""]",76fb3dabc7b7eea5850822eba2d953b3b8e0320e33383773c37a3afd919292f3,d804cf6e4c1f6078ee92055e46b67a17d053b1dc03d9e62205f0f431a5720f9e,"[{""offset"":14,""type"":""REL32"",""symbol"":""??$_Allocate@PAU?$DequeProbeRecord@$00@@@std@@YAPAPAU?$DequeProbeRecord@$00@@IPAPAU1@@Z"",""addend"":0,""target_address"":""0x0040A8E0""}]",0,0x00409A60,116,R074
0x0040A100,25,?destroy,?destroy@?$allocator@PAU?$DequeProbeRecord@$00@@@std@@QAEXPAPAU?$DequeProbeRecord@$00@@@Z,"[""?destroy@?$allocator@PAU?$DequeProbeRecord@$00@@@std@@QAEXPAPAU?$DequeProbeRecord@$00@@@Z"",""?destroy@?$allocator@PAU?$DequeProbeRecord@$01@@@std@@QAEXPAPAU?$DequeProbeRecord@$01@@@Z"",""?destroy@?$allocator@PAU?$DequeProbeRecord@$03@@@std@@QAEXPAPAU?$DequeProbeRecord@$03@@@Z"",""?destroy@?$allocator@PAU?$DequeProbeRecord@$07@@@std@@QAEXPAPAU?$DequeProbeRecord@$07@@@Z"",""?destroy@?$allocator@PAU?$DequeProbeRecord@$0BA@@@@std@@QAEXPAPAU?$DequeProbeRecord@$0BA@@@@Z"",""?destroy@?$allocator@PAU?$DequeProbeRecord@$0CA@@@@std@@QAEXPAPAU?$DequeProbeRecord@$0CA@@@@Z"",""?destroy@?$allocator@PAU?$DequeProbeRecord@$0EA@@@@std@@QAEXPAPAU?$DequeProbeRecord@$0EA@@@@Z"",""?destroy@?$allocator@U?$DequeProbeRecord@$00@@@std@@QAEXPAU?$DequeProbeRecord@$00@@@Z"",""?destroy@?$allocator@U?$DequeProbeRecord@$01@@@std@@QAEXPAU?$DequeProbeRecord@$01@@@Z"",""?destroy@?$allocator@U?$DequeProbeRecord@$03@@@std@@QAEXPAU?$DequeProbeRecord@$03@@@Z"",""?destroy@?$allocator@U?$DequeProbeRecord@$07@@@std@@QAEXPAU?$DequeProbeRecord@$07@@@Z"",""?destroy@?$allocator@U?$DequeProbeRecord@$0BA@@@@std@@QAEXPAU?$DequeProbeRecord@$0BA@@@@Z"",""?destroy@?$allocator@U?$DequeProbeRecord@$0CA@@@@std@@QAEXPAU?$DequeProbeRecord@$0CA@@@@Z"",""?destroy@?$allocator@U?$DequeProbeRecord@$0EA@@@@std@@QAEXPAU?$DequeProbeRecord@$0EA@@@@Z""]",f15b6ab0bb8c123fee8171d5aa3537e37ca40958350e515dc8a11a0d87089971,a14a651bd7b0a2ec18696a141b7cbf00d402e519817ef6618fdde291d5a4344b,"[{""offset"":12,""type"":""REL32"",""symbol"":""??$_Destroy@PAU?$DequeProbeRecord@$00@@@std@@YAXPAPAU?$DequeProbeRecord@$00@@@Z"",""addend"":0,""target_address"":""0x0040A900""}]",0,0x00409C60,116,R074
0x0040AAB0,25,??$_Uninit_fill_n,??$_Uninit_fill_n@PAU?$DequeProbeRecord@$00@@IPAU1@@std@@YAXPAPAU?$DequeProbeRecord@$00@@IABQAU1@AAV?$allocator@PAU?$DequeProbeRecord@$00@@@0@U_Scalar_ptr_iterator_tag@0@@Z,"[""??$_Uninit_fill_n@PAU?$DequeProbeRecord@$00@@IPAU1@@std@@YAXPAPAU?$DequeProbeRecord@$00@@IABQAU1@AAV?$allocator@PAU?$DequeProbeRecord@$00@@@0@U_Scalar_ptr_iterator_tag@0@@Z"",""??$_Uninit_fill_n@PAU?$DequeProbeRecord@$01@@IPAU1@@std@@YAXPAPAU?$DequeProbeRecord@$01@@IABQAU1@AAV?$allocator@PAU?$DequeProbeRecord@$01@@@0@U_Scalar_ptr_iterator_tag@0@@Z"",""??$_Uninit_fill_n@PAU?$DequeProbeRecord@$03@@IPAU1@@std@@YAXPAPAU?$DequeProbeRecord@$03@@IABQAU1@AAV?$allocator@PAU?$DequeProbeRecord@$03@@@0@U_Scalar_ptr_iterator_tag@0@@Z"",""??$_Uninit_fill_n@PAU?$DequeProbeRecord@$07@@IPAU1@@std@@YAXPAPAU?$DequeProbeRecord@$07@@IABQAU1@AAV?$allocator@PAU?$DequeProbeRecord@$07@@@0@U_Scalar_ptr_iterator_tag@0@@Z"",""??$_Uninit_fill_n@PAU?$DequeProbeRecord@$0BA@@@IPAU1@@std@@YAXPAPAU?$DequeProbeRecord@$0BA@@@IABQAU1@AAV?$allocator@PAU?$DequeProbeRecord@$0BA@@@@0@U_Scalar_ptr_iterator_tag@0@@Z"",""??$_Uninit_fill_n@PAU?$DequeProbeRecord@$0CA@@@IPAU1@@std@@YAXPAPAU?$DequeProbeRecord@$0CA@@@IABQAU1@AAV?$allocator@PAU?$DequeProbeRecord@$0CA@@@@0@U_Scalar_ptr_iterator_tag@0@@Z"",""??$_Uninit_fill_n@PAU?$DequeProbeRecord@$0EA@@@IPAU1@@std@@YAXPAPAU?$DequeProbeRecord@$0EA@@@IABQAU1@AAV?$allocator@PAU?$DequeProbeRecord@$0EA@@@@0@U_Scalar_ptr_iterator_tag@0@@Z""]",62ebf47293d861ba6638462ba31f6f3ef8842ad965e70d1b1c186904d054fdee,5d52df2757d8dcdc49141c1bcc4457b24eff1906f76a114f1f77c2cab5d6cedd,"[{""offset"":16,""type"":""REL32"",""symbol"":""??$fill_n@PAPAU?$DequeProbeRecord@$00@@IPAU1@@std@@YAXPAPAU?$DequeProbeRecord@$00@@IABQAU1@@Z"",""addend"":0,""target_address"":""0x0040ABE0""}]",0,0x0040A740,44,R074
0x0040ABC0,25,??$_Uninit_fill_n,??$_Uninit_fill_n@PAU?$DequeProbeRecord@$00@@IPAU1@@std@@YAXPAPAU?$DequeProbeRecord@$00@@IABQAU1@AAV?$allocator@PAU?$DequeProbeRecord@$00@@@0@U_Scalar_ptr_iterator_tag@0@@Z,"[""??$_Uninit_fill_n@PAU?$DequeProbeRecord@$00@@IPAU1@@std@@YAXPAPAU?$DequeProbeRecord@$00@@IABQAU1@AAV?$allocator@PAU?$DequeProbeRecord@$00@@@0@U_Scalar_ptr_iterator_tag@0@@Z"",""??$_Uninit_fill_n@PAU?$DequeProbeRecord@$01@@IPAU1@@std@@YAXPAPAU?$DequeProbeRecord@$01@@IABQAU1@AAV?$allocator@PAU?$DequeProbeRecord@$01@@@0@U_Scalar_ptr_iterator_tag@0@@Z"",""??$_Uninit_fill_n@PAU?$DequeProbeRecord@$03@@IPAU1@@std@@YAXPAPAU?$DequeProbeRecord@$03@@IABQAU1@AAV?$allocator@PAU?$DequeProbeRecord@$03@@@0@U_Scalar_ptr_iterator_tag@0@@Z"",""??$_Uninit_fill_n@PAU?$DequeProbeRecord@$07@@IPAU1@@std@@YAXPAPAU?$DequeProbeRecord@$07@@IABQAU1@AAV?$allocator@PAU?$DequeProbeRecord@$07@@@0@U_Scalar_ptr_iterator_tag@0@@Z"",""??$_Uninit_fill_n@PAU?$DequeProbeRecord@$0BA@@@IPAU1@@std@@YAXPAPAU?$DequeProbeRecord@$0BA@@@IABQAU1@AAV?$allocator@PAU?$DequeProbeRecord@$0BA@@@@0@U_Scalar_ptr_iterator_tag@0@@Z"",""??$_Uninit_fill_n@PAU?$DequeProbeRecord@$0CA@@@IPAU1@@std@@YAXPAPAU?$DequeProbeRecord@$0CA@@@IABQAU1@AAV?$allocator@PAU?$DequeProbeRecord@$0CA@@@@0@U_Scalar_ptr_iterator_tag@0@@Z"",""??$_Uninit_fill_n@PAU?$DequeProbeRecord@$0EA@@@IPAU1@@std@@YAXPAPAU?$DequeProbeRecord@$0EA@@@IABQAU1@AAV?$allocator@PAU?$DequeProbeRecord@$0EA@@@@0@U_Scalar_ptr_iterator_tag@0@@Z""]",62ebf47293d861ba6638462ba31f6f3ef8842ad965e70d1b1c186904d054fdee,c6307ded768d0ceed9f696fdbb62412449c49f23f0c09459b5f5015f30e4f74b,"[{""offset"":16,""type"":""REL32"",""symbol"":""??$fill_n@PAPAU?$DequeProbeRecord@$00@@IPAU1@@std@@YAXPAPAU?$DequeProbeRecord@$00@@IABQAU1@@Z"",""addend"":0,""target_address"":""0x0040AC50""}]",0,0x0040A9B0,44,R074
0x0040AD20,28,??0?$_Deque_map,??0?$_Deque_map@U?$DequeProbeRecord@$00@@V?$allocator@U?$DequeProbeRecord@$00@@@std@@@std@@IAE@V?$allocator@U?$DequeProbeRecord@$00@@@1@@Z,"[""??0?$_Deque_map@U?$DequeProbeRecord@$00@@V?$allocator@U?$DequeProbeRecord@$00@@@std@@@std@@IAE@V?$allocator@U?$DequeProbeRecord@$00@@@1@@Z"",""??0?$_Deque_map@U?$DequeProbeRecord@$01@@V?$allocator@U?$DequeProbeRecord@$01@@@std@@@std@@IAE@V?$allocator@U?$DequeProbeRecord@$01@@@1@@Z"",""??0?$_Deque_map@U?$DequeProbeRecord@$03@@V?$allocator@U?$DequeProbeRecord@$03@@@std@@@std@@IAE@V?$allocator@U?$DequeProbeRecord@$03@@@1@@Z"",""??0?$_Deque_map@U?$DequeProbeRecord@$07@@V?$allocator@U?$DequeProbeRecord@$07@@@std@@@std@@IAE@V?$allocator@U?$DequeProbeRecord@$07@@@1@@Z"",""??0?$_Deque_map@U?$DequeProbeRecord@$0BA@@@V?$allocator@U?$DequeProbeRecord@$0BA@@@@std@@@std@@IAE@V?$allocator@U?$DequeProbeRecord@$0BA@@@@1@@Z"",""??0?$_Deque_map@U?$DequeProbeRecord@$0CA@@@V?$allocator@U?$DequeProbeRecord@$0CA@@@@std@@@std@@IAE@V?$allocator@U?$DequeProbeRecord@$0CA@@@@1@@Z"",""??0?$_Deque_map@U?$DequeProbeRecord@$0EA@@@V?$allocator@U?$DequeProbeRecord@$0EA@@@@std@@@std@@IAE@V?$allocator@U?$DequeProbeRecord@$0EA@@@@1@@Z""]",5a5bc7571b31897ab7b4704700b6d6b4d822e8789a3d0fe9b04b456b4a95f896,387c4b2b8d5cc2c2b2a8df477ae93a6f764076a3a7fa9ecec193bb42cb949176,"[{""offset"":15,""type"":""REL32"",""symbol"":""??$?0U?$DequeProbeRecord@$00@@@?$allocator@PAU?$DequeProbeRecord@$00@@@std@@QAE@ABV?$allocator@U?$DequeProbeRecord@$00@@@1@@Z"",""addend"":0,""target_address"":""0x0040AD50""}]",0,0x0040ACD0,25,R074
0x0040E900,28,??0?$_Deque_map,??0?$_Deque_map@U?$DequeProbeRecord@$00@@V?$allocator@U?$DequeProbeRecord@$00@@@std@@@std@@IAE@V?$allocator@U?$DequeProbeRecord@$00@@@1@@Z,"[""??0?$_Deque_map@U?$DequeProbeRecord@$00@@V?$allocator@U?$DequeProbeRecord@$00@@@std@@@std@@IAE@V?$allocator@U?$DequeProbeRecord@$00@@@1@@Z"",""??0?$_Deque_map@U?$DequeProbeRecord@$01@@V?$allocator@U?$DequeProbeRecord@$01@@@std@@@std@@IAE@V?$allocator@U?$DequeProbeRecord@$01@@@1@@Z"",""??0?$_Deque_map@U?$DequeProbeRecord@$03@@V?$allocator@U?$DequeProbeRecord@$03@@@std@@@std@@IAE@V?$allocator@U?$DequeProbeRecord@$03@@@1@@Z"",""??0?$_Deque_map@U?$DequeProbeRecord@$07@@V?$allocator@U?$DequeProbeRecord@$07@@@std@@@std@@IAE@V?$allocator@U?$DequeProbeRecord@$07@@@1@@Z"",""??0?$_Deque_map@U?$DequeProbeRecord@$0BA@@@V?$allocator@U?$DequeProbeRecord@$0BA@@@@std@@@std@@IAE@V?$allocator@U?$DequeProbeRecord@$0BA@@@@1@@Z"",""??0?$_Deque_map@U?$DequeProbeRecord@$0CA@@@V?$allocator@U?$DequeProbeRecord@$0CA@@@@std@@@std@@IAE@V?$allocator@U?$DequeProbeRecord@$0CA@@@@1@@Z"",""??0?$_Deque_map@U?$DequeProbeRecord@$0EA@@@V?$allocator@U?$DequeProbeRecord@$0EA@@@@std@@@std@@IAE@V?$allocator@U?$DequeProbeRecord@$0EA@@@@1@@Z""]",5a5bc7571b31897ab7b4704700b6d6b4d822e8789a3d0fe9b04b456b4a95f896,2b1ae9671794154441d29cd928b9b967589dee7c609c8950371cd0e7c4d03c9f,"[{""offset"":15,""type"":""REL32"",""symbol"":""??$?0U?$DequeProbeRecord@$00@@@?$allocator@PAU?$DequeProbeRecord@$00@@@std@@QAE@ABV?$allocator@U?$DequeProbeRecord@$00@@@1@@Z"",""addend"":0,""target_address"":""0x0040F3B0""}]",0,0x0040E450,25,R074
0x0040E930,25,?deallocate,?deallocate@?$allocator@PAU?$DequeProbeRecord@$00@@@std@@QAEXPAPAU?$DequeProbeRecord@$00@@I@Z,"[""?deallocate@?$allocator@PAU?$DequeProbeRecord@$00@@@std@@QAEXPAPAU?$DequeProbeRecord@$00@@I@Z"",""?deallocate@?$allocator@PAU?$DequeProbeRecord@$01@@@std@@QAEXPAPAU?$DequeProbeRecord@$01@@I@Z"",""?deallocate@?$allocator@PAU?$DequeProbeRecord@$03@@@std@@QAEXPAPAU?$DequeProbeRecord@$03@@I@Z"",""?deallocate@?$allocator@PAU?$DequeProbeRecord@$07@@@std@@QAEXPAPAU?$DequeProbeRecord@$07@@I@Z"",""?deallocate@?$allocator@PAU?$DequeProbeRecord@$0BA@@@@std@@QAEXPAPAU?$DequeProbeRecord@$0BA@@@I@Z"",""?deallocate@?$allocator@PAU?$DequeProbeRecord@$0CA@@@@std@@QAEXPAPAU?$DequeProbeRecord@$0CA@@@I@Z"",""?deallocate@?$allocator@PAU?$DequeProbeRecord@$0EA@@@@std@@QAEXPAPAU?$DequeProbeRecord@$0EA@@@I@Z"",""?deallocate@?$allocator@U?$DequeProbeRecord@$00@@@std@@QAEXPAU?$DequeProbeRecord@$00@@I@Z"",""?deallocate@?$allocator@U?$DequeProbeRecord@$01@@@std@@QAEXPAU?$DequeProbeRecord@$01@@I@Z"",""?deallocate@?$allocator@U?$DequeProbeRecord@$03@@@std@@QAEXPAU?$DequeProbeRecord@$03@@I@Z"",""?deallocate@?$allocator@U?$DequeProbeRecord@$07@@@std@@QAEXPAU?$DequeProbeRecord@$07@@I@Z"",""?deallocate@?$allocator@U?$DequeProbeRecord@$0BA@@@@std@@QAEXPAU?$DequeProbeRecord@$0BA@@@I@Z"",""?deallocate@?$allocator@U?$DequeProbeRecord@$0CA@@@@std@@QAEXPAU?$DequeProbeRecord@$0CA@@@I@Z"",""?deallocate@?$allocator@U?$DequeProbeRecord@$0EA@@@@std@@QAEXPAU?$DequeProbeRecord@$0EA@@@I@Z""]",98d8393a76ac9fbc41250c6069af9c5f734d1f3529f958ca7e72be42b1585abc,9bf999a843450f8a92f6cf2affb4ac7e354e0ddf737ef8470d4228660fecbf9b,"[{""offset"":12,""type"":""REL32"",""symbol"":""??3@YAXPAX@Z"",""addend"":0,""target_address"":""0x00640F15""}]",0,0x0040E390,95,R074
0x0040E950,25,?deallocate,?deallocate@?$allocator@PAU?$DequeProbeRecord@$00@@@std@@QAEXPAPAU?$DequeProbeRecord@$00@@I@Z,"[""?deallocate@?$allocator@PAU?$DequeProbeRecord@$00@@@std@@QAEXPAPAU?$DequeProbeRecord@$00@@I@Z"",""?deallocate@?$allocator@PAU?$DequeProbeRecord@$01@@@std@@QAEXPAPAU?$DequeProbeRecord@$01@@I@Z"",""?deallocate@?$allocator@PAU?$DequeProbeRecord@$03@@@std@@QAEXPAPAU?$DequeProbeRecord@$03@@I@Z"",""?deallocate@?$allocator@PAU?$DequeProbeRecord@$07@@@std@@QAEXPAPAU?$DequeProbeRecord@$07@@I@Z"",""?deallocate@?$allocator@PAU?$DequeProbeRecord@$0BA@@@@std@@QAEXPAPAU?$DequeProbeRecord@$0BA@@@I@Z"",""?deallocate@?$allocator@PAU?$DequeProbeRecord@$0CA@@@@std@@QAEXPAPAU?$DequeProbeRecord@$0CA@@@I@Z"",""?deallocate@?$allocator@PAU?$DequeProbeRecord@$0EA@@@@std@@QAEXPAPAU?$DequeProbeRecord@$0EA@@@I@Z"",""?deallocate@?$allocator@U?$DequeProbeRecord@$00@@@std@@QAEXPAU?$DequeProbeRecord@$00@@I@Z"",""?deallocate@?$allocator@U?$DequeProbeRecord@$01@@@std@@QAEXPAU?$DequeProbeRecord@$01@@I@Z"",""?deallocate@?$allocator@U?$DequeProbeRecord@$03@@@std@@QAEXPAU?$DequeProbeRecord@$03@@I@Z"",""?deallocate@?$allocator@U?$DequeProbeRecord@$07@@@std@@QAEXPAU?$DequeProbeRecord@$07@@I@Z"",""?deallocate@?$allocator@U?$DequeProbeRecord@$0BA@@@@std@@QAEXPAU?$DequeProbeRecord@$0BA@@@I@Z"",""?deallocate@?$allocator@U?$DequeProbeRecord@$0CA@@@@std@@QAEXPAU?$DequeProbeRecord@$0CA@@@I@Z"",""?deallocate@?$allocator@U?$DequeProbeRecord@$0EA@@@@std@@QAEXPAU?$DequeProbeRecord@$0EA@@@I@Z""]",98d8393a76ac9fbc41250c6069af9c5f734d1f3529f958ca7e72be42b1585abc,995fa0f18912ba33945e8c56c4c75bafbee850764d3f51849b9206d62721e24f,"[{""offset"":12,""type"":""REL32"",""symbol"":""??3@YAXPAX@Z"",""addend"":0,""target_address"":""0x00640F15""}]",0,0x0040E390,149,R074
0x0040E970,25,?destroy,?destroy@?$allocator@PAU?$DequeProbeRecord@$00@@@std@@QAEXPAPAU?$DequeProbeRecord@$00@@@Z,"[""?destroy@?$allocator@PAU?$DequeProbeRecord@$00@@@std@@QAEXPAPAU?$DequeProbeRecord@$00@@@Z"",""?destroy@?$allocator@PAU?$DequeProbeRecord@$01@@@std@@QAEXPAPAU?$DequeProbeRecord@$01@@@Z"",""?destroy@?$allocator@PAU?$DequeProbeRecord@$03@@@std@@QAEXPAPAU?$DequeProbeRecord@$03@@@Z"",""?destroy@?$allocator@PAU?$DequeProbeRecord@$07@@@std@@QAEXPAPAU?$DequeProbeRecord@$07@@@Z"",""?destroy@?$allocator@PAU?$DequeProbeRecord@$0BA@@@@std@@QAEXPAPAU?$DequeProbeRecord@$0BA@@@@Z"",""?destroy@?$allocator@PAU?$DequeProbeRecord@$0CA@@@@std@@QAEXPAPAU?$DequeProbeRecord@$0CA@@@@Z"",""?destroy@?$allocator@PAU?$DequeProbeRecord@$0EA@@@@std@@QAEXPAPAU?$DequeProbeRecord@$0EA@@@@Z"",""?destroy@?$allocator@U?$DequeProbeRecord@$00@@@std@@QAEXPAU?$DequeProbeRecord@$00@@@Z"",""?destroy@?$allocator@U?$DequeProbeRecord@$01@@@std@@QAEXPAU?$DequeProbeRecord@$01@@@Z"",""?destroy@?$allocator@U?$DequeProbeRecord@$03@@@std@@QAEXPAU?$DequeProbeRecord@$03@@@Z"",""?destroy@?$allocator@U?$DequeProbeRecord@$07@@@std@@QAEXPAU?$DequeProbeRecord@$07@@@Z"",""?destroy@?$allocator@U?$DequeProbeRecord@$0BA@@@@std@@QAEXPAU?$DequeProbeRecord@$0BA@@@@Z"",""?destroy@?$allocator@U?$DequeProbeRecord@$0CA@@@@std@@QAEXPAU?$DequeProbeRecord@$0CA@@@@Z"",""?destroy@?$allocator@U?$DequeProbeRecord@$0EA@@@@std@@QAEXPAU?$DequeProbeRecord@$0EA@@@@Z""]",f15b6ab0bb8c123fee8171d5aa3537e37ca40958350e515dc8a11a0d87089971,21f33281f09c0baa360b1ff365837e96a715fb636444a763136690c8e9baba70,"[{""offset"":12,""type"":""REL32"",""symbol"":""??$_Destroy@PAU?$DequeProbeRecord@$00@@@std@@YAXPAPAU?$DequeProbeRecord@$00@@@Z"",""addend"":0,""target_address"":""0x0040F3C0""}]",0,0x0040E390,116,R074
0x0040F100,25,?destroy,?destroy@?$allocator@PAU?$DequeProbeRecord@$00@@@std@@QAEXPAPAU?$DequeProbeRecord@$00@@@Z,"[""?destroy@?$allocator@PAU?$DequeProbeRecord@$00@@@std@@QAEXPAPAU?$DequeProbeRecord@$00@@@Z"",""?destroy@?$allocator@PAU?$DequeProbeRecord@$01@@@std@@QAEXPAPAU?$DequeProbeRecord@$01@@@Z"",""?destroy@?$allocator@PAU?$DequeProbeRecord@$03@@@std@@QAEXPAPAU?$DequeProbeRecord@$03@@@Z"",""?destroy@?$allocator@PAU?$DequeProbeRecord@$07@@@std@@QAEXPAPAU?$DequeProbeRecord@$07@@@Z"",""?destroy@?$allocator@PAU?$DequeProbeRecord@$0BA@@@@std@@QAEXPAPAU?$DequeProbeRecord@$0BA@@@@Z"",""?destroy@?$allocator@PAU?$DequeProbeRecord@$0CA@@@@std@@QAEXPAPAU?$DequeProbeRecord@$0CA@@@@Z"",""?destroy@?$allocator@PAU?$DequeProbeRecord@$0EA@@@@std@@QAEXPAPAU?$DequeProbeRecord@$0EA@@@@Z"",""?destroy@?$allocator@U?$DequeProbeRecord@$00@@@std@@QAEXPAU?$DequeProbeRecord@$00@@@Z"",""?destroy@?$allocator@U?$DequeProbeRecord@$01@@@std@@QAEXPAU?$DequeProbeRecord@$01@@@Z"",""?destroy@?$allocator@U?$DequeProbeRecord@$03@@@std@@QAEXPAU?$DequeProbeRecord@$03@@@Z"",""?destroy@?$allocator@U?$DequeProbeRecord@$07@@@std@@QAEXPAU?$DequeProbeRecord@$07@@@Z"",""?destroy@?$allocator@U?$DequeProbeRecord@$0BA@@@@std@@QAEXPAU?$DequeProbeRecord@$0BA@@@@Z"",""?destroy@?$allocator@U?$DequeProbeRecord@$0CA@@@@std@@QAEXPAU?$DequeProbeRecord@$0CA@@@@Z"",""?destroy@?$allocator@U?$DequeProbeRecord@$0EA@@@@std@@QAEXPAU?$DequeProbeRecord@$0EA@@@@Z""]",f15b6ab0bb8c123fee8171d5aa3537e37ca40958350e515dc8a11a0d87089971,c4e8cea0a4139ebf0f473694de61cddc7d86dfb88bc7d04cfe64e62d353c798f,"[{""offset"":12,""type"":""REL32"",""symbol"":""??$_Destroy@PAU?$DequeProbeRecord@$00@@@std@@YAXPAPAU?$DequeProbeRecord@$00@@@Z"",""addend"":0,""target_address"":""0x0040F510""}]",0,0x0040E860,111,R074
0x0040F820,25,??$_Uninit_fill_n,??$_Uninit_fill_n@PAU?$DequeProbeRecord@$00@@IPAU1@@std@@YAXPAPAU?$DequeProbeRecord@$00@@IABQAU1@AAV?$allocator@PAU?$DequeProbeRecord@$00@@@0@U_Scalar_ptr_iterator_tag@0@@Z,"[""??$_Uninit_fill_n@PAU?$DequeProbeRecord@$00@@IPAU1@@std@@YAXPAPAU?$DequeProbeRecord@$00@@IABQAU1@AAV?$allocator@PAU?$DequeProbeRecord@$00@@@0@U_Scalar_ptr_iterator_tag@0@@Z"",""??$_Uninit_fill_n@PAU?$DequeProbeRecord@$01@@IPAU1@@std@@YAXPAPAU?$DequeProbeRecord@$01@@IABQAU1@AAV?$allocator@PAU?$DequeProbeRecord@$01@@@0@U_Scalar_ptr_iterator_tag@0@@Z"",""??$_Uninit_fill_n@PAU?$DequeProbeRecord@$03@@IPAU1@@std@@YAXPAPAU?$DequeProbeRecord@$03@@IABQAU1@AAV?$allocator@PAU?$DequeProbeRecord@$03@@@0@U_Scalar_ptr_iterator_tag@0@@Z"",""??$_Uninit_fill_n@PAU?$DequeProbeRecord@$07@@IPAU1@@std@@YAXPAPAU?$DequeProbeRecord@$07@@IABQAU1@AAV?$allocator@PAU?$DequeProbeRecord@$07@@@0@U_Scalar_ptr_iterator_tag@0@@Z"",""??$_Uninit_fill_n@PAU?$DequeProbeRecord@$0BA@@@IPAU1@@std@@YAXPAPAU?$DequeProbeRecord@$0BA@@@IABQAU1@AAV?$allocator@PAU?$DequeProbeRecord@$0BA@@@@0@U_Scalar_ptr_iterator_tag@0@@Z"",""??$_Uninit_fill_n@PAU?$DequeProbeRecord@$0CA@@@IPAU1@@std@@YAXPAPAU?$DequeProbeRecord@$0CA@@@IABQAU1@AAV?$allocator@PAU?$DequeProbeRecord@$0CA@@@@0@U_Scalar_ptr_iterator_tag@0@@Z"",""??$_Uninit_fill_n@PAU?$DequeProbeRecord@$0EA@@@IPAU1@@std@@YAXPAPAU?$DequeProbeRecord@$0EA@@@IABQAU1@AAV?$allocator@PAU?$DequeProbeRecord@$0EA@@@@0@U_Scalar_ptr_iterator_tag@0@@Z""]",62ebf47293d861ba6638462ba31f6f3ef8842ad965e70d1b1c186904d054fdee,74bc5fa8b8091611f5388da8bf6d36069de2ff07da8f754ead428de9f42d8752,"[{""offset"":16,""type"":""REL32"",""symbol"":""??$fill_n@PAPAU?$DequeProbeRecord@$00@@IPAU1@@std@@YAXPAPAU?$DequeProbeRecord@$00@@IABQAU1@@Z"",""addend"":0,""target_address"":""0x0040F970""}]",0,0x0040F560,44,R074
0x004124F0,28,??0?$_Deque_map,??0?$_Deque_map@U?$DequeProbeRecord@$00@@V?$allocator@U?$DequeProbeRecord@$00@@@std@@@std@@IAE@V?$allocator@U?$DequeProbeRecord@$00@@@1@@Z,"[""??0?$_Deque_map@U?$DequeProbeRecord@$00@@V?$allocator@U?$DequeProbeRecord@$00@@@std@@@std@@IAE@V?$allocator@U?$DequeProbeRecord@$00@@@1@@Z"",""??0?$_Deque_map@U?$DequeProbeRecord@$01@@V?$allocator@U?$DequeProbeRecord@$01@@@std@@@std@@IAE@V?$allocator@U?$DequeProbeRecord@$01@@@1@@Z"",""??0?$_Deque_map@U?$DequeProbeRecord@$03@@V?$allocator@U?$DequeProbeRecord@$03@@@std@@@std@@IAE@V?$allocator@U?$DequeProbeRecord@$03@@@1@@Z"",""??0?$_Deque_map@U?$DequeProbeRecord@$07@@V?$allocator@U?$DequeProbeRecord@$07@@@std@@@std@@IAE@V?$allocator@U?$DequeProbeRecord@$07@@@1@@Z"",""??0?$_Deque_map@U?$DequeProbeRecord@$0BA@@@V?$allocator@U?$DequeProbeRecord@$0BA@@@@std@@@std@@IAE@V?$allocator@U?$DequeProbeRecord@$0BA@@@@1@@Z"",""??0?$_Deque_map@U?$DequeProbeRecord@$0CA@@@V?$allocator@U?$DequeProbeRecord@$0CA@@@@std@@@std@@IAE@V?$allocator@U?$DequeProbeRecord@$0CA@@@@1@@Z"",""??0?$_Deque_map@U?$DequeProbeRecord@$0EA@@@V?$allocator@U?$DequeProbeRecord@$0EA@@@@std@@@std@@IAE@V?$allocator@U?$DequeProbeRecord@$0EA@@@@1@@Z""]",5a5bc7571b31897ab7b4704700b6d6b4d822e8789a3d0fe9b04b456b4a95f896,5f0cf4e5aabe950baa1631254f2ee045fc28ece5b96c34957d5615ca92767a02,"[{""offset"":15,""type"":""REL32"",""symbol"":""??$?0U?$DequeProbeRecord@$00@@@?$allocator@PAU?$DequeProbeRecord@$00@@@std@@QAE@ABV?$allocator@U?$DequeProbeRecord@$00@@@1@@Z"",""addend"":0,""target_address"":""0x00412610""}]",0,0x00412390,25,R074
0x00414E60,27,?allocate,?allocate@?$allocator@PAU?$DequeProbeRecord@$00@@@std@@QAEPAPAU?$DequeProbeRecord@$00@@I@Z,"[""?allocate@?$allocator@PAU?$DequeProbeRecord@$00@@@std@@QAEPAPAU?$DequeProbeRecord@$00@@I@Z"",""?allocate@?$allocator@PAU?$DequeProbeRecord@$01@@@std@@QAEPAPAU?$DequeProbeRecord@$01@@I@Z"",""?allocate@?$allocator@PAU?$DequeProbeRecord@$03@@@std@@QAEPAPAU?$DequeProbeRecord@$03@@I@Z"",""?allocate@?$allocator@PAU?$DequeProbeRecord@$07@@@std@@QAEPAPAU?$DequeProbeRecord@$07@@I@Z"",""?allocate@?$allocator@PAU?$DequeProbeRecord@$0BA@@@@std@@QAEPAPAU?$DequeProbeRecord@$0BA@@@I@Z"",""?allocate@?$allocator@PAU?$DequeProbeRecord@$0CA@@@@std@@QAEPAPAU?$DequeProbeRecord@$0CA@@@I@Z"",""?allocate@?$allocator@PAU?$DequeProbeRecord@$0EA@@@@std@@QAEPAPAU?$DequeProbeRecord@$0EA@@@I@Z"",""?allocate@?$allocator@U?$DequeProbeRecord@$00@@@std@@QAEPAU?$DequeProbeRecord@$00@@I@Z"",""?allocate@?$allocator@U?$DequeProbeRecord@$01@@@std@@QAEPAU?$DequeProbeRecord@$01@@I@Z"",""?allocate@?$allocator@U?$DequeProbeRecord@$03@@@std@@QAEPAU?$DequeProbeRecord@$03@@I@Z"",""?allocate@?$allocator@U?$DequeProbeRecord@$07@@@std@@QAEPAU?$DequeProbeRecord@$07@@I@Z"",""?allocate@?$allocator@U?$DequeProbeRecord@$0BA@@@@std@@QAEPAU?$DequeProbeRecord@$0BA@@@I@Z"",""?allocate@?$allocator@U?$DequeProbeRecord@$0CA@@@@std@@QAEPAU?$DequeProbeRecord@$0CA@@@I@Z"",""?allocate@?$allocator@U?$DequeProbeRecord@$0EA@@@@std@@QAEPAU?$DequeProbeRecord@$0EA@@@I@Z""]",76fb3dabc7b7eea5850822eba2d953b3b8e0320e33383773c37a3afd919292f3,b1d2d6440c393d0fd085de03dc21c5f470d8becdc93e6444371592eed51fd7c2,"[{""offset"":14,""type"":""REL32"",""symbol"":""??$_Allocate@PAU?$DequeProbeRecord@$00@@@std@@YAPAPAU?$DequeProbeRecord@$00@@IPAPAU1@@Z"",""addend"":0,""target_address"":""0x004160A0""}]",0,0x00414450,136,R074
0x00414E80,29,?construct,?construct@?$allocator@U?$DequeProbeRecord@$00@@@std@@QAEXPAU?$DequeProbeRecord@$00@@ABU3@@Z,"[""?construct@?$allocator@U?$DequeProbeRecord@$00@@@std@@QAEXPAU?$DequeProbeRecord@$00@@ABU3@@Z"",""?construct@?$allocator@U?$DequeProbeRecord@$01@@@std@@QAEXPAU?$DequeProbeRecord@$01@@ABU3@@Z"",""?construct@?$allocator@U?$DequeProbeRecord@$03@@@std@@QAEXPAU?$DequeProbeRecord@$03@@ABU3@@Z"",""?construct@?$allocator@U?$DequeProbeRecord@$07@@@std@@QAEXPAU?$DequeProbeRecord@$07@@ABU3@@Z"",""?construct@?$allocator@U?$DequeProbeRecord@$0BA@@@@std@@QAEXPAU?$DequeProbeRecord@$0BA@@@ABU3@@Z"",""?construct@?$allocator@U?$DequeProbeRecord@$0CA@@@@std@@QAEXPAU?$DequeProbeRecord@$0CA@@@ABU3@@Z"",""?construct@?$allocator@U?$DequeProbeRecord@$0EA@@@@std@@QAEXPAU?$DequeProbeRecord@$0EA@@@ABU3@@Z""]",7c6d9fb49bf679d9ce24e0ea5fcdcc441c4a612bbc57f5c6c01fdb7e501bdce0,0c7faecef6e7846b044783a9e6d4f7df7b220620b45cbe6bf72583fb084bbdb6,"[{""offset"":16,""type"":""REL32"",""symbol"":""??$_Construct@U?$DequeProbeRecord@$00@@U1@@std@@YAXPAU?$DequeProbeRecord@$00@@ABU1@@Z"",""addend"":0,""target_address"":""0x004160C0""}]",0,0x00414450,188,R074
0x004151C0,27,?allocate,?allocate@?$allocator@PAU?$DequeProbeRecord@$00@@@std@@QAEPAPAU?$DequeProbeRecord@$00@@I@Z,"[""?allocate@?$allocator@PAU?$DequeProbeRecord@$00@@@std@@QAEPAPAU?$DequeProbeRecord@$00@@I@Z"",""?allocate@?$allocator@PAU?$DequeProbeRecord@$01@@@std@@QAEPAPAU?$DequeProbeRecord@$01@@I@Z"",""?allocate@?$allocator@PAU?$DequeProbeRecord@$03@@@std@@QAEPAPAU?$DequeProbeRecord@$03@@I@Z"",""?allocate@?$allocator@PAU?$DequeProbeRecord@$07@@@std@@QAEPAPAU?$DequeProbeRecord@$07@@I@Z"",""?allocate@?$allocator@PAU?$DequeProbeRecord@$0BA@@@@std@@QAEPAPAU?$DequeProbeRecord@$0BA@@@I@Z"",""?allocate@?$allocator@PAU?$DequeProbeRecord@$0CA@@@@std@@QAEPAPAU?$DequeProbeRecord@$0CA@@@I@Z"",""?allocate@?$allocator@PAU?$DequeProbeRecord@$0EA@@@@std@@QAEPAPAU?$DequeProbeRecord@$0EA@@@I@Z"",""?allocate@?$allocator@U?$DequeProbeRecord@$00@@@std@@QAEPAU?$DequeProbeRecord@$00@@I@Z"",""?allocate@?$allocator@U?$DequeProbeRecord@$01@@@std@@QAEPAU?$DequeProbeRecord@$01@@I@Z"",""?allocate@?$allocator@U?$DequeProbeRecord@$03@@@std@@QAEPAU?$DequeProbeRecord@$03@@I@Z"",""?allocate@?$allocator@U?$DequeProbeRecord@$07@@@std@@QAEPAU?$DequeProbeRecord@$07@@I@Z"",""?allocate@?$allocator@U?$DequeProbeRecord@$0BA@@@@std@@QAEPAU?$DequeProbeRecord@$0BA@@@I@Z"",""?allocate@?$allocator@U?$DequeProbeRecord@$0CA@@@@std@@QAEPAU?$DequeProbeRecord@$0CA@@@I@Z"",""?allocate@?$allocator@U?$DequeProbeRecord@$0EA@@@@std@@QAEPAU?$DequeProbeRecord@$0EA@@@I@Z""]",76fb3dabc7b7eea5850822eba2d953b3b8e0320e33383773c37a3afd919292f3,e14b49a8ee3539889507041f017155bbfffeb50061c29f21832bac9808f66db0,"[{""offset"":14,""type"":""REL32"",""symbol"":""??$_Allocate@PAU?$DequeProbeRecord@$00@@@std@@YAPAPAU?$DequeProbeRecord@$00@@IPAPAU1@@Z"",""addend"":0,""target_address"":""0x004161C0""}]",0,0x00414640,136,R074
0x004151E0,29,?construct,?construct@?$allocator@U?$DequeProbeRecord@$00@@@std@@QAEXPAU?$DequeProbeRecord@$00@@ABU3@@Z,"[""?construct@?$allocator@U?$DequeProbeRecord@$00@@@std@@QAEXPAU?$DequeProbeRecord@$00@@ABU3@@Z"",""?construct@?$allocator@U?$DequeProbeRecord@$01@@@std@@QAEXPAU?$DequeProbeRecord@$01@@ABU3@@Z"",""?construct@?$allocator@U?$DequeProbeRecord@$03@@@std@@QAEXPAU?$DequeProbeRecord@$03@@ABU3@@Z"",""?construct@?$allocator@U?$DequeProbeRecord@$07@@@std@@QAEXPAU?$DequeProbeRecord@$07@@ABU3@@Z"",""?construct@?$allocator@U?$DequeProbeRecord@$0BA@@@@std@@QAEXPAU?$DequeProbeRecord@$0BA@@@ABU3@@Z"",""?construct@?$allocator@U?$DequeProbeRecord@$0CA@@@@std@@QAEXPAU?$DequeProbeRecord@$0CA@@@ABU3@@Z"",""?construct@?$allocator@U?$DequeProbeRecord@$0EA@@@@std@@QAEXPAU?$DequeProbeRecord@$0EA@@@ABU3@@Z""]",7c6d9fb49bf679d9ce24e0ea5fcdcc441c4a612bbc57f5c6c01fdb7e501bdce0,3af35a00f2ac0daecc5c7384bb2eb5d028576c19c0fe5faabf7b00405d1c6b62,"[{""offset"":16,""type"":""REL32"",""symbol"":""??$_Construct@U?$DequeProbeRecord@$00@@U1@@std@@YAXPAU?$DequeProbeRecord@$00@@ABU1@@Z"",""addend"":0,""target_address"":""0x004161E0""}]",0,0x00414640,191,R074
0x00415520,27,?allocate,?allocate@?$allocator@PAU?$DequeProbeRecord@$00@@@std@@QAEPAPAU?$DequeProbeRecord@$00@@I@Z,"[""?allocate@?$allocator@PAU?$DequeProbeRecord@$00@@@std@@QAEPAPAU?$DequeProbeRecord@$00@@I@Z"",""?allocate@?$allocator@PAU?$DequeProbeRecord@$01@@@std@@QAEPAPAU?$DequeProbeRecord@$01@@I@Z"",""?allocate@?$allocator@PAU?$DequeProbeRecord@$03@@@std@@QAEPAPAU?$DequeProbeRecord@$03@@I@Z"",""?allocate@?$allocator@PAU?$DequeProbeRecord@$07@@@std@@QAEPAPAU?$DequeProbeRecord@$07@@I@Z"",""?allocate@?$allocator@PAU?$DequeProbeRecord@$0BA@@@@std@@QAEPAPAU?$DequeProbeRecord@$0BA@@@I@Z"",""?allocate@?$allocator@PAU?$DequeProbeRecord@$0CA@@@@std@@QAEPAPAU?$DequeProbeRecord@$0CA@@@I@Z"",""?allocate@?$allocator@PAU?$DequeProbeRecord@$0EA@@@@std@@QAEPAPAU?$DequeProbeRecord@$0EA@@@I@Z"",""?allocate@?$allocator@U?$DequeProbeRecord@$00@@@std@@QAEPAU?$DequeProbeRecord@$00@@I@Z"",""?allocate@?$allocator@U?$DequeProbeRecord@$01@@@std@@QAEPAU?$DequeProbeRecord@$01@@I@Z"",""?allocate@?$allocator@U?$DequeProbeRecord@$03@@@std@@QAEPAU?$DequeProbeRecord@$03@@I@Z"",""?allocate@?$allocator@U?$DequeProbeRecord@$07@@@std@@QAEPAU?$DequeProbeRecord@$07@@I@Z"",""?allocate@?$allocator@U?$DequeProbeRecord@$0BA@@@@std@@QAEPAU?$DequeProbeRecord@$0BA@@@I@Z"",""?allocate@?$allocator@U?$DequeProbeRecord@$0CA@@@@std@@QAEPAU?$DequeProbeRecord@$0CA@@@I@Z"",""?allocate@?$allocator@U?$DequeProbeRecord@$0EA@@@@std@@QAEPAU?$DequeProbeRecord@$0EA@@@I@Z""]",76fb3dabc7b7eea5850822eba2d953b3b8e0320e33383773c37a3afd919292f3,2e91503f60f47ca74a54f8bd19f1ab90b1d1df2a568ffe77f9b80e684242b680,"[{""offset"":14,""type"":""REL32"",""symbol"":""??$_Allocate@PAU?$DequeProbeRecord@$00@@@std@@YAPAPAU?$DequeProbeRecord@$00@@IPAPAU1@@Z"",""addend"":0,""target_address"":""0x004162E0""}]",0,0x00414830,136,R074
0x00415540,29,?construct,?construct@?$allocator@U?$DequeProbeRecord@$00@@@std@@QAEXPAU?$DequeProbeRecord@$00@@ABU3@@Z,"[""?construct@?$allocator@U?$DequeProbeRecord@$00@@@std@@QAEXPAU?$DequeProbeRecord@$00@@ABU3@@Z"",""?construct@?$allocator@U?$DequeProbeRecord@$01@@@std@@QAEXPAU?$DequeProbeRecord@$01@@ABU3@@Z"",""?construct@?$allocator@U?$DequeProbeRecord@$03@@@std@@QAEXPAU?$DequeProbeRecord@$03@@ABU3@@Z"",""?construct@?$allocator@U?$DequeProbeRecord@$07@@@std@@QAEXPAU?$DequeProbeRecord@$07@@ABU3@@Z"",""?construct@?$allocator@U?$DequeProbeRecord@$0BA@@@@std@@QAEXPAU?$DequeProbeRecord@$0BA@@@ABU3@@Z"",""?construct@?$allocator@U?$DequeProbeRecord@$0CA@@@@std@@QAEXPAU?$DequeProbeRecord@$0CA@@@ABU3@@Z"",""?construct@?$allocator@U?$DequeProbeRecord@$0EA@@@@std@@QAEXPAU?$DequeProbeRecord@$0EA@@@ABU3@@Z""]",7c6d9fb49bf679d9ce24e0ea5fcdcc441c4a612bbc57f5c6c01fdb7e501bdce0,d60c9fe0dd3326f7a235aa055d5aec084aed413660527e3b5ea08ccdec248826,"[{""offset"":16,""type"":""REL32"",""symbol"":""??$_Construct@U?$DequeProbeRecord@$00@@U1@@std@@YAXPAU?$DequeProbeRecord@$00@@ABU1@@Z"",""addend"":0,""target_address"":""0x00416300""}]",0,0x00414830,191,R074
0x00415890,22,?max_size,?max_size@?$deque@U?$DequeProbeRecord@$00@@V?$allocator@U?$DequeProbeRecord@$00@@@std@@@std@@QBEIXZ,"[""?max_size@?$deque@U?$DequeProbeRecord@$00@@V?$allocator@U?$DequeProbeRecord@$00@@@std@@@std@@QBEIXZ"",""?max_size@?$deque@U?$DequeProbeRecord@$01@@V?$allocator@U?$DequeProbeRecord@$01@@@std@@@std@@QBEIXZ"",""?max_size@?$deque@U?$DequeProbeRecord@$03@@V?$allocator@U?$DequeProbeRecord@$03@@@std@@@std@@QBEIXZ"",""?max_size@?$deque@U?$DequeProbeRecord@$07@@V?$allocator@U?$DequeProbeRecord@$07@@@std@@@std@@QBEIXZ"",""?max_size@?$deque@U?$DequeProbeRecord@$0BA@@@V?$allocator@U?$DequeProbeRecord@$0BA@@@@std@@@std@@QBEIXZ"",""?max_size@?$deque@U?$DequeProbeRecord@$0CA@@@V?$allocator@U?$DequeProbeRecord@$0CA@@@@std@@@std@@QBEIXZ"",""?max_size@?$deque@U?$DequeProbeRecord@$0EA@@@V?$allocator@U?$DequeProbeRecord@$0EA@@@@std@@@std@@QBEIXZ""]",036ac8295c572d4c8b872d83a60757d79e408d2f452ee1bad9de69a885252f44,001376262f5566b89f369f29593d977f251717a09956d22a0224ab275bca2ac8,"[{""offset"":14,""type"":""REL32"",""symbol"":""?max_size@?$allocator@U?$DequeProbeRecord@$00@@@std@@QBEIXZ"",""addend"":0,""target_address"":""0x00415F10""}]",0,0x00414B40,13,R074
0x004159D0,28,??0?$_Deque_map,??0?$_Deque_map@U?$DequeProbeRecord@$00@@V?$allocator@U?$DequeProbeRecord@$00@@@std@@@std@@IAE@V?$allocator@U?$DequeProbeRecord@$00@@@1@@Z,"[""??0?$_Deque_map@U?$DequeProbeRecord@$00@@V?$allocator@U?$DequeProbeRecord@$00@@@std@@@std@@IAE@V?$allocator@U?$DequeProbeRecord@$00@@@1@@Z"",""??0?$_Deque_map@U?$DequeProbeRecord@$01@@V?$allocator@U?$DequeProbeRecord@$01@@@std@@@std@@IAE@V?$allocator@U?$DequeProbeRecord@$01@@@1@@Z"",""??0?$_Deque_map@U?$DequeProbeRecord@$03@@V?$allocator@U?$DequeProbeRecord@$03@@@std@@@std@@IAE@V?$allocator@U?$DequeProbeRecord@$03@@@1@@Z"",""??0?$_Deque_map@U?$DequeProbeRecord@$07@@V?$allocator@U?$DequeProbeRecord@$07@@@std@@@std@@IAE@V?$allocator@U?$DequeProbeRecord@$07@@@1@@Z"",""??0?$_Deque_map@U?$DequeProbeRecord@$0BA@@@V?$allocator@U?$DequeProbeRecord@$0BA@@@@std@@@std@@IAE@V?$allocator@U?$DequeProbeRecord@$0BA@@@@1@@Z"",""??0?$_Deque_map@U?$DequeProbeRecord@$0CA@@@V?$allocator@U?$DequeProbeRecord@$0CA@@@@std@@@std@@IAE@V?$allocator@U?$DequeProbeRecord@$0CA@@@@1@@Z"",""??0?$_Deque_map@U?$DequeProbeRecord@$0EA@@@V?$allocator@U?$DequeProbeRecord@$0EA@@@@std@@@std@@IAE@V?$allocator@U?$DequeProbeRecord@$0EA@@@@1@@Z""]",5a5bc7571b31897ab7b4704700b6d6b4d822e8789a3d0fe9b04b456b4a95f896,b612eda56d8931b6a13538122731df88b91c14f4404bc735147438ccff643411,"[{""offset"":15,""type"":""REL32"",""symbol"":""??$?0U?$DequeProbeRecord@$00@@@?$allocator@PAU?$DequeProbeRecord@$00@@@std@@QAE@ABV?$allocator@U?$DequeProbeRecord@$00@@@1@@Z"",""addend"":0,""target_address"":""0x00416340""}]",0,0x00414E10,25,R074
0x00415A00,25,?deallocate,?deallocate@?$allocator@PAU?$DequeProbeRecord@$00@@@std@@QAEXPAPAU?$DequeProbeRecord@$00@@I@Z,"[""?deallocate@?$allocator@PAU?$DequeProbeRecord@$00@@@std@@QAEXPAPAU?$DequeProbeRecord@$00@@I@Z"",""?deallocate@?$allocator@PAU?$DequeProbeRecord@$01@@@std@@QAEXPAPAU?$DequeProbeRecord@$01@@I@Z"",""?deallocate@?$allocator@PAU?$DequeProbeRecord@$03@@@std@@QAEXPAPAU?$DequeProbeRecord@$03@@I@Z"",""?deallocate@?$allocator@PAU?$DequeProbeRecord@$07@@@std@@QAEXPAPAU?$DequeProbeRecord@$07@@I@Z"",""?deallocate@?$allocator@PAU?$DequeProbeRecord@$0BA@@@@std@@QAEXPAPAU?$DequeProbeRecord@$0BA@@@I@Z"",""?deallocate@?$allocator@PAU?$DequeProbeRecord@$0CA@@@@std@@QAEXPAPAU?$DequeProbeRecord@$0CA@@@I@Z"",""?deallocate@?$allocator@PAU?$DequeProbeRecord@$0EA@@@@std@@QAEXPAPAU?$DequeProbeRecord@$0EA@@@I@Z"",""?deallocate@?$allocator@U?$DequeProbeRecord@$00@@@std@@QAEXPAU?$DequeProbeRecord@$00@@I@Z"",""?deallocate@?$allocator@U?$DequeProbeRecord@$01@@@std@@QAEXPAU?$DequeProbeRecord@$01@@I@Z"",""?deallocate@?$allocator@U?$DequeProbeRecord@$03@@@std@@QAEXPAU?$DequeProbeRecord@$03@@I@Z"",""?deallocate@?$allocator@U?$DequeProbeRecord@$07@@@std@@QAEXPAU?$DequeProbeRecord@$07@@I@Z"",""?deallocate@?$allocator@U?$DequeProbeRecord@$0BA@@@@std@@QAEXPAU?$DequeProbeRecord@$0BA@@@I@Z"",""?deallocate@?$allocator@U?$DequeProbeRecord@$0CA@@@@std@@QAEXPAU?$DequeProbeRecord@$0CA@@@I@Z"",""?deallocate@?$allocator@U?$DequeProbeRecord@$0EA@@@@std@@QAEXPAU?$DequeProbeRecord@$0EA@@@I@Z""]",98d8393a76ac9fbc41250c6069af9c5f734d1f3529f958ca7e72be42b1585abc,6810c44e840caa388ede39620c8ea9b09d756e4bc342697e22cc979413126aa8,"[{""offset"":12,""type"":""REL32"",""symbol"":""??3@YAXPAX@Z"",""addend"":0,""target_address"":""0x00640F15""}]",0,0x00414D50,95,R074
0x00415A20,25,?deallocate,?deallocate@?$allocator@PAU?$DequeProbeRecord@$00@@@std@@QAEXPAPAU?$DequeProbeRecord@$00@@I@Z,"[""?deallocate@?$allocator@PAU?$DequeProbeRecord@$00@@@std@@QAEXPAPAU?$DequeProbeRecord@$00@@I@Z"",""?deallocate@?$allocator@PAU?$DequeProbeRecord@$01@@@std@@QAEXPAPAU?$DequeProbeRecord@$01@@I@Z"",""?deallocate@?$allocator@PAU?$DequeProbeRecord@$03@@@std@@QAEXPAPAU?$DequeProbeRecord@$03@@I@Z"",""?deallocate@?$allocator@PAU?$DequeProbeRecord@$07@@@std@@QAEXPAPAU?$DequeProbeRecord@$07@@I@Z"",""?deallocate@?$allocator@PAU?$DequeProbeRecord@$0BA@@@@std@@QAEXPAPAU?$DequeProbeRecord@$0BA@@@I@Z"",""?deallocate@?$allocator@PAU?$DequeProbeRecord@$0CA@@@@std@@QAEXPAPAU?$DequeProbeRecord@$0CA@@@I@Z"",""?deallocate@?$allocator@PAU?$DequeProbeRecord@$0EA@@@@std@@QAEXPAPAU?$DequeProbeRecord@$0EA@@@I@Z"",""?deallocate@?$allocator@U?$DequeProbeRecord@$00@@@std@@QAEXPAU?$DequeProbeRecord@$00@@I@Z"",""?deallocate@?$allocator@U?$DequeProbeRecord@$01@@@std@@QAEXPAU?$DequeProbeRecord@$01@@I@Z"",""?deallocate@?$allocator@U?$DequeProbeRecord@$03@@@std@@QAEXPAU?$DequeProbeRecord@$03@@I@Z"",""?deallocate@?$allocator@U?$DequeProbeRecord@$07@@@std@@QAEXPAU?$DequeProbeRecord@$07@@I@Z"",""?deallocate@?$allocator@U?$DequeProbeRecord@$0BA@@@@std@@QAEXPAU?$DequeProbeRecord@$0BA@@@I@Z"",""?deallocate@?$allocator@U?$DequeProbeRecord@$0CA@@@@std@@QAEXPAU?$DequeProbeRecord@$0CA@@@I@Z"",""?deallocate@?$allocator@U?$DequeProbeRecord@$0EA@@@@std@@QAEXPAU?$DequeProbeRecord@$0EA@@@I@Z""]",98d8393a76ac9fbc41250c6069af9c5f734d1f3529f958ca7e72be42b1585abc,34f5d6cd3bfb394699c0c58a5e75ec0de9747f2f9255063ebaa86ff594bf92b5,"[{""offset"":12,""type"":""REL32"",""symbol"":""??3@YAXPAX@Z"",""addend"":0,""target_address"":""0x00640F15""}]",0,0x00414B40,486,R074
0x00415A40,27,?allocate,?allocate@?$allocator@PAU?$DequeProbeRecord@$00@@@std@@QAEPAPAU?$DequeProbeRecord@$00@@I@Z,"[""?allocate@?$allocator@PAU?$DequeProbeRecord@$00@@@std@@QAEPAPAU?$DequeProbeRecord@$00@@I@Z"",""?allocate@?$allocator@PAU?$DequeProbeRecord@$01@@@std@@QAEPAPAU?$DequeProbeRecord@$01@@I@Z"",""?allocate@?$allocator@PAU?$DequeProbeRecord@$03@@@std@@QAEPAPAU?$DequeProbeRecord@$03@@I@Z"",""?allocate@?$allocator@PAU?$DequeProbeRecord@$07@@@std@@QAEPAPAU?$DequeProbeRecord@$07@@I@Z"",""?allocate@?$allocator@PAU?$DequeProbeRecord@$0BA@@@@std@@QAEPAPAU?$DequeProbeRecord@$0BA@@@I@Z"",""?allocate@?$allocator@PAU?$DequeProbeRecord@$0CA@@@@std@@QAEPAPAU?$DequeProbeRecord@$0CA@@@I@Z"",""?allocate@?$allocator@PAU?$DequeProbeRecord@$0EA@@@@std@@QAEPAPAU?$DequeProbeRecord@$0EA@@@I@Z"",""?allocate@?$allocator@U?$DequeProbeRecord@$00@@@std@@QAEPAU?$DequeProbeRecord@$00@@I@Z"",""?allocate@?$allocator@U?$DequeProbeRecord@$01@@@std@@QAEPAU?$DequeProbeRecord@$01@@I@Z"",""?allocate@?$allocator@U?$DequeProbeRecord@$03@@@std@@QAEPAU?$DequeProbeRecord@$03@@I@Z"",""?allocate@?$allocator@U?$DequeProbeRecord@$07@@@std@@QAEPAU?$DequeProbeRecord@$07@@I@Z"",""?allocate@?$allocator@U?$DequeProbeRecord@$0BA@@@@std@@QAEPAU?$DequeProbeRecord@$0BA@@@I@Z"",""?allocate@?$allocator@U?$DequeProbeRecord@$0CA@@@@std@@QAEPAU?$DequeProbeRecord@$0CA@@@I@Z"",""?allocate@?$allocator@U?$DequeProbeRecord@$0EA@@@@std@@QAEPAU?$DequeProbeRecord@$0EA@@@I@Z""]",76fb3dabc7b7eea5850822eba2d953b3b8e0320e33383773c37a3afd919292f3,cf8f48cf8d3baa8a205c9fe8ec17f5b20c50695e49d0d40473104e3868d9ab1e,"[{""offset"":14,""type"":""REL32"",""symbol"":""??$_Allocate@PAU?$DequeProbeRecord@$00@@@std@@YAPAPAU?$DequeProbeRecord@$00@@IPAPAU1@@Z"",""addend"":0,""target_address"":""0x00416350""}]",0,0x00414B40,125,R074
0x00415A60,25,?destroy,?destroy@?$allocator@PAU?$DequeProbeRecord@$00@@@std@@QAEXPAPAU?$DequeProbeRecord@$00@@@Z,"[""?destroy@?$allocator@PAU?$DequeProbeRecord@$00@@@std@@QAEXPAPAU?$DequeProbeRecord@$00@@@Z"",""?destroy@?$allocator@PAU?$DequeProbeRecord@$01@@@std@@QAEXPAPAU?$DequeProbeRecord@$01@@@Z"",""?destroy@?$allocator@PAU?$DequeProbeRecord@$03@@@std@@QAEXPAPAU?$DequeProbeRecord@$03@@@Z"",""?destroy@?$allocator@PAU?$DequeProbeRecord@$07@@@std@@QAEXPAPAU?$DequeProbeRecord@$07@@@Z"",""?destroy@?$allocator@PAU?$DequeProbeRecord@$0BA@@@@std@@QAEXPAPAU?$DequeProbeRecord@$0BA@@@@Z"",""?destroy@?$allocator@PAU?$DequeProbeRecord@$0CA@@@@std@@QAEXPAPAU?$DequeProbeRecord@$0CA@@@@Z"",""?destroy@?$allocator@PAU?$DequeProbeRecord@$0EA@@@@std@@QAEXPAPAU?$DequeProbeRecord@$0EA@@@@Z"",""?destroy@?$allocator@U?$DequeProbeRecord@$00@@@std@@QAEXPAU?$DequeProbeRecord@$00@@@Z"",""?destroy@?$allocator@U?$DequeProbeRecord@$01@@@std@@QAEXPAU?$DequeProbeRecord@$01@@@Z"",""?destroy@?$allocator@U?$DequeProbeRecord@$03@@@std@@QAEXPAU?$DequeProbeRecord@$03@@@Z"",""?destroy@?$allocator@U?$DequeProbeRecord@$07@@@std@@QAEXPAU?$DequeProbeRecord@$07@@@Z"",""?destroy@?$allocator@U?$DequeProbeRecord@$0BA@@@@std@@QAEXPAU?$DequeProbeRecord@$0BA@@@@Z"",""?destroy@?$allocator@U?$DequeProbeRecord@$0CA@@@@std@@QAEXPAU?$DequeProbeRecord@$0CA@@@@Z"",""?destroy@?$allocator@U?$DequeProbeRecord@$0EA@@@@std@@QAEXPAU?$DequeProbeRecord@$0EA@@@@Z""]",f15b6ab0bb8c123fee8171d5aa3537e37ca40958350e515dc8a11a0d87089971,518164a37fdc8d7edbb6464fcaedd7d77c538a97611db7ff12e0f98d5ffc26b5,"[{""offset"":12,""type"":""REL32"",""symbol"":""??$_Destroy@PAU?$DequeProbeRecord@$00@@@std@@YAXPAPAU?$DequeProbeRecord@$00@@@Z"",""addend"":0,""target_address"":""0x00416370""}]",0,0x00414D50,116,R074
0x00415A80,22,?max_size,?max_size@?$deque@U?$DequeProbeRecord@$00@@V?$allocator@U?$DequeProbeRecord@$00@@@std@@@std@@QBEIXZ,"[""?max_size@?$deque@U?$DequeProbeRecord@$00@@V?$allocator@U?$DequeProbeRecord@$00@@@std@@@std@@QBEIXZ"",""?max_size@?$deque@U?$DequeProbeRecord@$01@@V?$allocator@U?$DequeProbeRecord@$01@@@std@@@std@@QBEIXZ"",""?max_size@?$deque@U?$DequeProbeRecord@$03@@V?$allocator@U?$DequeProbeRecord@$03@@@std@@@std@@QBEIXZ"",""?max_size@?$deque@U?$DequeProbeRecord@$07@@V?$allocator@U?$DequeProbeRecord@$07@@@std@@@std@@QBEIXZ"",""?max_size@?$deque@U?$DequeProbeRecord@$0BA@@@V?$allocator@U?$DequeProbeRecord@$0BA@@@@std@@@std@@QBEIXZ"",""?max_size@?$deque@U?$DequeProbeRecord@$0CA@@@V?$allocator@U?$DequeProbeRecord@$0CA@@@@std@@@std@@QBEIXZ"",""?max_size@?$deque@U?$DequeProbeRecord@$0EA@@@V?$allocator@U?$DequeProbeRecord@$0EA@@@@std@@@std@@QBEIXZ""]",036ac8295c572d4c8b872d83a60757d79e408d2f452ee1bad9de69a885252f44,e3fb772c0001caf07bdf748c5caeeff473ed82c5d75312ea495ac5d29835d130,"[{""offset"":14,""type"":""REL32"",""symbol"":""?max_size@?$allocator@U?$DequeProbeRecord@$00@@@std@@QBEIXZ"",""addend"":0,""target_address"":""0x00415F60""}]",0,0x00414EA0,13,R074
0x00415BC0,28,??0?$_Deque_map,??0?$_Deque_map@U?$DequeProbeRecord@$00@@V?$allocator@U?$DequeProbeRecord@$00@@@std@@@std@@IAE@V?$allocator@U?$DequeProbeRecord@$00@@@1@@Z,"[""??0?$_Deque_map@U?$DequeProbeRecord@$00@@V?$allocator@U?$DequeProbeRecord@$00@@@std@@@std@@IAE@V?$allocator@U?$DequeProbeRecord@$00@@@1@@Z"",""??0?$_Deque_map@U?$DequeProbeRecord@$01@@V?$allocator@U?$DequeProbeRecord@$01@@@std@@@std@@IAE@V?$allocator@U?$DequeProbeRecord@$01@@@1@@Z"",""??0?$_Deque_map@U?$DequeProbeRecord@$03@@V?$allocator@U?$DequeProbeRecord@$03@@@std@@@std@@IAE@V?$allocator@U?$DequeProbeRecord@$03@@@1@@Z"",""??0?$_Deque_map@U?$DequeProbeRecord@$07@@V?$allocator@U?$DequeProbeRecord@$07@@@std@@@std@@IAE@V?$allocator@U?$DequeProbeRecord@$07@@@1@@Z"",""??0?$_Deque_map@U?$DequeProbeRecord@$0BA@@@V?$allocator@U?$DequeProbeRecord@$0BA@@@@std@@@std@@IAE@V?$allocator@U?$DequeProbeRecord@$0BA@@@@1@@Z"",""??0?$_Deque_map@U?$DequeProbeRecord@$0CA@@@V?$allocator@U?$DequeProbeRecord@$0CA@@@@std@@@std@@IAE@V?$allocator@U?$DequeProbeRecord@$0CA@@@@1@@Z"",""??0?$_Deque_map@U?$DequeProbeRecord@$0EA@@@V?$allocator@U?$DequeProbeRecord@$0EA@@@@std@@@std@@IAE@V?$allocator@U?$DequeProbeRecord@$0EA@@@@1@@Z""]",5a5bc7571b31897ab7b4704700b6d6b4d822e8789a3d0fe9b04b456b4a95f896,c2f6b2fd59e63abb416bf2156b26cc532671e19e75a2eed153bc83cba378995b,"[{""offset"":15,""type"":""REL32"",""symbol"":""??$?0U?$DequeProbeRecord@$00@@@?$allocator@PAU?$DequeProbeRecord@$00@@@std@@QAE@ABV?$allocator@U?$DequeProbeRecord@$00@@@1@@Z"",""addend"":0,""target_address"":""0x00416380""}]",0,0x00415170,25,R074
0x00415BF0,25,?deallocate,?deallocate@?$allocator@PAU?$DequeProbeRecord@$00@@@std@@QAEXPAPAU?$DequeProbeRecord@$00@@I@Z,"[""?deallocate@?$allocator@PAU?$DequeProbeRecord@$00@@@std@@QAEXPAPAU?$DequeProbeRecord@$00@@I@Z"",""?deallocate@?$allocator@PAU?$DequeProbeRecord@$01@@@std@@QAEXPAPAU?$DequeProbeRecord@$01@@I@Z"",""?deallocate@?$allocator@PAU?$DequeProbeRecord@$03@@@std@@QAEXPAPAU?$DequeProbeRecord@$03@@I@Z"",""?deallocate@?$allocator@PAU?$DequeProbeRecord@$07@@@std@@QAEXPAPAU?$DequeProbeRecord@$07@@I@Z"",""?deallocate@?$allocator@PAU?$DequeProbeRecord@$0BA@@@@std@@QAEXPAPAU?$DequeProbeRecord@$0BA@@@I@Z"",""?deallocate@?$allocator@PAU?$DequeProbeRecord@$0CA@@@@std@@QAEXPAPAU?$DequeProbeRecord@$0CA@@@I@Z"",""?deallocate@?$allocator@PAU?$DequeProbeRecord@$0EA@@@@std@@QAEXPAPAU?$DequeProbeRecord@$0EA@@@I@Z"",""?deallocate@?$allocator@U?$DequeProbeRecord@$00@@@std@@QAEXPAU?$DequeProbeRecord@$00@@I@Z"",""?deallocate@?$allocator@U?$DequeProbeRecord@$01@@@std@@QAEXPAU?$DequeProbeRecord@$01@@I@Z"",""?deallocate@?$allocator@U?$DequeProbeRecord@$03@@@std@@QAEXPAU?$DequeProbeRecord@$03@@I@Z"",""?deallocate@?$allocator@U?$DequeProbeRecord@$07@@@std@@QAEXPAU?$DequeProbeRecord@$07@@I@Z"",""?deallocate@?$allocator@U?$DequeProbeRecord@$0BA@@@@std@@QAEXPAU?$DequeProbeRecord@$0BA@@@I@Z"",""?deallocate@?$allocator@U?$DequeProbeRecord@$0CA@@@@std@@QAEXPAU?$DequeProbeRecord@$0CA@@@I@Z"",""?deallocate@?$allocator@U?$DequeProbeRecord@$0EA@@@@std@@QAEXPAU?$DequeProbeRecord@$0EA@@@I@Z""]",98d8393a76ac9fbc41250c6069af9c5f734d1f3529f958ca7e72be42b1585abc,62fab55bc452825ce76652d7227f437279a66a7de820eb7c064f5167dace1dd1,"[{""offset"":12,""type"":""REL32"",""symbol"":""??3@YAXPAX@Z"",""addend"":0,""target_address"":""0x00640F15""}]",0,0x004150B0,95,R074
0x00415C10,25,?deallocate,?deallocate@?$allocator@PAU?$DequeProbeRecord@$00@@@std@@QAEXPAPAU?$DequeProbeRecord@$00@@I@Z,"[""?deallocate@?$allocator@PAU?$DequeProbeRecord@$00@@@std@@QAEXPAPAU?$DequeProbeRecord@$00@@I@Z"",""?deallocate@?$allocator@PAU?$DequeProbeRecord@$01@@@std@@QAEXPAPAU?$DequeProbeRecord@$01@@I@Z"",""?deallocate@?$allocator@PAU?$DequeProbeRecord@$03@@@std@@QAEXPAPAU?$DequeProbeRecord@$03@@I@Z"",""?deallocate@?$allocator@PAU?$DequeProbeRecord@$07@@@std@@QAEXPAPAU?$DequeProbeRecord@$07@@I@Z"",""?deallocate@?$allocator@PAU?$DequeProbeRecord@$0BA@@@@std@@QAEXPAPAU?$DequeProbeRecord@$0BA@@@I@Z"",""?deallocate@?$allocator@PAU?$DequeProbeRecord@$0CA@@@@std@@QAEXPAPAU?$DequeProbeRecord@$0CA@@@I@Z"",""?deallocate@?$allocator@PAU?$DequeProbeRecord@$0EA@@@@std@@QAEXPAPAU?$DequeProbeRecord@$0EA@@@I@Z"",""?deallocate@?$allocator@U?$DequeProbeRecord@$00@@@std@@QAEXPAU?$DequeProbeRecord@$00@@I@Z"",""?deallocate@?$allocator@U?$DequeProbeRecord@$01@@@std@@QAEXPAU?$DequeProbeRecord@$01@@I@Z"",""?deallocate@?$allocator@U?$DequeProbeRecord@$03@@@std@@QAEXPAU?$DequeProbeRecord@$03@@I@Z"",""?deallocate@?$allocator@U?$DequeProbeRecord@$07@@@std@@QAEXPAU?$DequeProbeRecord@$07@@I@Z"",""?deallocate@?$allocator@U?$DequeProbeRecord@$0BA@@@@std@@QAEXPAU?$DequeProbeRecord@$0BA@@@I@Z"",""?deallocate@?$allocator@U?$DequeProbeRecord@$0CA@@@@std@@QAEXPAU?$DequeProbeRecord@$0CA@@@I@Z"",""?deallocate@?$allocator@U?$DequeProbeRecord@$0EA@@@@std@@QAEXPAU?$DequeProbeRecord@$0EA@@@I@Z""]",98d8393a76ac9fbc41250c6069af9c5f734d1f3529f958ca7e72be42b1585abc,e8473d82034d43820fca77c1aa227e5085f3d9f27215c2a7ccf7debc2daa90f3,"[{""offset"":12,""type"":""REL32"",""symbol"":""??3@YAXPAX@Z"",""addend"":0,""target_address"":""0x00640F15""}]",0,0x00414EA0,486,R074
0x00415C30,27,?allocate,?allocate@?$allocator@PAU?$DequeProbeRecord@$00@@@std@@QAEPAPAU?$DequeProbeRecord@$00@@I@Z,"[""?allocate@?$allocator@PAU?$DequeProbeRecord@$00@@@std@@QAEPAPAU?$DequeProbeRecord@$00@@I@Z"",""?allocate@?$allocator@PAU?$DequeProbeRecord@$01@@@std@@QAEPAPAU?$DequeProbeRecord@$01@@I@Z"",""?allocate@?$allocator@PAU?$DequeProbeRecord@$03@@@std@@QAEPAPAU?$DequeProbeRecord@$03@@I@Z"",""?allocate@?$allocator@PAU?$DequeProbeRecord@$07@@@std@@QAEPAPAU?$DequeProbeRecord@$07@@I@Z"",""?allocate@?$allocator@PAU?$DequeProbeRecord@$0BA@@@@std@@QAEPAPAU?$DequeProbeRecord@$0BA@@@I@Z"",""?allocate@?$allocator@PAU?$DequeProbeRecord@$0CA@@@@std@@QAEPAPAU?$DequeProbeRecord@$0CA@@@I@Z"",""?allocate@?$allocator@PAU?$DequeProbeRecord@$0EA@@@@std@@QAEPAPAU?$DequeProbeRecord@$0EA@@@I@Z"",""?allocate@?$allocator@U?$DequeProbeRecord@$00@@@std@@QAEPAU?$DequeProbeRecord@$00@@I@Z"",""?allocate@?$allocator@U?$DequeProbeRecord@$01@@@std@@QAEPAU?$DequeProbeRecord@$01@@I@Z"",""?allocate@?$allocator@U?$DequeProbeRecord@$03@@@std@@QAEPAU?$DequeProbeRecord@$03@@I@Z"",""?allocate@?$allocator@U?$DequeProbeRecord@$07@@@std@@QAEPAU?$DequeProbeRecord@$07@@I@Z"",""?allocate@?$allocator@U?$DequeProbeRecord@$0BA@@@@std@@QAEPAU?$DequeProbeRecord@$0BA@@@I@Z"",""?allocate@?$allocator@U?$DequeProbeRecord@$0CA@@@@std@@QAEPAU?$DequeProbeRecord@$0CA@@@I@Z"",""?allocate@?$allocator@U?$DequeProbeRecord@$0EA@@@@std@@QAEPAU?$DequeProbeRecord@$0EA@@@I@Z""]",76fb3dabc7b7eea5850822eba2d953b3b8e0320e33383773c37a3afd919292f3,00e59f58af43d4ea4c6f9101f61a2fb7dcce0ae3acea729d0391ed11a48b9922,"[{""offset"":14,""type"":""REL32"",""symbol"":""??$_Allocate@PAU?$DequeProbeRecord@$00@@@std@@YAPAPAU?$DequeProbeRecord@$00@@IPAPAU1@@Z"",""addend"":0,""target_address"":""0x00416390""}]",0,0x00414EA0,125,R074
0x00415C50,25,?destroy,?destroy@?$allocator@PAU?$DequeProbeRecord@$00@@@std@@QAEXPAPAU?$DequeProbeRecord@$00@@@Z,"[""?destroy@?$allocator@PAU?$DequeProbeRecord@$00@@@std@@QAEXPAPAU?$DequeProbeRecord@$00@@@Z"",""?destroy@?$allocator@PAU?$DequeProbeRecord@$01@@@std@@QAEXPAPAU?$DequeProbeRecord@$01@@@Z"",""?destroy@?$allocator@PAU?$DequeProbeRecord@$03@@@std@@QAEXPAPAU?$DequeProbeRecord@$03@@@Z"",""?destroy@?$allocator@PAU?$DequeProbeRecord@$07@@@std@@QAEXPAPAU?$DequeProbeRecord@$07@@@Z"",""?destroy@?$allocator@PAU?$DequeProbeRecord@$0BA@@@@std@@QAEXPAPAU?$DequeProbeRecord@$0BA@@@@Z"",""?destroy@?$allocator@PAU?$DequeProbeRecord@$0CA@@@@std@@QAEXPAPAU?$DequeProbeRecord@$0CA@@@@Z"",""?destroy@?$allocator@PAU?$DequeProbeRecord@$0EA@@@@std@@QAEXPAPAU?$DequeProbeRecord@$0EA@@@@Z"",""?destroy@?$allocator@U?$DequeProbeRecord@$00@@@std@@QAEXPAU?$DequeProbeRecord@$00@@@Z"",""?destroy@?$allocator@U?$DequeProbeRecord@$01@@@std@@QAEXPAU?$DequeProbeRecord@$01@@@Z"",""?destroy@?$allocator@U?$DequeProbeRecord@$03@@@std@@QAEXPAU?$DequeProbeRecord@$03@@@Z"",""?destroy@?$allocator@U?$DequeProbeRecord@$07@@@std@@QAEXPAU?$DequeProbeRecord@$07@@@Z"",""?destroy@?$allocator@U?$DequeProbeRecord@$0BA@@@@std@@QAEXPAU?$DequeProbeRecord@$0BA@@@@Z"",""?destroy@?$allocator@U?$DequeProbeRecord@$0CA@@@@std@@QAEXPAU?$DequeProbeRecord@$0CA@@@@Z"",""?destroy@?$allocator@U?$DequeProbeRecord@$0EA@@@@std@@QAEXPAU?$DequeProbeRecord@$0EA@@@@Z""]",f15b6ab0bb8c123fee8171d5aa3537e37ca40958350e515dc8a11a0d87089971,b544393a92e62a00e50287f9511cf05e57d9f41722100fefc78361445fa40903,"[{""offset"":12,""type"":""REL32"",""symbol"":""??$_Destroy@PAU?$DequeProbeRecord@$00@@@std@@YAXPAPAU?$DequeProbeRecord@$00@@@Z"",""addend"":0,""target_address"":""0x004163B0""}]",0,0x004150B0,116,R074
0x00415C70,22,?max_size,?max_size@?$deque@U?$DequeProbeRecord@$00@@V?$allocator@U?$DequeProbeRecord@$00@@@std@@@std@@QBEIXZ,"[""?max_size@?$deque@U?$DequeProbeRecord@$00@@V?$allocator@U?$DequeProbeRecord@$00@@@std@@@std@@QBEIXZ"",""?max_size@?$deque@U?$DequeProbeRecord@$01@@V?$allocator@U?$DequeProbeRecord@$01@@@std@@@std@@QBEIXZ"",""?max_size@?$deque@U?$DequeProbeRecord@$03@@V?$allocator@U?$DequeProbeRecord@$03@@@std@@@std@@QBEIXZ"",""?max_size@?$deque@U?$DequeProbeRecord@$07@@V?$allocator@U?$DequeProbeRecord@$07@@@std@@@std@@QBEIXZ"",""?max_size@?$deque@U?$DequeProbeRecord@$0BA@@@V?$allocator@U?$DequeProbeRecord@$0BA@@@@std@@@std@@QBEIXZ"",""?max_size@?$deque@U?$DequeProbeRecord@$0CA@@@V?$allocator@U?$DequeProbeRecord@$0CA@@@@std@@@std@@QBEIXZ"",""?max_size@?$deque@U?$DequeProbeRecord@$0EA@@@V?$allocator@U?$DequeProbeRecord@$0EA@@@@std@@@std@@QBEIXZ""]",036ac8295c572d4c8b872d83a60757d79e408d2f452ee1bad9de69a885252f44,1a317adff9f249ecc6ab6c3642d416c347e788a8751e7dc53400a48643563751,"[{""offset"":14,""type"":""REL32"",""symbol"":""?max_size@?$allocator@U?$DequeProbeRecord@$00@@@std@@QBEIXZ"",""addend"":0,""target_address"":""0x00415FB0""}]",0,0x00415200,13,R074
0x00415DB0,28,??0?$_Deque_map,??0?$_Deque_map@U?$DequeProbeRecord@$00@@V?$allocator@U?$DequeProbeRecord@$00@@@std@@@std@@IAE@V?$allocator@U?$DequeProbeRecord@$00@@@1@@Z,"[""??0?$_Deque_map@U?$DequeProbeRecord@$00@@V?$allocator@U?$DequeProbeRecord@$00@@@std@@@std@@IAE@V?$allocator@U?$DequeProbeRecord@$00@@@1@@Z"",""??0?$_Deque_map@U?$DequeProbeRecord@$01@@V?$allocator@U?$DequeProbeRecord@$01@@@std@@@std@@IAE@V?$allocator@U?$DequeProbeRecord@$01@@@1@@Z"",""??0?$_Deque_map@U?$DequeProbeRecord@$03@@V?$allocator@U?$DequeProbeRecord@$03@@@std@@@std@@IAE@V?$allocator@U?$DequeProbeRecord@$03@@@1@@Z"",""??0?$_Deque_map@U?$DequeProbeRecord@$07@@V?$allocator@U?$DequeProbeRecord@$07@@@std@@@std@@IAE@V?$allocator@U?$DequeProbeRecord@$07@@@1@@Z"",""??0?$_Deque_map@U?$DequeProbeRecord@$0BA@@@V?$allocator@U?$DequeProbeRecord@$0BA@@@@std@@@std@@IAE@V?$allocator@U?$DequeProbeRecord@$0BA@@@@1@@Z"",""??0?$_Deque_map@U?$DequeProbeRecord@$0CA@@@V?$allocator@U?$DequeProbeRecord@$0CA@@@@std@@@std@@IAE@V?$allocator@U?$DequeProbeRecord@$0CA@@@@1@@Z"",""??0?$_Deque_map@U?$DequeProbeRecord@$0EA@@@V?$allocator@U?$DequeProbeRecord@$0EA@@@@std@@@std@@IAE@V?$allocator@U?$DequeProbeRecord@$0EA@@@@1@@Z""]",5a5bc7571b31897ab7b4704700b6d6b4d822e8789a3d0fe9b04b456b4a95f896,f8534257919f6a48f1441f350b9a0b6fe7805513319f83ee0ce7a93b791c3e2a,"[{""offset"":15,""type"":""REL32"",""symbol"":""??$?0U?$DequeProbeRecord@$00@@@?$allocator@PAU?$DequeProbeRecord@$00@@@std@@QAE@ABV?$allocator@U?$DequeProbeRecord@$00@@@1@@Z"",""addend"":0,""target_address"":""0x004163C0""}]",0,0x004154D0,25,R074
0x00415DE0,25,?deallocate,?deallocate@?$allocator@PAU?$DequeProbeRecord@$00@@@std@@QAEXPAPAU?$DequeProbeRecord@$00@@I@Z,"[""?deallocate@?$allocator@PAU?$DequeProbeRecord@$00@@@std@@QAEXPAPAU?$DequeProbeRecord@$00@@I@Z"",""?deallocate@?$allocator@PAU?$DequeProbeRecord@$01@@@std@@QAEXPAPAU?$DequeProbeRecord@$01@@I@Z"",""?deallocate@?$allocator@PAU?$DequeProbeRecord@$03@@@std@@QAEXPAPAU?$DequeProbeRecord@$03@@I@Z"",""?deallocate@?$allocator@PAU?$DequeProbeRecord@$07@@@std@@QAEXPAPAU?$DequeProbeRecord@$07@@I@Z"",""?deallocate@?$allocator@PAU?$DequeProbeRecord@$0BA@@@@std@@QAEXPAPAU?$DequeProbeRecord@$0BA@@@I@Z"",""?deallocate@?$allocator@PAU?$DequeProbeRecord@$0CA@@@@std@@QAEXPAPAU?$DequeProbeRecord@$0CA@@@I@Z"",""?deallocate@?$allocator@PAU?$DequeProbeRecord@$0EA@@@@std@@QAEXPAPAU?$DequeProbeRecord@$0EA@@@I@Z"",""?deallocate@?$allocator@U?$DequeProbeRecord@$00@@@std@@QAEXPAU?$DequeProbeRecord@$00@@I@Z"",""?deallocate@?$allocator@U?$DequeProbeRecord@$01@@@std@@QAEXPAU?$DequeProbeRecord@$01@@I@Z"",""?deallocate@?$allocator@U?$DequeProbeRecord@$03@@@std@@QAEXPAU?$DequeProbeRecord@$03@@I@Z"",""?deallocate@?$allocator@U?$DequeProbeRecord@$07@@@std@@QAEXPAU?$DequeProbeRecord@$07@@I@Z"",""?deallocate@?$allocator@U?$DequeProbeRecord@$0BA@@@@std@@QAEXPAU?$DequeProbeRecord@$0BA@@@I@Z"",""?deallocate@?$allocator@U?$DequeProbeRecord@$0CA@@@@std@@QAEXPAU?$DequeProbeRecord@$0CA@@@I@Z"",""?deallocate@?$allocator@U?$DequeProbeRecord@$0EA@@@@std@@QAEXPAU?$DequeProbeRecord@$0EA@@@I@Z""]",98d8393a76ac9fbc41250c6069af9c5f734d1f3529f958ca7e72be42b1585abc,ee1a3689f7726ec19dab7140cbbc75ff45a68bee9aa1ff31c525db45bd6674de,"[{""offset"":12,""type"":""REL32"",""symbol"":""??3@YAXPAX@Z"",""addend"":0,""target_address"":""0x00640F15""}]",0,0x00415410,95,R074
0x00415E00,25,?deallocate,?deallocate@?$allocator@PAU?$DequeProbeRecord@$00@@@std@@QAEXPAPAU?$DequeProbeRecord@$00@@I@Z,"[""?deallocate@?$allocator@PAU?$DequeProbeRecord@$00@@@std@@QAEXPAPAU?$DequeProbeRecord@$00@@I@Z"",""?deallocate@?$allocator@PAU?$DequeProbeRecord@$01@@@std@@QAEXPAPAU?$DequeProbeRecord@$01@@I@Z"",""?deallocate@?$allocator@PAU?$DequeProbeRecord@$03@@@std@@QAEXPAPAU?$DequeProbeRecord@$03@@I@Z"",""?deallocate@?$allocator@PAU?$DequeProbeRecord@$07@@@std@@QAEXPAPAU?$DequeProbeRecord@$07@@I@Z"",""?deallocate@?$allocator@PAU?$DequeProbeRecord@$0BA@@@@std@@QAEXPAPAU?$DequeProbeRecord@$0BA@@@I@Z"",""?deallocate@?$allocator@PAU?$DequeProbeRecord@$0CA@@@@std@@QAEXPAPAU?$DequeProbeRecord@$0CA@@@I@Z"",""?deallocate@?$allocator@PAU?$DequeProbeRecord@$0EA@@@@std@@QAEXPAPAU?$DequeProbeRecord@$0EA@@@I@Z"",""?deallocate@?$allocator@U?$DequeProbeRecord@$00@@@std@@QAEXPAU?$DequeProbeRecord@$00@@I@Z"",""?deallocate@?$allocator@U?$DequeProbeRecord@$01@@@std@@QAEXPAU?$DequeProbeRecord@$01@@I@Z"",""?deallocate@?$allocator@U?$DequeProbeRecord@$03@@@std@@QAEXPAU?$DequeProbeRecord@$03@@I@Z"",""?deallocate@?$allocator@U?$DequeProbeRecord@$07@@@std@@QAEXPAU?$DequeProbeRecord@$07@@I@Z"",""?deallocate@?$allocator@U?$DequeProbeRecord@$0BA@@@@std@@QAEXPAU?$DequeProbeRecord@$0BA@@@I@Z"",""?deallocate@?$allocator@U?$DequeProbeRecord@$0CA@@@@std@@QAEXPAU?$DequeProbeRecord@$0CA@@@I@Z"",""?deallocate@?$allocator@U?$DequeProbeRecord@$0EA@@@@std@@QAEXPAU?$DequeProbeRecord@$0EA@@@I@Z""]",98d8393a76ac9fbc41250c6069af9c5f734d1f3529f958ca7e72be42b1585abc,65374bd5dec5022e37d1b1ddee39f5f152070cb7ab205c63af7ccd9c42293111,"[{""offset"":12,""type"":""REL32"",""symbol"":""??3@YAXPAX@Z"",""addend"":0,""target_address"":""0x00640F15""}]",0,0x00415200,486,R074
0x00415E20,27,?allocate,?allocate@?$allocator@PAU?$DequeProbeRecord@$00@@@std@@QAEPAPAU?$DequeProbeRecord@$00@@I@Z,"[""?allocate@?$allocator@PAU?$DequeProbeRecord@$00@@@std@@QAEPAPAU?$DequeProbeRecord@$00@@I@Z"",""?allocate@?$allocator@PAU?$DequeProbeRecord@$01@@@std@@QAEPAPAU?$DequeProbeRecord@$01@@I@Z"",""?allocate@?$allocator@PAU?$DequeProbeRecord@$03@@@std@@QAEPAPAU?$DequeProbeRecord@$03@@I@Z"",""?allocate@?$allocator@PAU?$DequeProbeRecord@$07@@@std@@QAEPAPAU?$DequeProbeRecord@$07@@I@Z"",""?allocate@?$allocator@PAU?$DequeProbeRecord@$0BA@@@@std@@QAEPAPAU?$DequeProbeRecord@$0BA@@@I@Z"",""?allocate@?$allocator@PAU?$DequeProbeRecord@$0CA@@@@std@@QAEPAPAU?$DequeProbeRecord@$0CA@@@I@Z"",""?allocate@?$allocator@PAU?$DequeProbeRecord@$0EA@@@@std@@QAEPAPAU?$DequeProbeRecord@$0EA@@@I@Z"",""?allocate@?$allocator@U?$DequeProbeRecord@$00@@@std@@QAEPAU?$DequeProbeRecord@$00@@I@Z"",""?allocate@?$allocator@U?$DequeProbeRecord@$01@@@std@@QAEPAU?$DequeProbeRecord@$01@@I@Z"",""?allocate@?$allocator@U?$DequeProbeRecord@$03@@@std@@QAEPAU?$DequeProbeRecord@$03@@I@Z"",""?allocate@?$allocator@U?$DequeProbeRecord@$07@@@std@@QAEPAU?$DequeProbeRecord@$07@@I@Z"",""?allocate@?$allocator@U?$DequeProbeRecord@$0BA@@@@std@@QAEPAU?$DequeProbeRecord@$0BA@@@I@Z"",""?allocate@?$allocator@U?$DequeProbeRecord@$0CA@@@@std@@QAEPAU?$DequeProbeRecord@$0CA@@@I@Z"",""?allocate@?$allocator@U?$DequeProbeRecord@$0EA@@@@std@@QAEPAU?$DequeProbeRecord@$0EA@@@I@Z""]",76fb3dabc7b7eea5850822eba2d953b3b8e0320e33383773c37a3afd919292f3,de2f593aaa986b9b867c58bea0ea11a43b851f3c64046d53d61e5a0de2851ea5,"[{""offset"":14,""type"":""REL32"",""symbol"":""??$_Allocate@PAU?$DequeProbeRecord@$00@@@std@@YAPAPAU?$DequeProbeRecord@$00@@IPAPAU1@@Z"",""addend"":0,""target_address"":""0x004163D0""}]",0,0x00415200,125,R074
0x00415E40,25,?destroy,?destroy@?$allocator@PAU?$DequeProbeRecord@$00@@@std@@QAEXPAPAU?$DequeProbeRecord@$00@@@Z,"[""?destroy@?$allocator@PAU?$DequeProbeRecord@$00@@@std@@QAEXPAPAU?$DequeProbeRecord@$00@@@Z"",""?destroy@?$allocator@PAU?$DequeProbeRecord@$01@@@std@@QAEXPAPAU?$DequeProbeRecord@$01@@@Z"",""?destroy@?$allocator@PAU?$DequeProbeRecord@$03@@@std@@QAEXPAPAU?$DequeProbeRecord@$03@@@Z"",""?destroy@?$allocator@PAU?$DequeProbeRecord@$07@@@std@@QAEXPAPAU?$DequeProbeRecord@$07@@@Z"",""?destroy@?$allocator@PAU?$DequeProbeRecord@$0BA@@@@std@@QAEXPAPAU?$DequeProbeRecord@$0BA@@@@Z"",""?destroy@?$allocator@PAU?$DequeProbeRecord@$0CA@@@@std@@QAEXPAPAU?$DequeProbeRecord@$0CA@@@@Z"",""?destroy@?$allocator@PAU?$DequeProbeRecord@$0EA@@@@std@@QAEXPAPAU?$DequeProbeRecord@$0EA@@@@Z"",""?destroy@?$allocator@U?$DequeProbeRecord@$00@@@std@@QAEXPAU?$DequeProbeRecord@$00@@@Z"",""?destroy@?$allocator@U?$DequeProbeRecord@$01@@@std@@QAEXPAU?$DequeProbeRecord@$01@@@Z"",""?destroy@?$allocator@U?$DequeProbeRecord@$03@@@std@@QAEXPAU?$DequeProbeRecord@$03@@@Z"",""?destroy@?$allocator@U?$DequeProbeRecord@$07@@@std@@QAEXPAU?$DequeProbeRecord@$07@@@Z"",""?destroy@?$allocator@U?$DequeProbeRecord@$0BA@@@@std@@QAEXPAU?$DequeProbeRecord@$0BA@@@@Z"",""?destroy@?$allocator@U?$DequeProbeRecord@$0CA@@@@std@@QAEXPAU?$DequeProbeRecord@$0CA@@@@Z"",""?destroy@?$allocator@U?$DequeProbeRecord@$0EA@@@@std@@QAEXPAU?$DequeProbeRecord@$0EA@@@@Z""]",f15b6ab0bb8c123fee8171d5aa3537e37ca40958350e515dc8a11a0d87089971,bcf89f8004f15caa7029f6cb1f90ff3317a554ced1a7f623d85b045e89ba011c,"[{""offset"":12,""type"":""REL32"",""symbol"":""??$_Destroy@PAU?$DequeProbeRecord@$00@@@std@@YAXPAPAU?$DequeProbeRecord@$00@@@Z"",""addend"":0,""target_address"":""0x004163F0""}]",0,0x00415410,116,R074
0x00415EF0,25,?destroy,?destroy@?$allocator@PAU?$DequeProbeRecord@$00@@@std@@QAEXPAPAU?$DequeProbeRecord@$00@@@Z,"[""?destroy@?$allocator@PAU?$DequeProbeRecord@$00@@@std@@QAEXPAPAU?$DequeProbeRecord@$00@@@Z"",""?destroy@?$allocator@PAU?$DequeProbeRecord@$01@@@std@@QAEXPAPAU?$DequeProbeRecord@$01@@@Z"",""?destroy@?$allocator@PAU?$DequeProbeRecord@$03@@@std@@QAEXPAPAU?$DequeProbeRecord@$03@@@Z"",""?destroy@?$allocator@PAU?$DequeProbeRecord@$07@@@std@@QAEXPAPAU?$DequeProbeRecord@$07@@@Z"",""?destroy@?$allocator@PAU?$DequeProbeRecord@$0BA@@@@std@@QAEXPAPAU?$DequeProbeRecord@$0BA@@@@Z"",""?destroy@?$allocator@PAU?$DequeProbeRecord@$0CA@@@@std@@QAEXPAPAU?$DequeProbeRecord@$0CA@@@@Z"",""?destroy@?$allocator@PAU?$DequeProbeRecord@$0EA@@@@std@@QAEXPAPAU?$DequeProbeRecord@$0EA@@@@Z"",""?destroy@?$allocator@U?$DequeProbeRecord@$00@@@std@@QAEXPAU?$DequeProbeRecord@$00@@@Z"",""?destroy@?$allocator@U?$DequeProbeRecord@$01@@@std@@QAEXPAU?$DequeProbeRecord@$01@@@Z"",""?destroy@?$allocator@U?$DequeProbeRecord@$03@@@std@@QAEXPAU?$DequeProbeRecord@$03@@@Z"",""?destroy@?$allocator@U?$DequeProbeRecord@$07@@@std@@QAEXPAU?$DequeProbeRecord@$07@@@Z"",""?destroy@?$allocator@U?$DequeProbeRecord@$0BA@@@@std@@QAEXPAU?$DequeProbeRecord@$0BA@@@@Z"",""?destroy@?$allocator@U?$DequeProbeRecord@$0CA@@@@std@@QAEXPAU?$DequeProbeRecord@$0CA@@@@Z"",""?destroy@?$allocator@U?$DequeProbeRecord@$0EA@@@@std@@QAEXPAU?$DequeProbeRecord@$0EA@@@@Z""]",f15b6ab0bb8c123fee8171d5aa3537e37ca40958350e515dc8a11a0d87089971,a7d963cfb6b85f2effff45ef66c2d946e38478b4f884c5cb88df63064276f726,"[{""offset"":12,""type"":""REL32"",""symbol"":""??$_Destroy@PAU?$DequeProbeRecord@$00@@@std@@YAXPAPAU?$DequeProbeRecord@$00@@@Z"",""addend"":0,""target_address"":""0x00416400""}]",0,0x004158D0,108,R074
0x00415F40,25,?destroy,?destroy@?$allocator@PAU?$DequeProbeRecord@$00@@@std@@QAEXPAPAU?$DequeProbeRecord@$00@@@Z,"[""?destroy@?$allocator@PAU?$DequeProbeRecord@$00@@@std@@QAEXPAPAU?$DequeProbeRecord@$00@@@Z"",""?destroy@?$allocator@PAU?$DequeProbeRecord@$01@@@std@@QAEXPAPAU?$DequeProbeRecord@$01@@@Z"",""?destroy@?$allocator@PAU?$DequeProbeRecord@$03@@@std@@QAEXPAPAU?$DequeProbeRecord@$03@@@Z"",""?destroy@?$allocator@PAU?$DequeProbeRecord@$07@@@std@@QAEXPAPAU?$DequeProbeRecord@$07@@@Z"",""?destroy@?$allocator@PAU?$DequeProbeRecord@$0BA@@@@std@@QAEXPAPAU?$DequeProbeRecord@$0BA@@@@Z"",""?destroy@?$allocator@PAU?$DequeProbeRecord@$0CA@@@@std@@QAEXPAPAU?$DequeProbeRecord@$0CA@@@@Z"",""?destroy@?$allocator@PAU?$DequeProbeRecord@$0EA@@@@std@@QAEXPAPAU?$DequeProbeRecord@$0EA@@@@Z"",""?destroy@?$allocator@U?$DequeProbeRecord@$00@@@std@@QAEXPAU?$DequeProbeRecord@$00@@@Z"",""?destroy@?$allocator@U?$DequeProbeRecord@$01@@@std@@QAEXPAU?$DequeProbeRecord@$01@@@Z"",""?destroy@?$allocator@U?$DequeProbeRecord@$03@@@std@@QAEXPAU?$DequeProbeRecord@$03@@@Z"",""?destroy@?$allocator@U?$DequeProbeRecord@$07@@@std@@QAEXPAU?$DequeProbeRecord@$07@@@Z"",""?destroy@?$allocator@U?$DequeProbeRecord@$0BA@@@@std@@QAEXPAU?$DequeProbeRecord@$0BA@@@@Z"",""?destroy@?$allocator@U?$DequeProbeRecord@$0CA@@@@std@@QAEXPAU?$DequeProbeRecord@$0CA@@@@Z"",""?destroy@?$allocator@U?$DequeProbeRecord@$0EA@@@@std@@QAEXPAU?$DequeProbeRecord@$0EA@@@@Z""]",f15b6ab0bb8c123fee8171d5aa3537e37ca40958350e515dc8a11a0d87089971,0280f0bf5845e31447daf0b10244c274f5fe0d5d2c64129d132ac389378ab393,"[{""offset"":12,""type"":""REL32"",""symbol"":""??$_Destroy@PAU?$DequeProbeRecord@$00@@@std@@YAXPAPAU?$DequeProbeRecord@$00@@@Z"",""addend"":0,""target_address"":""0x00416410""}]",0,0x00415AC0,111,R074
0x00415F90,25,?destroy,?destroy@?$allocator@PAU?$DequeProbeRecord@$00@@@std@@QAEXPAPAU?$DequeProbeRecord@$00@@@Z,"[""?destroy@?$allocator@PAU?$DequeProbeRecord@$00@@@std@@QAEXPAPAU?$DequeProbeRecord@$00@@@Z"",""?destroy@?$allocator@PAU?$DequeProbeRecord@$01@@@std@@QAEXPAPAU?$DequeProbeRecord@$01@@@Z"",""?destroy@?$allocator@PAU?$DequeProbeRecord@$03@@@std@@QAEXPAPAU?$DequeProbeRecord@$03@@@Z"",""?destroy@?$allocator@PAU?$DequeProbeRecord@$07@@@std@@QAEXPAPAU?$DequeProbeRecord@$07@@@Z"",""?destroy@?$allocator@PAU?$DequeProbeRecord@$0BA@@@@std@@QAEXPAPAU?$DequeProbeRecord@$0BA@@@@Z"",""?destroy@?$allocator@PAU?$DequeProbeRecord@$0CA@@@@std@@QAEXPAPAU?$DequeProbeRecord@$0CA@@@@Z"",""?destroy@?$allocator@PAU?$DequeProbeRecord@$0EA@@@@std@@QAEXPAPAU?$DequeProbeRecord@$0EA@@@@Z"",""?destroy@?$allocator@U?$DequeProbeRecord@$00@@@std@@QAEXPAU?$DequeProbeRecord@$00@@@Z"",""?destroy@?$allocator@U?$DequeProbeRecord@$01@@@std@@QAEXPAU?$DequeProbeRecord@$01@@@Z"",""?destroy@?$allocator@U?$DequeProbeRecord@$03@@@std@@QAEXPAU?$DequeProbeRecord@$03@@@Z"",""?destroy@?$allocator@U?$DequeProbeRecord@$07@@@std@@QAEXPAU?$DequeProbeRecord@$07@@@Z"",""?destroy@?$allocator@U?$DequeProbeRecord@$0BA@@@@std@@QAEXPAU?$DequeProbeRecord@$0BA@@@@Z"",""?destroy@?$allocator@U?$DequeProbeRecord@$0CA@@@@std@@QAEXPAU?$DequeProbeRecord@$0CA@@@@Z"",""?destroy@?$allocator@U?$DequeProbeRecord@$0EA@@@@std@@QAEXPAU?$DequeProbeRecord@$0EA@@@@Z""]",f15b6ab0bb8c123fee8171d5aa3537e37ca40958350e515dc8a11a0d87089971,d03f452c145af28d767da7739d200c8cf13aea20e3c093df8eba69c46271a3d2,"[{""offset"":12,""type"":""REL32"",""symbol"":""??$_Destroy@PAU?$DequeProbeRecord@$00@@@std@@YAXPAPAU?$DequeProbeRecord@$00@@@Z"",""addend"":0,""target_address"":""0x00416420""}]",0,0x00415CB0,111,R074
0x00416480,25,??$_Uninit_fill_n,??$_Uninit_fill_n@PAU?$DequeProbeRecord@$00@@IPAU1@@std@@YAXPAPAU?$DequeProbeRecord@$00@@IABQAU1@AAV?$allocator@PAU?$DequeProbeRecord@$00@@@0@U_Scalar_ptr_iterator_tag@0@@Z,"[""??$_Uninit_fill_n@PAU?$DequeProbeRecord@$00@@IPAU1@@std@@YAXPAPAU?$DequeProbeRecord@$00@@IABQAU1@AAV?$allocator@PAU?$DequeProbeRecord@$00@@@0@U_Scalar_ptr_iterator_tag@0@@Z"",""??$_Uninit_fill_n@PAU?$DequeProbeRecord@$01@@IPAU1@@std@@YAXPAPAU?$DequeProbeRecord@$01@@IABQAU1@AAV?$allocator@PAU?$DequeProbeRecord@$01@@@0@U_Scalar_ptr_iterator_tag@0@@Z"",""??$_Uninit_fill_n@PAU?$DequeProbeRecord@$03@@IPAU1@@std@@YAXPAPAU?$DequeProbeRecord@$03@@IABQAU1@AAV?$allocator@PAU?$DequeProbeRecord@$03@@@0@U_Scalar_ptr_iterator_tag@0@@Z"",""??$_Uninit_fill_n@PAU?$DequeProbeRecord@$07@@IPAU1@@std@@YAXPAPAU?$DequeProbeRecord@$07@@IABQAU1@AAV?$allocator@PAU?$DequeProbeRecord@$07@@@0@U_Scalar_ptr_iterator_tag@0@@Z"",""??$_Uninit_fill_n@PAU?$DequeProbeRecord@$0BA@@@IPAU1@@std@@YAXPAPAU?$DequeProbeRecord@$0BA@@@IABQAU1@AAV?$allocator@PAU?$DequeProbeRecord@$0BA@@@@0@U_Scalar_ptr_iterator_tag@0@@Z"",""??$_Uninit_fill_n@PAU?$DequeProbeRecord@$0CA@@@IPAU1@@std@@YAXPAPAU?$DequeProbeRecord@$0CA@@@IABQAU1@AAV?$allocator@PAU?$DequeProbeRecord@$0CA@@@@0@U_Scalar_ptr_iterator_tag@0@@Z"",""??$_Uninit_fill_n@PAU?$DequeProbeRecord@$0EA@@@IPAU1@@std@@YAXPAPAU?$DequeProbeRecord@$0EA@@@IABQAU1@AAV?$allocator@PAU?$DequeProbeRecord@$0EA@@@@0@U_Scalar_ptr_iterator_tag@0@@Z""]",62ebf47293d861ba6638462ba31f6f3ef8842ad965e70d1b1c186904d054fdee,5d52df2757d8dcdc49141c1bcc4457b24eff1906f76a114f1f77c2cab5d6cedd,"[{""offset"":16,""type"":""REL32"",""symbol"":""??$fill_n@PAPAU?$DequeProbeRecord@$00@@IPAU1@@std@@YAXPAPAU?$DequeProbeRecord@$00@@IABQAU1@@Z"",""addend"":0,""target_address"":""0x004165B0""}]",0,0x00416020,44,R074
0x00416500,25,??$_Uninit_fill_n,??$_Uninit_fill_n@PAU?$DequeProbeRecord@$00@@IPAU1@@std@@YAXPAPAU?$DequeProbeRecord@$00@@IABQAU1@AAV?$allocator@PAU?$DequeProbeRecord@$00@@@0@U_Scalar_ptr_iterator_tag@0@@Z,"[""??$_Uninit_fill_n@PAU?$DequeProbeRecord@$00@@IPAU1@@std@@YAXPAPAU?$DequeProbeRecord@$00@@IABQAU1@AAV?$allocator@PAU?$DequeProbeRecord@$00@@@0@U_Scalar_ptr_iterator_tag@0@@Z"",""??$_Uninit_fill_n@PAU?$DequeProbeRecord@$01@@IPAU1@@std@@YAXPAPAU?$DequeProbeRecord@$01@@IABQAU1@AAV?$allocator@PAU?$DequeProbeRecord@$01@@@0@U_Scalar_ptr_iterator_tag@0@@Z"",""??$_Uninit_fill_n@PAU?$DequeProbeRecord@$03@@IPAU1@@std@@YAXPAPAU?$DequeProbeRecord@$03@@IABQAU1@AAV?$allocator@PAU?$DequeProbeRecord@$03@@@0@U_Scalar_ptr_iterator_tag@0@@Z"",""??$_Uninit_fill_n@PAU?$DequeProbeRecord@$07@@IPAU1@@std@@YAXPAPAU?$DequeProbeRecord@$07@@IABQAU1@AAV?$allocator@PAU?$DequeProbeRecord@$07@@@0@U_Scalar_ptr_iterator_tag@0@@Z"",""??$_Uninit_fill_n@PAU?$DequeProbeRecord@$0BA@@@IPAU1@@std@@YAXPAPAU?$DequeProbeRecord@$0BA@@@IABQAU1@AAV?$allocator@PAU?$DequeProbeRecord@$0BA@@@@0@U_Scalar_ptr_iterator_tag@0@@Z"",""??$_Uninit_fill_n@PAU?$DequeProbeRecord@$0CA@@@IPAU1@@std@@YAXPAPAU?$DequeProbeRecord@$0CA@@@IABQAU1@AAV?$allocator@PAU?$DequeProbeRecord@$0CA@@@@0@U_Scalar_ptr_iterator_tag@0@@Z"",""??$_Uninit_fill_n@PAU?$DequeProbeRecord@$0EA@@@IPAU1@@std@@YAXPAPAU?$DequeProbeRecord@$0EA@@@IABQAU1@AAV?$allocator@PAU?$DequeProbeRecord@$0EA@@@@0@U_Scalar_ptr_iterator_tag@0@@Z""]",62ebf47293d861ba6638462ba31f6f3ef8842ad965e70d1b1c186904d054fdee,3431a27c7bab7dd41f8f95203683aa3bda6ca4fd18fadc482244ca0eaee869ec,"[{""offset"":16,""type"":""REL32"",""symbol"":""??$fill_n@PAPAU?$DequeProbeRecord@$00@@IPAU1@@std@@YAXPAPAU?$DequeProbeRecord@$00@@IABQAU1@@Z"",""addend"":0,""target_address"":""0x004165E0""}]",0,0x00416140,44,R074
0x00416580,25,??$_Uninit_fill_n,??$_Uninit_fill_n@PAU?$DequeProbeRecord@$00@@IPAU1@@std@@YAXPAPAU?$DequeProbeRecord@$00@@IABQAU1@AAV?$allocator@PAU?$DequeProbeRecord@$00@@@0@U_Scalar_ptr_iterator_tag@0@@Z,"[""??$_Uninit_fill_n@PAU?$DequeProbeRecord@$00@@IPAU1@@std@@YAXPAPAU?$DequeProbeRecord@$00@@IABQAU1@AAV?$allocator@PAU?$DequeProbeRecord@$00@@@0@U_Scalar_ptr_iterator_tag@0@@Z"",""??$_Uninit_fill_n@PAU?$DequeProbeRecord@$01@@IPAU1@@std@@YAXPAPAU?$DequeProbeRecord@$01@@IABQAU1@AAV?$allocator@PAU?$DequeProbeRecord@$01@@@0@U_Scalar_ptr_iterator_tag@0@@Z"",""??$_Uninit_fill_n@PAU?$DequeProbeRecord@$03@@IPAU1@@std@@YAXPAPAU?$DequeProbeRecord@$03@@IABQAU1@AAV?$allocator@PAU?$DequeProbeRecord@$03@@@0@U_Scalar_ptr_iterator_tag@0@@Z"",""??$_Uninit_fill_n@PAU?$DequeProbeRecord@$07@@IPAU1@@std@@YAXPAPAU?$DequeProbeRecord@$07@@IABQAU1@AAV?$allocator@PAU?$DequeProbeRecord@$07@@@0@U_Scalar_ptr_iterator_tag@0@@Z"",""??$_Uninit_fill_n@PAU?$DequeProbeRecord@$0BA@@@IPAU1@@std@@YAXPAPAU?$DequeProbeRecord@$0BA@@@IABQAU1@AAV?$allocator@PAU?$DequeProbeRecord@$0BA@@@@0@U_Scalar_ptr_iterator_tag@0@@Z"",""??$_Uninit_fill_n@PAU?$DequeProbeRecord@$0CA@@@IPAU1@@std@@YAXPAPAU?$DequeProbeRecord@$0CA@@@IABQAU1@AAV?$allocator@PAU?$DequeProbeRecord@$0CA@@@@0@U_Scalar_ptr_iterator_tag@0@@Z"",""??$_Uninit_fill_n@PAU?$DequeProbeRecord@$0EA@@@IPAU1@@std@@YAXPAPAU?$DequeProbeRecord@$0EA@@@IABQAU1@AAV?$allocator@PAU?$DequeProbeRecord@$0EA@@@@0@U_Scalar_ptr_iterator_tag@0@@Z""]",62ebf47293d861ba6638462ba31f6f3ef8842ad965e70d1b1c186904d054fdee,c6307ded768d0ceed9f696fdbb62412449c49f23f0c09459b5f5015f30e4f74b,"[{""offset"":16,""type"":""REL32"",""symbol"":""??$fill_n@PAPAU?$DequeProbeRecord@$00@@IPAU1@@std@@YAXPAPAU?$DequeProbeRecord@$00@@IABQAU1@@Z"",""addend"":0,""target_address"":""0x00416610""}]",0,0x00416260,44,R074
0x0041E7C0,27,?allocate,?allocate@?$allocator@PAU?$DequeProbeRecord@$00@@@std@@QAEPAPAU?$DequeProbeRecord@$00@@I@Z,"[""?allocate@?$allocator@PAU?$DequeProbeRecord@$00@@@std@@QAEPAPAU?$DequeProbeRecord@$00@@I@Z"",""?allocate@?$allocator@PAU?$DequeProbeRecord@$01@@@std@@QAEPAPAU?$DequeProbeRecord@$01@@I@Z"",""?allocate@?$allocator@PAU?$DequeProbeRecord@$03@@@std@@QAEPAPAU?$DequeProbeRecord@$03@@I@Z"",""?allocate@?$allocator@PAU?$DequeProbeRecord@$07@@@std@@QAEPAPAU?$DequeProbeRecord@$07@@I@Z"",""?allocate@?$allocator@PAU?$DequeProbeRecord@$0BA@@@@std@@QAEPAPAU?$DequeProbeRecord@$0BA@@@I@Z"",""?allocate@?$allocator@PAU?$DequeProbeRecord@$0CA@@@@std@@QAEPAPAU?$DequeProbeRecord@$0CA@@@I@Z"",""?allocate@?$allocator@PAU?$DequeProbeRecord@$0EA@@@@std@@QAEPAPAU?$DequeProbeRecord@$0EA@@@I@Z"",""?allocate@?$allocator@U?$DequeProbeRecord@$00@@@std@@QAEPAU?$DequeProbeRecord@$00@@I@Z"",""?allocate@?$allocator@U?$DequeProbeRecord@$01@@@std@@QAEPAU?$DequeProbeRecord@$01@@I@Z"",""?allocate@?$allocator@U?$DequeProbeRecord@$03@@@std@@QAEPAU?$DequeProbeRecord@$03@@I@Z"",""?allocate@?$allocator@U?$DequeProbeRecord@$07@@@std@@QAEPAU?$DequeProbeRecord@$07@@I@Z"",""?allocate@?$allocator@U?$DequeProbeRecord@$0BA@@@@std@@QAEPAU?$DequeProbeRecord@$0BA@@@I@Z"",""?allocate@?$allocator@U?$DequeProbeRecord@$0CA@@@@std@@QAEPAU?$DequeProbeRecord@$0CA@@@I@Z"",""?allocate@?$allocator@U?$DequeProbeRecord@$0EA@@@@std@@QAEPAU?$DequeProbeRecord@$0EA@@@I@Z""]",76fb3dabc7b7eea5850822eba2d953b3b8e0320e33383773c37a3afd919292f3,43b24524e518dc62b352da4ab86d44975fb7b794c4e5cb975a8b5e1576aea85e,"[{""offset"":14,""type"":""REL32"",""symbol"":""??$_Allocate@PAU?$DequeProbeRecord@$00@@@std@@YAPAPAU?$DequeProbeRecord@$00@@IPAPAU1@@Z"",""addend"":0,""target_address"":""0x0041FB60""}]",0,0x0041DBB0,136,R074
0x0041E7E0,29,?construct,?construct@?$allocator@U?$DequeProbeRecord@$00@@@std@@QAEXPAU?$DequeProbeRecord@$00@@ABU3@@Z,"[""?construct@?$allocator@U?$DequeProbeRecord@$00@@@std@@QAEXPAU?$DequeProbeRecord@$00@@ABU3@@Z"",""?construct@?$allocator@U?$DequeProbeRecord@$01@@@std@@QAEXPAU?$DequeProbeRecord@$01@@ABU3@@Z"",""?construct@?$allocator@U?$DequeProbeRecord@$03@@@std@@QAEXPAU?$DequeProbeRecord@$03@@ABU3@@Z"",""?construct@?$allocator@U?$DequeProbeRecord@$07@@@std@@QAEXPAU?$DequeProbeRecord@$07@@ABU3@@Z"",""?construct@?$allocator@U?$DequeProbeRecord@$0BA@@@@std@@QAEXPAU?$DequeProbeRecord@$0BA@@@ABU3@@Z"",""?construct@?$allocator@U?$DequeProbeRecord@$0CA@@@@std@@QAEXPAU?$DequeProbeRecord@$0CA@@@ABU3@@Z"",""?construct@?$allocator@U?$DequeProbeRecord@$0EA@@@@std@@QAEXPAU?$DequeProbeRecord@$0EA@@@ABU3@@Z""]",7c6d9fb49bf679d9ce24e0ea5fcdcc441c4a612bbc57f5c6c01fdb7e501bdce0,a5c6da994aef1dcfa73144a27ab83bb43a4a97fd1274e52c667c0a8cebbe7665,"[{""offset"":16,""type"":""REL32"",""symbol"":""??$_Construct@U?$DequeProbeRecord@$00@@U1@@std@@YAXPAU?$DequeProbeRecord@$00@@ABU1@@Z"",""addend"":0,""target_address"":""0x0041FB80""}]",0,0x0041DBB0,191,R074
0x0041EC40,27,?allocate,?allocate@?$allocator@PAU?$DequeProbeRecord@$00@@@std@@QAEPAPAU?$DequeProbeRecord@$00@@I@Z,"[""?allocate@?$allocator@PAU?$DequeProbeRecord@$00@@@std@@QAEPAPAU?$DequeProbeRecord@$00@@I@Z"",""?allocate@?$allocator@PAU?$DequeProbeRecord@$01@@@std@@QAEPAPAU?$DequeProbeRecord@$01@@I@Z"",""?allocate@?$allocator@PAU?$DequeProbeRecord@$03@@@std@@QAEPAPAU?$DequeProbeRecord@$03@@I@Z"",""?allocate@?$allocator@PAU?$DequeProbeRecord@$07@@@std@@QAEPAPAU?$DequeProbeRecord@$07@@I@Z"",""?allocate@?$allocator@PAU?$DequeProbeRecord@$0BA@@@@std@@QAEPAPAU?$DequeProbeRecord@$0BA@@@I@Z"",""?allocate@?$allocator@PAU?$DequeProbeRecord@$0CA@@@@std@@QAEPAPAU?$DequeProbeRecord@$0CA@@@I@Z"",""?allocate@?$allocator@PAU?$DequeProbeRecord@$0EA@@@@std@@QAEPAPAU?$DequeProbeRecord@$0EA@@@I@Z"",""?allocate@?$allocator@U?$DequeProbeRecord@$00@@@std@@QAEPAU?$DequeProbeRecord@$00@@I@Z"",""?allocate@?$allocator@U?$DequeProbeRecord@$01@@@std@@QAEPAU?$DequeProbeRecord@$01@@I@Z"",""?allocate@?$allocator@U?$DequeProbeRecord@$03@@@std@@QAEPAU?$DequeProbeRecord@$03@@I@Z"",""?allocate@?$allocator@U?$DequeProbeRecord@$07@@@std@@QAEPAU?$DequeProbeRecord@$07@@I@Z"",""?allocate@?$allocator@U?$DequeProbeRecord@$0BA@@@@std@@QAEPAU?$DequeProbeRecord@$0BA@@@I@Z"",""?allocate@?$allocator@U?$DequeProbeRecord@$0CA@@@@std@@QAEPAU?$DequeProbeRecord@$0CA@@@I@Z"",""?allocate@?$allocator@U?$DequeProbeRecord@$0EA@@@@std@@QAEPAU?$DequeProbeRecord@$0EA@@@I@Z""]",76fb3dabc7b7eea5850822eba2d953b3b8e0320e33383773c37a3afd919292f3,64fbb1d52169ecf6eb279f5c6abb0cb87fafb6dc17a7f49010cb5f8c3811b5e6,"[{""offset"":14,""type"":""REL32"",""symbol"":""??$_Allocate@PAU?$DequeProbeRecord@$00@@@std@@YAPAPAU?$DequeProbeRecord@$00@@IPAPAU1@@Z"",""addend"":0,""target_address"":""0x0041FD20""}]",0,0x0041DE30,136,R074
0x0041EC60,29,?construct,?construct@?$allocator@U?$DequeProbeRecord@$00@@@std@@QAEXPAU?$DequeProbeRecord@$00@@ABU3@@Z,"[""?construct@?$allocator@U?$DequeProbeRecord@$00@@@std@@QAEXPAU?$DequeProbeRecord@$00@@ABU3@@Z"",""?construct@?$allocator@U?$DequeProbeRecord@$01@@@std@@QAEXPAU?$DequeProbeRecord@$01@@ABU3@@Z"",""?construct@?$allocator@U?$DequeProbeRecord@$03@@@std@@QAEXPAU?$DequeProbeRecord@$03@@ABU3@@Z"",""?construct@?$allocator@U?$DequeProbeRecord@$07@@@std@@QAEXPAU?$DequeProbeRecord@$07@@ABU3@@Z"",""?construct@?$allocator@U?$DequeProbeRecord@$0BA@@@@std@@QAEXPAU?$DequeProbeRecord@$0BA@@@ABU3@@Z"",""?construct@?$allocator@U?$DequeProbeRecord@$0CA@@@@std@@QAEXPAU?$DequeProbeRecord@$0CA@@@ABU3@@Z"",""?construct@?$allocator@U?$DequeProbeRecord@$0EA@@@@std@@QAEXPAU?$DequeProbeRecord@$0EA@@@ABU3@@Z""]",7c6d9fb49bf679d9ce24e0ea5fcdcc441c4a612bbc57f5c6c01fdb7e501bdce0,f4bc3a42dbbcb70c50a422c6ff49a9c4a794d2c4e9185c3c13d5ff0d7bcf3e9d,"[{""offset"":16,""type"":""REL32"",""symbol"":""??$_Construct@U?$DequeProbeRecord@$00@@U1@@std@@YAXPAU?$DequeProbeRecord@$00@@ABU1@@Z"",""addend"":0,""target_address"":""0x0041FD40""}]",0,0x0041DE30,191,R074
0x0041F150,22,?max_size,?max_size@?$deque@U?$DequeProbeRecord@$00@@V?$allocator@U?$DequeProbeRecord@$00@@@std@@@std@@QBEIXZ,"[""?max_size@?$deque@U?$DequeProbeRecord@$00@@V?$allocator@U?$DequeProbeRecord@$00@@@std@@@std@@QBEIXZ"",""?max_size@?$deque@U?$DequeProbeRecord@$01@@V?$allocator@U?$DequeProbeRecord@$01@@@std@@@std@@QBEIXZ"",""?max_size@?$deque@U?$DequeProbeRecord@$03@@V?$allocator@U?$DequeProbeRecord@$03@@@std@@@std@@QBEIXZ"",""?max_size@?$deque@U?$DequeProbeRecord@$07@@V?$allocator@U?$DequeProbeRecord@$07@@@std@@@std@@QBEIXZ"",""?max_size@?$deque@U?$DequeProbeRecord@$0BA@@@V?$allocator@U?$DequeProbeRecord@$0BA@@@@std@@@std@@QBEIXZ"",""?max_size@?$deque@U?$DequeProbeRecord@$0CA@@@V?$allocator@U?$DequeProbeRecord@$0CA@@@@std@@@std@@QBEIXZ"",""?max_size@?$deque@U?$DequeProbeRecord@$0EA@@@V?$allocator@U?$DequeProbeRecord@$0EA@@@@std@@@std@@QBEIXZ""]",036ac8295c572d4c8b872d83a60757d79e408d2f452ee1bad9de69a885252f44,28b9fbf314e244d3a806db9c8a2ef341bef62ab8428a9c302906422ff2330840,"[{""offset"":14,""type"":""REL32"",""symbol"":""?max_size@?$allocator@U?$DequeProbeRecord@$00@@@std@@QBEIXZ"",""addend"":0,""target_address"":""0x0041F860""}]",0,0x0041E4F0,13,R074
0x0041F340,25,?deallocate,?deallocate@?$allocator@PAU?$DequeProbeRecord@$00@@@std@@QAEXPAPAU?$DequeProbeRecord@$00@@I@Z,"[""?deallocate@?$allocator@PAU?$DequeProbeRecord@$00@@@std@@QAEXPAPAU?$DequeProbeRecord@$00@@I@Z"",""?deallocate@?$allocator@PAU?$DequeProbeRecord@$01@@@std@@QAEXPAPAU?$DequeProbeRecord@$01@@I@Z"",""?deallocate@?$allocator@PAU?$DequeProbeRecord@$03@@@std@@QAEXPAPAU?$DequeProbeRecord@$03@@I@Z"",""?deallocate@?$allocator@PAU?$DequeProbeRecord@$07@@@std@@QAEXPAPAU?$DequeProbeRecord@$07@@I@Z"",""?deallocate@?$allocator@PAU?$DequeProbeRecord@$0BA@@@@std@@QAEXPAPAU?$DequeProbeRecord@$0BA@@@I@Z"",""?deallocate@?$allocator@PAU?$DequeProbeRecord@$0CA@@@@std@@QAEXPAPAU?$DequeProbeRecord@$0CA@@@I@Z"",""?deallocate@?$allocator@PAU?$DequeProbeRecord@$0EA@@@@std@@QAEXPAPAU?$DequeProbeRecord@$0EA@@@I@Z"",""?deallocate@?$allocator@U?$DequeProbeRecord@$00@@@std@@QAEXPAU?$DequeProbeRecord@$00@@I@Z"",""?deallocate@?$allocator@U?$DequeProbeRecord@$01@@@std@@QAEXPAU?$DequeProbeRecord@$01@@I@Z"",""?deallocate@?$allocator@U?$DequeProbeRecord@$03@@@std@@QAEXPAU?$DequeProbeRecord@$03@@I@Z"",""?deallocate@?$allocator@U?$DequeProbeRecord@$07@@@std@@QAEXPAU?$DequeProbeRecord@$07@@I@Z"",""?deallocate@?$allocator@U?$DequeProbeRecord@$0BA@@@@std@@QAEXPAU?$DequeProbeRecord@$0BA@@@I@Z"",""?deallocate@?$allocator@U?$DequeProbeRecord@$0CA@@@@std@@QAEXPAU?$DequeProbeRecord@$0CA@@@I@Z"",""?deallocate@?$allocator@U?$DequeProbeRecord@$0EA@@@@std@@QAEXPAU?$DequeProbeRecord@$0EA@@@I@Z""]",98d8393a76ac9fbc41250c6069af9c5f734d1f3529f958ca7e72be42b1585abc,99cb795478871e4bd9721b506d5a39300691b9b753e0068c4b7993cc6f90670b,"[{""offset"":12,""type"":""REL32"",""symbol"":""??3@YAXPAX@Z"",""addend"":0,""target_address"":""0x00640F15""}]",0,0x0041E700,95,R074
0x0041F360,25,?deallocate,?deallocate@?$allocator@PAU?$DequeProbeRecord@$00@@@std@@QAEXPAPAU?$DequeProbeRecord@$00@@I@Z,"[""?deallocate@?$allocator@PAU?$DequeProbeRecord@$00@@@std@@QAEXPAPAU?$DequeProbeRecord@$00@@I@Z"",""?deallocate@?$allocator@PAU?$DequeProbeRecord@$01@@@std@@QAEXPAPAU?$DequeProbeRecord@$01@@I@Z"",""?deallocate@?$allocator@PAU?$DequeProbeRecord@$03@@@std@@QAEXPAPAU?$DequeProbeRecord@$03@@I@Z"",""?deallocate@?$allocator@PAU?$DequeProbeRecord@$07@@@std@@QAEXPAPAU?$DequeProbeRecord@$07@@I@Z"",""?deallocate@?$allocator@PAU?$DequeProbeRecord@$0BA@@@@std@@QAEXPAPAU?$DequeProbeRecord@$0BA@@@I@Z"",""?deallocate@?$allocator@PAU?$DequeProbeRecord@$0CA@@@@std@@QAEXPAPAU?$DequeProbeRecord@$0CA@@@I@Z"",""?deallocate@?$allocator@PAU?$DequeProbeRecord@$0EA@@@@std@@QAEXPAPAU?$DequeProbeRecord@$0EA@@@I@Z"",""?deallocate@?$allocator@U?$DequeProbeRecord@$00@@@std@@QAEXPAU?$DequeProbeRecord@$00@@I@Z"",""?deallocate@?$allocator@U?$DequeProbeRecord@$01@@@std@@QAEXPAU?$DequeProbeRecord@$01@@I@Z"",""?deallocate@?$allocator@U?$DequeProbeRecord@$03@@@std@@QAEXPAU?$DequeProbeRecord@$03@@I@Z"",""?deallocate@?$allocator@U?$DequeProbeRecord@$07@@@std@@QAEXPAU?$DequeProbeRecord@$07@@I@Z"",""?deallocate@?$allocator@U?$DequeProbeRecord@$0BA@@@@std@@QAEXPAU?$DequeProbeRecord@$0BA@@@I@Z"",""?deallocate@?$allocator@U?$DequeProbeRecord@$0CA@@@@std@@QAEXPAU?$DequeProbeRecord@$0CA@@@I@Z"",""?deallocate@?$allocator@U?$DequeProbeRecord@$0EA@@@@std@@QAEXPAU?$DequeProbeRecord@$0EA@@@I@Z""]",98d8393a76ac9fbc41250c6069af9c5f734d1f3529f958ca7e72be42b1585abc,a48ad76ccceccdf27338c4f8f765780aac5d9d92c80a450d75c55a7432fbf83a,"[{""offset"":12,""type"":""REL32"",""symbol"":""??3@YAXPAX@Z"",""addend"":0,""target_address"":""0x00640F15""}]",0,0x0041E4F0,486,R074
0x0041F380,27,?allocate,?allocate@?$allocator@PAU?$DequeProbeRecord@$00@@@std@@QAEPAPAU?$DequeProbeRecord@$00@@I@Z,"[""?allocate@?$allocator@PAU?$DequeProbeRecord@$00@@@std@@QAEPAPAU?$DequeProbeRecord@$00@@I@Z"",""?allocate@?$allocator@PAU?$DequeProbeRecord@$01@@@std@@QAEPAPAU?$DequeProbeRecord@$01@@I@Z"",""?allocate@?$allocator@PAU?$DequeProbeRecord@$03@@@std@@QAEPAPAU?$DequeProbeRecord@$03@@I@Z"",""?allocate@?$allocator@PAU?$DequeProbeRecord@$07@@@std@@QAEPAPAU?$DequeProbeRecord@$07@@I@Z"",""?allocate@?$allocator@PAU?$DequeProbeRecord@$0BA@@@@std@@QAEPAPAU?$DequeProbeRecord@$0BA@@@I@Z"",""?allocate@?$allocator@PAU?$DequeProbeRecord@$0CA@@@@std@@QAEPAPAU?$DequeProbeRecord@$0CA@@@I@Z"",""?allocate@?$allocator@PAU?$DequeProbeRecord@$0EA@@@@std@@QAEPAPAU?$DequeProbeRecord@$0EA@@@I@Z"",""?allocate@?$allocator@U?$DequeProbeRecord@$00@@@std@@QAEPAU?$DequeProbeRecord@$00@@I@Z"",""?allocate@?$allocator@U?$DequeProbeRecord@$01@@@std@@QAEPAU?$DequeProbeRecord@$01@@I@Z"",""?allocate@?$allocator@U?$DequeProbeRecord@$03@@@std@@QAEPAU?$DequeProbeRecord@$03@@I@Z"",""?allocate@?$allocator@U?$DequeProbeRecord@$07@@@std@@QAEPAU?$DequeProbeRecord@$07@@I@Z"",""?allocate@?$allocator@U?$DequeProbeRecord@$0BA@@@@std@@QAEPAU?$DequeProbeRecord@$0BA@@@I@Z"",""?allocate@?$allocator@U?$DequeProbeRecord@$0CA@@@@std@@QAEPAU?$DequeProbeRecord@$0CA@@@I@Z"",""?allocate@?$allocator@U?$DequeProbeRecord@$0EA@@@@std@@QAEPAU?$DequeProbeRecord@$0EA@@@I@Z""]",76fb3dabc7b7eea5850822eba2d953b3b8e0320e33383773c37a3afd919292f3,8094a1d2199a0537c335c3cb114a85eb223a85dea8b5e270062f0f4927e4565a,"[{""offset"":14,""type"":""REL32"",""symbol"":""??$_Allocate@PAU?$DequeProbeRecord@$00@@@std@@YAPAPAU?$DequeProbeRecord@$00@@IPAPAU1@@Z"",""addend"":0,""target_address"":""0x0041FE00""}]",0,0x0041E4F0,125,R074
0x0041F3A0,25,?destroy,?destroy@?$allocator@PAU?$DequeProbeRecord@$00@@@std@@QAEXPAPAU?$DequeProbeRecord@$00@@@Z,"[""?destroy@?$allocator@PAU?$DequeProbeRecord@$00@@@std@@QAEXPAPAU?$DequeProbeRecord@$00@@@Z"",""?destroy@?$allocator@PAU?$DequeProbeRecord@$01@@@std@@QAEXPAPAU?$DequeProbeRecord@$01@@@Z"",""?destroy@?$allocator@PAU?$DequeProbeRecord@$03@@@std@@QAEXPAPAU?$DequeProbeRecord@$03@@@Z"",""?destroy@?$allocator@PAU?$DequeProbeRecord@$07@@@std@@QAEXPAPAU?$DequeProbeRecord@$07@@@Z"",""?destroy@?$allocator@PAU?$DequeProbeRecord@$0BA@@@@std@@QAEXPAPAU?$DequeProbeRecord@$0BA@@@@Z"",""?destroy@?$allocator@PAU?$DequeProbeRecord@$0CA@@@@std@@QAEXPAPAU?$DequeProbeRecord@$0CA@@@@Z"",""?destroy@?$allocator@PAU?$DequeProbeRecord@$0EA@@@@std@@QAEXPAPAU?$DequeProbeRecord@$0EA@@@@Z"",""?destroy@?$allocator@U?$DequeProbeRecord@$00@@@std@@QAEXPAU?$DequeProbeRecord@$00@@@Z"",""?destroy@?$allocator@U?$DequeProbeRecord@$01@@@std@@QAEXPAU?$DequeProbeRecord@$01@@@Z"",""?destroy@?$allocator@U?$DequeProbeRecord@$03@@@std@@QAEXPAU?$DequeProbeRecord@$03@@@Z"",""?destroy@?$allocator@U?$DequeProbeRecord@$07@@@std@@QAEXPAU?$DequeProbeRecord@$07@@@Z"",""?destroy@?$allocator@U?$DequeProbeRecord@$0BA@@@@std@@QAEXPAU?$DequeProbeRecord@$0BA@@@@Z"",""?destroy@?$allocator@U?$DequeProbeRecord@$0CA@@@@std@@QAEXPAU?$DequeProbeRecord@$0CA@@@@Z"",""?destroy@?$allocator@U?$DequeProbeRecord@$0EA@@@@std@@QAEXPAU?$DequeProbeRecord@$0EA@@@@Z""]",f15b6ab0bb8c123fee8171d5aa3537e37ca40958350e515dc8a11a0d87089971,b2cf21d76835cb8ff26cbe825af994b972ec6ab3cacd13cfc864838e8dc4a903,"[{""offset"":12,""type"":""REL32"",""symbol"":""??$_Destroy@PAU?$DequeProbeRecord@$00@@@std@@YAXPAPAU?$DequeProbeRecord@$00@@@Z"",""addend"":0,""target_address"":""0x0041FE20""}]",0,0x0041E700,116,R074
0x0041F3C0,22,?max_size,?max_size@?$deque@U?$DequeProbeRecord@$00@@V?$allocator@U?$DequeProbeRecord@$00@@@std@@@std@@QBEIXZ,"[""?max_size@?$deque@U?$DequeProbeRecord@$00@@V?$allocator@U?$DequeProbeRecord@$00@@@std@@@std@@QBEIXZ"",""?max_size@?$deque@U?$DequeProbeRecord@$01@@V?$allocator@U?$DequeProbeRecord@$01@@@std@@@std@@QBEIXZ"",""?max_size@?$deque@U?$DequeProbeRecord@$03@@V?$allocator@U?$DequeProbeRecord@$03@@@std@@@std@@QBEIXZ"",""?max_size@?$deque@U?$DequeProbeRecord@$07@@V?$allocator@U?$DequeProbeRecord@$07@@@std@@@std@@QBEIXZ"",""?max_size@?$deque@U?$DequeProbeRecord@$0BA@@@V?$allocator@U?$DequeProbeRecord@$0BA@@@@std@@@std@@QBEIXZ"",""?max_size@?$deque@U?$DequeProbeRecord@$0CA@@@V?$allocator@U?$DequeProbeRecord@$0CA@@@@std@@@std@@QBEIXZ"",""?max_size@?$deque@U?$DequeProbeRecord@$0EA@@@V?$allocator@U?$DequeProbeRecord@$0EA@@@@std@@@std@@QBEIXZ""]",036ac8295c572d4c8b872d83a60757d79e408d2f452ee1bad9de69a885252f44,0b957a32ca17570530fcd8b0a499f3eb0bc44a4dd5d4cb03726b1c8a363613fe,"[{""offset"":14,""type"":""REL32"",""symbol"":""?max_size@?$allocator@U?$DequeProbeRecord@$00@@@std@@QBEIXZ"",""addend"":0,""target_address"":""0x0041F8B0""}]",0,0x0041E970,13,R074
0x0041F5B0,25,?deallocate,?deallocate@?$allocator@PAU?$DequeProbeRecord@$00@@@std@@QAEXPAPAU?$DequeProbeRecord@$00@@I@Z,"[""?deallocate@?$allocator@PAU?$DequeProbeRecord@$00@@@std@@QAEXPAPAU?$DequeProbeRecord@$00@@I@Z"",""?deallocate@?$allocator@PAU?$DequeProbeRecord@$01@@@std@@QAEXPAPAU?$DequeProbeRecord@$01@@I@Z"",""?deallocate@?$allocator@PAU?$DequeProbeRecord@$03@@@std@@QAEXPAPAU?$DequeProbeRecord@$03@@I@Z"",""?deallocate@?$allocator@PAU?$DequeProbeRecord@$07@@@std@@QAEXPAPAU?$DequeProbeRecord@$07@@I@Z"",""?deallocate@?$allocator@PAU?$DequeProbeRecord@$0BA@@@@std@@QAEXPAPAU?$DequeProbeRecord@$0BA@@@I@Z"",""?deallocate@?$allocator@PAU?$DequeProbeRecord@$0CA@@@@std@@QAEXPAPAU?$DequeProbeRecord@$0CA@@@I@Z"",""?deallocate@?$allocator@PAU?$DequeProbeRecord@$0EA@@@@std@@QAEXPAPAU?$DequeProbeRecord@$0EA@@@I@Z"",""?deallocate@?$allocator@U?$DequeProbeRecord@$00@@@std@@QAEXPAU?$DequeProbeRecord@$00@@I@Z"",""?deallocate@?$allocator@U?$DequeProbeRecord@$01@@@std@@QAEXPAU?$DequeProbeRecord@$01@@I@Z"",""?deallocate@?$allocator@U?$DequeProbeRecord@$03@@@std@@QAEXPAU?$DequeProbeRecord@$03@@I@Z"",""?deallocate@?$allocator@U?$DequeProbeRecord@$07@@@std@@QAEXPAU?$DequeProbeRecord@$07@@I@Z"",""?deallocate@?$allocator@U?$DequeProbeRecord@$0BA@@@@std@@QAEXPAU?$DequeProbeRecord@$0BA@@@I@Z"",""?deallocate@?$allocator@U?$DequeProbeRecord@$0CA@@@@std@@QAEXPAU?$DequeProbeRecord@$0CA@@@I@Z"",""?deallocate@?$allocator@U?$DequeProbeRecord@$0EA@@@@std@@QAEXPAU?$DequeProbeRecord@$0EA@@@I@Z""]",98d8393a76ac9fbc41250c6069af9c5f734d1f3529f958ca7e72be42b1585abc,b661035f16e2d8d02e2f64657817cb1f64c7113dbb3cfe075272471a9d2c95c4,"[{""offset"":12,""type"":""REL32"",""symbol"":""??3@YAXPAX@Z"",""addend"":0,""target_address"":""0x00640F15""}]",0,0x0041EB80,95,R074
0x0041F5D0,25,?deallocate,?deallocate@?$allocator@PAU?$DequeProbeRecord@$00@@@std@@QAEXPAPAU?$DequeProbeRecord@$00@@I@Z,"[""?deallocate@?$allocator@PAU?$DequeProbeRecord@$00@@@std@@QAEXPAPAU?$DequeProbeRecord@$00@@I@Z"",""?deallocate@?$allocator@PAU?$DequeProbeRecord@$01@@@std@@QAEXPAPAU?$DequeProbeRecord@$01@@I@Z"",""?deallocate@?$allocator@PAU?$DequeProbeRecord@$03@@@std@@QAEXPAPAU?$DequeProbeRecord@$03@@I@Z"",""?deallocate@?$allocator@PAU?$DequeProbeRecord@$07@@@std@@QAEXPAPAU?$DequeProbeRecord@$07@@I@Z"",""?deallocate@?$allocator@PAU?$DequeProbeRecord@$0BA@@@@std@@QAEXPAPAU?$DequeProbeRecord@$0BA@@@I@Z"",""?deallocate@?$allocator@PAU?$DequeProbeRecord@$0CA@@@@std@@QAEXPAPAU?$DequeProbeRecord@$0CA@@@I@Z"",""?deallocate@?$allocator@PAU?$DequeProbeRecord@$0EA@@@@std@@QAEXPAPAU?$DequeProbeRecord@$0EA@@@I@Z"",""?deallocate@?$allocator@U?$DequeProbeRecord@$00@@@std@@QAEXPAU?$DequeProbeRecord@$00@@I@Z"",""?deallocate@?$allocator@U?$DequeProbeRecord@$01@@@std@@QAEXPAU?$DequeProbeRecord@$01@@I@Z"",""?deallocate@?$allocator@U?$DequeProbeRecord@$03@@@std@@QAEXPAU?$DequeProbeRecord@$03@@I@Z"",""?deallocate@?$allocator@U?$DequeProbeRecord@$07@@@std@@QAEXPAU?$DequeProbeRecord@$07@@I@Z"",""?deallocate@?$allocator@U?$DequeProbeRecord@$0BA@@@@std@@QAEXPAU?$DequeProbeRecord@$0BA@@@I@Z"",""?deallocate@?$allocator@U?$DequeProbeRecord@$0CA@@@@std@@QAEXPAU?$DequeProbeRecord@$0CA@@@I@Z"",""?deallocate@?$allocator@U?$DequeProbeRecord@$0EA@@@@std@@QAEXPAU?$DequeProbeRecord@$0EA@@@I@Z""]",98d8393a76ac9fbc41250c6069af9c5f734d1f3529f958ca7e72be42b1585abc,d559ec75da6d287ecd347a88afb54af427fa211c054803077ce28f1652eb4707,"[{""offset"":12,""type"":""REL32"",""symbol"":""??3@YAXPAX@Z"",""addend"":0,""target_address"":""0x00640F15""}]",0,0x0041E970,486,R074
0x0041F5F0,27,?allocate,?allocate@?$allocator@PAU?$DequeProbeRecord@$00@@@std@@QAEPAPAU?$DequeProbeRecord@$00@@I@Z,"[""?allocate@?$allocator@PAU?$DequeProbeRecord@$00@@@std@@QAEPAPAU?$DequeProbeRecord@$00@@I@Z"",""?allocate@?$allocator@PAU?$DequeProbeRecord@$01@@@std@@QAEPAPAU?$DequeProbeRecord@$01@@I@Z"",""?allocate@?$allocator@PAU?$DequeProbeRecord@$03@@@std@@QAEPAPAU?$DequeProbeRecord@$03@@I@Z"",""?allocate@?$allocator@PAU?$DequeProbeRecord@$07@@@std@@QAEPAPAU?$DequeProbeRecord@$07@@I@Z"",""?allocate@?$allocator@PAU?$DequeProbeRecord@$0BA@@@@std@@QAEPAPAU?$DequeProbeRecord@$0BA@@@I@Z"",""?allocate@?$allocator@PAU?$DequeProbeRecord@$0CA@@@@std@@QAEPAPAU?$DequeProbeRecord@$0CA@@@I@Z"",""?allocate@?$allocator@PAU?$DequeProbeRecord@$0EA@@@@std@@QAEPAPAU?$DequeProbeRecord@$0EA@@@I@Z"",""?allocate@?$allocator@U?$DequeProbeRecord@$00@@@std@@QAEPAU?$DequeProbeRecord@$00@@I@Z"",""?allocate@?$allocator@U?$DequeProbeRecord@$01@@@std@@QAEPAU?$DequeProbeRecord@$01@@I@Z"",""?allocate@?$allocator@U?$DequeProbeRecord@$03@@@std@@QAEPAU?$DequeProbeRecord@$03@@I@Z"",""?allocate@?$allocator@U?$DequeProbeRecord@$07@@@std@@QAEPAU?$DequeProbeRecord@$07@@I@Z"",""?allocate@?$allocator@U?$DequeProbeRecord@$0BA@@@@std@@QAEPAU?$DequeProbeRecord@$0BA@@@I@Z"",""?allocate@?$allocator@U?$DequeProbeRecord@$0CA@@@@std@@QAEPAU?$DequeProbeRecord@$0CA@@@I@Z"",""?allocate@?$allocator@U?$DequeProbeRecord@$0EA@@@@std@@QAEPAU?$DequeProbeRecord@$0EA@@@I@Z""]",76fb3dabc7b7eea5850822eba2d953b3b8e0320e33383773c37a3afd919292f3,3b0fd7c8424399719ca2ed40b03455b5b2e5db9c72a986b44554ad6da47c2b90,"[{""offset"":14,""type"":""REL32"",""symbol"":""??$_Allocate@PAU?$DequeProbeRecord@$00@@@std@@YAPAPAU?$DequeProbeRecord@$00@@IPAPAU1@@Z"",""addend"":0,""target_address"":""0x0041FE30""}]",0,0x0041E970,125,R074
0x0041F610,25,?destroy,?destroy@?$allocator@PAU?$DequeProbeRecord@$00@@@std@@QAEXPAPAU?$DequeProbeRecord@$00@@@Z,"[""?destroy@?$allocator@PAU?$DequeProbeRecord@$00@@@std@@QAEXPAPAU?$DequeProbeRecord@$00@@@Z"",""?destroy@?$allocator@PAU?$DequeProbeRecord@$01@@@std@@QAEXPAPAU?$DequeProbeRecord@$01@@@Z"",""?destroy@?$allocator@PAU?$DequeProbeRecord@$03@@@std@@QAEXPAPAU?$DequeProbeRecord@$03@@@Z"",""?destroy@?$allocator@PAU?$DequeProbeRecord@$07@@@std@@QAEXPAPAU?$DequeProbeRecord@$07@@@Z"",""?destroy@?$allocator@PAU?$DequeProbeRecord@$0BA@@@@std@@QAEXPAPAU?$DequeProbeRecord@$0BA@@@@Z"",""?destroy@?$allocator@PAU?$DequeProbeRecord@$0CA@@@@std@@QAEXPAPAU?$DequeProbeRecord@$0CA@@@@Z"",""?destroy@?$allocator@PAU?$DequeProbeRecord@$0EA@@@@std@@QAEXPAPAU?$DequeProbeRecord@$0EA@@@@Z"",""?destroy@?$allocator@U?$DequeProbeRecord@$00@@@std@@QAEXPAU?$DequeProbeRecord@$00@@@Z"",""?destroy@?$allocator@U?$DequeProbeRecord@$01@@@std@@QAEXPAU?$DequeProbeRecord@$01@@@Z"",""?destroy@?$allocator@U?$DequeProbeRecord@$03@@@std@@QAEXPAU?$DequeProbeRecord@$03@@@Z"",""?destroy@?$allocator@U?$DequeProbeRecord@$07@@@std@@QAEXPAU?$DequeProbeRecord@$07@@@Z"",""?destroy@?$allocator@U?$DequeProbeRecord@$0BA@@@@std@@QAEXPAU?$DequeProbeRecord@$0BA@@@@Z"",""?destroy@?$allocator@U?$DequeProbeRecord@$0CA@@@@std@@QAEXPAU?$DequeProbeRecord@$0CA@@@@Z"",""?destroy@?$allocator@U?$DequeProbeRecord@$0EA@@@@std@@QAEXPAU?$DequeProbeRecord@$0EA@@@@Z""]",f15b6ab0bb8c123fee8171d5aa3537e37ca40958350e515dc8a11a0d87089971,5283eebab57eb59bbc7b3c91335432590a25964c36cb25f71d366d59fa590bcb,"[{""offset"":12,""type"":""REL32"",""symbol"":""??$_Destroy@PAU?$DequeProbeRecord@$00@@@std@@YAXPAPAU?$DequeProbeRecord@$00@@@Z"",""addend"":0,""target_address"":""0x0041FE50""}]",0,0x0041EB80,116,R074
0x0041F820,28,??0?$_Deque_map,??0?$_Deque_map@U?$DequeProbeRecord@$00@@V?$allocator@U?$DequeProbeRecord@$00@@@std@@@std@@IAE@V?$allocator@U?$DequeProbeRecord@$00@@@1@@Z,"[""??0?$_Deque_map@U?$DequeProbeRecord@$00@@V?$allocator@U?$DequeProbeRecord@$00@@@std@@@std@@IAE@V?$allocator@U?$DequeProbeRecord@$00@@@1@@Z"",""??0?$_Deque_map@U?$DequeProbeRecord@$01@@V?$allocator@U?$DequeProbeRecord@$01@@@std@@@std@@IAE@V?$allocator@U?$DequeProbeRecord@$01@@@1@@Z"",""??0?$_Deque_map@U?$DequeProbeRecord@$03@@V?$allocator@U?$DequeProbeRecord@$03@@@std@@@std@@IAE@V?$allocator@U?$DequeProbeRecord@$03@@@1@@Z"",""??0?$_Deque_map@U?$DequeProbeRecord@$07@@V?$allocator@U?$DequeProbeRecord@$07@@@std@@@std@@IAE@V?$allocator@U?$DequeProbeRecord@$07@@@1@@Z"",""??0?$_Deque_map@U?$DequeProbeRecord@$0BA@@@V?$allocator@U?$DequeProbeRecord@$0BA@@@@std@@@std@@IAE@V?$allocator@U?$DequeProbeRecord@$0BA@@@@1@@Z"",""??0?$_Deque_map@U?$DequeProbeRecord@$0CA@@@V?$allocator@U?$DequeProbeRecord@$0CA@@@@std@@@std@@IAE@V?$allocator@U?$DequeProbeRecord@$0CA@@@@1@@Z"",""??0?$_Deque_map@U?$DequeProbeRecord@$0EA@@@V?$allocator@U?$DequeProbeRecord@$0EA@@@@std@@@std@@IAE@V?$allocator@U?$DequeProbeRecord@$0EA@@@@1@@Z""]",5a5bc7571b31897ab7b4704700b6d6b4d822e8789a3d0fe9b04b456b4a95f896,4fadb6b82b3db03f65e6134481b877b0594a6d27a099a4a38234adfd1daf2b37,"[{""offset"":15,""type"":""REL32"",""symbol"":""??$?0U?$DequeProbeRecord@$00@@@?$allocator@PAU?$DequeProbeRecord@$00@@@std@@QAE@ABV?$allocator@U?$DequeProbeRecord@$00@@@1@@Z"",""addend"":0,""target_address"":""0x0041FE60""}]",0,0x0041F0A0,25,R074
0x0041F840,25,?destroy,?destroy@?$allocator@PAU?$DequeProbeRecord@$00@@@std@@QAEXPAPAU?$DequeProbeRecord@$00@@@Z,"[""?destroy@?$allocator@PAU?$DequeProbeRecord@$00@@@std@@QAEXPAPAU?$DequeProbeRecord@$00@@@Z"",""?destroy@?$allocator@PAU?$DequeProbeRecord@$01@@@std@@QAEXPAPAU?$DequeProbeRecord@$01@@@Z"",""?destroy@?$allocator@PAU?$DequeProbeRecord@$03@@@std@@QAEXPAPAU?$DequeProbeRecord@$03@@@Z"",""?destroy@?$allocator@PAU?$DequeProbeRecord@$07@@@std@@QAEXPAPAU?$DequeProbeRecord@$07@@@Z"",""?destroy@?$allocator@PAU?$DequeProbeRecord@$0BA@@@@std@@QAEXPAPAU?$DequeProbeRecord@$0BA@@@@Z"",""?destroy@?$allocator@PAU?$DequeProbeRecord@$0CA@@@@std@@QAEXPAPAU?$DequeProbeRecord@$0CA@@@@Z"",""?destroy@?$allocator@PAU?$DequeProbeRecord@$0EA@@@@std@@QAEXPAPAU?$DequeProbeRecord@$0EA@@@@Z"",""?destroy@?$allocator@U?$DequeProbeRecord@$00@@@std@@QAEXPAU?$DequeProbeRecord@$00@@@Z"",""?destroy@?$allocator@U?$DequeProbeRecord@$01@@@std@@QAEXPAU?$DequeProbeRecord@$01@@@Z"",""?destroy@?$allocator@U?$DequeProbeRecord@$03@@@std@@QAEXPAU?$DequeProbeRecord@$03@@@Z"",""?destroy@?$allocator@U?$DequeProbeRecord@$07@@@std@@QAEXPAU?$DequeProbeRecord@$07@@@Z"",""?destroy@?$allocator@U?$DequeProbeRecord@$0BA@@@@std@@QAEXPAU?$DequeProbeRecord@$0BA@@@@Z"",""?destroy@?$allocator@U?$DequeProbeRecord@$0CA@@@@std@@QAEXPAU?$DequeProbeRecord@$0CA@@@@Z"",""?destroy@?$allocator@U?$DequeProbeRecord@$0EA@@@@std@@QAEXPAU?$DequeProbeRecord@$0EA@@@@Z""]",f15b6ab0bb8c123fee8171d5aa3537e37ca40958350e515dc8a11a0d87089971,2a58c8d70d2bcc1375a402a4e270690fd588ecf822fafc73e2c4770778330094,"[{""offset"":12,""type"":""REL32"",""symbol"":""??$_Destroy@PAU?$DequeProbeRecord@$00@@@std@@YAXPAPAU?$DequeProbeRecord@$00@@@Z"",""addend"":0,""target_address"":""0x0041FE70""}]",0,0x0041F190,79,R074
0x0041F890,25,?destroy,?destroy@?$allocator@PAU?$DequeProbeRecord@$00@@@std@@QAEXPAPAU?$DequeProbeRecord@$00@@@Z,"[""?destroy@?$allocator@PAU?$DequeProbeRecord@$00@@@std@@QAEXPAPAU?$DequeProbeRecord@$00@@@Z"",""?destroy@?$allocator@PAU?$DequeProbeRecord@$01@@@std@@QAEXPAPAU?$DequeProbeRecord@$01@@@Z"",""?destroy@?$allocator@PAU?$DequeProbeRecord@$03@@@std@@QAEXPAPAU?$DequeProbeRecord@$03@@@Z"",""?destroy@?$allocator@PAU?$DequeProbeRecord@$07@@@std@@QAEXPAPAU?$DequeProbeRecord@$07@@@Z"",""?destroy@?$allocator@PAU?$DequeProbeRecord@$0BA@@@@std@@QAEXPAPAU?$DequeProbeRecord@$0BA@@@@Z"",""?destroy@?$allocator@PAU?$DequeProbeRecord@$0CA@@@@std@@QAEXPAPAU?$DequeProbeRecord@$0CA@@@@Z"",""?destroy@?$allocator@PAU?$DequeProbeRecord@$0EA@@@@std@@QAEXPAPAU?$DequeProbeRecord@$0EA@@@@Z"",""?destroy@?$allocator@U?$DequeProbeRecord@$00@@@std@@QAEXPAU?$DequeProbeRecord@$00@@@Z"",""?destroy@?$allocator@U?$DequeProbeRecord@$01@@@std@@QAEXPAU?$DequeProbeRecord@$01@@@Z"",""?destroy@?$allocator@U?$DequeProbeRecord@$03@@@std@@QAEXPAU?$DequeProbeRecord@$03@@@Z"",""?destroy@?$allocator@U?$DequeProbeRecord@$07@@@std@@QAEXPAU?$DequeProbeRecord@$07@@@Z"",""?destroy@?$allocator@U?$DequeProbeRecord@$0BA@@@@std@@QAEXPAU?$DequeProbeRecord@$0BA@@@@Z"",""?destroy@?$allocator@U?$DequeProbeRecord@$0CA@@@@std@@QAEXPAU?$DequeProbeRecord@$0CA@@@@Z"",""?destroy@?$allocator@U?$DequeProbeRecord@$0EA@@@@std@@QAEXPAU?$DequeProbeRecord@$0EA@@@@Z""]",f15b6ab0bb8c123fee8171d5aa3537e37ca40958350e515dc8a11a0d87089971,80f162caa11cb9eebbd7beea8db2a18b7ff621711ddbbb7e6d6b3848f39ea51b,"[{""offset"":12,""type"":""REL32"",""symbol"":""??$_Destroy@PAU?$DequeProbeRecord@$00@@@std@@YAXPAPAU?$DequeProbeRecord@$00@@@Z"",""addend"":0,""target_address"":""0x0041FE80""}]",0,0x0041F400,79,R074
0x0041FFB0,25,??$_Uninit_fill_n,??$_Uninit_fill_n@PAU?$DequeProbeRecord@$00@@IPAU1@@std@@YAXPAPAU?$DequeProbeRecord@$00@@IABQAU1@AAV?$allocator@PAU?$DequeProbeRecord@$00@@@0@U_Scalar_ptr_iterator_tag@0@@Z,"[""??$_Uninit_fill_n@PAU?$DequeProbeRecord@$00@@IPAU1@@std@@YAXPAPAU?$DequeProbeRecord@$00@@IABQAU1@AAV?$allocator@PAU?$DequeProbeRecord@$00@@@0@U_Scalar_ptr_iterator_tag@0@@Z"",""??$_Uninit_fill_n@PAU?$DequeProbeRecord@$01@@IPAU1@@std@@YAXPAPAU?$DequeProbeRecord@$01@@IABQAU1@AAV?$allocator@PAU?$DequeProbeRecord@$01@@@0@U_Scalar_ptr_iterator_tag@0@@Z"",""??$_Uninit_fill_n@PAU?$DequeProbeRecord@$03@@IPAU1@@std@@YAXPAPAU?$DequeProbeRecord@$03@@IABQAU1@AAV?$allocator@PAU?$DequeProbeRecord@$03@@@0@U_Scalar_ptr_iterator_tag@0@@Z"",""??$_Uninit_fill_n@PAU?$DequeProbeRecord@$07@@IPAU1@@std@@YAXPAPAU?$DequeProbeRecord@$07@@IABQAU1@AAV?$allocator@PAU?$DequeProbeRecord@$07@@@0@U_Scalar_ptr_iterator_tag@0@@Z"",""??$_Uninit_fill_n@PAU?$DequeProbeRecord@$0BA@@@IPAU1@@std@@YAXPAPAU?$DequeProbeRecord@$0BA@@@IABQAU1@AAV?$allocator@PAU?$DequeProbeRecord@$0BA@@@@0@U_Scalar_ptr_iterator_tag@0@@Z"",""??$_Uninit_fill_n@PAU?$DequeProbeRecord@$0CA@@@IPAU1@@std@@YAXPAPAU?$DequeProbeRecord@$0CA@@@IABQAU1@AAV?$allocator@PAU?$DequeProbeRecord@$0CA@@@@0@U_Scalar_ptr_iterator_tag@0@@Z"",""??$_Uninit_fill_n@PAU?$DequeProbeRecord@$0EA@@@IPAU1@@std@@YAXPAPAU?$DequeProbeRecord@$0EA@@@IABQAU1@AAV?$allocator@PAU?$DequeProbeRecord@$0EA@@@@0@U_Scalar_ptr_iterator_tag@0@@Z""]",62ebf47293d861ba6638462ba31f6f3ef8842ad965e70d1b1c186904d054fdee,004ce365288cdfe68c9c6ec7bc78e593b689d36b3954806b8c3397e0477094fa,"[{""offset"":16,""type"":""REL32"",""symbol"":""??$fill_n@PAPAU?$DequeProbeRecord@$00@@IPAU1@@std@@YAXPAPAU?$DequeProbeRecord@$00@@IABQAU1@@Z"",""addend"":0,""target_address"":""0x004201E0""}]",0,0x0041FAE0,44,R074
0x00420100,25,??$_Uninit_fill_n,??$_Uninit_fill_n@PAU?$DequeProbeRecord@$00@@IPAU1@@std@@YAXPAPAU?$DequeProbeRecord@$00@@IABQAU1@AAV?$allocator@PAU?$DequeProbeRecord@$00@@@0@U_Scalar_ptr_iterator_tag@0@@Z,"[""??$_Uninit_fill_n@PAU?$DequeProbeRecord@$00@@IPAU1@@std@@YAXPAPAU?$DequeProbeRecord@$00@@IABQAU1@AAV?$allocator@PAU?$DequeProbeRecord@$00@@@0@U_Scalar_ptr_iterator_tag@0@@Z"",""??$_Uninit_fill_n@PAU?$DequeProbeRecord@$01@@IPAU1@@std@@YAXPAPAU?$DequeProbeRecord@$01@@IABQAU1@AAV?$allocator@PAU?$DequeProbeRecord@$01@@@0@U_Scalar_ptr_iterator_tag@0@@Z"",""??$_Uninit_fill_n@PAU?$DequeProbeRecord@$03@@IPAU1@@std@@YAXPAPAU?$DequeProbeRecord@$03@@IABQAU1@AAV?$allocator@PAU?$DequeProbeRecord@$03@@@0@U_Scalar_ptr_iterator_tag@0@@Z"",""??$_Uninit_fill_n@PAU?$DequeProbeRecord@$07@@IPAU1@@std@@YAXPAPAU?$DequeProbeRecord@$07@@IABQAU1@AAV?$allocator@PAU?$DequeProbeRecord@$07@@@0@U_Scalar_ptr_iterator_tag@0@@Z"",""??$_Uninit_fill_n@PAU?$DequeProbeRecord@$0BA@@@IPAU1@@std@@YAXPAPAU?$DequeProbeRecord@$0BA@@@IABQAU1@AAV?$allocator@PAU?$DequeProbeRecord@$0BA@@@@0@U_Scalar_ptr_iterator_tag@0@@Z"",""??$_Uninit_fill_n@PAU?$DequeProbeRecord@$0CA@@@IPAU1@@std@@YAXPAPAU?$DequeProbeRecord@$0CA@@@IABQAU1@AAV?$allocator@PAU?$DequeProbeRecord@$0CA@@@@0@U_Scalar_ptr_iterator_tag@0@@Z"",""??$_Uninit_fill_n@PAU?$DequeProbeRecord@$0EA@@@IPAU1@@std@@YAXPAPAU?$DequeProbeRecord@$0EA@@@IABQAU1@AAV?$allocator@PAU?$DequeProbeRecord@$0EA@@@@0@U_Scalar_ptr_iterator_tag@0@@Z""]",62ebf47293d861ba6638462ba31f6f3ef8842ad965e70d1b1c186904d054fdee,7d5d2d0b43deddf2180d9cfbb813de8b5dabcd0835050ad5475f2b8aa8b33dc5,"[{""offset"":16,""type"":""REL32"",""symbol"":""??$fill_n@PAPAU?$DequeProbeRecord@$00@@IPAU1@@std@@YAXPAPAU?$DequeProbeRecord@$00@@IABQAU1@@Z"",""addend"":0,""target_address"":""0x00420210""}]",0,0x0041FCA0,44,R074
0x004202E0,28,??0?$_Deque_map,??0?$_Deque_map@U?$DequeProbeRecord@$00@@V?$allocator@U?$DequeProbeRecord@$00@@@std@@@std@@IAE@V?$allocator@U?$DequeProbeRecord@$00@@@1@@Z,"[""??0?$_Deque_map@U?$DequeProbeRecord@$00@@V?$allocator@U?$DequeProbeRecord@$00@@@std@@@std@@IAE@V?$allocator@U?$DequeProbeRecord@$00@@@1@@Z"",""??0?$_Deque_map@U?$DequeProbeRecord@$01@@V?$allocator@U?$DequeProbeRecord@$01@@@std@@@std@@IAE@V?$allocator@U?$DequeProbeRecord@$01@@@1@@Z"",""??0?$_Deque_map@U?$DequeProbeRecord@$03@@V?$allocator@U?$DequeProbeRecord@$03@@@std@@@std@@IAE@V?$allocator@U?$DequeProbeRecord@$03@@@1@@Z"",""??0?$_Deque_map@U?$DequeProbeRecord@$07@@V?$allocator@U?$DequeProbeRecord@$07@@@std@@@std@@IAE@V?$allocator@U?$DequeProbeRecord@$07@@@1@@Z"",""??0?$_Deque_map@U?$DequeProbeRecord@$0BA@@@V?$allocator@U?$DequeProbeRecord@$0BA@@@@std@@@std@@IAE@V?$allocator@U?$DequeProbeRecord@$0BA@@@@1@@Z"",""??0?$_Deque_map@U?$DequeProbeRecord@$0CA@@@V?$allocator@U?$DequeProbeRecord@$0CA@@@@std@@@std@@IAE@V?$allocator@U?$DequeProbeRecord@$0CA@@@@1@@Z"",""??0?$_Deque_map@U?$DequeProbeRecord@$0EA@@@V?$allocator@U?$DequeProbeRecord@$0EA@@@@std@@@std@@IAE@V?$allocator@U?$DequeProbeRecord@$0EA@@@@1@@Z""]",5a5bc7571b31897ab7b4704700b6d6b4d822e8789a3d0fe9b04b456b4a95f896,387c4b2b8d5cc2c2b2a8df477ae93a6f764076a3a7fa9ecec193bb42cb949176,"[{""offset"":15,""type"":""REL32"",""symbol"":""??$?0U?$DequeProbeRecord@$00@@@?$allocator@PAU?$DequeProbeRecord@$00@@@std@@QAE@ABV?$allocator@U?$DequeProbeRecord@$00@@@1@@Z"",""addend"":0,""target_address"":""0x00420310""}]",0,0x00420290,25,R074
0x004203C0,28,??0?$_Deque_map,??0?$_Deque_map@U?$DequeProbeRecord@$00@@V?$allocator@U?$DequeProbeRecord@$00@@@std@@@std@@IAE@V?$allocator@U?$DequeProbeRecord@$00@@@1@@Z,"[""??0?$_Deque_map@U?$DequeProbeRecord@$00@@V?$allocator@U?$DequeProbeRecord@$00@@@std@@@std@@IAE@V?$allocator@U?$DequeProbeRecord@$00@@@1@@Z"",""??0?$_Deque_map@U?$DequeProbeRecord@$01@@V?$allocator@U?$DequeProbeRecord@$01@@@std@@@std@@IAE@V?$allocator@U?$DequeProbeRecord@$01@@@1@@Z"",""??0?$_Deque_map@U?$DequeProbeRecord@$03@@V?$allocator@U?$DequeProbeRecord@$03@@@std@@@std@@IAE@V?$allocator@U?$DequeProbeRecord@$03@@@1@@Z"",""??0?$_Deque_map@U?$DequeProbeRecord@$07@@V?$allocator@U?$DequeProbeRecord@$07@@@std@@@std@@IAE@V?$allocator@U?$DequeProbeRecord@$07@@@1@@Z"",""??0?$_Deque_map@U?$DequeProbeRecord@$0BA@@@V?$allocator@U?$DequeProbeRecord@$0BA@@@@std@@@std@@IAE@V?$allocator@U?$DequeProbeRecord@$0BA@@@@1@@Z"",""??0?$_Deque_map@U?$DequeProbeRecord@$0CA@@@V?$allocator@U?$DequeProbeRecord@$0CA@@@@std@@@std@@IAE@V?$allocator@U?$DequeProbeRecord@$0CA@@@@1@@Z"",""??0?$_Deque_map@U?$DequeProbeRecord@$0EA@@@V?$allocator@U?$DequeProbeRecord@$0EA@@@@std@@@std@@IAE@V?$allocator@U?$DequeProbeRecord@$0EA@@@@1@@Z""]",5a5bc7571b31897ab7b4704700b6d6b4d822e8789a3d0fe9b04b456b4a95f896,387c4b2b8d5cc2c2b2a8df477ae93a6f764076a3a7fa9ecec193bb42cb949176,"[{""offset"":15,""type"":""REL32"",""symbol"":""??$?0U?$DequeProbeRecord@$00@@@?$allocator@PAU?$DequeProbeRecord@$00@@@std@@QAE@ABV?$allocator@U?$DequeProbeRecord@$00@@@1@@Z"",""addend"":0,""target_address"":""0x004203F0""}]",0,0x00420370,25,R074
0x00421AD0,27,?allocate,?allocate@?$allocator@PAU?$DequeProbeRecord@$00@@@std@@QAEPAPAU?$DequeProbeRecord@$00@@I@Z,"[""?allocate@?$allocator@PAU?$DequeProbeRecord@$00@@@std@@QAEPAPAU?$DequeProbeRecord@$00@@I@Z"",""?allocate@?$allocator@PAU?$DequeProbeRecord@$01@@@std@@QAEPAPAU?$DequeProbeRecord@$01@@I@Z"",""?allocate@?$allocator@PAU?$DequeProbeRecord@$03@@@std@@QAEPAPAU?$DequeProbeRecord@$03@@I@Z"",""?allocate@?$allocator@PAU?$DequeProbeRecord@$07@@@std@@QAEPAPAU?$DequeProbeRecord@$07@@I@Z"",""?allocate@?$allocator@PAU?$DequeProbeRecord@$0BA@@@@std@@QAEPAPAU?$DequeProbeRecord@$0BA@@@I@Z"",""?allocate@?$allocator@PAU?$DequeProbeRecord@$0CA@@@@std@@QAEPAPAU?$DequeProbeRecord@$0CA@@@I@Z"",""?allocate@?$allocator@PAU?$DequeProbeRecord@$0EA@@@@std@@QAEPAPAU?$DequeProbeRecord@$0EA@@@I@Z"",""?allocate@?$allocator@U?$DequeProbeRecord@$00@@@std@@QAEPAU?$DequeProbeRecord@$00@@I@Z"",""?allocate@?$allocator@U?$DequeProbeRecord@$01@@@std@@QAEPAU?$DequeProbeRecord@$01@@I@Z"",""?allocate@?$allocator@U?$DequeProbeRecord@$03@@@std@@QAEPAU?$DequeProbeRecord@$03@@I@Z"",""?allocate@?$allocator@U?$DequeProbeRecord@$07@@@std@@QAEPAU?$DequeProbeRecord@$07@@I@Z"",""?allocate@?$allocator@U?$DequeProbeRecord@$0BA@@@@std@@QAEPAU?$DequeProbeRecord@$0BA@@@I@Z"",""?allocate@?$allocator@U?$DequeProbeRecord@$0CA@@@@std@@QAEPAU?$DequeProbeRecord@$0CA@@@I@Z"",""?allocate@?$allocator@U?$DequeProbeRecord@$0EA@@@@std@@QAEPAU?$DequeProbeRecord@$0EA@@@I@Z""]",76fb3dabc7b7eea5850822eba2d953b3b8e0320e33383773c37a3afd919292f3,fe46be7b855d39eeb5849ce7e99b99039240e1a53eca013ac92fb56435de5b96,"[{""offset"":14,""type"":""REL32"",""symbol"":""??$_Allocate@PAU?$DequeProbeRecord@$00@@@std@@YAPAPAU?$DequeProbeRecord@$00@@IPAPAU1@@Z"",""addend"":0,""target_address"":""0x00422780""}]",0,0x004213E0,134,R074
0x00421AF0,29,?construct,?construct@?$allocator@U?$DequeProbeRecord@$00@@@std@@QAEXPAU?$DequeProbeRecord@$00@@ABU3@@Z,"[""?construct@?$allocator@U?$DequeProbeRecord@$00@@@std@@QAEXPAU?$DequeProbeRecord@$00@@ABU3@@Z"",""?construct@?$allocator@U?$DequeProbeRecord@$01@@@std@@QAEXPAU?$DequeProbeRecord@$01@@ABU3@@Z"",""?construct@?$allocator@U?$DequeProbeRecord@$03@@@std@@QAEXPAU?$DequeProbeRecord@$03@@ABU3@@Z"",""?construct@?$allocator@U?$DequeProbeRecord@$07@@@std@@QAEXPAU?$DequeProbeRecord@$07@@ABU3@@Z"",""?construct@?$allocator@U?$DequeProbeRecord@$0BA@@@@std@@QAEXPAU?$DequeProbeRecord@$0BA@@@ABU3@@Z"",""?construct@?$allocator@U?$DequeProbeRecord@$0CA@@@@std@@QAEXPAU?$DequeProbeRecord@$0CA@@@ABU3@@Z"",""?construct@?$allocator@U?$DequeProbeRecord@$0EA@@@@std@@QAEXPAU?$DequeProbeRecord@$0EA@@@ABU3@@Z""]",7c6d9fb49bf679d9ce24e0ea5fcdcc441c4a612bbc57f5c6c01fdb7e501bdce0,2ee3c7b3143406d9e91b0bbac1874a3a2f7026382c00b19e14d6b0820742a4f3,"[{""offset"":16,""type"":""REL32"",""symbol"":""??$_Construct@U?$DequeProbeRecord@$00@@U1@@std@@YAXPAU?$DequeProbeRecord@$00@@ABU1@@Z"",""addend"":0,""target_address"":""0x004227A0""}]",0,0x004213E0,189,R074
0x00422060,22,?max_size,?max_size@?$deque@U?$DequeProbeRecord@$00@@V?$allocator@U?$DequeProbeRecord@$00@@@std@@@std@@QBEIXZ,"[""?max_size@?$deque@U?$DequeProbeRecord@$00@@V?$allocator@U?$DequeProbeRecord@$00@@@std@@@std@@QBEIXZ"",""?max_size@?$deque@U?$DequeProbeRecord@$01@@V?$allocator@U?$DequeProbeRecord@$01@@@std@@@std@@QBEIXZ"",""?max_size@?$deque@U?$DequeProbeRecord@$03@@V?$allocator@U?$DequeProbeRecord@$03@@@std@@@std@@QBEIXZ"",""?max_size@?$deque@U?$DequeProbeRecord@$07@@V?$allocator@U?$DequeProbeRecord@$07@@@std@@@std@@QBEIXZ"",""?max_size@?$deque@U?$DequeProbeRecord@$0BA@@@V?$allocator@U?$DequeProbeRecord@$0BA@@@@std@@@std@@QBEIXZ"",""?max_size@?$deque@U?$DequeProbeRecord@$0CA@@@V?$allocator@U?$DequeProbeRecord@$0CA@@@@std@@@std@@QBEIXZ"",""?max_size@?$deque@U?$DequeProbeRecord@$0EA@@@V?$allocator@U?$DequeProbeRecord@$0EA@@@@std@@@std@@QBEIXZ""]",036ac8295c572d4c8b872d83a60757d79e408d2f452ee1bad9de69a885252f44,de4b400ef315f7626953c65e29f079bf86057ae65475460a7b71c7fbe8749726,"[{""offset"":14,""type"":""REL32"",""symbol"":""?max_size@?$allocator@U?$DequeProbeRecord@$00@@@std@@QBEIXZ"",""addend"":0,""target_address"":""0x004225E0""}]",0,0x004217B0,13,R074
0x004221A0,28,??0?$_Deque_map,??0?$_Deque_map@U?$DequeProbeRecord@$00@@V?$allocator@U?$DequeProbeRecord@$00@@@std@@@std@@IAE@V?$allocator@U?$DequeProbeRecord@$00@@@1@@Z,"[""??0?$_Deque_map@U?$DequeProbeRecord@$00@@V?$allocator@U?$DequeProbeRecord@$00@@@std@@@std@@IAE@V?$allocator@U?$DequeProbeRecord@$00@@@1@@Z"",""??0?$_Deque_map@U?$DequeProbeRecord@$01@@V?$allocator@U?$DequeProbeRecord@$01@@@std@@@std@@IAE@V?$allocator@U?$DequeProbeRecord@$01@@@1@@Z"",""??0?$_Deque_map@U?$DequeProbeRecord@$03@@V?$allocator@U?$DequeProbeRecord@$03@@@std@@@std@@IAE@V?$allocator@U?$DequeProbeRecord@$03@@@1@@Z"",""??0?$_Deque_map@U?$DequeProbeRecord@$07@@V?$allocator@U?$DequeProbeRecord@$07@@@std@@@std@@IAE@V?$allocator@U?$DequeProbeRecord@$07@@@1@@Z"",""??0?$_Deque_map@U?$DequeProbeRecord@$0BA@@@V?$allocator@U?$DequeProbeRecord@$0BA@@@@std@@@std@@IAE@V?$allocator@U?$DequeProbeRecord@$0BA@@@@1@@Z"",""??0?$_Deque_map@U?$DequeProbeRecord@$0CA@@@V?$allocator@U?$DequeProbeRecord@$0CA@@@@std@@@std@@IAE@V?$allocator@U?$DequeProbeRecord@$0CA@@@@1@@Z"",""??0?$_Deque_map@U?$DequeProbeRecord@$0EA@@@V?$allocator@U?$DequeProbeRecord@$0EA@@@@std@@@std@@IAE@V?$allocator@U?$DequeProbeRecord@$0EA@@@@1@@Z""]",5a5bc7571b31897ab7b4704700b6d6b4d822e8789a3d0fe9b04b456b4a95f896,e4e42f7684ca1ba20c9cf2b545aa306d86eecf84bc0f817cf905ca4a3e7bbfe8,"[{""offset"":15,""type"":""REL32"",""symbol"":""??$?0U?$DequeProbeRecord@$00@@@?$allocator@PAU?$DequeProbeRecord@$00@@@std@@QAE@ABV?$allocator@U?$DequeProbeRecord@$00@@@1@@Z"",""addend"":0,""target_address"":""0x00422930""}]",0,0x00421A80,25,R074
0x004221D0,25,?deallocate,?deallocate@?$allocator@PAU?$DequeProbeRecord@$00@@@std@@QAEXPAPAU?$DequeProbeRecord@$00@@I@Z,"[""?deallocate@?$allocator@PAU?$DequeProbeRecord@$00@@@std@@QAEXPAPAU?$DequeProbeRecord@$00@@I@Z"",""?deallocate@?$allocator@PAU?$DequeProbeRecord@$01@@@std@@QAEXPAPAU?$DequeProbeRecord@$01@@I@Z"",""?deallocate@?$allocator@PAU?$DequeProbeRecord@$03@@@std@@QAEXPAPAU?$DequeProbeRecord@$03@@I@Z"",""?deallocate@?$allocator@PAU?$DequeProbeRecord@$07@@@std@@QAEXPAPAU?$DequeProbeRecord@$07@@I@Z"",""?deallocate@?$allocator@PAU?$DequeProbeRecord@$0BA@@@@std@@QAEXPAPAU?$DequeProbeRecord@$0BA@@@I@Z"",""?deallocate@?$allocator@PAU?$DequeProbeRecord@$0CA@@@@std@@QAEXPAPAU?$DequeProbeRecord@$0CA@@@I@Z"",""?deallocate@?$allocator@PAU?$DequeProbeRecord@$0EA@@@@std@@QAEXPAPAU?$DequeProbeRecord@$0EA@@@I@Z"",""?deallocate@?$allocator@U?$DequeProbeRecord@$00@@@std@@QAEXPAU?$DequeProbeRecord@$00@@I@Z"",""?deallocate@?$allocator@U?$DequeProbeRecord@$01@@@std@@QAEXPAU?$DequeProbeRecord@$01@@I@Z"",""?deallocate@?$allocator@U?$DequeProbeRecord@$03@@@std@@QAEXPAU?$DequeProbeRecord@$03@@I@Z"",""?deallocate@?$allocator@U?$DequeProbeRecord@$07@@@std@@QAEXPAU?$DequeProbeRecord@$07@@I@Z"",""?deallocate@?$allocator@U?$DequeProbeRecord@$0BA@@@@std@@QAEXPAU?$DequeProbeRecord@$0BA@@@I@Z"",""?deallocate@?$allocator@U?$DequeProbeRecord@$0CA@@@@std@@QAEXPAU?$DequeProbeRecord@$0CA@@@I@Z"",""?deallocate@?$allocator@U?$DequeProbeRecord@$0EA@@@@std@@QAEXPAU?$DequeProbeRecord@$0EA@@@I@Z""]",98d8393a76ac9fbc41250c6069af9c5f734d1f3529f958ca7e72be42b1585abc,852767aea5cd54886dbe793fcb1793f119dd5928875f6b4a3fd4eaa02dca92e2,"[{""offset"":12,""type"":""REL32"",""symbol"":""??3@YAXPAX@Z"",""addend"":0,""target_address"":""0x00640F15""}]",0,0x004219C0,95,R074
0x004221F0,25,?deallocate,?deallocate@?$allocator@PAU?$DequeProbeRecord@$00@@@std@@QAEXPAPAU?$DequeProbeRecord@$00@@I@Z,"[""?deallocate@?$allocator@PAU?$DequeProbeRecord@$00@@@std@@QAEXPAPAU?$DequeProbeRecord@$00@@I@Z"",""?deallocate@?$allocator@PAU?$DequeProbeRecord@$01@@@std@@QAEXPAPAU?$DequeProbeRecord@$01@@I@Z"",""?deallocate@?$allocator@PAU?$DequeProbeRecord@$03@@@std@@QAEXPAPAU?$DequeProbeRecord@$03@@I@Z"",""?deallocate@?$allocator@PAU?$DequeProbeRecord@$07@@@std@@QAEXPAPAU?$DequeProbeRecord@$07@@I@Z"",""?deallocate@?$allocator@PAU?$DequeProbeRecord@$0BA@@@@std@@QAEXPAPAU?$DequeProbeRecord@$0BA@@@I@Z"",""?deallocate@?$allocator@PAU?$DequeProbeRecord@$0CA@@@@std@@QAEXPAPAU?$DequeProbeRecord@$0CA@@@I@Z"",""?deallocate@?$allocator@PAU?$DequeProbeRecord@$0EA@@@@std@@QAEXPAPAU?$DequeProbeRecord@$0EA@@@I@Z"",""?deallocate@?$allocator@U?$DequeProbeRecord@$00@@@std@@QAEXPAU?$DequeProbeRecord@$00@@I@Z"",""?deallocate@?$allocator@U?$DequeProbeRecord@$01@@@std@@QAEXPAU?$DequeProbeRecord@$01@@I@Z"",""?deallocate@?$allocator@U?$DequeProbeRecord@$03@@@std@@QAEXPAU?$DequeProbeRecord@$03@@I@Z"",""?deallocate@?$allocator@U?$DequeProbeRecord@$07@@@std@@QAEXPAU?$DequeProbeRecord@$07@@I@Z"",""?deallocate@?$allocator@U?$DequeProbeRecord@$0BA@@@@std@@QAEXPAU?$DequeProbeRecord@$0BA@@@I@Z"",""?deallocate@?$allocator@U?$DequeProbeRecord@$0CA@@@@std@@QAEXPAU?$DequeProbeRecord@$0CA@@@I@Z"",""?deallocate@?$allocator@U?$DequeProbeRecord@$0EA@@@@std@@QAEXPAU?$DequeProbeRecord@$0EA@@@I@Z""]",98d8393a76ac9fbc41250c6069af9c5f734d1f3529f958ca7e72be42b1585abc,77ae6f73b23730e9df54b2f76ba29e909b6b37fc2a343b1cdaa136550e9c73b6,"[{""offset"":12,""type"":""REL32"",""symbol"":""??3@YAXPAX@Z"",""addend"":0,""target_address"":""0x00640F15""}]",0,0x004217B0,483,R074
0x00422210,27,?allocate,?allocate@?$allocator@PAU?$DequeProbeRecord@$00@@@std@@QAEPAPAU?$DequeProbeRecord@$00@@I@Z,"[""?allocate@?$allocator@PAU?$DequeProbeRecord@$00@@@std@@QAEPAPAU?$DequeProbeRecord@$00@@I@Z"",""?allocate@?$allocator@PAU?$DequeProbeRecord@$01@@@std@@QAEPAPAU?$DequeProbeRecord@$01@@I@Z"",""?allocate@?$allocator@PAU?$DequeProbeRecord@$03@@@std@@QAEPAPAU?$DequeProbeRecord@$03@@I@Z"",""?allocate@?$allocator@PAU?$DequeProbeRecord@$07@@@std@@QAEPAPAU?$DequeProbeRecord@$07@@I@Z"",""?allocate@?$allocator@PAU?$DequeProbeRecord@$0BA@@@@std@@QAEPAPAU?$DequeProbeRecord@$0BA@@@I@Z"",""?allocate@?$allocator@PAU?$DequeProbeRecord@$0CA@@@@std@@QAEPAPAU?$DequeProbeRecord@$0CA@@@I@Z"",""?allocate@?$allocator@PAU?$DequeProbeRecord@$0EA@@@@std@@QAEPAPAU?$DequeProbeRecord@$0EA@@@I@Z"",""?allocate@?$allocator@U?$DequeProbeRecord@$00@@@std@@QAEPAU?$DequeProbeRecord@$00@@I@Z"",""?allocate@?$allocator@U?$DequeProbeRecord@$01@@@std@@QAEPAU?$DequeProbeRecord@$01@@I@Z"",""?allocate@?$allocator@U?$DequeProbeRecord@$03@@@std@@QAEPAU?$DequeProbeRecord@$03@@I@Z"",""?allocate@?$allocator@U?$DequeProbeRecord@$07@@@std@@QAEPAU?$DequeProbeRecord@$07@@I@Z"",""?allocate@?$allocator@U?$DequeProbeRecord@$0BA@@@@std@@QAEPAU?$DequeProbeRecord@$0BA@@@I@Z"",""?allocate@?$allocator@U?$DequeProbeRecord@$0CA@@@@std@@QAEPAU?$DequeProbeRecord@$0CA@@@I@Z"",""?allocate@?$allocator@U?$DequeProbeRecord@$0EA@@@@std@@QAEPAU?$DequeProbeRecord@$0EA@@@I@Z""]",76fb3dabc7b7eea5850822eba2d953b3b8e0320e33383773c37a3afd919292f3,44698078591e88d2cd716310c804755f129cdc2c8211de413a643d4530ea44fd,"[{""offset"":14,""type"":""REL32"",""symbol"":""??$_Allocate@PAU?$DequeProbeRecord@$00@@@std@@YAPAPAU?$DequeProbeRecord@$00@@IPAPAU1@@Z"",""addend"":0,""target_address"":""0x00422940""}]",0,0x004217B0,122,R074
0x00422230,25,?destroy,?destroy@?$allocator@PAU?$DequeProbeRecord@$00@@@std@@QAEXPAPAU?$DequeProbeRecord@$00@@@Z,"[""?destroy@?$allocator@PAU?$DequeProbeRecord@$00@@@std@@QAEXPAPAU?$DequeProbeRecord@$00@@@Z"",""?destroy@?$allocator@PAU?$DequeProbeRecord@$01@@@std@@QAEXPAPAU?$DequeProbeRecord@$01@@@Z"",""?destroy@?$allocator@PAU?$DequeProbeRecord@$03@@@std@@QAEXPAPAU?$DequeProbeRecord@$03@@@Z"",""?destroy@?$allocator@PAU?$DequeProbeRecord@$07@@@std@@QAEXPAPAU?$DequeProbeRecord@$07@@@Z"",""?destroy@?$allocator@PAU?$DequeProbeRecord@$0BA@@@@std@@QAEXPAPAU?$DequeProbeRecord@$0BA@@@@Z"",""?destroy@?$allocator@PAU?$DequeProbeRecord@$0CA@@@@std@@QAEXPAPAU?$DequeProbeRecord@$0CA@@@@Z"",""?destroy@?$allocator@PAU?$DequeProbeRecord@$0EA@@@@std@@QAEXPAPAU?$DequeProbeRecord@$0EA@@@@Z"",""?destroy@?$allocator@U?$DequeProbeRecord@$00@@@std@@QAEXPAU?$DequeProbeRecord@$00@@@Z"",""?destroy@?$allocator@U?$DequeProbeRecord@$01@@@std@@QAEXPAU?$DequeProbeRecord@$01@@@Z"",""?destroy@?$allocator@U?$DequeProbeRecord@$03@@@std@@QAEXPAU?$DequeProbeRecord@$03@@@Z"",""?destroy@?$allocator@U?$DequeProbeRecord@$07@@@std@@QAEXPAU?$DequeProbeRecord@$07@@@Z"",""?destroy@?$allocator@U?$DequeProbeRecord@$0BA@@@@std@@QAEXPAU?$DequeProbeRecord@$0BA@@@@Z"",""?destroy@?$allocator@U?$DequeProbeRecord@$0CA@@@@std@@QAEXPAU?$DequeProbeRecord@$0CA@@@@Z"",""?destroy@?$allocator@U?$DequeProbeRecord@$0EA@@@@std@@QAEXPAU?$DequeProbeRecord@$0EA@@@@Z""]",f15b6ab0bb8c123fee8171d5aa3537e37ca40958350e515dc8a11a0d87089971,1380ff1f7a4604dae34805c35f9436eb3dba6c600a43ec52666428d5b63aa317,"[{""offset"":12,""type"":""REL32"",""symbol"":""??$_Destroy@PAU?$DequeProbeRecord@$00@@@std@@YAXPAPAU?$DequeProbeRecord@$00@@@Z"",""addend"":0,""target_address"":""0x00422960""}]",0,0x004219C0,116,R074
0x00422250,22,?max_size,?max_size@?$deque@U?$DequeProbeRecord@$00@@V?$allocator@U?$DequeProbeRecord@$00@@@std@@@std@@QBEIXZ,"[""?max_size@?$deque@U?$DequeProbeRecord@$00@@V?$allocator@U?$DequeProbeRecord@$00@@@std@@@std@@QBEIXZ"",""?max_size@?$deque@U?$DequeProbeRecord@$01@@V?$allocator@U?$DequeProbeRecord@$01@@@std@@@std@@QBEIXZ"",""?max_size@?$deque@U?$DequeProbeRecord@$03@@V?$allocator@U?$DequeProbeRecord@$03@@@std@@@std@@QBEIXZ"",""?max_size@?$deque@U?$DequeProbeRecord@$07@@V?$allocator@U?$DequeProbeRecord@$07@@@std@@@std@@QBEIXZ"",""?max_size@?$deque@U?$DequeProbeRecord@$0BA@@@V?$allocator@U?$DequeProbeRecord@$0BA@@@@std@@@std@@QBEIXZ"",""?max_size@?$deque@U?$DequeProbeRecord@$0CA@@@V?$allocator@U?$DequeProbeRecord@$0CA@@@@std@@@std@@QBEIXZ"",""?max_size@?$deque@U?$DequeProbeRecord@$0EA@@@V?$allocator@U?$DequeProbeRecord@$0EA@@@@std@@@std@@QBEIXZ""]",036ac8295c572d4c8b872d83a60757d79e408d2f452ee1bad9de69a885252f44,9f14752b9f3783f3020eda797d38c5b6517d372b1e8a6017671acb59e4d2c62a,"[{""offset"":14,""type"":""REL32"",""symbol"":""?max_size@?$allocator@U?$DequeProbeRecord@$00@@@std@@QBEIXZ"",""addend"":0,""target_address"":""0x00422630""}]",0,0x00421BD0,13,R074
0x00422390,28,??0?$_Deque_map,??0?$_Deque_map@U?$DequeProbeRecord@$00@@V?$allocator@U?$DequeProbeRecord@$00@@@std@@@std@@IAE@V?$allocator@U?$DequeProbeRecord@$00@@@1@@Z,"[""??0?$_Deque_map@U?$DequeProbeRecord@$00@@V?$allocator@U?$DequeProbeRecord@$00@@@std@@@std@@IAE@V?$allocator@U?$DequeProbeRecord@$00@@@1@@Z"",""??0?$_Deque_map@U?$DequeProbeRecord@$01@@V?$allocator@U?$DequeProbeRecord@$01@@@std@@@std@@IAE@V?$allocator@U?$DequeProbeRecord@$01@@@1@@Z"",""??0?$_Deque_map@U?$DequeProbeRecord@$03@@V?$allocator@U?$DequeProbeRecord@$03@@@std@@@std@@IAE@V?$allocator@U?$DequeProbeRecord@$03@@@1@@Z"",""??0?$_Deque_map@U?$DequeProbeRecord@$07@@V?$allocator@U?$DequeProbeRecord@$07@@@std@@@std@@IAE@V?$allocator@U?$DequeProbeRecord@$07@@@1@@Z"",""??0?$_Deque_map@U?$DequeProbeRecord@$0BA@@@V?$allocator@U?$DequeProbeRecord@$0BA@@@@std@@@std@@IAE@V?$allocator@U?$DequeProbeRecord@$0BA@@@@1@@Z"",""??0?$_Deque_map@U?$DequeProbeRecord@$0CA@@@V?$allocator@U?$DequeProbeRecord@$0CA@@@@std@@@std@@IAE@V?$allocator@U?$DequeProbeRecord@$0CA@@@@1@@Z"",""??0?$_Deque_map@U?$DequeProbeRecord@$0EA@@@V?$allocator@U?$DequeProbeRecord@$0EA@@@@std@@@std@@IAE@V?$allocator@U?$DequeProbeRecord@$0EA@@@@1@@Z""]",5a5bc7571b31897ab7b4704700b6d6b4d822e8789a3d0fe9b04b456b4a95f896,22a5cc1bc6ffb176d6480f269eccda1352a8078effdcc188261d6fbfca42385a,"[{""offset"":15,""type"":""REL32"",""symbol"":""??$?0U?$DequeProbeRecord@$00@@@?$allocator@PAU?$DequeProbeRecord@$00@@@std@@QAE@ABV?$allocator@U?$DequeProbeRecord@$00@@@1@@Z"",""addend"":0,""target_address"":""0x00422970""}]",0,0x00421E90,25,R074
0x004223C0,25,?deallocate,?deallocate@?$allocator@PAU?$DequeProbeRecord@$00@@@std@@QAEXPAPAU?$DequeProbeRecord@$00@@I@Z,"[""?deallocate@?$allocator@PAU?$DequeProbeRecord@$00@@@std@@QAEXPAPAU?$DequeProbeRecord@$00@@I@Z"",""?deallocate@?$allocator@PAU?$DequeProbeRecord@$01@@@std@@QAEXPAPAU?$DequeProbeRecord@$01@@I@Z"",""?deallocate@?$allocator@PAU?$DequeProbeRecord@$03@@@std@@QAEXPAPAU?$DequeProbeRecord@$03@@I@Z"",""?deallocate@?$allocator@PAU?$DequeProbeRecord@$07@@@std@@QAEXPAPAU?$DequeProbeRecord@$07@@I@Z"",""?deallocate@?$allocator@PAU?$DequeProbeRecord@$0BA@@@@std@@QAEXPAPAU?$DequeProbeRecord@$0BA@@@I@Z"",""?deallocate@?$allocator@PAU?$DequeProbeRecord@$0CA@@@@std@@QAEXPAPAU?$DequeProbeRecord@$0CA@@@I@Z"",""?deallocate@?$allocator@PAU?$DequeProbeRecord@$0EA@@@@std@@QAEXPAPAU?$DequeProbeRecord@$0EA@@@I@Z"",""?deallocate@?$allocator@U?$DequeProbeRecord@$00@@@std@@QAEXPAU?$DequeProbeRecord@$00@@I@Z"",""?deallocate@?$allocator@U?$DequeProbeRecord@$01@@@std@@QAEXPAU?$DequeProbeRecord@$01@@I@Z"",""?deallocate@?$allocator@U?$DequeProbeRecord@$03@@@std@@QAEXPAU?$DequeProbeRecord@$03@@I@Z"",""?deallocate@?$allocator@U?$DequeProbeRecord@$07@@@std@@QAEXPAU?$DequeProbeRecord@$07@@I@Z"",""?deallocate@?$allocator@U?$DequeProbeRecord@$0BA@@@@std@@QAEXPAU?$DequeProbeRecord@$0BA@@@I@Z"",""?deallocate@?$allocator@U?$DequeProbeRecord@$0CA@@@@std@@QAEXPAU?$DequeProbeRecord@$0CA@@@I@Z"",""?deallocate@?$allocator@U?$DequeProbeRecord@$0EA@@@@std@@QAEXPAU?$DequeProbeRecord@$0EA@@@I@Z""]",98d8393a76ac9fbc41250c6069af9c5f734d1f3529f958ca7e72be42b1585abc,6fbe48b6b04cefd68094b68435e70fc8a64615910c802596e6f36d2d0afb5903,"[{""offset"":12,""type"":""REL32"",""symbol"":""??3@YAXPAX@Z"",""addend"":0,""target_address"":""0x00640F15""}]",0,0x00421DD0,95,R074
0x004223E0,25,?deallocate,?deallocate@?$allocator@PAU?$DequeProbeRecord@$00@@@std@@QAEXPAPAU?$DequeProbeRecord@$00@@I@Z,"[""?deallocate@?$allocator@PAU?$DequeProbeRecord@$00@@@std@@QAEXPAPAU?$DequeProbeRecord@$00@@I@Z"",""?deallocate@?$allocator@PAU?$DequeProbeRecord@$01@@@std@@QAEXPAPAU?$DequeProbeRecord@$01@@I@Z"",""?deallocate@?$allocator@PAU?$DequeProbeRecord@$03@@@std@@QAEXPAPAU?$DequeProbeRecord@$03@@I@Z"",""?deallocate@?$allocator@PAU?$DequeProbeRecord@$07@@@std@@QAEXPAPAU?$DequeProbeRecord@$07@@I@Z"",""?deallocate@?$allocator@PAU?$DequeProbeRecord@$0BA@@@@std@@QAEXPAPAU?$DequeProbeRecord@$0BA@@@I@Z"",""?deallocate@?$allocator@PAU?$DequeProbeRecord@$0CA@@@@std@@QAEXPAPAU?$DequeProbeRecord@$0CA@@@I@Z"",""?deallocate@?$allocator@PAU?$DequeProbeRecord@$0EA@@@@std@@QAEXPAPAU?$DequeProbeRecord@$0EA@@@I@Z"",""?deallocate@?$allocator@U?$DequeProbeRecord@$00@@@std@@QAEXPAU?$DequeProbeRecord@$00@@I@Z"",""?deallocate@?$allocator@U?$DequeProbeRecord@$01@@@std@@QAEXPAU?$DequeProbeRecord@$01@@I@Z"",""?deallocate@?$allocator@U?$DequeProbeRecord@$03@@@std@@QAEXPAU?$DequeProbeRecord@$03@@I@Z"",""?deallocate@?$allocator@U?$DequeProbeRecord@$07@@@std@@QAEXPAU?$DequeProbeRecord@$07@@I@Z"",""?deallocate@?$allocator@U?$DequeProbeRecord@$0BA@@@@std@@QAEXPAU?$DequeProbeRecord@$0BA@@@I@Z"",""?deallocate@?$allocator@U?$DequeProbeRecord@$0CA@@@@std@@QAEXPAU?$DequeProbeRecord@$0CA@@@I@Z"",""?deallocate@?$allocator@U?$DequeProbeRecord@$0EA@@@@std@@QAEXPAU?$DequeProbeRecord@$0EA@@@I@Z""]",98d8393a76ac9fbc41250c6069af9c5f734d1f3529f958ca7e72be42b1585abc,779838fc59fe4a0ae7bc01b36d5b6fd7881433d603a9f562fbe52e24939cf9ac,"[{""offset"":12,""type"":""REL32"",""symbol"":""??3@YAXPAX@Z"",""addend"":0,""target_address"":""0x00640F15""}]",0,0x00421BD0,477,R074
0x00422400,27,?allocate,?allocate@?$allocator@PAU?$DequeProbeRecord@$00@@@std@@QAEPAPAU?$DequeProbeRecord@$00@@I@Z,"[""?allocate@?$allocator@PAU?$DequeProbeRecord@$00@@@std@@QAEPAPAU?$DequeProbeRecord@$00@@I@Z"",""?allocate@?$allocator@PAU?$DequeProbeRecord@$01@@@std@@QAEPAPAU?$DequeProbeRecord@$01@@I@Z"",""?allocate@?$allocator@PAU?$DequeProbeRecord@$03@@@std@@QAEPAPAU?$DequeProbeRecord@$03@@I@Z"",""?allocate@?$allocator@PAU?$DequeProbeRecord@$07@@@std@@QAEPAPAU?$DequeProbeRecord@$07@@I@Z"",""?allocate@?$allocator@PAU?$DequeProbeRecord@$0BA@@@@std@@QAEPAPAU?$DequeProbeRecord@$0BA@@@I@Z"",""?allocate@?$allocator@PAU?$DequeProbeRecord@$0CA@@@@std@@QAEPAPAU?$DequeProbeRecord@$0CA@@@I@Z"",""?allocate@?$allocator@PAU?$DequeProbeRecord@$0EA@@@@std@@QAEPAPAU?$DequeProbeRecord@$0EA@@@I@Z"",""?allocate@?$allocator@U?$DequeProbeRecord@$00@@@std@@QAEPAU?$DequeProbeRecord@$00@@I@Z"",""?allocate@?$allocator@U?$DequeProbeRecord@$01@@@std@@QAEPAU?$DequeProbeRecord@$01@@I@Z"",""?allocate@?$allocator@U?$DequeProbeRecord@$03@@@std@@QAEPAU?$DequeProbeRecord@$03@@I@Z"",""?allocate@?$allocator@U?$DequeProbeRecord@$07@@@std@@QAEPAU?$DequeProbeRecord@$07@@I@Z"",""?allocate@?$allocator@U?$DequeProbeRecord@$0BA@@@@std@@QAEPAU?$DequeProbeRecord@$0BA@@@I@Z"",""?allocate@?$allocator@U?$DequeProbeRecord@$0CA@@@@std@@QAEPAU?$DequeProbeRecord@$0CA@@@I@Z"",""?allocate@?$allocator@U?$DequeProbeRecord@$0EA@@@@std@@QAEPAU?$DequeProbeRecord@$0EA@@@I@Z""]",76fb3dabc7b7eea5850822eba2d953b3b8e0320e33383773c37a3afd919292f3,2e1767c2c279cbe0c66f9fb1c9fb107284fb45ac06db7c854a3ba7c01d652bf8,"[{""offset"":14,""type"":""REL32"",""symbol"":""??$_Allocate@PAU?$DequeProbeRecord@$00@@@std@@YAPAPAU?$DequeProbeRecord@$00@@IPAPAU1@@Z"",""addend"":0,""target_address"":""0x00422980""}]",0,0x00421BD0,116,R074
0x00422420,25,?destroy,?destroy@?$allocator@PAU?$DequeProbeRecord@$00@@@std@@QAEXPAPAU?$DequeProbeRecord@$00@@@Z,"[""?destroy@?$allocator@PAU?$DequeProbeRecord@$00@@@std@@QAEXPAPAU?$DequeProbeRecord@$00@@@Z"",""?destroy@?$allocator@PAU?$DequeProbeRecord@$01@@@std@@QAEXPAPAU?$DequeProbeRecord@$01@@@Z"",""?destroy@?$allocator@PAU?$DequeProbeRecord@$03@@@std@@QAEXPAPAU?$DequeProbeRecord@$03@@@Z"",""?destroy@?$allocator@PAU?$DequeProbeRecord@$07@@@std@@QAEXPAPAU?$DequeProbeRecord@$07@@@Z"",""?destroy@?$allocator@PAU?$DequeProbeRecord@$0BA@@@@std@@QAEXPAPAU?$DequeProbeRecord@$0BA@@@@Z"",""?destroy@?$allocator@PAU?$DequeProbeRecord@$0CA@@@@std@@QAEXPAPAU?$DequeProbeRecord@$0CA@@@@Z"",""?destroy@?$allocator@PAU?$DequeProbeRecord@$0EA@@@@std@@QAEXPAPAU?$DequeProbeRecord@$0EA@@@@Z"",""?destroy@?$allocator@U?$DequeProbeRecord@$00@@@std@@QAEXPAU?$DequeProbeRecord@$00@@@Z"",""?destroy@?$allocator@U?$DequeProbeRecord@$01@@@std@@QAEXPAU?$DequeProbeRecord@$01@@@Z"",""?destroy@?$allocator@U?$DequeProbeRecord@$03@@@std@@QAEXPAU?$DequeProbeRecord@$03@@@Z"",""?destroy@?$allocator@U?$DequeProbeRecord@$07@@@std@@QAEXPAU?$DequeProbeRecord@$07@@@Z"",""?destroy@?$allocator@U?$DequeProbeRecord@$0BA@@@@std@@QAEXPAU?$DequeProbeRecord@$0BA@@@@Z"",""?destroy@?$allocator@U?$DequeProbeRecord@$0CA@@@@std@@QAEXPAU?$DequeProbeRecord@$0CA@@@@Z"",""?destroy@?$allocator@U?$DequeProbeRecord@$0EA@@@@std@@QAEXPAU?$DequeProbeRecord@$0EA@@@@Z""]",f15b6ab0bb8c123fee8171d5aa3537e37ca40958350e515dc8a11a0d87089971,947fd0e8331f9401c8989960acf97f6feb4085c51b7521d509e509b568a16e43,"[{""offset"":12,""type"":""REL32"",""symbol"":""??$_Destroy@PAU?$DequeProbeRecord@$00@@@std@@YAXPAPAU?$DequeProbeRecord@$00@@@Z"",""addend"":0,""target_address"":""0x004229A0""}]",0,0x00421DD0,116,R074
0x004225C0,25,?destroy,?destroy@?$allocator@PAU?$DequeProbeRecord@$00@@@std@@QAEXPAPAU?$DequeProbeRecord@$00@@@Z,"[""?destroy@?$allocator@PAU?$DequeProbeRecord@$00@@@std@@QAEXPAPAU?$DequeProbeRecord@$00@@@Z"",""?destroy@?$allocator@PAU?$DequeProbeRecord@$01@@@std@@QAEXPAPAU?$DequeProbeRecord@$01@@@Z"",""?destroy@?$allocator@PAU?$DequeProbeRecord@$03@@@std@@QAEXPAPAU?$DequeProbeRecord@$03@@@Z"",""?destroy@?$allocator@PAU?$DequeProbeRecord@$07@@@std@@QAEXPAPAU?$DequeProbeRecord@$07@@@Z"",""?destroy@?$allocator@PAU?$DequeProbeRecord@$0BA@@@@std@@QAEXPAPAU?$DequeProbeRecord@$0BA@@@@Z"",""?destroy@?$allocator@PAU?$DequeProbeRecord@$0CA@@@@std@@QAEXPAPAU?$DequeProbeRecord@$0CA@@@@Z"",""?destroy@?$allocator@PAU?$DequeProbeRecord@$0EA@@@@std@@QAEXPAPAU?$DequeProbeRecord@$0EA@@@@Z"",""?destroy@?$allocator@U?$DequeProbeRecord@$00@@@std@@QAEXPAU?$DequeProbeRecord@$00@@@Z"",""?destroy@?$allocator@U?$DequeProbeRecord@$01@@@std@@QAEXPAU?$DequeProbeRecord@$01@@@Z"",""?destroy@?$allocator@U?$DequeProbeRecord@$03@@@std@@QAEXPAU?$DequeProbeRecord@$03@@@Z"",""?destroy@?$allocator@U?$DequeProbeRecord@$07@@@std@@QAEXPAU?$DequeProbeRecord@$07@@@Z"",""?destroy@?$allocator@U?$DequeProbeRecord@$0BA@@@@std@@QAEXPAU?$DequeProbeRecord@$0BA@@@@Z"",""?destroy@?$allocator@U?$DequeProbeRecord@$0CA@@@@std@@QAEXPAU?$DequeProbeRecord@$0CA@@@@Z"",""?destroy@?$allocator@U?$DequeProbeRecord@$0EA@@@@std@@QAEXPAU?$DequeProbeRecord@$0EA@@@@Z""]",f15b6ab0bb8c123fee8171d5aa3537e37ca40958350e515dc8a11a0d87089971,48e3e9524982397336cad9beda9b13ce7821c5a91b21b9a91bb4cc78e2442017,"[{""offset"":12,""type"":""REL32"",""symbol"":""??$_Destroy@PAU?$DequeProbeRecord@$00@@@std@@YAXPAPAU?$DequeProbeRecord@$00@@@Z"",""addend"":0,""target_address"":""0x004229B0""}]",0,0x004220A0,110,R074
0x00422C00,25,??$_Uninit_fill_n,??$_Uninit_fill_n@PAU?$DequeProbeRecord@$00@@IPAU1@@std@@YAXPAPAU?$DequeProbeRecord@$00@@IABQAU1@AAV?$allocator@PAU?$DequeProbeRecord@$00@@@0@U_Scalar_ptr_iterator_tag@0@@Z,"[""??$_Uninit_fill_n@PAU?$DequeProbeRecord@$00@@IPAU1@@std@@YAXPAPAU?$DequeProbeRecord@$00@@IABQAU1@AAV?$allocator@PAU?$DequeProbeRecord@$00@@@0@U_Scalar_ptr_iterator_tag@0@@Z"",""??$_Uninit_fill_n@PAU?$DequeProbeRecord@$01@@IPAU1@@std@@YAXPAPAU?$DequeProbeRecord@$01@@IABQAU1@AAV?$allocator@PAU?$DequeProbeRecord@$01@@@0@U_Scalar_ptr_iterator_tag@0@@Z"",""??$_Uninit_fill_n@PAU?$DequeProbeRecord@$03@@IPAU1@@std@@YAXPAPAU?$DequeProbeRecord@$03@@IABQAU1@AAV?$allocator@PAU?$DequeProbeRecord@$03@@@0@U_Scalar_ptr_iterator_tag@0@@Z"",""??$_Uninit_fill_n@PAU?$DequeProbeRecord@$07@@IPAU1@@std@@YAXPAPAU?$DequeProbeRecord@$07@@IABQAU1@AAV?$allocator@PAU?$DequeProbeRecord@$07@@@0@U_Scalar_ptr_iterator_tag@0@@Z"",""??$_Uninit_fill_n@PAU?$DequeProbeRecord@$0BA@@@IPAU1@@std@@YAXPAPAU?$DequeProbeRecord@$0BA@@@IABQAU1@AAV?$allocator@PAU?$DequeProbeRecord@$0BA@@@@0@U_Scalar_ptr_iterator_tag@0@@Z"",""??$_Uninit_fill_n@PAU?$DequeProbeRecord@$0CA@@@IPAU1@@std@@YAXPAPAU?$DequeProbeRecord@$0CA@@@IABQAU1@AAV?$allocator@PAU?$DequeProbeRecord@$0CA@@@@0@U_Scalar_ptr_iterator_tag@0@@Z"",""??$_Uninit_fill_n@PAU?$DequeProbeRecord@$0EA@@@IPAU1@@std@@YAXPAPAU?$DequeProbeRecord@$0EA@@@IABQAU1@AAV?$allocator@PAU?$DequeProbeRecord@$0EA@@@@0@U_Scalar_ptr_iterator_tag@0@@Z""]",62ebf47293d861ba6638462ba31f6f3ef8842ad965e70d1b1c186904d054fdee,4b9c0f745527d60630bbc303afde1f84f904a3fbcbd23bb728a3a23103c22fbc,"[{""offset"":16,""type"":""REL32"",""symbol"":""??$fill_n@PAPAU?$DequeProbeRecord@$00@@IPAU1@@std@@YAXPAPAU?$DequeProbeRecord@$00@@IABQAU1@@Z"",""addend"":0,""target_address"":""0x00422D00""}]",0,0x00422700,44,R074
0x00422C80,25,??$_Uninit_fill_n,??$_Uninit_fill_n@PAU?$DequeProbeRecord@$00@@IPAU1@@std@@YAXPAPAU?$DequeProbeRecord@$00@@IABQAU1@AAV?$allocator@PAU?$DequeProbeRecord@$00@@@0@U_Scalar_ptr_iterator_tag@0@@Z,"[""??$_Uninit_fill_n@PAU?$DequeProbeRecord@$00@@IPAU1@@std@@YAXPAPAU?$DequeProbeRecord@$00@@IABQAU1@AAV?$allocator@PAU?$DequeProbeRecord@$00@@@0@U_Scalar_ptr_iterator_tag@0@@Z"",""??$_Uninit_fill_n@PAU?$DequeProbeRecord@$01@@IPAU1@@std@@YAXPAPAU?$DequeProbeRecord@$01@@IABQAU1@AAV?$allocator@PAU?$DequeProbeRecord@$01@@@0@U_Scalar_ptr_iterator_tag@0@@Z"",""??$_Uninit_fill_n@PAU?$DequeProbeRecord@$03@@IPAU1@@std@@YAXPAPAU?$DequeProbeRecord@$03@@IABQAU1@AAV?$allocator@PAU?$DequeProbeRecord@$03@@@0@U_Scalar_ptr_iterator_tag@0@@Z"",""??$_Uninit_fill_n@PAU?$DequeProbeRecord@$07@@IPAU1@@std@@YAXPAPAU?$DequeProbeRecord@$07@@IABQAU1@AAV?$allocator@PAU?$DequeProbeRecord@$07@@@0@U_Scalar_ptr_iterator_tag@0@@Z"",""??$_Uninit_fill_n@PAU?$DequeProbeRecord@$0BA@@@IPAU1@@std@@YAXPAPAU?$DequeProbeRecord@$0BA@@@IABQAU1@AAV?$allocator@PAU?$DequeProbeRecord@$0BA@@@@0@U_Scalar_ptr_iterator_tag@0@@Z"",""??$_Uninit_fill_n@PAU?$DequeProbeRecord@$0CA@@@IPAU1@@std@@YAXPAPAU?$DequeProbeRecord@$0CA@@@IABQAU1@AAV?$allocator@PAU?$DequeProbeRecord@$0CA@@@@0@U_Scalar_ptr_iterator_tag@0@@Z"",""??$_Uninit_fill_n@PAU?$DequeProbeRecord@$0EA@@@IPAU1@@std@@YAXPAPAU?$DequeProbeRecord@$0EA@@@IABQAU1@AAV?$allocator@PAU?$DequeProbeRecord@$0EA@@@@0@U_Scalar_ptr_iterator_tag@0@@Z""]",62ebf47293d861ba6638462ba31f6f3ef8842ad965e70d1b1c186904d054fdee,12265712d806660312ee8003ab27a7807e9ff7b2f6b12a35a9e60ded268892f9,"[{""offset"":16,""type"":""REL32"",""symbol"":""??$fill_n@PAPAU?$DequeProbeRecord@$00@@IPAU1@@std@@YAXPAPAU?$DequeProbeRecord@$00@@IABQAU1@@Z"",""addend"":0,""target_address"":""0x00422D30""}]",0,0x00422820,44,R074
0x00424440,27,?allocate,?allocate@?$allocator@PAU?$DequeProbeRecord@$00@@@std@@QAEPAPAU?$DequeProbeRecord@$00@@I@Z,"[""?allocate@?$allocator@PAU?$DequeProbeRecord@$00@@@std@@QAEPAPAU?$DequeProbeRecord@$00@@I@Z"",""?allocate@?$allocator@PAU?$DequeProbeRecord@$01@@@std@@QAEPAPAU?$DequeProbeRecord@$01@@I@Z"",""?allocate@?$allocator@PAU?$DequeProbeRecord@$03@@@std@@QAEPAPAU?$DequeProbeRecord@$03@@I@Z"",""?allocate@?$allocator@PAU?$DequeProbeRecord@$07@@@std@@QAEPAPAU?$DequeProbeRecord@$07@@I@Z"",""?allocate@?$allocator@PAU?$DequeProbeRecord@$0BA@@@@std@@QAEPAPAU?$DequeProbeRecord@$0BA@@@I@Z"",""?allocate@?$allocator@PAU?$DequeProbeRecord@$0CA@@@@std@@QAEPAPAU?$DequeProbeRecord@$0CA@@@I@Z"",""?allocate@?$allocator@PAU?$DequeProbeRecord@$0EA@@@@std@@QAEPAPAU?$DequeProbeRecord@$0EA@@@I@Z"",""?allocate@?$allocator@U?$DequeProbeRecord@$00@@@std@@QAEPAU?$DequeProbeRecord@$00@@I@Z"",""?allocate@?$allocator@U?$DequeProbeRecord@$01@@@std@@QAEPAU?$DequeProbeRecord@$01@@I@Z"",""?allocate@?$allocator@U?$DequeProbeRecord@$03@@@std@@QAEPAU?$DequeProbeRecord@$03@@I@Z"",""?allocate@?$allocator@U?$DequeProbeRecord@$07@@@std@@QAEPAU?$DequeProbeRecord@$07@@I@Z"",""?allocate@?$allocator@U?$DequeProbeRecord@$0BA@@@@std@@QAEPAU?$DequeProbeRecord@$0BA@@@I@Z"",""?allocate@?$allocator@U?$DequeProbeRecord@$0CA@@@@std@@QAEPAU?$DequeProbeRecord@$0CA@@@I@Z"",""?allocate@?$allocator@U?$DequeProbeRecord@$0EA@@@@std@@QAEPAU?$DequeProbeRecord@$0EA@@@I@Z""]",76fb3dabc7b7eea5850822eba2d953b3b8e0320e33383773c37a3afd919292f3,e5770968724ead0a29fca61c39dda947eeb9fc704ec3b652d76756e981d5609a,"[{""offset"":14,""type"":""REL32"",""symbol"":""??$_Allocate@PAU?$DequeProbeRecord@$00@@@std@@YAPAPAU?$DequeProbeRecord@$00@@IPAPAU1@@Z"",""addend"":0,""target_address"":""0x00424AC0""}]",0,0x00423E10,136,R074
0x00424460,29,?construct,?construct@?$allocator@U?$DequeProbeRecord@$00@@@std@@QAEXPAU?$DequeProbeRecord@$00@@ABU3@@Z,"[""?construct@?$allocator@U?$DequeProbeRecord@$00@@@std@@QAEXPAU?$DequeProbeRecord@$00@@ABU3@@Z"",""?construct@?$allocator@U?$DequeProbeRecord@$01@@@std@@QAEXPAU?$DequeProbeRecord@$01@@ABU3@@Z"",""?construct@?$allocator@U?$DequeProbeRecord@$03@@@std@@QAEXPAU?$DequeProbeRecord@$03@@ABU3@@Z"",""?construct@?$allocator@U?$DequeProbeRecord@$07@@@std@@QAEXPAU?$DequeProbeRecord@$07@@ABU3@@Z"",""?construct@?$allocator@U?$DequeProbeRecord@$0BA@@@@std@@QAEXPAU?$DequeProbeRecord@$0BA@@@ABU3@@Z"",""?construct@?$allocator@U?$DequeProbeRecord@$0CA@@@@std@@QAEXPAU?$DequeProbeRecord@$0CA@@@ABU3@@Z"",""?construct@?$allocator@U?$DequeProbeRecord@$0EA@@@@std@@QAEXPAU?$DequeProbeRecord@$0EA@@@ABU3@@Z""]",7c6d9fb49bf679d9ce24e0ea5fcdcc441c4a612bbc57f5c6c01fdb7e501bdce0,54696d01063cf5c53fb9b77abb71ada56de585ee2f61dcb097bd421d34d6d2f9,"[{""offset"":16,""type"":""REL32"",""symbol"":""??$_Construct@U?$DequeProbeRecord@$00@@U1@@std@@YAXPAU?$DequeProbeRecord@$00@@ABU1@@Z"",""addend"":0,""target_address"":""0x00424AE0""}]",0,0x00423E10,191,R074
0x004245D0,22,?max_size,?max_size@?$deque@U?$DequeProbeRecord@$00@@V?$allocator@U?$DequeProbeRecord@$00@@@std@@@std@@QBEIXZ,"[""?max_size@?$deque@U?$DequeProbeRecord@$00@@V?$allocator@U?$DequeProbeRecord@$00@@@std@@@std@@QBEIXZ"",""?max_size@?$deque@U?$DequeProbeRecord@$01@@V?$allocator@U?$DequeProbeRecord@$01@@@std@@@std@@QBEIXZ"",""?max_size@?$deque@U?$DequeProbeRecord@$03@@V?$allocator@U?$DequeProbeRecord@$03@@@std@@@std@@QBEIXZ"",""?max_size@?$deque@U?$DequeProbeRecord@$07@@V?$allocator@U?$DequeProbeRecord@$07@@@std@@@std@@QBEIXZ"",""?max_size@?$deque@U?$DequeProbeRecord@$0BA@@@V?$allocator@U?$DequeProbeRecord@$0BA@@@@std@@@std@@QBEIXZ"",""?max_size@?$deque@U?$DequeProbeRecord@$0CA@@@V?$allocator@U?$DequeProbeRecord@$0CA@@@@std@@@std@@QBEIXZ"",""?max_size@?$deque@U?$DequeProbeRecord@$0EA@@@V?$allocator@U?$DequeProbeRecord@$0EA@@@@std@@@std@@QBEIXZ""]",036ac8295c572d4c8b872d83a60757d79e408d2f452ee1bad9de69a885252f44,b1948b3a8008d51ee0b24779fdc8356fa8d9bc0ade3bc184b293c02fe7e37c34,"[{""offset"":14,""type"":""REL32"",""symbol"":""?max_size@?$allocator@U?$DequeProbeRecord@$00@@@std@@QBEIXZ"",""addend"":0,""target_address"":""0x004248E0""}]",0,0x00424170,13,R074
0x004247C0,25,?deallocate,?deallocate@?$allocator@PAU?$DequeProbeRecord@$00@@@std@@QAEXPAPAU?$DequeProbeRecord@$00@@I@Z,"[""?deallocate@?$allocator@PAU?$DequeProbeRecord@$00@@@std@@QAEXPAPAU?$DequeProbeRecord@$00@@I@Z"",""?deallocate@?$allocator@PAU?$DequeProbeRecord@$01@@@std@@QAEXPAPAU?$DequeProbeRecord@$01@@I@Z"",""?deallocate@?$allocator@PAU?$DequeProbeRecord@$03@@@std@@QAEXPAPAU?$DequeProbeRecord@$03@@I@Z"",""?deallocate@?$allocator@PAU?$DequeProbeRecord@$07@@@std@@QAEXPAPAU?$DequeProbeRecord@$07@@I@Z"",""?deallocate@?$allocator@PAU?$DequeProbeRecord@$0BA@@@@std@@QAEXPAPAU?$DequeProbeRecord@$0BA@@@I@Z"",""?deallocate@?$allocator@PAU?$DequeProbeRecord@$0CA@@@@std@@QAEXPAPAU?$DequeProbeRecord@$0CA@@@I@Z"",""?deallocate@?$allocator@PAU?$DequeProbeRecord@$0EA@@@@std@@QAEXPAPAU?$DequeProbeRecord@$0EA@@@I@Z"",""?deallocate@?$allocator@U?$DequeProbeRecord@$00@@@std@@QAEXPAU?$DequeProbeRecord@$00@@I@Z"",""?deallocate@?$allocator@U?$DequeProbeRecord@$01@@@std@@QAEXPAU?$DequeProbeRecord@$01@@I@Z"",""?deallocate@?$allocator@U?$DequeProbeRecord@$03@@@std@@QAEXPAU?$DequeProbeRecord@$03@@I@Z"",""?deallocate@?$allocator@U?$DequeProbeRecord@$07@@@std@@QAEXPAU?$DequeProbeRecord@$07@@I@Z"",""?deallocate@?$allocator@U?$DequeProbeRecord@$0BA@@@@std@@QAEXPAU?$DequeProbeRecord@$0BA@@@I@Z"",""?deallocate@?$allocator@U?$DequeProbeRecord@$0CA@@@@std@@QAEXPAU?$DequeProbeRecord@$0CA@@@I@Z"",""?deallocate@?$allocator@U?$DequeProbeRecord@$0EA@@@@std@@QAEXPAU?$DequeProbeRecord@$0EA@@@I@Z""]",98d8393a76ac9fbc41250c6069af9c5f734d1f3529f958ca7e72be42b1585abc,a993cb54569fe0c52ca3500b799766e7a8981b5457800d2fe9b45297e46f3761,"[{""offset"":12,""type"":""REL32"",""symbol"":""??3@YAXPAX@Z"",""addend"":0,""target_address"":""0x00640F15""}]",0,0x00424380,95,R074
0x004247E0,25,?deallocate,?deallocate@?$allocator@PAU?$DequeProbeRecord@$00@@@std@@QAEXPAPAU?$DequeProbeRecord@$00@@I@Z,"[""?deallocate@?$allocator@PAU?$DequeProbeRecord@$00@@@std@@QAEXPAPAU?$DequeProbeRecord@$00@@I@Z"",""?deallocate@?$allocator@PAU?$DequeProbeRecord@$01@@@std@@QAEXPAPAU?$DequeProbeRecord@$01@@I@Z"",""?deallocate@?$allocator@PAU?$DequeProbeRecord@$03@@@std@@QAEXPAPAU?$DequeProbeRecord@$03@@I@Z"",""?deallocate@?$allocator@PAU?$DequeProbeRecord@$07@@@std@@QAEXPAPAU?$DequeProbeRecord@$07@@I@Z"",""?deallocate@?$allocator@PAU?$DequeProbeRecord@$0BA@@@@std@@QAEXPAPAU?$DequeProbeRecord@$0BA@@@I@Z"",""?deallocate@?$allocator@PAU?$DequeProbeRecord@$0CA@@@@std@@QAEXPAPAU?$DequeProbeRecord@$0CA@@@I@Z"",""?deallocate@?$allocator@PAU?$DequeProbeRecord@$0EA@@@@std@@QAEXPAPAU?$DequeProbeRecord@$0EA@@@I@Z"",""?deallocate@?$allocator@U?$DequeProbeRecord@$00@@@std@@QAEXPAU?$DequeProbeRecord@$00@@I@Z"",""?deallocate@?$allocator@U?$DequeProbeRecord@$01@@@std@@QAEXPAU?$DequeProbeRecord@$01@@I@Z"",""?deallocate@?$allocator@U?$DequeProbeRecord@$03@@@std@@QAEXPAU?$DequeProbeRecord@$03@@I@Z"",""?deallocate@?$allocator@U?$DequeProbeRecord@$07@@@std@@QAEXPAU?$DequeProbeRecord@$07@@I@Z"",""?deallocate@?$allocator@U?$DequeProbeRecord@$0BA@@@@std@@QAEXPAU?$DequeProbeRecord@$0BA@@@I@Z"",""?deallocate@?$allocator@U?$DequeProbeRecord@$0CA@@@@std@@QAEXPAU?$DequeProbeRecord@$0CA@@@I@Z"",""?deallocate@?$allocator@U?$DequeProbeRecord@$0EA@@@@std@@QAEXPAU?$DequeProbeRecord@$0EA@@@I@Z""]",98d8393a76ac9fbc41250c6069af9c5f734d1f3529f958ca7e72be42b1585abc,5c6f26e1da11c0406f358f72320daaf0c2883d7d363af3fb794f2f5b23cd624c,"[{""offset"":12,""type"":""REL32"",""symbol"":""??3@YAXPAX@Z"",""addend"":0,""target_address"":""0x00640F15""}]",0,0x00424170,486,R074
0x00424800,27,?allocate,?allocate@?$allocator@PAU?$DequeProbeRecord@$00@@@std@@QAEPAPAU?$DequeProbeRecord@$00@@I@Z,"[""?allocate@?$allocator@PAU?$DequeProbeRecord@$00@@@std@@QAEPAPAU?$DequeProbeRecord@$00@@I@Z"",""?allocate@?$allocator@PAU?$DequeProbeRecord@$01@@@std@@QAEPAPAU?$DequeProbeRecord@$01@@I@Z"",""?allocate@?$allocator@PAU?$DequeProbeRecord@$03@@@std@@QAEPAPAU?$DequeProbeRecord@$03@@I@Z"",""?allocate@?$allocator@PAU?$DequeProbeRecord@$07@@@std@@QAEPAPAU?$DequeProbeRecord@$07@@I@Z"",""?allocate@?$allocator@PAU?$DequeProbeRecord@$0BA@@@@std@@QAEPAPAU?$DequeProbeRecord@$0BA@@@I@Z"",""?allocate@?$allocator@PAU?$DequeProbeRecord@$0CA@@@@std@@QAEPAPAU?$DequeProbeRecord@$0CA@@@I@Z"",""?allocate@?$allocator@PAU?$DequeProbeRecord@$0EA@@@@std@@QAEPAPAU?$DequeProbeRecord@$0EA@@@I@Z"",""?allocate@?$allocator@U?$DequeProbeRecord@$00@@@std@@QAEPAU?$DequeProbeRecord@$00@@I@Z"",""?allocate@?$allocator@U?$DequeProbeRecord@$01@@@std@@QAEPAU?$DequeProbeRecord@$01@@I@Z"",""?allocate@?$allocator@U?$DequeProbeRecord@$03@@@std@@QAEPAU?$DequeProbeRecord@$03@@I@Z"",""?allocate@?$allocator@U?$DequeProbeRecord@$07@@@std@@QAEPAU?$DequeProbeRecord@$07@@I@Z"",""?allocate@?$allocator@U?$DequeProbeRecord@$0BA@@@@std@@QAEPAU?$DequeProbeRecord@$0BA@@@I@Z"",""?allocate@?$allocator@U?$DequeProbeRecord@$0CA@@@@std@@QAEPAU?$DequeProbeRecord@$0CA@@@I@Z"",""?allocate@?$allocator@U?$DequeProbeRecord@$0EA@@@@std@@QAEPAU?$DequeProbeRecord@$0EA@@@I@Z""]",76fb3dabc7b7eea5850822eba2d953b3b8e0320e33383773c37a3afd919292f3,ab56930547eddfd623283a086d8939957f3296d63898fe9ad9c418fd43528d35,"[{""offset"":14,""type"":""REL32"",""symbol"":""??$_Allocate@PAU?$DequeProbeRecord@$00@@@std@@YAPAPAU?$DequeProbeRecord@$00@@IPAPAU1@@Z"",""addend"":0,""target_address"":""0x00424B20""}]",0,0x00424170,125,R074
0x00424820,25,?destroy,?destroy@?$allocator@PAU?$DequeProbeRecord@$00@@@std@@QAEXPAPAU?$DequeProbeRecord@$00@@@Z,"[""?destroy@?$allocator@PAU?$DequeProbeRecord@$00@@@std@@QAEXPAPAU?$DequeProbeRecord@$00@@@Z"",""?destroy@?$allocator@PAU?$DequeProbeRecord@$01@@@std@@QAEXPAPAU?$DequeProbeRecord@$01@@@Z"",""?destroy@?$allocator@PAU?$DequeProbeRecord@$03@@@std@@QAEXPAPAU?$DequeProbeRecord@$03@@@Z"",""?destroy@?$allocator@PAU?$DequeProbeRecord@$07@@@std@@QAEXPAPAU?$DequeProbeRecord@$07@@@Z"",""?destroy@?$allocator@PAU?$DequeProbeRecord@$0BA@@@@std@@QAEXPAPAU?$DequeProbeRecord@$0BA@@@@Z"",""?destroy@?$allocator@PAU?$DequeProbeRecord@$0CA@@@@std@@QAEXPAPAU?$DequeProbeRecord@$0CA@@@@Z"",""?destroy@?$allocator@PAU?$DequeProbeRecord@$0EA@@@@std@@QAEXPAPAU?$DequeProbeRecord@$0EA@@@@Z"",""?destroy@?$allocator@U?$DequeProbeRecord@$00@@@std@@QAEXPAU?$DequeProbeRecord@$00@@@Z"",""?destroy@?$allocator@U?$DequeProbeRecord@$01@@@std@@QAEXPAU?$DequeProbeRecord@$01@@@Z"",""?destroy@?$allocator@U?$DequeProbeRecord@$03@@@std@@QAEXPAU?$DequeProbeRecord@$03@@@Z"",""?destroy@?$allocator@U?$DequeProbeRecord@$07@@@std@@QAEXPAU?$DequeProbeRecord@$07@@@Z"",""?destroy@?$allocator@U?$DequeProbeRecord@$0BA@@@@std@@QAEXPAU?$DequeProbeRecord@$0BA@@@@Z"",""?destroy@?$allocator@U?$DequeProbeRecord@$0CA@@@@std@@QAEXPAU?$DequeProbeRecord@$0CA@@@@Z"",""?destroy@?$allocator@U?$DequeProbeRecord@$0EA@@@@std@@QAEXPAU?$DequeProbeRecord@$0EA@@@@Z""]",f15b6ab0bb8c123fee8171d5aa3537e37ca40958350e515dc8a11a0d87089971,91aa6e7d0467420eaf8f470ac747d18f2766003d026616e8ec909f40d1c95ca7,"[{""offset"":12,""type"":""REL32"",""symbol"":""??$_Destroy@PAU?$DequeProbeRecord@$00@@@std@@YAXPAPAU?$DequeProbeRecord@$00@@@Z"",""addend"":0,""target_address"":""0x00424B40""}]",0,0x00424380,116,R074
0x004248C0,25,?destroy,?destroy@?$allocator@PAU?$DequeProbeRecord@$00@@@std@@QAEXPAPAU?$DequeProbeRecord@$00@@@Z,"[""?destroy@?$allocator@PAU?$DequeProbeRecord@$00@@@std@@QAEXPAPAU?$DequeProbeRecord@$00@@@Z"",""?destroy@?$allocator@PAU?$DequeProbeRecord@$01@@@std@@QAEXPAPAU?$DequeProbeRecord@$01@@@Z"",""?destroy@?$allocator@PAU?$DequeProbeRecord@$03@@@std@@QAEXPAPAU?$DequeProbeRecord@$03@@@Z"",""?destroy@?$allocator@PAU?$DequeProbeRecord@$07@@@std@@QAEXPAPAU?$DequeProbeRecord@$07@@@Z"",""?destroy@?$allocator@PAU?$DequeProbeRecord@$0BA@@@@std@@QAEXPAPAU?$DequeProbeRecord@$0BA@@@@Z"",""?destroy@?$allocator@PAU?$DequeProbeRecord@$0CA@@@@std@@QAEXPAPAU?$DequeProbeRecord@$0CA@@@@Z"",""?destroy@?$allocator@PAU?$DequeProbeRecord@$0EA@@@@std@@QAEXPAPAU?$DequeProbeRecord@$0EA@@@@Z"",""?destroy@?$allocator@U?$DequeProbeRecord@$00@@@std@@QAEXPAU?$DequeProbeRecord@$00@@@Z"",""?destroy@?$allocator@U?$DequeProbeRecord@$01@@@std@@QAEXPAU?$DequeProbeRecord@$01@@@Z"",""?destroy@?$allocator@U?$DequeProbeRecord@$03@@@std@@QAEXPAU?$DequeProbeRecord@$03@@@Z"",""?destroy@?$allocator@U?$DequeProbeRecord@$07@@@std@@QAEXPAU?$DequeProbeRecord@$07@@@Z"",""?destroy@?$allocator@U?$DequeProbeRecord@$0BA@@@@std@@QAEXPAU?$DequeProbeRecord@$0BA@@@@Z"",""?destroy@?$allocator@U?$DequeProbeRecord@$0CA@@@@std@@QAEXPAU?$DequeProbeRecord@$0CA@@@@Z"",""?destroy@?$allocator@U?$DequeProbeRecord@$0EA@@@@std@@QAEXPAU?$DequeProbeRecord@$0EA@@@@Z""]",f15b6ab0bb8c123fee8171d5aa3537e37ca40958350e515dc8a11a0d87089971,a4f56e07fcfef0950b6c91de57b2d8d8af2d815a3e21101f0aca75a86a9aade4,"[{""offset"":12,""type"":""REL32"",""symbol"":""??$_Destroy@PAU?$DequeProbeRecord@$00@@@std@@YAXPAPAU?$DequeProbeRecord@$00@@@Z"",""addend"":0,""target_address"":""0x00424B50""}]",0,0x00424610,79,R074
0x00424C80,25,??$_Uninit_fill_n,??$_Uninit_fill_n@PAU?$DequeProbeRecord@$00@@IPAU1@@std@@YAXPAPAU?$DequeProbeRecord@$00@@IABQAU1@AAV?$allocator@PAU?$DequeProbeRecord@$00@@@0@U_Scalar_ptr_iterator_tag@0@@Z,"[""??$_Uninit_fill_n@PAU?$DequeProbeRecord@$00@@IPAU1@@std@@YAXPAPAU?$DequeProbeRecord@$00@@IABQAU1@AAV?$allocator@PAU?$DequeProbeRecord@$00@@@0@U_Scalar_ptr_iterator_tag@0@@Z"",""??$_Uninit_fill_n@PAU?$DequeProbeRecord@$01@@IPAU1@@std@@YAXPAPAU?$DequeProbeRecord@$01@@IABQAU1@AAV?$allocator@PAU?$DequeProbeRecord@$01@@@0@U_Scalar_ptr_iterator_tag@0@@Z"",""??$_Uninit_fill_n@PAU?$DequeProbeRecord@$03@@IPAU1@@std@@YAXPAPAU?$DequeProbeRecord@$03@@IABQAU1@AAV?$allocator@PAU?$DequeProbeRecord@$03@@@0@U_Scalar_ptr_iterator_tag@0@@Z"",""??$_Uninit_fill_n@PAU?$DequeProbeRecord@$07@@IPAU1@@std@@YAXPAPAU?$DequeProbeRecord@$07@@IABQAU1@AAV?$allocator@PAU?$DequeProbeRecord@$07@@@0@U_Scalar_ptr_iterator_tag@0@@Z"",""??$_Uninit_fill_n@PAU?$DequeProbeRecord@$0BA@@@IPAU1@@std@@YAXPAPAU?$DequeProbeRecord@$0BA@@@IABQAU1@AAV?$allocator@PAU?$DequeProbeRecord@$0BA@@@@0@U_Scalar_ptr_iterator_tag@0@@Z"",""??$_Uninit_fill_n@PAU?$DequeProbeRecord@$0CA@@@IPAU1@@std@@YAXPAPAU?$DequeProbeRecord@$0CA@@@IABQAU1@AAV?$allocator@PAU?$DequeProbeRecord@$0CA@@@@0@U_Scalar_ptr_iterator_tag@0@@Z"",""??$_Uninit_fill_n@PAU?$DequeProbeRecord@$0EA@@@IPAU1@@std@@YAXPAPAU?$DequeProbeRecord@$0EA@@@IABQAU1@AAV?$allocator@PAU?$DequeProbeRecord@$0EA@@@@0@U_Scalar_ptr_iterator_tag@0@@Z""]",62ebf47293d861ba6638462ba31f6f3ef8842ad965e70d1b1c186904d054fdee,8c6f72425a1087e0df8ee62ffbd68d177199bffe2d9ab04083910e172488cd6b,"[{""offset"":16,""type"":""REL32"",""symbol"":""??$fill_n@PAPAU?$DequeProbeRecord@$00@@IPAU1@@std@@YAXPAPAU?$DequeProbeRecord@$00@@IABQAU1@@Z"",""addend"":0,""target_address"":""0x00424CD0""}]",0,0x00424A40,44,R074
0x00424DA0,28,??0?$_Deque_map,??0?$_Deque_map@U?$DequeProbeRecord@$00@@V?$allocator@U?$DequeProbeRecord@$00@@@std@@@std@@IAE@V?$allocator@U?$DequeProbeRecord@$00@@@1@@Z,"[""??0?$_Deque_map@U?$DequeProbeRecord@$00@@V?$allocator@U?$DequeProbeRecord@$00@@@std@@@std@@IAE@V?$allocator@U?$DequeProbeRecord@$00@@@1@@Z"",""??0?$_Deque_map@U?$DequeProbeRecord@$01@@V?$allocator@U?$DequeProbeRecord@$01@@@std@@@std@@IAE@V?$allocator@U?$DequeProbeRecord@$01@@@1@@Z"",""??0?$_Deque_map@U?$DequeProbeRecord@$03@@V?$allocator@U?$DequeProbeRecord@$03@@@std@@@std@@IAE@V?$allocator@U?$DequeProbeRecord@$03@@@1@@Z"",""??0?$_Deque_map@U?$DequeProbeRecord@$07@@V?$allocator@U?$DequeProbeRecord@$07@@@std@@@std@@IAE@V?$allocator@U?$DequeProbeRecord@$07@@@1@@Z"",""??0?$_Deque_map@U?$DequeProbeRecord@$0BA@@@V?$allocator@U?$DequeProbeRecord@$0BA@@@@std@@@std@@IAE@V?$allocator@U?$DequeProbeRecord@$0BA@@@@1@@Z"",""??0?$_Deque_map@U?$DequeProbeRecord@$0CA@@@V?$allocator@U?$DequeProbeRecord@$0CA@@@@std@@@std@@IAE@V?$allocator@U?$DequeProbeRecord@$0CA@@@@1@@Z"",""??0?$_Deque_map@U?$DequeProbeRecord@$0EA@@@V?$allocator@U?$DequeProbeRecord@$0EA@@@@std@@@std@@IAE@V?$allocator@U?$DequeProbeRecord@$0EA@@@@1@@Z""]",5a5bc7571b31897ab7b4704700b6d6b4d822e8789a3d0fe9b04b456b4a95f896,387c4b2b8d5cc2c2b2a8df477ae93a6f764076a3a7fa9ecec193bb42cb949176,"[{""offset"":15,""type"":""REL32"",""symbol"":""??$?0U?$DequeProbeRecord@$00@@@?$allocator@PAU?$DequeProbeRecord@$00@@@std@@QAE@ABV?$allocator@U?$DequeProbeRecord@$00@@@1@@Z"",""addend"":0,""target_address"":""0x00424DD0""}]",0,0x00424D50,25,R074
0x0042E0E0,22,?max_size,?max_size@?$deque@U?$DequeProbeRecord@$00@@V?$allocator@U?$DequeProbeRecord@$00@@@std@@@std@@QBEIXZ,"[""?max_size@?$deque@U?$DequeProbeRecord@$00@@V?$allocator@U?$DequeProbeRecord@$00@@@std@@@std@@QBEIXZ"",""?max_size@?$deque@U?$DequeProbeRecord@$01@@V?$allocator@U?$DequeProbeRecord@$01@@@std@@@std@@QBEIXZ"",""?max_size@?$deque@U?$DequeProbeRecord@$03@@V?$allocator@U?$DequeProbeRecord@$03@@@std@@@std@@QBEIXZ"",""?max_size@?$deque@U?$DequeProbeRecord@$07@@V?$allocator@U?$DequeProbeRecord@$07@@@std@@@std@@QBEIXZ"",""?max_size@?$deque@U?$DequeProbeRecord@$0BA@@@V?$allocator@U?$DequeProbeRecord@$0BA@@@@std@@@std@@QBEIXZ"",""?max_size@?$deque@U?$DequeProbeRecord@$0CA@@@V?$allocator@U?$DequeProbeRecord@$0CA@@@@std@@@std@@QBEIXZ"",""?max_size@?$deque@U?$DequeProbeRecord@$0EA@@@V?$allocator@U?$DequeProbeRecord@$0EA@@@@std@@@std@@QBEIXZ""]",036ac8295c572d4c8b872d83a60757d79e408d2f452ee1bad9de69a885252f44,f5ebff0540a90f07f4b3049ff9693062d534fc474c6c409df9d08d067c13cd4f,"[{""offset"":14,""type"":""REL32"",""symbol"":""?max_size@?$allocator@U?$DequeProbeRecord@$00@@@std@@QBEIXZ"",""addend"":0,""target_address"":""0x0042E3B0""}]",0,0x0042DCF0,13,R074
0x0042E220,28,??0?$_Deque_map,??0?$_Deque_map@U?$DequeProbeRecord@$00@@V?$allocator@U?$DequeProbeRecord@$00@@@std@@@std@@IAE@V?$allocator@U?$DequeProbeRecord@$00@@@1@@Z,"[""??0?$_Deque_map@U?$DequeProbeRecord@$00@@V?$allocator@U?$DequeProbeRecord@$00@@@std@@@std@@IAE@V?$allocator@U?$DequeProbeRecord@$00@@@1@@Z"",""??0?$_Deque_map@U?$DequeProbeRecord@$01@@V?$allocator@U?$DequeProbeRecord@$01@@@std@@@std@@IAE@V?$allocator@U?$DequeProbeRecord@$01@@@1@@Z"",""??0?$_Deque_map@U?$DequeProbeRecord@$03@@V?$allocator@U?$DequeProbeRecord@$03@@@std@@@std@@IAE@V?$allocator@U?$DequeProbeRecord@$03@@@1@@Z"",""??0?$_Deque_map@U?$DequeProbeRecord@$07@@V?$allocator@U?$DequeProbeRecord@$07@@@std@@@std@@IAE@V?$allocator@U?$DequeProbeRecord@$07@@@1@@Z"",""??0?$_Deque_map@U?$DequeProbeRecord@$0BA@@@V?$allocator@U?$DequeProbeRecord@$0BA@@@@std@@@std@@IAE@V?$allocator@U?$DequeProbeRecord@$0BA@@@@1@@Z"",""??0?$_Deque_map@U?$DequeProbeRecord@$0CA@@@V?$allocator@U?$DequeProbeRecord@$0CA@@@@std@@@std@@IAE@V?$allocator@U?$DequeProbeRecord@$0CA@@@@1@@Z"",""??0?$_Deque_map@U?$DequeProbeRecord@$0EA@@@V?$allocator@U?$DequeProbeRecord@$0EA@@@@std@@@std@@IAE@V?$allocator@U?$DequeProbeRecord@$0EA@@@@1@@Z""]",5a5bc7571b31897ab7b4704700b6d6b4d822e8789a3d0fe9b04b456b4a95f896,f28df743d4d756eaf49fa294002619a018458a768865cfa7c5a72ba8d8434e81,"[{""offset"":15,""type"":""REL32"",""symbol"":""??$?0U?$DequeProbeRecord@$00@@@?$allocator@PAU?$DequeProbeRecord@$00@@@std@@QAE@ABV?$allocator@U?$DequeProbeRecord@$00@@@1@@Z"",""addend"":0,""target_address"":""0x0042E540""}]",0,0x0042DFB0,25,R074
0x0042E250,25,?deallocate,?deallocate@?$allocator@PAU?$DequeProbeRecord@$00@@@std@@QAEXPAPAU?$DequeProbeRecord@$00@@I@Z,"[""?deallocate@?$allocator@PAU?$DequeProbeRecord@$00@@@std@@QAEXPAPAU?$DequeProbeRecord@$00@@I@Z"",""?deallocate@?$allocator@PAU?$DequeProbeRecord@$01@@@std@@QAEXPAPAU?$DequeProbeRecord@$01@@I@Z"",""?deallocate@?$allocator@PAU?$DequeProbeRecord@$03@@@std@@QAEXPAPAU?$DequeProbeRecord@$03@@I@Z"",""?deallocate@?$allocator@PAU?$DequeProbeRecord@$07@@@std@@QAEXPAPAU?$DequeProbeRecord@$07@@I@Z"",""?deallocate@?$allocator@PAU?$DequeProbeRecord@$0BA@@@@std@@QAEXPAPAU?$DequeProbeRecord@$0BA@@@I@Z"",""?deallocate@?$allocator@PAU?$DequeProbeRecord@$0CA@@@@std@@QAEXPAPAU?$DequeProbeRecord@$0CA@@@I@Z"",""?deallocate@?$allocator@PAU?$DequeProbeRecord@$0EA@@@@std@@QAEXPAPAU?$DequeProbeRecord@$0EA@@@I@Z"",""?deallocate@?$allocator@U?$DequeProbeRecord@$00@@@std@@QAEXPAU?$DequeProbeRecord@$00@@I@Z"",""?deallocate@?$allocator@U?$DequeProbeRecord@$01@@@std@@QAEXPAU?$DequeProbeRecord@$01@@I@Z"",""?deallocate@?$allocator@U?$DequeProbeRecord@$03@@@std@@QAEXPAU?$DequeProbeRecord@$03@@I@Z"",""?deallocate@?$allocator@U?$DequeProbeRecord@$07@@@std@@QAEXPAU?$DequeProbeRecord@$07@@I@Z"",""?deallocate@?$allocator@U?$DequeProbeRecord@$0BA@@@@std@@QAEXPAU?$DequeProbeRecord@$0BA@@@I@Z"",""?deallocate@?$allocator@U?$DequeProbeRecord@$0CA@@@@std@@QAEXPAU?$DequeProbeRecord@$0CA@@@I@Z"",""?deallocate@?$allocator@U?$DequeProbeRecord@$0EA@@@@std@@QAEXPAU?$DequeProbeRecord@$0EA@@@I@Z""]",98d8393a76ac9fbc41250c6069af9c5f734d1f3529f958ca7e72be42b1585abc,1fecef63118f1f3b764a31e8d8514e98435de6cc02737a18e9c61e3576714111,"[{""offset"":12,""type"":""REL32"",""symbol"":""??3@YAXPAX@Z"",""addend"":0,""target_address"":""0x00640F15""}]",0,0x0042DEF0,95,R074
0x0042E270,25,?deallocate,?deallocate@?$allocator@PAU?$DequeProbeRecord@$00@@@std@@QAEXPAPAU?$DequeProbeRecord@$00@@I@Z,"[""?deallocate@?$allocator@PAU?$DequeProbeRecord@$00@@@std@@QAEXPAPAU?$DequeProbeRecord@$00@@I@Z"",""?deallocate@?$allocator@PAU?$DequeProbeRecord@$01@@@std@@QAEXPAPAU?$DequeProbeRecord@$01@@I@Z"",""?deallocate@?$allocator@PAU?$DequeProbeRecord@$03@@@std@@QAEXPAPAU?$DequeProbeRecord@$03@@I@Z"",""?deallocate@?$allocator@PAU?$DequeProbeRecord@$07@@@std@@QAEXPAPAU?$DequeProbeRecord@$07@@I@Z"",""?deallocate@?$allocator@PAU?$DequeProbeRecord@$0BA@@@@std@@QAEXPAPAU?$DequeProbeRecord@$0BA@@@I@Z"",""?deallocate@?$allocator@PAU?$DequeProbeRecord@$0CA@@@@std@@QAEXPAPAU?$DequeProbeRecord@$0CA@@@I@Z"",""?deallocate@?$allocator@PAU?$DequeProbeRecord@$0EA@@@@std@@QAEXPAPAU?$DequeProbeRecord@$0EA@@@I@Z"",""?deallocate@?$allocator@U?$DequeProbeRecord@$00@@@std@@QAEXPAU?$DequeProbeRecord@$00@@I@Z"",""?deallocate@?$allocator@U?$DequeProbeRecord@$01@@@std@@QAEXPAU?$DequeProbeRecord@$01@@I@Z"",""?deallocate@?$allocator@U?$DequeProbeRecord@$03@@@std@@QAEXPAU?$DequeProbeRecord@$03@@I@Z"",""?deallocate@?$allocator@U?$DequeProbeRecord@$07@@@std@@QAEXPAU?$DequeProbeRecord@$07@@I@Z"",""?deallocate@?$allocator@U?$DequeProbeRecord@$0BA@@@@std@@QAEXPAU?$DequeProbeRecord@$0BA@@@I@Z"",""?deallocate@?$allocator@U?$DequeProbeRecord@$0CA@@@@std@@QAEXPAU?$DequeProbeRecord@$0CA@@@I@Z"",""?deallocate@?$allocator@U?$DequeProbeRecord@$0EA@@@@std@@QAEXPAU?$DequeProbeRecord@$0EA@@@I@Z""]",98d8393a76ac9fbc41250c6069af9c5f734d1f3529f958ca7e72be42b1585abc,b023c1084296a93f4cd2ab095f375a3e48f38b9832b4696a0267bf90094e90b2,"[{""offset"":12,""type"":""REL32"",""symbol"":""??3@YAXPAX@Z"",""addend"":0,""target_address"":""0x00640F15""}]",0,0x0042DCF0,477,R074
0x0042E290,27,?allocate,?allocate@?$allocator@PAU?$DequeProbeRecord@$00@@@std@@QAEPAPAU?$DequeProbeRecord@$00@@I@Z,"[""?allocate@?$allocator@PAU?$DequeProbeRecord@$00@@@std@@QAEPAPAU?$DequeProbeRecord@$00@@I@Z"",""?allocate@?$allocator@PAU?$DequeProbeRecord@$01@@@std@@QAEPAPAU?$DequeProbeRecord@$01@@I@Z"",""?allocate@?$allocator@PAU?$DequeProbeRecord@$03@@@std@@QAEPAPAU?$DequeProbeRecord@$03@@I@Z"",""?allocate@?$allocator@PAU?$DequeProbeRecord@$07@@@std@@QAEPAPAU?$DequeProbeRecord@$07@@I@Z"",""?allocate@?$allocator@PAU?$DequeProbeRecord@$0BA@@@@std@@QAEPAPAU?$DequeProbeRecord@$0BA@@@I@Z"",""?allocate@?$allocator@PAU?$DequeProbeRecord@$0CA@@@@std@@QAEPAPAU?$DequeProbeRecord@$0CA@@@I@Z"",""?allocate@?$allocator@PAU?$DequeProbeRecord@$0EA@@@@std@@QAEPAPAU?$DequeProbeRecord@$0EA@@@I@Z"",""?allocate@?$allocator@U?$DequeProbeRecord@$00@@@std@@QAEPAU?$DequeProbeRecord@$00@@I@Z"",""?allocate@?$allocator@U?$DequeProbeRecord@$01@@@std@@QAEPAU?$DequeProbeRecord@$01@@I@Z"",""?allocate@?$allocator@U?$DequeProbeRecord@$03@@@std@@QAEPAU?$DequeProbeRecord@$03@@I@Z"",""?allocate@?$allocator@U?$DequeProbeRecord@$07@@@std@@QAEPAU?$DequeProbeRecord@$07@@I@Z"",""?allocate@?$allocator@U?$DequeProbeRecord@$0BA@@@@std@@QAEPAU?$DequeProbeRecord@$0BA@@@I@Z"",""?allocate@?$allocator@U?$DequeProbeRecord@$0CA@@@@std@@QAEPAU?$DequeProbeRecord@$0CA@@@I@Z"",""?allocate@?$allocator@U?$DequeProbeRecord@$0EA@@@@std@@QAEPAU?$DequeProbeRecord@$0EA@@@I@Z""]",76fb3dabc7b7eea5850822eba2d953b3b8e0320e33383773c37a3afd919292f3,caf8b9dde6ac9552046adb8d81a71ac1ab87a9a4d9dc4e0165d132ff65522b2b,"[{""offset"":14,""type"":""REL32"",""symbol"":""??$_Allocate@PAU?$DequeProbeRecord@$00@@@std@@YAPAPAU?$DequeProbeRecord@$00@@IPAPAU1@@Z"",""addend"":0,""target_address"":""0x0042E550""}]",0,0x0042DCF0,116,R074
0x0042E2B0,25,?destroy,?destroy@?$allocator@PAU?$DequeProbeRecord@$00@@@std@@QAEXPAPAU?$DequeProbeRecord@$00@@@Z,"[""?destroy@?$allocator@PAU?$DequeProbeRecord@$00@@@std@@QAEXPAPAU?$DequeProbeRecord@$00@@@Z"",""?destroy@?$allocator@PAU?$DequeProbeRecord@$01@@@std@@QAEXPAPAU?$DequeProbeRecord@$01@@@Z"",""?destroy@?$allocator@PAU?$DequeProbeRecord@$03@@@std@@QAEXPAPAU?$DequeProbeRecord@$03@@@Z"",""?destroy@?$allocator@PAU?$DequeProbeRecord@$07@@@std@@QAEXPAPAU?$DequeProbeRecord@$07@@@Z"",""?destroy@?$allocator@PAU?$DequeProbeRecord@$0BA@@@@std@@QAEXPAPAU?$DequeProbeRecord@$0BA@@@@Z"",""?destroy@?$allocator@PAU?$DequeProbeRecord@$0CA@@@@std@@QAEXPAPAU?$DequeProbeRecord@$0CA@@@@Z"",""?destroy@?$allocator@PAU?$DequeProbeRecord@$0EA@@@@std@@QAEXPAPAU?$DequeProbeRecord@$0EA@@@@Z"",""?destroy@?$allocator@U?$DequeProbeRecord@$00@@@std@@QAEXPAU?$DequeProbeRecord@$00@@@Z"",""?destroy@?$allocator@U?$DequeProbeRecord@$01@@@std@@QAEXPAU?$DequeProbeRecord@$01@@@Z"",""?destroy@?$allocator@U?$DequeProbeRecord@$03@@@std@@QAEXPAU?$DequeProbeRecord@$03@@@Z"",""?destroy@?$allocator@U?$DequeProbeRecord@$07@@@std@@QAEXPAU?$DequeProbeRecord@$07@@@Z"",""?destroy@?$allocator@U?$DequeProbeRecord@$0BA@@@@std@@QAEXPAU?$DequeProbeRecord@$0BA@@@@Z"",""?destroy@?$allocator@U?$DequeProbeRecord@$0CA@@@@std@@QAEXPAU?$DequeProbeRecord@$0CA@@@@Z"",""?destroy@?$allocator@U?$DequeProbeRecord@$0EA@@@@std@@QAEXPAU?$DequeProbeRecord@$0EA@@@@Z""]",f15b6ab0bb8c123fee8171d5aa3537e37ca40958350e515dc8a11a0d87089971,05eecb9c4af2b677c6d2aa54893293eccaa2a9cb652aede7f33ae299a44e4d85,"[{""offset"":12,""type"":""REL32"",""symbol"":""??$_Destroy@PAU?$DequeProbeRecord@$00@@@std@@YAXPAPAU?$DequeProbeRecord@$00@@@Z"",""addend"":0,""target_address"":""0x0042E570""}]",0,0x0042DEF0,116,R074
0x0042E5E0,25,??$_Uninit_fill_n,??$_Uninit_fill_n@PAU?$DequeProbeRecord@$00@@IPAU1@@std@@YAXPAPAU?$DequeProbeRecord@$00@@IABQAU1@AAV?$allocator@PAU?$DequeProbeRecord@$00@@@0@U_Scalar_ptr_iterator_tag@0@@Z,"[""??$_Uninit_fill_n@PAU?$DequeProbeRecord@$00@@IPAU1@@std@@YAXPAPAU?$DequeProbeRecord@$00@@IABQAU1@AAV?$allocator@PAU?$DequeProbeRecord@$00@@@0@U_Scalar_ptr_iterator_tag@0@@Z"",""??$_Uninit_fill_n@PAU?$DequeProbeRecord@$01@@IPAU1@@std@@YAXPAPAU?$DequeProbeRecord@$01@@IABQAU1@AAV?$allocator@PAU?$DequeProbeRecord@$01@@@0@U_Scalar_ptr_iterator_tag@0@@Z"",""??$_Uninit_fill_n@PAU?$DequeProbeRecord@$03@@IPAU1@@std@@YAXPAPAU?$DequeProbeRecord@$03@@IABQAU1@AAV?$allocator@PAU?$DequeProbeRecord@$03@@@0@U_Scalar_ptr_iterator_tag@0@@Z"",""??$_Uninit_fill_n@PAU?$DequeProbeRecord@$07@@IPAU1@@std@@YAXPAPAU?$DequeProbeRecord@$07@@IABQAU1@AAV?$allocator@PAU?$DequeProbeRecord@$07@@@0@U_Scalar_ptr_iterator_tag@0@@Z"",""??$_Uninit_fill_n@PAU?$DequeProbeRecord@$0BA@@@IPAU1@@std@@YAXPAPAU?$DequeProbeRecord@$0BA@@@IABQAU1@AAV?$allocator@PAU?$DequeProbeRecord@$0BA@@@@0@U_Scalar_ptr_iterator_tag@0@@Z"",""??$_Uninit_fill_n@PAU?$DequeProbeRecord@$0CA@@@IPAU1@@std@@YAXPAPAU?$DequeProbeRecord@$0CA@@@IABQAU1@AAV?$allocator@PAU?$DequeProbeRecord@$0CA@@@@0@U_Scalar_ptr_iterator_tag@0@@Z"",""??$_Uninit_fill_n@PAU?$DequeProbeRecord@$0EA@@@IPAU1@@std@@YAXPAPAU?$DequeProbeRecord@$0EA@@@IABQAU1@AAV?$allocator@PAU?$DequeProbeRecord@$0EA@@@@0@U_Scalar_ptr_iterator_tag@0@@Z""]",62ebf47293d861ba6638462ba31f6f3ef8842ad965e70d1b1c186904d054fdee,a406e0ee26982466b60dfcc66107f1996309d2b13849c74b94bf8c994b361dcc,"[{""offset"":16,""type"":""REL32"",""symbol"":""??$fill_n@PAPAU?$DequeProbeRecord@$00@@IPAU1@@std@@YAXPAPAU?$DequeProbeRecord@$00@@IABQAU1@@Z"",""addend"":0,""target_address"":""0x0042E610""}]",0,0x0042E450,44,R074
0x0045B210,25,??$_Uninit_fill_n,??$_Uninit_fill_n@PAU?$DequeProbeRecord@$00@@IPAU1@@std@@YAXPAPAU?$DequeProbeRecord@$00@@IABQAU1@AAV?$allocator@PAU?$DequeProbeRecord@$00@@@0@U_Scalar_ptr_iterator_tag@0@@Z,"[""??$_Uninit_fill_n@PAU?$DequeProbeRecord@$00@@IPAU1@@std@@YAXPAPAU?$DequeProbeRecord@$00@@IABQAU1@AAV?$allocator@PAU?$DequeProbeRecord@$00@@@0@U_Scalar_ptr_iterator_tag@0@@Z"",""??$_Uninit_fill_n@PAU?$DequeProbeRecord@$01@@IPAU1@@std@@YAXPAPAU?$DequeProbeRecord@$01@@IABQAU1@AAV?$allocator@PAU?$DequeProbeRecord@$01@@@0@U_Scalar_ptr_iterator_tag@0@@Z"",""??$_Uninit_fill_n@PAU?$DequeProbeRecord@$03@@IPAU1@@std@@YAXPAPAU?$DequeProbeRecord@$03@@IABQAU1@AAV?$allocator@PAU?$DequeProbeRecord@$03@@@0@U_Scalar_ptr_iterator_tag@0@@Z"",""??$_Uninit_fill_n@PAU?$DequeProbeRecord@$07@@IPAU1@@std@@YAXPAPAU?$DequeProbeRecord@$07@@IABQAU1@AAV?$allocator@PAU?$DequeProbeRecord@$07@@@0@U_Scalar_ptr_iterator_tag@0@@Z"",""??$_Uninit_fill_n@PAU?$DequeProbeRecord@$0BA@@@IPAU1@@std@@YAXPAPAU?$DequeProbeRecord@$0BA@@@IABQAU1@AAV?$allocator@PAU?$DequeProbeRecord@$0BA@@@@0@U_Scalar_ptr_iterator_tag@0@@Z"",""??$_Uninit_fill_n@PAU?$DequeProbeRecord@$0CA@@@IPAU1@@std@@YAXPAPAU?$DequeProbeRecord@$0CA@@@IABQAU1@AAV?$allocator@PAU?$DequeProbeRecord@$0CA@@@@0@U_Scalar_ptr_iterator_tag@0@@Z"",""??$_Uninit_fill_n@PAU?$DequeProbeRecord@$0EA@@@IPAU1@@std@@YAXPAPAU?$DequeProbeRecord@$0EA@@@IABQAU1@AAV?$allocator@PAU?$DequeProbeRecord@$0EA@@@@0@U_Scalar_ptr_iterator_tag@0@@Z""]",62ebf47293d861ba6638462ba31f6f3ef8842ad965e70d1b1c186904d054fdee,ba115b0efa1b1935d3f4412784677f07adecb9bf2a7af48c9106d270f2500427,"[{""offset"":16,""type"":""REL32"",""symbol"":""??$fill_n@PAPAU?$DequeProbeRecord@$00@@IPAU1@@std@@YAXPAPAU?$DequeProbeRecord@$00@@IABQAU1@@Z"",""addend"":0,""target_address"":""0x0045B560""}]",0,0x0045AAA0,44,R074
0x0045C590,27,?allocate,?allocate@?$allocator@PAU?$DequeProbeRecord@$00@@@std@@QAEPAPAU?$DequeProbeRecord@$00@@I@Z,"[""?allocate@?$allocator@PAU?$DequeProbeRecord@$00@@@std@@QAEPAPAU?$DequeProbeRecord@$00@@I@Z"",""?allocate@?$allocator@PAU?$DequeProbeRecord@$01@@@std@@QAEPAPAU?$DequeProbeRecord@$01@@I@Z"",""?allocate@?$allocator@PAU?$DequeProbeRecord@$03@@@std@@QAEPAPAU?$DequeProbeRecord@$03@@I@Z"",""?allocate@?$allocator@PAU?$DequeProbeRecord@$07@@@std@@QAEPAPAU?$DequeProbeRecord@$07@@I@Z"",""?allocate@?$allocator@PAU?$DequeProbeRecord@$0BA@@@@std@@QAEPAPAU?$DequeProbeRecord@$0BA@@@I@Z"",""?allocate@?$allocator@PAU?$DequeProbeRecord@$0CA@@@@std@@QAEPAPAU?$DequeProbeRecord@$0CA@@@I@Z"",""?allocate@?$allocator@PAU?$DequeProbeRecord@$0EA@@@@std@@QAEPAPAU?$DequeProbeRecord@$0EA@@@I@Z"",""?allocate@?$allocator@U?$DequeProbeRecord@$00@@@std@@QAEPAU?$DequeProbeRecord@$00@@I@Z"",""?allocate@?$allocator@U?$DequeProbeRecord@$01@@@std@@QAEPAU?$DequeProbeRecord@$01@@I@Z"",""?allocate@?$allocator@U?$DequeProbeRecord@$03@@@std@@QAEPAU?$DequeProbeRecord@$03@@I@Z"",""?allocate@?$allocator@U?$DequeProbeRecord@$07@@@std@@QAEPAU?$DequeProbeRecord@$07@@I@Z"",""?allocate@?$allocator@U?$DequeProbeRecord@$0BA@@@@std@@QAEPAU?$DequeProbeRecord@$0BA@@@I@Z"",""?allocate@?$allocator@U?$DequeProbeRecord@$0CA@@@@std@@QAEPAU?$DequeProbeRecord@$0CA@@@I@Z"",""?allocate@?$allocator@U?$DequeProbeRecord@$0EA@@@@std@@QAEPAU?$DequeProbeRecord@$0EA@@@I@Z""]",76fb3dabc7b7eea5850822eba2d953b3b8e0320e33383773c37a3afd919292f3,9b347179b37cc6bf68b06110695a15b7b8841a417bdafe719fb98438b64a7932,"[{""offset"":14,""type"":""REL32"",""symbol"":""??$_Allocate@PAU?$DequeProbeRecord@$00@@@std@@YAPAPAU?$DequeProbeRecord@$00@@IPAPAU1@@Z"",""addend"":0,""target_address"":""0x0045CB00""}]",0,0x0045BFC0,136,R074
0x0045C5B0,29,?construct,?construct@?$allocator@U?$DequeProbeRecord@$00@@@std@@QAEXPAU?$DequeProbeRecord@$00@@ABU3@@Z,"[""?construct@?$allocator@U?$DequeProbeRecord@$00@@@std@@QAEXPAU?$DequeProbeRecord@$00@@ABU3@@Z"",""?construct@?$allocator@U?$DequeProbeRecord@$01@@@std@@QAEXPAU?$DequeProbeRecord@$01@@ABU3@@Z"",""?construct@?$allocator@U?$DequeProbeRecord@$03@@@std@@QAEXPAU?$DequeProbeRecord@$03@@ABU3@@Z"",""?construct@?$allocator@U?$DequeProbeRecord@$07@@@std@@QAEXPAU?$DequeProbeRecord@$07@@ABU3@@Z"",""?construct@?$allocator@U?$DequeProbeRecord@$0BA@@@@std@@QAEXPAU?$DequeProbeRecord@$0BA@@@ABU3@@Z"",""?construct@?$allocator@U?$DequeProbeRecord@$0CA@@@@std@@QAEXPAU?$DequeProbeRecord@$0CA@@@ABU3@@Z"",""?construct@?$allocator@U?$DequeProbeRecord@$0EA@@@@std@@QAEXPAU?$DequeProbeRecord@$0EA@@@ABU3@@Z""]",7c6d9fb49bf679d9ce24e0ea5fcdcc441c4a612bbc57f5c6c01fdb7e501bdce0,160a99537d9856658036c4a37668658d511e8ac924831cc0124cca4c35872b65,"[{""offset"":16,""type"":""REL32"",""symbol"":""??$_Construct@U?$DequeProbeRecord@$00@@U1@@std@@YAXPAU?$DequeProbeRecord@$00@@ABU1@@Z"",""addend"":0,""target_address"":""0x0045CB20""}]",0,0x0045BFC0,191,R074
0x0045C610,22,?max_size,?max_size@?$deque@U?$DequeProbeRecord@$00@@V?$allocator@U?$DequeProbeRecord@$00@@@std@@@std@@QBEIXZ,"[""?max_size@?$deque@U?$DequeProbeRecord@$00@@V?$allocator@U?$DequeProbeRecord@$00@@@std@@@std@@QBEIXZ"",""?max_size@?$deque@U?$DequeProbeRecord@$01@@V?$allocator@U?$DequeProbeRecord@$01@@@std@@@std@@QBEIXZ"",""?max_size@?$deque@U?$DequeProbeRecord@$03@@V?$allocator@U?$DequeProbeRecord@$03@@@std@@@std@@QBEIXZ"",""?max_size@?$deque@U?$DequeProbeRecord@$07@@V?$allocator@U?$DequeProbeRecord@$07@@@std@@@std@@QBEIXZ"",""?max_size@?$deque@U?$DequeProbeRecord@$0BA@@@V?$allocator@U?$DequeProbeRecord@$0BA@@@@std@@@std@@QBEIXZ"",""?max_size@?$deque@U?$DequeProbeRecord@$0CA@@@V?$allocator@U?$DequeProbeRecord@$0CA@@@@std@@@std@@QBEIXZ"",""?max_size@?$deque@U?$DequeProbeRecord@$0EA@@@V?$allocator@U?$DequeProbeRecord@$0EA@@@@std@@@std@@QBEIXZ""]",036ac8295c572d4c8b872d83a60757d79e408d2f452ee1bad9de69a885252f44,b1948b3a8008d51ee0b24779fdc8356fa8d9bc0ade3bc184b293c02fe7e37c34,"[{""offset"":14,""type"":""REL32"",""symbol"":""?max_size@?$allocator@U?$DequeProbeRecord@$00@@@std@@QBEIXZ"",""addend"":0,""target_address"":""0x0045C920""}]",0,0x0045C270,13,R074
0x0045C800,28,??0?$_Deque_map,??0?$_Deque_map@U?$DequeProbeRecord@$00@@V?$allocator@U?$DequeProbeRecord@$00@@@std@@@std@@IAE@V?$allocator@U?$DequeProbeRecord@$00@@@1@@Z,"[""??0?$_Deque_map@U?$DequeProbeRecord@$00@@V?$allocator@U?$DequeProbeRecord@$00@@@std@@@std@@IAE@V?$allocator@U?$DequeProbeRecord@$00@@@1@@Z"",""??0?$_Deque_map@U?$DequeProbeRecord@$01@@V?$allocator@U?$DequeProbeRecord@$01@@@std@@@std@@IAE@V?$allocator@U?$DequeProbeRecord@$01@@@1@@Z"",""??0?$_Deque_map@U?$DequeProbeRecord@$03@@V?$allocator@U?$DequeProbeRecord@$03@@@std@@@std@@IAE@V?$allocator@U?$DequeProbeRecord@$03@@@1@@Z"",""??0?$_Deque_map@U?$DequeProbeRecord@$07@@V?$allocator@U?$DequeProbeRecord@$07@@@std@@@std@@IAE@V?$allocator@U?$DequeProbeRecord@$07@@@1@@Z"",""??0?$_Deque_map@U?$DequeProbeRecord@$0BA@@@V?$allocator@U?$DequeProbeRecord@$0BA@@@@std@@@std@@IAE@V?$allocator@U?$DequeProbeRecord@$0BA@@@@1@@Z"",""??0?$_Deque_map@U?$DequeProbeRecord@$0CA@@@V?$allocator@U?$DequeProbeRecord@$0CA@@@@std@@@std@@IAE@V?$allocator@U?$DequeProbeRecord@$0CA@@@@1@@Z"",""??0?$_Deque_map@U?$DequeProbeRecord@$0EA@@@V?$allocator@U?$DequeProbeRecord@$0EA@@@@std@@@std@@IAE@V?$allocator@U?$DequeProbeRecord@$0EA@@@@1@@Z""]",5a5bc7571b31897ab7b4704700b6d6b4d822e8789a3d0fe9b04b456b4a95f896,0303b6b25b7ebe54f5bdfca0ab27542ad62096df3527c34585c0025c51c8e3e6,"[{""offset"":15,""type"":""REL32"",""symbol"":""??$?0U?$DequeProbeRecord@$00@@@?$allocator@PAU?$DequeProbeRecord@$00@@@std@@QAE@ABV?$allocator@U?$DequeProbeRecord@$00@@@1@@Z"",""addend"":0,""target_address"":""0x0045CB60""}]",0,0x0045C540,25,R074
0x0045C830,25,?deallocate,?deallocate@?$allocator@PAU?$DequeProbeRecord@$00@@@std@@QAEXPAPAU?$DequeProbeRecord@$00@@I@Z,"[""?deallocate@?$allocator@PAU?$DequeProbeRecord@$00@@@std@@QAEXPAPAU?$DequeProbeRecord@$00@@I@Z"",""?deallocate@?$allocator@PAU?$DequeProbeRecord@$01@@@std@@QAEXPAPAU?$DequeProbeRecord@$01@@I@Z"",""?deallocate@?$allocator@PAU?$DequeProbeRecord@$03@@@std@@QAEXPAPAU?$DequeProbeRecord@$03@@I@Z"",""?deallocate@?$allocator@PAU?$DequeProbeRecord@$07@@@std@@QAEXPAPAU?$DequeProbeRecord@$07@@I@Z"",""?deallocate@?$allocator@PAU?$DequeProbeRecord@$0BA@@@@std@@QAEXPAPAU?$DequeProbeRecord@$0BA@@@I@Z"",""?deallocate@?$allocator@PAU?$DequeProbeRecord@$0CA@@@@std@@QAEXPAPAU?$DequeProbeRecord@$0CA@@@I@Z"",""?deallocate@?$allocator@PAU?$DequeProbeRecord@$0EA@@@@std@@QAEXPAPAU?$DequeProbeRecord@$0EA@@@I@Z"",""?deallocate@?$allocator@U?$DequeProbeRecord@$00@@@std@@QAEXPAU?$DequeProbeRecord@$00@@I@Z"",""?deallocate@?$allocator@U?$DequeProbeRecord@$01@@@std@@QAEXPAU?$DequeProbeRecord@$01@@I@Z"",""?deallocate@?$allocator@U?$DequeProbeRecord@$03@@@std@@QAEXPAU?$DequeProbeRecord@$03@@I@Z"",""?deallocate@?$allocator@U?$DequeProbeRecord@$07@@@std@@QAEXPAU?$DequeProbeRecord@$07@@I@Z"",""?deallocate@?$allocator@U?$DequeProbeRecord@$0BA@@@@std@@QAEXPAU?$DequeProbeRecord@$0BA@@@I@Z"",""?deallocate@?$allocator@U?$DequeProbeRecord@$0CA@@@@std@@QAEXPAU?$DequeProbeRecord@$0CA@@@I@Z"",""?deallocate@?$allocator@U?$DequeProbeRecord@$0EA@@@@std@@QAEXPAU?$DequeProbeRecord@$0EA@@@I@Z""]",98d8393a76ac9fbc41250c6069af9c5f734d1f3529f958ca7e72be42b1585abc,579e350d704761280e764b5a7675516d8002409b29f0283f5860d079bdf63e79,"[{""offset"":12,""type"":""REL32"",""symbol"":""??3@YAXPAX@Z"",""addend"":0,""target_address"":""0x00640F15""}]",0,0x0045C480,95,R074
0x0045C850,25,?deallocate,?deallocate@?$allocator@PAU?$DequeProbeRecord@$00@@@std@@QAEXPAPAU?$DequeProbeRecord@$00@@I@Z,"[""?deallocate@?$allocator@PAU?$DequeProbeRecord@$00@@@std@@QAEXPAPAU?$DequeProbeRecord@$00@@I@Z"",""?deallocate@?$allocator@PAU?$DequeProbeRecord@$01@@@std@@QAEXPAPAU?$DequeProbeRecord@$01@@I@Z"",""?deallocate@?$allocator@PAU?$DequeProbeRecord@$03@@@std@@QAEXPAPAU?$DequeProbeRecord@$03@@I@Z"",""?deallocate@?$allocator@PAU?$DequeProbeRecord@$07@@@std@@QAEXPAPAU?$DequeProbeRecord@$07@@I@Z"",""?deallocate@?$allocator@PAU?$DequeProbeRecord@$0BA@@@@std@@QAEXPAPAU?$DequeProbeRecord@$0BA@@@I@Z"",""?deallocate@?$allocator@PAU?$DequeProbeRecord@$0CA@@@@std@@QAEXPAPAU?$DequeProbeRecord@$0CA@@@I@Z"",""?deallocate@?$allocator@PAU?$DequeProbeRecord@$0EA@@@@std@@QAEXPAPAU?$DequeProbeRecord@$0EA@@@I@Z"",""?deallocate@?$allocator@U?$DequeProbeRecord@$00@@@std@@QAEXPAU?$DequeProbeRecord@$00@@I@Z"",""?deallocate@?$allocator@U?$DequeProbeRecord@$01@@@std@@QAEXPAU?$DequeProbeRecord@$01@@I@Z"",""?deallocate@?$allocator@U?$DequeProbeRecord@$03@@@std@@QAEXPAU?$DequeProbeRecord@$03@@I@Z"",""?deallocate@?$allocator@U?$DequeProbeRecord@$07@@@std@@QAEXPAU?$DequeProbeRecord@$07@@I@Z"",""?deallocate@?$allocator@U?$DequeProbeRecord@$0BA@@@@std@@QAEXPAU?$DequeProbeRecord@$0BA@@@I@Z"",""?deallocate@?$allocator@U?$DequeProbeRecord@$0CA@@@@std@@QAEXPAU?$DequeProbeRecord@$0CA@@@I@Z"",""?deallocate@?$allocator@U?$DequeProbeRecord@$0EA@@@@std@@QAEXPAU?$DequeProbeRecord@$0EA@@@I@Z""]",98d8393a76ac9fbc41250c6069af9c5f734d1f3529f958ca7e72be42b1585abc,6f78003fa782c13e509456e3006c698c8798fe26c57b43a4e4c6daf52b5ca6ac,"[{""offset"":12,""type"":""REL32"",""symbol"":""??3@YAXPAX@Z"",""addend"":0,""target_address"":""0x00640F15""}]",0,0x0045C270,486,R074
0x0045C870,27,?allocate,?allocate@?$allocator@PAU?$DequeProbeRecord@$00@@@std@@QAEPAPAU?$DequeProbeRecord@$00@@I@Z,"[""?allocate@?$allocator@PAU?$DequeProbeRecord@$00@@@std@@QAEPAPAU?$DequeProbeRecord@$00@@I@Z"",""?allocate@?$allocator@PAU?$DequeProbeRecord@$01@@@std@@QAEPAPAU?$DequeProbeRecord@$01@@I@Z"",""?allocate@?$allocator@PAU?$DequeProbeRecord@$03@@@std@@QAEPAPAU?$DequeProbeRecord@$03@@I@Z"",""?allocate@?$allocator@PAU?$DequeProbeRecord@$07@@@std@@QAEPAPAU?$DequeProbeRecord@$07@@I@Z"",""?allocate@?$allocator@PAU?$DequeProbeRecord@$0BA@@@@std@@QAEPAPAU?$DequeProbeRecord@$0BA@@@I@Z"",""?allocate@?$allocator@PAU?$DequeProbeRecord@$0CA@@@@std@@QAEPAPAU?$DequeProbeRecord@$0CA@@@I@Z"",""?allocate@?$allocator@PAU?$DequeProbeRecord@$0EA@@@@std@@QAEPAPAU?$DequeProbeRecord@$0EA@@@I@Z"",""?allocate@?$allocator@U?$DequeProbeRecord@$00@@@std@@QAEPAU?$DequeProbeRecord@$00@@I@Z"",""?allocate@?$allocator@U?$DequeProbeRecord@$01@@@std@@QAEPAU?$DequeProbeRecord@$01@@I@Z"",""?allocate@?$allocator@U?$DequeProbeRecord@$03@@@std@@QAEPAU?$DequeProbeRecord@$03@@I@Z"",""?allocate@?$allocator@U?$DequeProbeRecord@$07@@@std@@QAEPAU?$DequeProbeRecord@$07@@I@Z"",""?allocate@?$allocator@U?$DequeProbeRecord@$0BA@@@@std@@QAEPAU?$DequeProbeRecord@$0BA@@@I@Z"",""?allocate@?$allocator@U?$DequeProbeRecord@$0CA@@@@std@@QAEPAU?$DequeProbeRecord@$0CA@@@I@Z"",""?allocate@?$allocator@U?$DequeProbeRecord@$0EA@@@@std@@QAEPAU?$DequeProbeRecord@$0EA@@@I@Z""]",76fb3dabc7b7eea5850822eba2d953b3b8e0320e33383773c37a3afd919292f3,88fe214b438ace817aac64585926b99957ef981dbb402b268a28d4246da908fb,"[{""offset"":14,""type"":""REL32"",""symbol"":""??$_Allocate@PAU?$DequeProbeRecord@$00@@@std@@YAPAPAU?$DequeProbeRecord@$00@@IPAPAU1@@Z"",""addend"":0,""target_address"":""0x0045CB70""}]",0,0x0045C270,125,R074
0x0045C890,25,?destroy,?destroy@?$allocator@PAU?$DequeProbeRecord@$00@@@std@@QAEXPAPAU?$DequeProbeRecord@$00@@@Z,"[""?destroy@?$allocator@PAU?$DequeProbeRecord@$00@@@std@@QAEXPAPAU?$DequeProbeRecord@$00@@@Z"",""?destroy@?$allocator@PAU?$DequeProbeRecord@$01@@@std@@QAEXPAPAU?$DequeProbeRecord@$01@@@Z"",""?destroy@?$allocator@PAU?$DequeProbeRecord@$03@@@std@@QAEXPAPAU?$DequeProbeRecord@$03@@@Z"",""?destroy@?$allocator@PAU?$DequeProbeRecord@$07@@@std@@QAEXPAPAU?$DequeProbeRecord@$07@@@Z"",""?destroy@?$allocator@PAU?$DequeProbeRecord@$0BA@@@@std@@QAEXPAPAU?$DequeProbeRecord@$0BA@@@@Z"",""?destroy@?$allocator@PAU?$DequeProbeRecord@$0CA@@@@std@@QAEXPAPAU?$DequeProbeRecord@$0CA@@@@Z"",""?destroy@?$allocator@PAU?$DequeProbeRecord@$0EA@@@@std@@QAEXPAPAU?$DequeProbeRecord@$0EA@@@@Z"",""?destroy@?$allocator@U?$DequeProbeRecord@$00@@@std@@QAEXPAU?$DequeProbeRecord@$00@@@Z"",""?destroy@?$allocator@U?$DequeProbeRecord@$01@@@std@@QAEXPAU?$DequeProbeRecord@$01@@@Z"",""?destroy@?$allocator@U?$DequeProbeRecord@$03@@@std@@QAEXPAU?$DequeProbeRecord@$03@@@Z"",""?destroy@?$allocator@U?$DequeProbeRecord@$07@@@std@@QAEXPAU?$DequeProbeRecord@$07@@@Z"",""?destroy@?$allocator@U?$DequeProbeRecord@$0BA@@@@std@@QAEXPAU?$DequeProbeRecord@$0BA@@@@Z"",""?destroy@?$allocator@U?$DequeProbeRecord@$0CA@@@@std@@QAEXPAU?$DequeProbeRecord@$0CA@@@@Z"",""?destroy@?$allocator@U?$DequeProbeRecord@$0EA@@@@std@@QAEXPAU?$DequeProbeRecord@$0EA@@@@Z""]",f15b6ab0bb8c123fee8171d5aa3537e37ca40958350e515dc8a11a0d87089971,5e91ab8c436b5983babde899cf27e804ea2b89920acc2ce3e2c68c2effc53707,"[{""offset"":12,""type"":""REL32"",""symbol"":""??$_Destroy@PAU?$DequeProbeRecord@$00@@@std@@YAXPAPAU?$DequeProbeRecord@$00@@@Z"",""addend"":0,""target_address"":""0x0045CB90""}]",0,0x0045C480,116,R074
0x0045C900,25,?destroy,?destroy@?$allocator@PAU?$DequeProbeRecord@$00@@@std@@QAEXPAPAU?$DequeProbeRecord@$00@@@Z,"[""?destroy@?$allocator@PAU?$DequeProbeRecord@$00@@@std@@QAEXPAPAU?$DequeProbeRecord@$00@@@Z"",""?destroy@?$allocator@PAU?$DequeProbeRecord@$01@@@std@@QAEXPAPAU?$DequeProbeRecord@$01@@@Z"",""?destroy@?$allocator@PAU?$DequeProbeRecord@$03@@@std@@QAEXPAPAU?$DequeProbeRecord@$03@@@Z"",""?destroy@?$allocator@PAU?$DequeProbeRecord@$07@@@std@@QAEXPAPAU?$DequeProbeRecord@$07@@@Z"",""?destroy@?$allocator@PAU?$DequeProbeRecord@$0BA@@@@std@@QAEXPAPAU?$DequeProbeRecord@$0BA@@@@Z"",""?destroy@?$allocator@PAU?$DequeProbeRecord@$0CA@@@@std@@QAEXPAPAU?$DequeProbeRecord@$0CA@@@@Z"",""?destroy@?$allocator@PAU?$DequeProbeRecord@$0EA@@@@std@@QAEXPAPAU?$DequeProbeRecord@$0EA@@@@Z"",""?destroy@?$allocator@U?$DequeProbeRecord@$00@@@std@@QAEXPAU?$DequeProbeRecord@$00@@@Z"",""?destroy@?$allocator@U?$DequeProbeRecord@$01@@@std@@QAEXPAU?$DequeProbeRecord@$01@@@Z"",""?destroy@?$allocator@U?$DequeProbeRecord@$03@@@std@@QAEXPAU?$DequeProbeRecord@$03@@@Z"",""?destroy@?$allocator@U?$DequeProbeRecord@$07@@@std@@QAEXPAU?$DequeProbeRecord@$07@@@Z"",""?destroy@?$allocator@U?$DequeProbeRecord@$0BA@@@@std@@QAEXPAU?$DequeProbeRecord@$0BA@@@@Z"",""?destroy@?$allocator@U?$DequeProbeRecord@$0CA@@@@std@@QAEXPAU?$DequeProbeRecord@$0CA@@@@Z"",""?destroy@?$allocator@U?$DequeProbeRecord@$0EA@@@@std@@QAEXPAU?$DequeProbeRecord@$0EA@@@@Z""]",f15b6ab0bb8c123fee8171d5aa3537e37ca40958350e515dc8a11a0d87089971,7cf2171500bafdfd6ebe21d74c15112a621939fefe3e617bc192e10c93629987,"[{""offset"":12,""type"":""REL32"",""symbol"":""??$_Destroy@PAU?$DequeProbeRecord@$00@@@std@@YAXPAPAU?$DequeProbeRecord@$00@@@Z"",""addend"":0,""target_address"":""0x0045CBA0""}]",0,0x0045C650,79,R074
0x0045CCD0,25,??$_Uninit_fill_n,??$_Uninit_fill_n@PAU?$DequeProbeRecord@$00@@IPAU1@@std@@YAXPAPAU?$DequeProbeRecord@$00@@IABQAU1@AAV?$allocator@PAU?$DequeProbeRecord@$00@@@0@U_Scalar_ptr_iterator_tag@0@@Z,"[""??$_Uninit_fill_n@PAU?$DequeProbeRecord@$00@@IPAU1@@std@@YAXPAPAU?$DequeProbeRecord@$00@@IABQAU1@AAV?$allocator@PAU?$DequeProbeRecord@$00@@@0@U_Scalar_ptr_iterator_tag@0@@Z"",""??$_Uninit_fill_n@PAU?$DequeProbeRecord@$01@@IPAU1@@std@@YAXPAPAU?$DequeProbeRecord@$01@@IABQAU1@AAV?$allocator@PAU?$DequeProbeRecord@$01@@@0@U_Scalar_ptr_iterator_tag@0@@Z"",""??$_Uninit_fill_n@PAU?$DequeProbeRecord@$03@@IPAU1@@std@@YAXPAPAU?$DequeProbeRecord@$03@@IABQAU1@AAV?$allocator@PAU?$DequeProbeRecord@$03@@@0@U_Scalar_ptr_iterator_tag@0@@Z"",""??$_Uninit_fill_n@PAU?$DequeProbeRecord@$07@@IPAU1@@std@@YAXPAPAU?$DequeProbeRecord@$07@@IABQAU1@AAV?$allocator@PAU?$DequeProbeRecord@$07@@@0@U_Scalar_ptr_iterator_tag@0@@Z"",""??$_Uninit_fill_n@PAU?$DequeProbeRecord@$0BA@@@IPAU1@@std@@YAXPAPAU?$DequeProbeRecord@$0BA@@@IABQAU1@AAV?$allocator@PAU?$DequeProbeRecord@$0BA@@@@0@U_Scalar_ptr_iterator_tag@0@@Z"",""??$_Uninit_fill_n@PAU?$DequeProbeRecord@$0CA@@@IPAU1@@std@@YAXPAPAU?$DequeProbeRecord@$0CA@@@IABQAU1@AAV?$allocator@PAU?$DequeProbeRecord@$0CA@@@@0@U_Scalar_ptr_iterator_tag@0@@Z"",""??$_Uninit_fill_n@PAU?$DequeProbeRecord@$0EA@@@IPAU1@@std@@YAXPAPAU?$DequeProbeRecord@$0EA@@@IABQAU1@AAV?$allocator@PAU?$DequeProbeRecord@$0EA@@@@0@U_Scalar_ptr_iterator_tag@0@@Z""]",62ebf47293d861ba6638462ba31f6f3ef8842ad965e70d1b1c186904d054fdee,8c6f72425a1087e0df8ee62ffbd68d177199bffe2d9ab04083910e172488cd6b,"[{""offset"":16,""type"":""REL32"",""symbol"":""??$fill_n@PAPAU?$DequeProbeRecord@$00@@IPAU1@@std@@YAXPAPAU?$DequeProbeRecord@$00@@IABQAU1@@Z"",""addend"":0,""target_address"":""0x0045CD20""}]",0,0x0045CA80,44,R074
0x00532380,28,??0?$_Deque_map,??0?$_Deque_map@U?$DequeProbeRecord@$00@@V?$allocator@U?$DequeProbeRecord@$00@@@std@@@std@@IAE@V?$allocator@U?$DequeProbeRecord@$00@@@1@@Z,"[""??0?$_Deque_map@U?$DequeProbeRecord@$00@@V?$allocator@U?$DequeProbeRecord@$00@@@std@@@std@@IAE@V?$allocator@U?$DequeProbeRecord@$00@@@1@@Z"",""??0?$_Deque_map@U?$DequeProbeRecord@$01@@V?$allocator@U?$DequeProbeRecord@$01@@@std@@@std@@IAE@V?$allocator@U?$DequeProbeRecord@$01@@@1@@Z"",""??0?$_Deque_map@U?$DequeProbeRecord@$03@@V?$allocator@U?$DequeProbeRecord@$03@@@std@@@std@@IAE@V?$allocator@U?$DequeProbeRecord@$03@@@1@@Z"",""??0?$_Deque_map@U?$DequeProbeRecord@$07@@V?$allocator@U?$DequeProbeRecord@$07@@@std@@@std@@IAE@V?$allocator@U?$DequeProbeRecord@$07@@@1@@Z"",""??0?$_Deque_map@U?$DequeProbeRecord@$0BA@@@V?$allocator@U?$DequeProbeRecord@$0BA@@@@std@@@std@@IAE@V?$allocator@U?$DequeProbeRecord@$0BA@@@@1@@Z"",""??0?$_Deque_map@U?$DequeProbeRecord@$0CA@@@V?$allocator@U?$DequeProbeRecord@$0CA@@@@std@@@std@@IAE@V?$allocator@U?$DequeProbeRecord@$0CA@@@@1@@Z"",""??0?$_Deque_map@U?$DequeProbeRecord@$0EA@@@V?$allocator@U?$DequeProbeRecord@$0EA@@@@std@@@std@@IAE@V?$allocator@U?$DequeProbeRecord@$0EA@@@@1@@Z""]",5a5bc7571b31897ab7b4704700b6d6b4d822e8789a3d0fe9b04b456b4a95f896,af2f2dbd9497c6211826c075bddff76669cca502e8426333c167836219b6629c,"[{""offset"":15,""type"":""REL32"",""symbol"":""??$?0U?$DequeProbeRecord@$00@@@?$allocator@PAU?$DequeProbeRecord@$00@@@std@@QAE@ABV?$allocator@U?$DequeProbeRecord@$00@@@1@@Z"",""addend"":0,""target_address"":""0x00532510""}]",0,0x00532250,25,R074
0x005F8B10,27,?allocate,?allocate@?$allocator@PAU?$DequeProbeRecord@$00@@@std@@QAEPAPAU?$DequeProbeRecord@$00@@I@Z,"[""?allocate@?$allocator@PAU?$DequeProbeRecord@$00@@@std@@QAEPAPAU?$DequeProbeRecord@$00@@I@Z"",""?allocate@?$allocator@PAU?$DequeProbeRecord@$01@@@std@@QAEPAPAU?$DequeProbeRecord@$01@@I@Z"",""?allocate@?$allocator@PAU?$DequeProbeRecord@$03@@@std@@QAEPAPAU?$DequeProbeRecord@$03@@I@Z"",""?allocate@?$allocator@PAU?$DequeProbeRecord@$07@@@std@@QAEPAPAU?$DequeProbeRecord@$07@@I@Z"",""?allocate@?$allocator@PAU?$DequeProbeRecord@$0BA@@@@std@@QAEPAPAU?$DequeProbeRecord@$0BA@@@I@Z"",""?allocate@?$allocator@PAU?$DequeProbeRecord@$0CA@@@@std@@QAEPAPAU?$DequeProbeRecord@$0CA@@@I@Z"",""?allocate@?$allocator@PAU?$DequeProbeRecord@$0EA@@@@std@@QAEPAPAU?$DequeProbeRecord@$0EA@@@I@Z"",""?allocate@?$allocator@U?$DequeProbeRecord@$00@@@std@@QAEPAU?$DequeProbeRecord@$00@@I@Z"",""?allocate@?$allocator@U?$DequeProbeRecord@$01@@@std@@QAEPAU?$DequeProbeRecord@$01@@I@Z"",""?allocate@?$allocator@U?$DequeProbeRecord@$03@@@std@@QAEPAU?$DequeProbeRecord@$03@@I@Z"",""?allocate@?$allocator@U?$DequeProbeRecord@$07@@@std@@QAEPAU?$DequeProbeRecord@$07@@I@Z"",""?allocate@?$allocator@U?$DequeProbeRecord@$0BA@@@@std@@QAEPAU?$DequeProbeRecord@$0BA@@@I@Z"",""?allocate@?$allocator@U?$DequeProbeRecord@$0CA@@@@std@@QAEPAU?$DequeProbeRecord@$0CA@@@I@Z"",""?allocate@?$allocator@U?$DequeProbeRecord@$0EA@@@@std@@QAEPAU?$DequeProbeRecord@$0EA@@@I@Z""]",76fb3dabc7b7eea5850822eba2d953b3b8e0320e33383773c37a3afd919292f3,5e825f65e4f57b784c40517b319b93c55fbec77f41c815cd8f1531476df12d33,"[{""offset"":14,""type"":""REL32"",""symbol"":""??$_Allocate@PAU?$DequeProbeRecord@$00@@@std@@YAPAPAU?$DequeProbeRecord@$00@@IPAPAU1@@Z"",""addend"":0,""target_address"":""0x005FA110""}]",0,0x005F81B0,136,R074
0x005F8B30,29,?construct,?construct@?$allocator@U?$DequeProbeRecord@$00@@@std@@QAEXPAU?$DequeProbeRecord@$00@@ABU3@@Z,"[""?construct@?$allocator@U?$DequeProbeRecord@$00@@@std@@QAEXPAU?$DequeProbeRecord@$00@@ABU3@@Z"",""?construct@?$allocator@U?$DequeProbeRecord@$01@@@std@@QAEXPAU?$DequeProbeRecord@$01@@ABU3@@Z"",""?construct@?$allocator@U?$DequeProbeRecord@$03@@@std@@QAEXPAU?$DequeProbeRecord@$03@@ABU3@@Z"",""?construct@?$allocator@U?$DequeProbeRecord@$07@@@std@@QAEXPAU?$DequeProbeRecord@$07@@ABU3@@Z"",""?construct@?$allocator@U?$DequeProbeRecord@$0BA@@@@std@@QAEXPAU?$DequeProbeRecord@$0BA@@@ABU3@@Z"",""?construct@?$allocator@U?$DequeProbeRecord@$0CA@@@@std@@QAEXPAU?$DequeProbeRecord@$0CA@@@ABU3@@Z"",""?construct@?$allocator@U?$DequeProbeRecord@$0EA@@@@std@@QAEXPAU?$DequeProbeRecord@$0EA@@@ABU3@@Z""]",7c6d9fb49bf679d9ce24e0ea5fcdcc441c4a612bbc57f5c6c01fdb7e501bdce0,a1d77775cf8302fc0c44839fb3314032c9cc6f9a9577c523e36fd549019503e6,"[{""offset"":16,""type"":""REL32"",""symbol"":""??$_Construct@U?$DequeProbeRecord@$00@@U1@@std@@YAXPAU?$DequeProbeRecord@$00@@ABU1@@Z"",""addend"":0,""target_address"":""0x005FA130""}]",0,0x005F81B0,191,R074
0x005F90B0,22,?max_size,?max_size@?$deque@U?$DequeProbeRecord@$00@@V?$allocator@U?$DequeProbeRecord@$00@@@std@@@std@@QBEIXZ,"[""?max_size@?$deque@U?$DequeProbeRecord@$00@@V?$allocator@U?$DequeProbeRecord@$00@@@std@@@std@@QBEIXZ"",""?max_size@?$deque@U?$DequeProbeRecord@$01@@V?$allocator@U?$DequeProbeRecord@$01@@@std@@@std@@QBEIXZ"",""?max_size@?$deque@U?$DequeProbeRecord@$03@@V?$allocator@U?$DequeProbeRecord@$03@@@std@@@std@@QBEIXZ"",""?max_size@?$deque@U?$DequeProbeRecord@$07@@V?$allocator@U?$DequeProbeRecord@$07@@@std@@@std@@QBEIXZ"",""?max_size@?$deque@U?$DequeProbeRecord@$0BA@@@V?$allocator@U?$DequeProbeRecord@$0BA@@@@std@@@std@@QBEIXZ"",""?max_size@?$deque@U?$DequeProbeRecord@$0CA@@@V?$allocator@U?$DequeProbeRecord@$0CA@@@@std@@@std@@QBEIXZ"",""?max_size@?$deque@U?$DequeProbeRecord@$0EA@@@V?$allocator@U?$DequeProbeRecord@$0EA@@@@std@@@std@@QBEIXZ""]",036ac8295c572d4c8b872d83a60757d79e408d2f452ee1bad9de69a885252f44,bdffe784e3351e84cd18b275ab7531e081ff70671407843b60eb6a957bf79b63,"[{""offset"":14,""type"":""REL32"",""symbol"":""?max_size@?$allocator@U?$DequeProbeRecord@$00@@@std@@QBEIXZ"",""addend"":0,""target_address"":""0x005F99E0""}]",0,0x005F87F0,13,R074
0x005F92A0,28,??0?$_Deque_map,??0?$_Deque_map@U?$DequeProbeRecord@$00@@V?$allocator@U?$DequeProbeRecord@$00@@@std@@@std@@IAE@V?$allocator@U?$DequeProbeRecord@$00@@@1@@Z,"[""??0?$_Deque_map@U?$DequeProbeRecord@$00@@V?$allocator@U?$DequeProbeRecord@$00@@@std@@@std@@IAE@V?$allocator@U?$DequeProbeRecord@$00@@@1@@Z"",""??0?$_Deque_map@U?$DequeProbeRecord@$01@@V?$allocator@U?$DequeProbeRecord@$01@@@std@@@std@@IAE@V?$allocator@U?$DequeProbeRecord@$01@@@1@@Z"",""??0?$_Deque_map@U?$DequeProbeRecord@$03@@V?$allocator@U?$DequeProbeRecord@$03@@@std@@@std@@IAE@V?$allocator@U?$DequeProbeRecord@$03@@@1@@Z"",""??0?$_Deque_map@U?$DequeProbeRecord@$07@@V?$allocator@U?$DequeProbeRecord@$07@@@std@@@std@@IAE@V?$allocator@U?$DequeProbeRecord@$07@@@1@@Z"",""??0?$_Deque_map@U?$DequeProbeRecord@$0BA@@@V?$allocator@U?$DequeProbeRecord@$0BA@@@@std@@@std@@IAE@V?$allocator@U?$DequeProbeRecord@$0BA@@@@1@@Z"",""??0?$_Deque_map@U?$DequeProbeRecord@$0CA@@@V?$allocator@U?$DequeProbeRecord@$0CA@@@@std@@@std@@IAE@V?$allocator@U?$DequeProbeRecord@$0CA@@@@1@@Z"",""??0?$_Deque_map@U?$DequeProbeRecord@$0EA@@@V?$allocator@U?$DequeProbeRecord@$0EA@@@@std@@@std@@IAE@V?$allocator@U?$DequeProbeRecord@$0EA@@@@1@@Z""]",5a5bc7571b31897ab7b4704700b6d6b4d822e8789a3d0fe9b04b456b4a95f896,986d81980116f3291318114a32c590b50d9398095024642a8c21f7e49b877bd3,"[{""offset"":15,""type"":""REL32"",""symbol"":""??$?0U?$DequeProbeRecord@$00@@@?$allocator@PAU?$DequeProbeRecord@$00@@@std@@QAE@ABV?$allocator@U?$DequeProbeRecord@$00@@@1@@Z"",""addend"":0,""target_address"":""0x005FA210""}]",0,0x005F8AC0,25,R074
0x005F92D0,25,?deallocate,?deallocate@?$allocator@PAU?$DequeProbeRecord@$00@@@std@@QAEXPAPAU?$DequeProbeRecord@$00@@I@Z,"[""?deallocate@?$allocator@PAU?$DequeProbeRecord@$00@@@std@@QAEXPAPAU?$DequeProbeRecord@$00@@I@Z"",""?deallocate@?$allocator@PAU?$DequeProbeRecord@$01@@@std@@QAEXPAPAU?$DequeProbeRecord@$01@@I@Z"",""?deallocate@?$allocator@PAU?$DequeProbeRecord@$03@@@std@@QAEXPAPAU?$DequeProbeRecord@$03@@I@Z"",""?deallocate@?$allocator@PAU?$DequeProbeRecord@$07@@@std@@QAEXPAPAU?$DequeProbeRecord@$07@@I@Z"",""?deallocate@?$allocator@PAU?$DequeProbeRecord@$0BA@@@@std@@QAEXPAPAU?$DequeProbeRecord@$0BA@@@I@Z"",""?deallocate@?$allocator@PAU?$DequeProbeRecord@$0CA@@@@std@@QAEXPAPAU?$DequeProbeRecord@$0CA@@@I@Z"",""?deallocate@?$allocator@PAU?$DequeProbeRecord@$0EA@@@@std@@QAEXPAPAU?$DequeProbeRecord@$0EA@@@I@Z"",""?deallocate@?$allocator@U?$DequeProbeRecord@$00@@@std@@QAEXPAU?$DequeProbeRecord@$00@@I@Z"",""?deallocate@?$allocator@U?$DequeProbeRecord@$01@@@std@@QAEXPAU?$DequeProbeRecord@$01@@I@Z"",""?deallocate@?$allocator@U?$DequeProbeRecord@$03@@@std@@QAEXPAU?$DequeProbeRecord@$03@@I@Z"",""?deallocate@?$allocator@U?$DequeProbeRecord@$07@@@std@@QAEXPAU?$DequeProbeRecord@$07@@I@Z"",""?deallocate@?$allocator@U?$DequeProbeRecord@$0BA@@@@std@@QAEXPAU?$DequeProbeRecord@$0BA@@@I@Z"",""?deallocate@?$allocator@U?$DequeProbeRecord@$0CA@@@@std@@QAEXPAU?$DequeProbeRecord@$0CA@@@I@Z"",""?deallocate@?$allocator@U?$DequeProbeRecord@$0EA@@@@std@@QAEXPAU?$DequeProbeRecord@$0EA@@@I@Z""]",98d8393a76ac9fbc41250c6069af9c5f734d1f3529f958ca7e72be42b1585abc,d4b34bd8fe28bc70afe12b4b9db4ce1f864b6d34ce96f4af3bb72aed58744ba7,"[{""offset"":12,""type"":""REL32"",""symbol"":""??3@YAXPAX@Z"",""addend"":0,""target_address"":""0x00640F15""}]",0,0x005F8A00,95,R074
0x005F92F0,25,?deallocate,?deallocate@?$allocator@PAU?$DequeProbeRecord@$00@@@std@@QAEXPAPAU?$DequeProbeRecord@$00@@I@Z,"[""?deallocate@?$allocator@PAU?$DequeProbeRecord@$00@@@std@@QAEXPAPAU?$DequeProbeRecord@$00@@I@Z"",""?deallocate@?$allocator@PAU?$DequeProbeRecord@$01@@@std@@QAEXPAPAU?$DequeProbeRecord@$01@@I@Z"",""?deallocate@?$allocator@PAU?$DequeProbeRecord@$03@@@std@@QAEXPAPAU?$DequeProbeRecord@$03@@I@Z"",""?deallocate@?$allocator@PAU?$DequeProbeRecord@$07@@@std@@QAEXPAPAU?$DequeProbeRecord@$07@@I@Z"",""?deallocate@?$allocator@PAU?$DequeProbeRecord@$0BA@@@@std@@QAEXPAPAU?$DequeProbeRecord@$0BA@@@I@Z"",""?deallocate@?$allocator@PAU?$DequeProbeRecord@$0CA@@@@std@@QAEXPAPAU?$DequeProbeRecord@$0CA@@@I@Z"",""?deallocate@?$allocator@PAU?$DequeProbeRecord@$0EA@@@@std@@QAEXPAPAU?$DequeProbeRecord@$0EA@@@I@Z"",""?deallocate@?$allocator@U?$DequeProbeRecord@$00@@@std@@QAEXPAU?$DequeProbeRecord@$00@@I@Z"",""?deallocate@?$allocator@U?$DequeProbeRecord@$01@@@std@@QAEXPAU?$DequeProbeRecord@$01@@I@Z"",""?deallocate@?$allocator@U?$DequeProbeRecord@$03@@@std@@QAEXPAU?$DequeProbeRecord@$03@@I@Z"",""?deallocate@?$allocator@U?$DequeProbeRecord@$07@@@std@@QAEXPAU?$DequeProbeRecord@$07@@I@Z"",""?deallocate@?$allocator@U?$DequeProbeRecord@$0BA@@@@std@@QAEXPAU?$DequeProbeRecord@$0BA@@@I@Z"",""?deallocate@?$allocator@U?$DequeProbeRecord@$0CA@@@@std@@QAEXPAU?$DequeProbeRecord@$0CA@@@I@Z"",""?deallocate@?$allocator@U?$DequeProbeRecord@$0EA@@@@std@@QAEXPAU?$DequeProbeRecord@$0EA@@@I@Z""]",98d8393a76ac9fbc41250c6069af9c5f734d1f3529f958ca7e72be42b1585abc,94922121aaa92272764b3f1b9e41e51b6e9dc6ea0805c691ef1b298d96c1c429,"[{""offset"":12,""type"":""REL32"",""symbol"":""??3@YAXPAX@Z"",""addend"":0,""target_address"":""0x00640F15""}]",0,0x005F87F0,486,R074
0x005F9310,27,?allocate,?allocate@?$allocator@PAU?$DequeProbeRecord@$00@@@std@@QAEPAPAU?$DequeProbeRecord@$00@@I@Z,"[""?allocate@?$allocator@PAU?$DequeProbeRecord@$00@@@std@@QAEPAPAU?$DequeProbeRecord@$00@@I@Z"",""?allocate@?$allocator@PAU?$DequeProbeRecord@$01@@@std@@QAEPAPAU?$DequeProbeRecord@$01@@I@Z"",""?allocate@?$allocator@PAU?$DequeProbeRecord@$03@@@std@@QAEPAPAU?$DequeProbeRecord@$03@@I@Z"",""?allocate@?$allocator@PAU?$DequeProbeRecord@$07@@@std@@QAEPAPAU?$DequeProbeRecord@$07@@I@Z"",""?allocate@?$allocator@PAU?$DequeProbeRecord@$0BA@@@@std@@QAEPAPAU?$DequeProbeRecord@$0BA@@@I@Z"",""?allocate@?$allocator@PAU?$DequeProbeRecord@$0CA@@@@std@@QAEPAPAU?$DequeProbeRecord@$0CA@@@I@Z"",""?allocate@?$allocator@PAU?$DequeProbeRecord@$0EA@@@@std@@QAEPAPAU?$DequeProbeRecord@$0EA@@@I@Z"",""?allocate@?$allocator@U?$DequeProbeRecord@$00@@@std@@QAEPAU?$DequeProbeRecord@$00@@I@Z"",""?allocate@?$allocator@U?$DequeProbeRecord@$01@@@std@@QAEPAU?$DequeProbeRecord@$01@@I@Z"",""?allocate@?$allocator@U?$DequeProbeRecord@$03@@@std@@QAEPAU?$DequeProbeRecord@$03@@I@Z"",""?allocate@?$allocator@U?$DequeProbeRecord@$07@@@std@@QAEPAU?$DequeProbeRecord@$07@@I@Z"",""?allocate@?$allocator@U?$DequeProbeRecord@$0BA@@@@std@@QAEPAU?$DequeProbeRecord@$0BA@@@I@Z"",""?allocate@?$allocator@U?$DequeProbeRecord@$0CA@@@@std@@QAEPAU?$DequeProbeRecord@$0CA@@@I@Z"",""?allocate@?$allocator@U?$DequeProbeRecord@$0EA@@@@std@@QAEPAU?$DequeProbeRecord@$0EA@@@I@Z""]",76fb3dabc7b7eea5850822eba2d953b3b8e0320e33383773c37a3afd919292f3,400ec23f8ba5057e3d5e134021ad229e3c3a5b922c1ee9f6e0b37f6823dddf56,"[{""offset"":14,""type"":""REL32"",""symbol"":""??$_Allocate@PAU?$DequeProbeRecord@$00@@@std@@YAPAPAU?$DequeProbeRecord@$00@@IPAPAU1@@Z"",""addend"":0,""target_address"":""0x005FA220""}]",0,0x005F87F0,125,R074
0x005F9330,25,?destroy,?destroy@?$allocator@PAU?$DequeProbeRecord@$00@@@std@@QAEXPAPAU?$DequeProbeRecord@$00@@@Z,"[""?destroy@?$allocator@PAU?$DequeProbeRecord@$00@@@std@@QAEXPAPAU?$DequeProbeRecord@$00@@@Z"",""?destroy@?$allocator@PAU?$DequeProbeRecord@$01@@@std@@QAEXPAPAU?$DequeProbeRecord@$01@@@Z"",""?destroy@?$allocator@PAU?$DequeProbeRecord@$03@@@std@@QAEXPAPAU?$DequeProbeRecord@$03@@@Z"",""?destroy@?$allocator@PAU?$DequeProbeRecord@$07@@@std@@QAEXPAPAU?$DequeProbeRecord@$07@@@Z"",""?destroy@?$allocator@PAU?$DequeProbeRecord@$0BA@@@@std@@QAEXPAPAU?$DequeProbeRecord@$0BA@@@@Z"",""?destroy@?$allocator@PAU?$DequeProbeRecord@$0CA@@@@std@@QAEXPAPAU?$DequeProbeRecord@$0CA@@@@Z"",""?destroy@?$allocator@PAU?$DequeProbeRecord@$0EA@@@@std@@QAEXPAPAU?$DequeProbeRecord@$0EA@@@@Z"",""?destroy@?$allocator@U?$DequeProbeRecord@$00@@@std@@QAEXPAU?$DequeProbeRecord@$00@@@Z"",""?destroy@?$allocator@U?$DequeProbeRecord@$01@@@std@@QAEXPAU?$DequeProbeRecord@$01@@@Z"",""?destroy@?$allocator@U?$DequeProbeRecord@$03@@@std@@QAEXPAU?$DequeProbeRecord@$03@@@Z"",""?destroy@?$allocator@U?$DequeProbeRecord@$07@@@std@@QAEXPAU?$DequeProbeRecord@$07@@@Z"",""?destroy@?$allocator@U?$DequeProbeRecord@$0BA@@@@std@@QAEXPAU?$DequeProbeRecord@$0BA@@@@Z"",""?destroy@?$allocator@U?$DequeProbeRecord@$0CA@@@@std@@QAEXPAU?$DequeProbeRecord@$0CA@@@@Z"",""?destroy@?$allocator@U?$DequeProbeRecord@$0EA@@@@std@@QAEXPAU?$DequeProbeRecord@$0EA@@@@Z""]",f15b6ab0bb8c123fee8171d5aa3537e37ca40958350e515dc8a11a0d87089971,ee7f3044e551a234b42220964160edbddda93c1bdf9a3d3c38ffea57edd630d5,"[{""offset"":12,""type"":""REL32"",""symbol"":""??$_Destroy@PAU?$DequeProbeRecord@$00@@@std@@YAXPAPAU?$DequeProbeRecord@$00@@@Z"",""addend"":0,""target_address"":""0x005FA240""}]",0,0x005F8A00,116,R074
0x005F99C0,25,?destroy,?destroy@?$allocator@PAU?$DequeProbeRecord@$00@@@std@@QAEXPAPAU?$DequeProbeRecord@$00@@@Z,"[""?destroy@?$allocator@PAU?$DequeProbeRecord@$00@@@std@@QAEXPAPAU?$DequeProbeRecord@$00@@@Z"",""?destroy@?$allocator@PAU?$DequeProbeRecord@$01@@@std@@QAEXPAPAU?$DequeProbeRecord@$01@@@Z"",""?destroy@?$allocator@PAU?$DequeProbeRecord@$03@@@std@@QAEXPAPAU?$DequeProbeRecord@$03@@@Z"",""?destroy@?$allocator@PAU?$DequeProbeRecord@$07@@@std@@QAEXPAPAU?$DequeProbeRecord@$07@@@Z"",""?destroy@?$allocator@PAU?$DequeProbeRecord@$0BA@@@@std@@QAEXPAPAU?$DequeProbeRecord@$0BA@@@@Z"",""?destroy@?$allocator@PAU?$DequeProbeRecord@$0CA@@@@std@@QAEXPAPAU?$DequeProbeRecord@$0CA@@@@Z"",""?destroy@?$allocator@PAU?$DequeProbeRecord@$0EA@@@@std@@QAEXPAPAU?$DequeProbeRecord@$0EA@@@@Z"",""?destroy@?$allocator@U?$DequeProbeRecord@$00@@@std@@QAEXPAU?$DequeProbeRecord@$00@@@Z"",""?destroy@?$allocator@U?$DequeProbeRecord@$01@@@std@@QAEXPAU?$DequeProbeRecord@$01@@@Z"",""?destroy@?$allocator@U?$DequeProbeRecord@$03@@@std@@QAEXPAU?$DequeProbeRecord@$03@@@Z"",""?destroy@?$allocator@U?$DequeProbeRecord@$07@@@std@@QAEXPAU?$DequeProbeRecord@$07@@@Z"",""?destroy@?$allocator@U?$DequeProbeRecord@$0BA@@@@std@@QAEXPAU?$DequeProbeRecord@$0BA@@@@Z"",""?destroy@?$allocator@U?$DequeProbeRecord@$0CA@@@@std@@QAEXPAU?$DequeProbeRecord@$0CA@@@@Z"",""?destroy@?$allocator@U?$DequeProbeRecord@$0EA@@@@std@@QAEXPAU?$DequeProbeRecord@$0EA@@@@Z""]",f15b6ab0bb8c123fee8171d5aa3537e37ca40958350e515dc8a11a0d87089971,fb2c1097aae1b2ec176e2c5ce6a9607d821a059c694e451232ca559541c35abe,"[{""offset"":12,""type"":""REL32"",""symbol"":""??$_Destroy@PAU?$DequeProbeRecord@$00@@@std@@YAXPAPAU?$DequeProbeRecord@$00@@@Z"",""addend"":0,""target_address"":""0x005FA3A0""}]",0,0x005F90F0,79,R074
0x005FA5F0,25,??$_Uninit_fill_n,??$_Uninit_fill_n@PAU?$DequeProbeRecord@$00@@IPAU1@@std@@YAXPAPAU?$DequeProbeRecord@$00@@IABQAU1@AAV?$allocator@PAU?$DequeProbeRecord@$00@@@0@U_Scalar_ptr_iterator_tag@0@@Z,"[""??$_Uninit_fill_n@PAU?$DequeProbeRecord@$00@@IPAU1@@std@@YAXPAPAU?$DequeProbeRecord@$00@@IABQAU1@AAV?$allocator@PAU?$DequeProbeRecord@$00@@@0@U_Scalar_ptr_iterator_tag@0@@Z"",""??$_Uninit_fill_n@PAU?$DequeProbeRecord@$01@@IPAU1@@std@@YAXPAPAU?$DequeProbeRecord@$01@@IABQAU1@AAV?$allocator@PAU?$DequeProbeRecord@$01@@@0@U_Scalar_ptr_iterator_tag@0@@Z"",""??$_Uninit_fill_n@PAU?$DequeProbeRecord@$03@@IPAU1@@std@@YAXPAPAU?$DequeProbeRecord@$03@@IABQAU1@AAV?$allocator@PAU?$DequeProbeRecord@$03@@@0@U_Scalar_ptr_iterator_tag@0@@Z"",""??$_Uninit_fill_n@PAU?$DequeProbeRecord@$07@@IPAU1@@std@@YAXPAPAU?$DequeProbeRecord@$07@@IABQAU1@AAV?$allocator@PAU?$DequeProbeRecord@$07@@@0@U_Scalar_ptr_iterator_tag@0@@Z"",""??$_Uninit_fill_n@PAU?$DequeProbeRecord@$0BA@@@IPAU1@@std@@YAXPAPAU?$DequeProbeRecord@$0BA@@@IABQAU1@AAV?$allocator@PAU?$DequeProbeRecord@$0BA@@@@0@U_Scalar_ptr_iterator_tag@0@@Z"",""??$_Uninit_fill_n@PAU?$DequeProbeRecord@$0CA@@@IPAU1@@std@@YAXPAPAU?$DequeProbeRecord@$0CA@@@IABQAU1@AAV?$allocator@PAU?$DequeProbeRecord@$0CA@@@@0@U_Scalar_ptr_iterator_tag@0@@Z"",""??$_Uninit_fill_n@PAU?$DequeProbeRecord@$0EA@@@IPAU1@@std@@YAXPAPAU?$DequeProbeRecord@$0EA@@@IABQAU1@AAV?$allocator@PAU?$DequeProbeRecord@$0EA@@@@0@U_Scalar_ptr_iterator_tag@0@@Z""]",62ebf47293d861ba6638462ba31f6f3ef8842ad965e70d1b1c186904d054fdee,c9576e3a973c2e7df1ce9e03c94c82c778922bfe6162c280d260e455f9fbf2be,"[{""offset"":16,""type"":""REL32"",""symbol"":""??$fill_n@PAPAU?$DequeProbeRecord@$00@@IPAU1@@std@@YAXPAPAU?$DequeProbeRecord@$00@@IABQAU1@@Z"",""addend"":0,""target_address"":""0x005FA930""}]",0,0x005FA090,44,R074
0x005FA8B0,25,??$_Uninit_fill_n,??$_Uninit_fill_n@PAU?$DequeProbeRecord@$00@@IPAU1@@std@@YAXPAPAU?$DequeProbeRecord@$00@@IABQAU1@AAV?$allocator@PAU?$DequeProbeRecord@$00@@@0@U_Scalar_ptr_iterator_tag@0@@Z,"[""??$_Uninit_fill_n@PAU?$DequeProbeRecord@$00@@IPAU1@@std@@YAXPAPAU?$DequeProbeRecord@$00@@IABQAU1@AAV?$allocator@PAU?$DequeProbeRecord@$00@@@0@U_Scalar_ptr_iterator_tag@0@@Z"",""??$_Uninit_fill_n@PAU?$DequeProbeRecord@$01@@IPAU1@@std@@YAXPAPAU?$DequeProbeRecord@$01@@IABQAU1@AAV?$allocator@PAU?$DequeProbeRecord@$01@@@0@U_Scalar_ptr_iterator_tag@0@@Z"",""??$_Uninit_fill_n@PAU?$DequeProbeRecord@$03@@IPAU1@@std@@YAXPAPAU?$DequeProbeRecord@$03@@IABQAU1@AAV?$allocator@PAU?$DequeProbeRecord@$03@@@0@U_Scalar_ptr_iterator_tag@0@@Z"",""??$_Uninit_fill_n@PAU?$DequeProbeRecord@$07@@IPAU1@@std@@YAXPAPAU?$DequeProbeRecord@$07@@IABQAU1@AAV?$allocator@PAU?$DequeProbeRecord@$07@@@0@U_Scalar_ptr_iterator_tag@0@@Z"",""??$_Uninit_fill_n@PAU?$DequeProbeRecord@$0BA@@@IPAU1@@std@@YAXPAPAU?$DequeProbeRecord@$0BA@@@IABQAU1@AAV?$allocator@PAU?$DequeProbeRecord@$0BA@@@@0@U_Scalar_ptr_iterator_tag@0@@Z"",""??$_Uninit_fill_n@PAU?$DequeProbeRecord@$0CA@@@IPAU1@@std@@YAXPAPAU?$DequeProbeRecord@$0CA@@@IABQAU1@AAV?$allocator@PAU?$DequeProbeRecord@$0CA@@@@0@U_Scalar_ptr_iterator_tag@0@@Z"",""??$_Uninit_fill_n@PAU?$DequeProbeRecord@$0EA@@@IPAU1@@std@@YAXPAPAU?$DequeProbeRecord@$0EA@@@IABQAU1@AAV?$allocator@PAU?$DequeProbeRecord@$0EA@@@@0@U_Scalar_ptr_iterator_tag@0@@Z""]",62ebf47293d861ba6638462ba31f6f3ef8842ad965e70d1b1c186904d054fdee,2ba54d46aae686f96f39a494cdc6578b0e947a0d8e8de7e1f9498e60059c61cd,"[{""offset"":16,""type"":""REL32"",""symbol"":""??$fill_n@PAPAU?$DequeProbeRecord@$00@@IPAU1@@std@@YAXPAPAU?$DequeProbeRecord@$00@@IABQAU1@@Z"",""addend"":0,""target_address"":""0x005FAA50""}]",0,0x005FA490,44,R074
