address,size,family_key,coff_symbol,matching_symbols,source_sha256,body_sha256,relocation_bindings,indirect_call_count,evidence_id
0x0040A700,55,??$_Uninitialized_copy,??$_Uninitialized_copy@PAPAU?$DequeProbeRecord@$00@@PAPAU1@V?$allocator@PAU?$DequeProbeRecord@$00@@@std@@@std@@YAPAPAU?$DequeProbeRecord@$00@@PAPAU1@00AAV?$allocator@PAU?$DequeProbeRecord@$00@@@0@@Z,"[""??$_Uninitialized_copy@PAPAU?$DequeProbeRecord@$00@@PAPAU1@V?$allocator@PAU?$DequeProbeRecord@$00@@@std@@@std@@YAPAPAU?$DequeProbeRecord@$00@@PAPAU1@00AAV?$allocator@PAU?$DequeProbeRecord@$00@@@0@@Z"",""??$_Uninitialized_copy@PAPAU?$DequeProbeRecord@$01@@PAPAU1@V?$allocator@PAU?$DequeProbeRecord@$01@@@std@@@std@@YAPAPAU?$DequeProbeRecord@$01@@PAPAU1@00AAV?$allocator@PAU?$DequeProbeRecord@$01@@@0@@Z"",""??$_Uninitialized_copy@PAPAU?$DequeProbeRecord@$03@@PAPAU1@V?$allocator@PAU?$DequeProbeRecord@$03@@@std@@@std@@YAPAPAU?$DequeProbeRecord@$03@@PAPAU1@00AAV?$allocator@PAU?$DequeProbeRecord@$03@@@0@@Z"",""??$_Uninitialized_copy@PAPAU?$DequeProbeRecord@$07@@PAPAU1@V?$allocator@PAU?$DequeProbeRecord@$07@@@std@@@std@@YAPAPAU?$DequeProbeRecord@$07@@PAPAU1@00AAV?$allocator@PAU?$DequeProbeRecord@$07@@@0@@Z"",""??$_Uninitialized_copy@PAPAU?$DequeProbeRecord@$0BA@@@PAPAU1@V?$allocator@PAU?$DequeProbeRecord@$0BA@@@@std@@@std@@YAPAPAU?$DequeProbeRecord@$0BA@@@PAPAU1@00AAV?$allocator@PAU?$DequeProbeRecord@$0BA@@@@0@@Z"",""??$_Uninitialized_copy@PAPAU?$DequeProbeRecord@$0CA@@@PAPAU1@V?$allocator@PAU?$DequeProbeRecord@$0CA@@@@std@@@std@@YAPAPAU?$DequeProbeRecord@$0CA@@@PAPAU1@00AAV?$allocator@PAU?$DequeProbeRecord@$0CA@@@@0@@Z"",""??$_Uninitialized_copy@PAPAU?$DequeProbeRecord@$0EA@@@PAPAU1@V?$allocator@PAU?$DequeProbeRecord@$0EA@@@@std@@@std@@YAPAPAU?$DequeProbeRecord@$0EA@@@PAPAU1@00AAV?$allocator@PAU?$DequeProbeRecord@$0EA@@@@0@@Z""]",287825a2cecd4440f77d8e854a0218e7a29484f3e2e01ef877a2c285fc1e6e5c,bd09805bc5aa5cfc546c333644368eb83b22726bb4879d3188befe0943851ebd,"[{""offset"":13,""type"":""REL32"",""symbol"":""??$_Ptr_cat@U?$DequeProbeRecord@$00@@@std@@YA?AU_Scalar_ptr_iterator_tag@0@PAPAU?$DequeProbeRecord@$00@@0@Z"",""addend"":0,""target_address"":""0x0040AA60""},{""offset"":44,""type"":""REL32"",""symbol"":""??$_Uninit_copy@PAU?$DequeProbeRecord@$00@@PAU1@@std@@YAPAPAU?$DequeProbeRecord@$00@@PAPAU1@00AAV?$allocator@PAU?$DequeProbeRecord@$00@@@0@U_Scalar_ptr_iterator_tag@0@@Z"",""addend"":0,""target_address"":""0x0040AA70""}]",0,R073
0x0040A740,55,??$_Uninitialized_fill_n,??$_Uninitialized_fill_n@PAPAU?$DequeProbeRecord@$00@@IPAU1@V?$allocator@PAU?$DequeProbeRecord@$00@@@std@@@std@@YAXPAPAU?$DequeProbeRecord@$00@@IABQAU1@AAV?$allocator@PAU?$DequeProbeRecord@$00@@@0@@Z,"[""??$_Uninitialized_fill_n@PAPAU?$DequeProbeRecord@$00@@IPAU1@V?$allocator@PAU?$DequeProbeRecord@$00@@@std@@@std@@YAXPAPAU?$DequeProbeRecord@$00@@IABQAU1@AAV?$allocator@PAU?$DequeProbeRecord@$00@@@0@@Z"",""??$_Uninitialized_fill_n@PAPAU?$DequeProbeRecord@$01@@IPAU1@V?$allocator@PAU?$DequeProbeRecord@$01@@@std@@@std@@YAXPAPAU?$DequeProbeRecord@$01@@IABQAU1@AAV?$allocator@PAU?$DequeProbeRecord@$01@@@0@@Z"",""??$_Uninitialized_fill_n@PAPAU?$DequeProbeRecord@$03@@IPAU1@V?$allocator@PAU?$DequeProbeRecord@$03@@@std@@@std@@YAXPAPAU?$DequeProbeRecord@$03@@IABQAU1@AAV?$allocator@PAU?$DequeProbeRecord@$03@@@0@@Z"",""??$_Uninitialized_fill_n@PAPAU?$DequeProbeRecord@$07@@IPAU1@V?$allocator@PAU?$DequeProbeRecord@$07@@@std@@@std@@YAXPAPAU?$DequeProbeRecord@$07@@IABQAU1@AAV?$allocator@PAU?$DequeProbeRecord@$07@@@0@@Z"",""??$_Uninitialized_fill_n@PAPAU?$DequeProbeRecord@$0BA@@@IPAU1@V?$allocator@PAU?$DequeProbeRecord@$0BA@@@@std@@@std@@YAXPAPAU?$DequeProbeRecord@$0BA@@@IABQAU1@AAV?$allocator@PAU?$DequeProbeRecord@$0BA@@@@0@@Z"",""??$_Uninitialized_fill_n@PAPAU?$DequeProbeRecord@$0CA@@@IPAU1@V?$allocator@PAU?$DequeProbeRecord@$0CA@@@@std@@@std@@YAXPAPAU?$DequeProbeRecord@$0CA@@@IABQAU1@AAV?$allocator@PAU?$DequeProbeRecord@$0CA@@@@0@@Z"",""??$_Uninitialized_fill_n@PAPAU?$DequeProbeRecord@$0EA@@@IPAU1@V?$allocator@PAU?$DequeProbeRecord@$0EA@@@@std@@@std@@YAXPAPAU?$DequeProbeRecord@$0EA@@@IABQAU1@AAV?$allocator@PAU?$DequeProbeRecord@$0EA@@@@0@@Z""]",175c2b0811b10f79e9d3d58318d4d3ce4e55d73c0e6dcca4ddea5bd3cb989318,bd13c7d987c65bae796e43a25fb3de1bae72a8e96dd7ea91b526cf19c946f28c,"[{""offset"":13,""type"":""REL32"",""symbol"":""??$_Ptr_cat@U?$DequeProbeRecord@$00@@@std@@YA?AU_Scalar_ptr_iterator_tag@0@PAPAU?$DequeProbeRecord@$00@@0@Z"",""addend"":0,""target_address"":""0x0040AA60""},{""offset"":44,""type"":""REL32"",""symbol"":""??$_Uninit_fill_n@PAU?$DequeProbeRecord@$00@@IPAU1@@std@@YAXPAPAU?$DequeProbeRecord@$00@@IABQAU1@AAV?$allocator@PAU?$DequeProbeRecord@$00@@@0@U_Scalar_ptr_iterator_tag@0@@Z"",""addend"":0,""target_address"":""0x0040AAB0""}]",0,R073
0x0040A780,51,??$_Destroy_range,??$_Destroy_range@PAU?$DequeProbeRecord@$00@@V?$allocator@PAU?$DequeProbeRecord@$00@@@std@@@std@@YAXPAPAU?$DequeProbeRecord@$00@@0AAV?$allocator@PAU?$DequeProbeRecord@$00@@@0@@Z,"[""??$_Destroy_range@PAU?$DequeProbeRecord@$00@@V?$allocator@PAU?$DequeProbeRecord@$00@@@std@@@std@@YAXPAPAU?$DequeProbeRecord@$00@@0AAV?$allocator@PAU?$DequeProbeRecord@$00@@@0@@Z"",""??$_Destroy_range@PAU?$DequeProbeRecord@$01@@V?$allocator@PAU?$DequeProbeRecord@$01@@@std@@@std@@YAXPAPAU?$DequeProbeRecord@$01@@0AAV?$allocator@PAU?$DequeProbeRecord@$01@@@0@@Z"",""??$_Destroy_range@PAU?$DequeProbeRecord@$03@@V?$allocator@PAU?$DequeProbeRecord@$03@@@std@@@std@@YAXPAPAU?$DequeProbeRecord@$03@@0AAV?$allocator@PAU?$DequeProbeRecord@$03@@@0@@Z"",""??$_Destroy_range@PAU?$DequeProbeRecord@$07@@V?$allocator@PAU?$DequeProbeRecord@$07@@@std@@@std@@YAXPAPAU?$DequeProbeRecord@$07@@0AAV?$allocator@PAU?$DequeProbeRecord@$07@@@0@@Z"",""??$_Destroy_range@PAU?$DequeProbeRecord@$0BA@@@V?$allocator@PAU?$DequeProbeRecord@$0BA@@@@std@@@std@@YAXPAPAU?$DequeProbeRecord@$0BA@@@0AAV?$allocator@PAU?$DequeProbeRecord@$0BA@@@@0@@Z"",""??$_Destroy_range@PAU?$DequeProbeRecord@$0CA@@@V?$allocator@PAU?$DequeProbeRecord@$0CA@@@@std@@@std@@YAXPAPAU?$DequeProbeRecord@$0CA@@@0AAV?$allocator@PAU?$DequeProbeRecord@$0CA@@@@0@@Z"",""??$_Destroy_range@PAU?$DequeProbeRecord@$0EA@@@V?$allocator@PAU?$DequeProbeRecord@$0EA@@@@std@@@std@@YAXPAPAU?$DequeProbeRecord@$0EA@@@0AAV?$allocator@PAU?$DequeProbeRecord@$0EA@@@@0@@Z""]",3f42c6dd16c50d5cd9d9708fa1fd79cdb1b40aa756355124494b7f12d427c4b4,e143f6c502c8683ed72f218687a1c8def57593e5e820e8c8816ae0c71ac64917,"[{""offset"":13,""type"":""REL32"",""symbol"":""??$_Ptr_cat@U?$DequeProbeRecord@$00@@@std@@YA?AU_Scalar_ptr_iterator_tag@0@PAPAU?$DequeProbeRecord@$00@@0@Z"",""addend"":0,""target_address"":""0x0040AA60""},{""offset"":40,""type"":""REL32"",""symbol"":""??$_Destroy_range@PAU?$DequeProbeRecord@$00@@V?$allocator@PAU?$DequeProbeRecord@$00@@@std@@@std@@YAXPAPAU?$DequeProbeRecord@$00@@0AAV?$allocator@PAU?$DequeProbeRecord@$00@@@0@U_Scalar_ptr_iterator_tag@0@@Z"",""addend"":0,""target_address"":""0x0040AAD0""}]",0,R073
0x0040A880,51,??$_Destroy_range,??$_Destroy_range@PAU?$DequeProbeRecord@$00@@V?$allocator@PAU?$DequeProbeRecord@$00@@@std@@@std@@YAXPAPAU?$DequeProbeRecord@$00@@0AAV?$allocator@PAU?$DequeProbeRecord@$00@@@0@@Z,"[""??$_Destroy_range@PAU?$DequeProbeRecord@$00@@V?$allocator@PAU?$DequeProbeRecord@$00@@@std@@@std@@YAXPAPAU?$DequeProbeRecord@$00@@0AAV?$allocator@PAU?$DequeProbeRecord@$00@@@0@@Z"",""??$_Destroy_range@PAU?$DequeProbeRecord@$01@@V?$allocator@PAU?$DequeProbeRecord@$01@@@std@@@std@@YAXPAPAU?$DequeProbeRecord@$01@@0AAV?$allocator@PAU?$DequeProbeRecord@$01@@@0@@Z"",""??$_Destroy_range@PAU?$DequeProbeRecord@$03@@V?$allocator@PAU?$DequeProbeRecord@$03@@@std@@@std@@YAXPAPAU?$DequeProbeRecord@$03@@0AAV?$allocator@PAU?$DequeProbeRecord@$03@@@0@@Z"",""??$_Destroy_range@PAU?$DequeProbeRecord@$07@@V?$allocator@PAU?$DequeProbeRecord@$07@@@std@@@std@@YAXPAPAU?$DequeProbeRecord@$07@@0AAV?$allocator@PAU?$DequeProbeRecord@$07@@@0@@Z"",""??$_Destroy_range@PAU?$DequeProbeRecord@$0BA@@@V?$allocator@PAU?$DequeProbeRecord@$0BA@@@@std@@@std@@YAXPAPAU?$DequeProbeRecord@$0BA@@@0AAV?$allocator@PAU?$DequeProbeRecord@$0BA@@@@0@@Z"",""??$_Destroy_range@PAU?$DequeProbeRecord@$0CA@@@V?$allocator@PAU?$DequeProbeRecord@$0CA@@@@std@@@std@@YAXPAPAU?$DequeProbeRecord@$0CA@@@0AAV?$allocator@PAU?$DequeProbeRecord@$0CA@@@@0@@Z"",""??$_Destroy_range@PAU?$DequeProbeRecord@$0EA@@@V?$allocator@PAU?$DequeProbeRecord@$0EA@@@@std@@@std@@YAXPAPAU?$DequeProbeRecord@$0EA@@@0AAV?$allocator@PAU?$DequeProbeRecord@$0EA@@@@0@@Z""]",3f42c6dd16c50d5cd9d9708fa1fd79cdb1b40aa756355124494b7f12d427c4b4,5e037ab2df395ddd6855b7c9a60b4075ac23384d2f82ecf7e1a8211b66caba9a,"[{""offset"":13,""type"":""REL32"",""symbol"":""??$_Ptr_cat@U?$DequeProbeRecord@$00@@@std@@YA?AU_Scalar_ptr_iterator_tag@0@PAPAU?$DequeProbeRecord@$00@@0@Z"",""addend"":0,""target_address"":""0x0040AAE0""},{""offset"":40,""type"":""REL32"",""symbol"":""??$_Destroy_range@PAU?$DequeProbeRecord@$00@@V?$allocator@PAU?$DequeProbeRecord@$00@@@std@@@std@@YAXPAPAU?$DequeProbeRecord@$00@@0AAV?$allocator@PAU?$DequeProbeRecord@$00@@@0@U_Scalar_ptr_iterator_tag@0@@Z"",""addend"":0,""target_address"":""0x0040AB30""}]",0,R073
0x0040A9B0,55,??$_Uninitialized_fill_n,??$_Uninitialized_fill_n@PAPAU?$DequeProbeRecord@$00@@IPAU1@V?$allocator@PAU?$DequeProbeRecord@$00@@@std@@@std@@YAXPAPAU?$DequeProbeRecord@$00@@IABQAU1@AAV?$allocator@PAU?$DequeProbeRecord@$00@@@0@@Z,"[""??$_Uninitialized_fill_n@PAPAU?$DequeProbeRecord@$00@@IPAU1@V?$allocator@PAU?$DequeProbeRecord@$00@@@std@@@std@@YAXPAPAU?$DequeProbeRecord@$00@@IABQAU1@AAV?$allocator@PAU?$DequeProbeRecord@$00@@@0@@Z"",""??$_Uninitialized_fill_n@PAPAU?$DequeProbeRecord@$01@@IPAU1@V?$allocator@PAU?$DequeProbeRecord@$01@@@std@@@std@@YAXPAPAU?$DequeProbeRecord@$01@@IABQAU1@AAV?$allocator@PAU?$DequeProbeRecord@$01@@@0@@Z"",""??$_Uninitialized_fill_n@PAPAU?$DequeProbeRecord@$03@@IPAU1@V?$allocator@PAU?$DequeProbeRecord@$03@@@std@@@std@@YAXPAPAU?$DequeProbeRecord@$03@@IABQAU1@AAV?$allocator@PAU?$DequeProbeRecord@$03@@@0@@Z"",""??$_Uninitialized_fill_n@PAPAU?$DequeProbeRecord@$07@@IPAU1@V?$allocator@PAU?$DequeProbeRecord@$07@@@std@@@std@@YAXPAPAU?$DequeProbeRecord@$07@@IABQAU1@AAV?$allocator@PAU?$DequeProbeRecord@$07@@@0@@Z"",""??$_Uninitialized_fill_n@PAPAU?$DequeProbeRecord@$0BA@@@IPAU1@V?$allocator@PAU?$DequeProbeRecord@$0BA@@@@std@@@std@@YAXPAPAU?$DequeProbeRecord@$0BA@@@IABQAU1@AAV?$allocator@PAU?$DequeProbeRecord@$0BA@@@@0@@Z"",""??$_Uninitialized_fill_n@PAPAU?$DequeProbeRecord@$0CA@@@IPAU1@V?$allocator@PAU?$DequeProbeRecord@$0CA@@@@std@@@std@@YAXPAPAU?$DequeProbeRecord@$0CA@@@IABQAU1@AAV?$allocator@PAU?$DequeProbeRecord@$0CA@@@@0@@Z"",""??$_Uninitialized_fill_n@PAPAU?$DequeProbeRecord@$0EA@@@IPAU1@V?$allocator@PAU?$DequeProbeRecord@$0EA@@@@std@@@std@@YAXPAPAU?$DequeProbeRecord@$0EA@@@IABQAU1@AAV?$allocator@PAU?$DequeProbeRecord@$0EA@@@@0@@Z""]",175c2b0811b10f79e9d3d58318d4d3ce4e55d73c0e6dcca4ddea5bd3cb989318,d1d4a7ef0ffd879239cbd8ecd5cf2c545cdf111256f8d9fafe6e0570f1709c95,"[{""offset"":13,""type"":""REL32"",""symbol"":""??$_Ptr_cat@U?$DequeProbeRecord@$00@@@std@@YA?AU_Scalar_ptr_iterator_tag@0@PAPAU?$DequeProbeRecord@$00@@0@Z"",""addend"":0,""target_address"":""0x0040AAE0""},{""offset"":44,""type"":""REL32"",""symbol"":""??$_Uninit_fill_n@PAU?$DequeProbeRecord@$00@@IPAU1@@std@@YAXPAPAU?$DequeProbeRecord@$00@@IABQAU1@AAV?$allocator@PAU?$DequeProbeRecord@$00@@@0@U_Scalar_ptr_iterator_tag@0@@Z"",""addend"":0,""target_address"":""0x0040ABC0""}]",0,R073
0x0040AA70,49,??$_Uninit_copy,??$_Uninit_copy@PAU?$DequeProbeRecord@$00@@PAU1@@std@@YAPAPAU?$DequeProbeRecord@$00@@PAPAU1@00AAV?$allocator@PAU?$DequeProbeRecord@$00@@@0@U_Scalar_ptr_iterator_tag@0@@Z,"[""??$_Uninit_copy@PAU?$DequeProbeRecord@$00@@PAU1@@std@@YAPAPAU?$DequeProbeRecord@$00@@PAPAU1@00AAV?$allocator@PAU?$DequeProbeRecord@$00@@@0@U_Scalar_ptr_iterator_tag@0@@Z"",""??$_Uninit_copy@PAU?$DequeProbeRecord@$01@@PAU1@@std@@YAPAPAU?$DequeProbeRecord@$01@@PAPAU1@00AAV?$allocator@PAU?$DequeProbeRecord@$01@@@0@U_Scalar_ptr_iterator_tag@0@@Z"",""??$_Uninit_copy@PAU?$DequeProbeRecord@$03@@PAU1@@std@@YAPAPAU?$DequeProbeRecord@$03@@PAPAU1@00AAV?$allocator@PAU?$DequeProbeRecord@$03@@@0@U_Scalar_ptr_iterator_tag@0@@Z"",""??$_Uninit_copy@PAU?$DequeProbeRecord@$07@@PAU1@@std@@YAPAPAU?$DequeProbeRecord@$07@@PAPAU1@00AAV?$allocator@PAU?$DequeProbeRecord@$07@@@0@U_Scalar_ptr_iterator_tag@0@@Z"",""??$_Uninit_copy@PAU?$DequeProbeRecord@$0BA@@@PAU1@@std@@YAPAPAU?$DequeProbeRecord@$0BA@@@PAPAU1@00AAV?$allocator@PAU?$DequeProbeRecord@$0BA@@@@0@U_Scalar_ptr_iterator_tag@0@@Z"",""??$_Uninit_copy@PAU?$DequeProbeRecord@$0CA@@@PAU1@@std@@YAPAPAU?$DequeProbeRecord@$0CA@@@PAPAU1@00AAV?$allocator@PAU?$DequeProbeRecord@$0CA@@@@0@U_Scalar_ptr_iterator_tag@0@@Z"",""??$_Uninit_copy@PAU?$DequeProbeRecord@$0EA@@@PAU1@@std@@YAPAPAU?$DequeProbeRecord@$0EA@@@PAPAU1@00AAV?$allocator@PAU?$DequeProbeRecord@$0EA@@@@0@U_Scalar_ptr_iterator_tag@0@@Z""]",819764bcd5bc6281178f52a8c0ba4ef070a5f99a9e5222050118ebf0c230e616,a13205e176f1485bd0f1d094ec5ffe448578fa108f2530c7cacf89077d69402a,"[{""offset"":32,""type"":""REL32"",""symbol"":""_memmove"",""addend"":0,""target_address"":""0x00641260""}]",0,R073
0x0040AAF0,49,??$_Uninit_copy,??$_Uninit_copy@PAU?$DequeProbeRecord@$00@@PAU1@@std@@YAPAPAU?$DequeProbeRecord@$00@@PAPAU1@00AAV?$allocator@PAU?$DequeProbeRecord@$00@@@0@U_Scalar_ptr_iterator_tag@0@@Z,"[""??$_Uninit_copy@PAU?$DequeProbeRecord@$00@@PAU1@@std@@YAPAPAU?$DequeProbeRecord@$00@@PAPAU1@00AAV?$allocator@PAU?$DequeProbeRecord@$00@@@0@U_Scalar_ptr_iterator_tag@0@@Z"",""??$_Uninit_copy@PAU?$DequeProbeRecord@$01@@PAU1@@std@@YAPAPAU?$DequeProbeRecord@$01@@PAPAU1@00AAV?$allocator@PAU?$DequeProbeRecord@$01@@@0@U_Scalar_ptr_iterator_tag@0@@Z"",""??$_Uninit_copy@PAU?$DequeProbeRecord@$03@@PAU1@@std@@YAPAPAU?$DequeProbeRecord@$03@@PAPAU1@00AAV?$allocator@PAU?$DequeProbeRecord@$03@@@0@U_Scalar_ptr_iterator_tag@0@@Z"",""??$_Uninit_copy@PAU?$DequeProbeRecord@$07@@PAU1@@std@@YAPAPAU?$DequeProbeRecord@$07@@PAPAU1@00AAV?$allocator@PAU?$DequeProbeRecord@$07@@@0@U_Scalar_ptr_iterator_tag@0@@Z"",""??$_Uninit_copy@PAU?$DequeProbeRecord@$0BA@@@PAU1@@std@@YAPAPAU?$DequeProbeRecord@$0BA@@@PAPAU1@00AAV?$allocator@PAU?$DequeProbeRecord@$0BA@@@@0@U_Scalar_ptr_iterator_tag@0@@Z"",""??$_Uninit_copy@PAU?$DequeProbeRecord@$0CA@@@PAU1@@std@@YAPAPAU?$DequeProbeRecord@$0CA@@@PAPAU1@00AAV?$allocator@PAU?$DequeProbeRecord@$0CA@@@@0@U_Scalar_ptr_iterator_tag@0@@Z"",""??$_Uninit_copy@PAU?$DequeProbeRecord@$0EA@@@PAU1@@std@@YAPAPAU?$DequeProbeRecord@$0EA@@@PAPAU1@00AAV?$allocator@PAU?$DequeProbeRecord@$0EA@@@@0@U_Scalar_ptr_iterator_tag@0@@Z""]",819764bcd5bc6281178f52a8c0ba4ef070a5f99a9e5222050118ebf0c230e616,1a9c445941c950e72be92d1e7c849e51bf9d6050085e0cd7a5e034f79f3c4fc5,"[{""offset"":32,""type"":""REL32"",""symbol"":""_memmove"",""addend"":0,""target_address"":""0x00641260""}]",0,R073
0x0040AB40,55,??$_Uninitialized_copy,??$_Uninitialized_copy@PAPAU?$DequeProbeRecord@$00@@PAPAU1@V?$allocator@PAU?$DequeProbeRecord@$00@@@std@@@std@@YAPAPAU?$DequeProbeRecord@$00@@PAPAU1@00AAV?$allocator@PAU?$DequeProbeRecord@$00@@@0@@Z,"[""??$_Uninitialized_copy@PAPAU?$DequeProbeRecord@$00@@PAPAU1@V?$allocator@PAU?$DequeProbeRecord@$00@@@std@@@std@@YAPAPAU?$DequeProbeRecord@$00@@PAPAU1@00AAV?$allocator@PAU?$DequeProbeRecord@$00@@@0@@Z"",""??$_Uninitialized_copy@PAPAU?$DequeProbeRecord@$01@@PAPAU1@V?$allocator@PAU?$DequeProbeRecord@$01@@@std@@@std@@YAPAPAU?$DequeProbeRecord@$01@@PAPAU1@00AAV?$allocator@PAU?$DequeProbeRecord@$01@@@0@@Z"",""??$_Uninitialized_copy@PAPAU?$DequeProbeRecord@$03@@PAPAU1@V?$allocator@PAU?$DequeProbeRecord@$03@@@std@@@std@@YAPAPAU?$DequeProbeRecord@$03@@PAPAU1@00AAV?$allocator@PAU?$DequeProbeRecord@$03@@@0@@Z"",""??$_Uninitialized_copy@PAPAU?$DequeProbeRecord@$07@@PAPAU1@V?$allocator@PAU?$DequeProbeRecord@$07@@@std@@@std@@YAPAPAU?$DequeProbeRecord@$07@@PAPAU1@00AAV?$allocator@PAU?$DequeProbeRecord@$07@@@0@@Z"",""??$_Uninitialized_copy@PAPAU?$DequeProbeRecord@$0BA@@@PAPAU1@V?$allocator@PAU?$DequeProbeRecord@$0BA@@@@std@@@std@@YAPAPAU?$DequeProbeRecord@$0BA@@@PAPAU1@00AAV?$allocator@PAU?$DequeProbeRecord@$0BA@@@@0@@Z"",""??$_Uninitialized_copy@PAPAU?$DequeProbeRecord@$0CA@@@PAPAU1@V?$allocator@PAU?$DequeProbeRecord@$0CA@@@@std@@@std@@YAPAPAU?$DequeProbeRecord@$0CA@@@PAPAU1@00AAV?$allocator@PAU?$DequeProbeRecord@$0CA@@@@0@@Z"",""??$_Uninitialized_copy@PAPAU?$DequeProbeRecord@$0EA@@@PAPAU1@V?$allocator@PAU?$DequeProbeRecord@$0EA@@@@std@@@std@@YAPAPAU?$DequeProbeRecord@$0EA@@@PAPAU1@00AAV?$allocator@PAU?$DequeProbeRecord@$0EA@@@@0@@Z""]",287825a2cecd4440f77d8e854a0218e7a29484f3e2e01ef877a2c285fc1e6e5c,8298ee36eac1b993ec365f7552226d219d805a948d8c8760a761d9df693e267e,"[{""offset"":13,""type"":""REL32"",""symbol"":""??$_Ptr_cat@U?$DequeProbeRecord@$00@@@std@@YA?AU_Scalar_ptr_iterator_tag@0@PAPAU?$DequeProbeRecord@$00@@0@Z"",""addend"":0,""target_address"":""0x0040AAE0""},{""offset"":44,""type"":""REL32"",""symbol"":""??$_Uninit_copy@PAU?$DequeProbeRecord@$00@@PAU1@@std@@YAPAPAU?$DequeProbeRecord@$00@@PAPAU1@00AAV?$allocator@PAU?$DequeProbeRecord@$00@@@0@U_Scalar_ptr_iterator_tag@0@@Z"",""addend"":0,""target_address"":""0x0040AC10""}]",0,R073
0x0040AC10,49,??$_Uninit_copy,??$_Uninit_copy@PAU?$DequeProbeRecord@$00@@PAU1@@std@@YAPAPAU?$DequeProbeRecord@$00@@PAPAU1@00AAV?$allocator@PAU?$DequeProbeRecord@$00@@@0@U_Scalar_ptr_iterator_tag@0@@Z,"[""??$_Uninit_copy@PAU?$DequeProbeRecord@$00@@PAU1@@std@@YAPAPAU?$DequeProbeRecord@$00@@PAPAU1@00AAV?$allocator@PAU?$DequeProbeRecord@$00@@@0@U_Scalar_ptr_iterator_tag@0@@Z"",""??$_Uninit_copy@PAU?$DequeProbeRecord@$01@@PAU1@@std@@YAPAPAU?$DequeProbeRecord@$01@@PAPAU1@00AAV?$allocator@PAU?$DequeProbeRecord@$01@@@0@U_Scalar_ptr_iterator_tag@0@@Z"",""??$_Uninit_copy@PAU?$DequeProbeRecord@$03@@PAU1@@std@@YAPAPAU?$DequeProbeRecord@$03@@PAPAU1@00AAV?$allocator@PAU?$DequeProbeRecord@$03@@@0@U_Scalar_ptr_iterator_tag@0@@Z"",""??$_Uninit_copy@PAU?$DequeProbeRecord@$07@@PAU1@@std@@YAPAPAU?$DequeProbeRecord@$07@@PAPAU1@00AAV?$allocator@PAU?$DequeProbeRecord@$07@@@0@U_Scalar_ptr_iterator_tag@0@@Z"",""??$_Uninit_copy@PAU?$DequeProbeRecord@$0BA@@@PAU1@@std@@YAPAPAU?$DequeProbeRecord@$0BA@@@PAPAU1@00AAV?$allocator@PAU?$DequeProbeRecord@$0BA@@@@0@U_Scalar_ptr_iterator_tag@0@@Z"",""??$_Uninit_copy@PAU?$DequeProbeRecord@$0CA@@@PAU1@@std@@YAPAPAU?$DequeProbeRecord@$0CA@@@PAPAU1@00AAV?$allocator@PAU?$DequeProbeRecord@$0CA@@@@0@U_Scalar_ptr_iterator_tag@0@@Z"",""??$_Uninit_copy@PAU?$DequeProbeRecord@$0EA@@@PAU1@@std@@YAPAPAU?$DequeProbeRecord@$0EA@@@PAPAU1@00AAV?$allocator@PAU?$DequeProbeRecord@$0EA@@@@0@U_Scalar_ptr_iterator_tag@0@@Z""]",819764bcd5bc6281178f52a8c0ba4ef070a5f99a9e5222050118ebf0c230e616,5247ce55ea722b529954072240baf0bf9aab1c4fd252ed25965354adf236a621,"[{""offset"":32,""type"":""REL32"",""symbol"":""_memmove"",""addend"":0,""target_address"":""0x00641260""}]",0,R073
0x0040AC80,72,??0?$deque,??0?$deque@U?$DequeProbeRecord@$00@@V?$allocator@U?$DequeProbeRecord@$00@@@std@@@std@@QAE@XZ,"[""??0?$deque@U?$DequeProbeRecord@$00@@V?$allocator@U?$DequeProbeRecord@$00@@@std@@@std@@QAE@XZ"",""??0?$deque@U?$DequeProbeRecord@$01@@V?$allocator@U?$DequeProbeRecord@$01@@@std@@@std@@QAE@XZ"",""??0?$deque@U?$DequeProbeRecord@$03@@V?$allocator@U?$DequeProbeRecord@$03@@@std@@@std@@QAE@XZ"",""??0?$deque@U?$DequeProbeRecord@$07@@V?$allocator@U?$DequeProbeRecord@$07@@@std@@@std@@QAE@XZ"",""??0?$deque@U?$DequeProbeRecord@$0BA@@@V?$allocator@U?$DequeProbeRecord@$0BA@@@@std@@@std@@QAE@XZ"",""??0?$deque@U?$DequeProbeRecord@$0CA@@@V?$allocator@U?$DequeProbeRecord@$0CA@@@@std@@@std@@QAE@XZ"",""??0?$deque@U?$DequeProbeRecord@$0EA@@@V?$allocator@U?$DequeProbeRecord@$0EA@@@@std@@@std@@QAE@XZ""]",f84956c19e804a3eef83ddf58566398acdebb446a2071390cbdb35e9db352ca7,f4ab9aaa484560b721d6105a0ea9b5595bd51c6d837712739e0134295e2e26e4,"[{""offset"":13,""type"":""REL32"",""symbol"":""??0?$allocator@U?$DequeProbeRecord@$00@@@std@@QAE@XZ"",""addend"":0,""target_address"":""0x0040AD10""},{""offset"":21,""type"":""REL32"",""symbol"":""??0?$_Deque_val@U?$DequeProbeRecord@$00@@V?$allocator@U?$DequeProbeRecord@$00@@@std@@@std@@IAE@V?$allocator@U?$DequeProbeRecord@$00@@@1@@Z"",""addend"":0,""target_address"":""0x0040ACD0""}]",0,R073
0x0040ACD0,53,??0?$_Deque_val,??0?$_Deque_val@U?$DequeProbeRecord@$00@@V?$allocator@U?$DequeProbeRecord@$00@@@std@@@std@@IAE@V?$allocator@U?$DequeProbeRecord@$00@@@1@@Z,"[""??0?$_Deque_val@U?$DequeProbeRecord@$00@@V?$allocator@U?$DequeProbeRecord@$00@@@std@@@std@@IAE@V?$allocator@U?$DequeProbeRecord@$00@@@1@@Z"",""??0?$_Deque_val@U?$DequeProbeRecord@$01@@V?$allocator@U?$DequeProbeRecord@$01@@@std@@@std@@IAE@V?$allocator@U?$DequeProbeRecord@$01@@@1@@Z"",""??0?$_Deque_val@U?$DequeProbeRecord@$03@@V?$allocator@U?$DequeProbeRecord@$03@@@std@@@std@@IAE@V?$allocator@U?$DequeProbeRecord@$03@@@1@@Z"",""??0?$_Deque_val@U?$DequeProbeRecord@$07@@V?$allocator@U?$DequeProbeRecord@$07@@@std@@@std@@IAE@V?$allocator@U?$DequeProbeRecord@$07@@@1@@Z"",""??0?$_Deque_val@U?$DequeProbeRecord@$0BA@@@V?$allocator@U?$DequeProbeRecord@$0BA@@@@std@@@std@@IAE@V?$allocator@U?$DequeProbeRecord@$0BA@@@@1@@Z"",""??0?$_Deque_val@U?$DequeProbeRecord@$0CA@@@V?$allocator@U?$DequeProbeRecord@$0CA@@@@std@@@std@@IAE@V?$allocator@U?$DequeProbeRecord@$0CA@@@@1@@Z"",""??0?$_Deque_val@U?$DequeProbeRecord@$0EA@@@V?$allocator@U?$DequeProbeRecord@$0EA@@@@std@@@std@@IAE@V?$allocator@U?$DequeProbeRecord@$0EA@@@@1@@Z""]",1fbcbdc9c7359855fd35101ce0d12f03bbffdf4a747be392215b1c4d39005b88,a49a4e470e07ee8cabbf7b345dd5ed9fd00380108fc3ad5d4d9c6d6322170693,"[{""offset"":17,""type"":""REL32"",""symbol"":""??0?$allocator@U?$DequeProbeRecord@$00@@@std@@QAE@ABV01@@Z"",""addend"":0,""target_address"":""0x0040AD40""},{""offset"":25,""type"":""REL32"",""symbol"":""??0?$_Deque_map@U?$DequeProbeRecord@$00@@V?$allocator@U?$DequeProbeRecord@$00@@@std@@@std@@IAE@V?$allocator@U?$DequeProbeRecord@$00@@@1@@Z"",""addend"":0,""target_address"":""0x0040AD20""},{""offset"":40,""type"":""REL32"",""symbol"":""??0?$allocator@U?$DequeProbeRecord@$00@@@std@@QAE@ABV01@@Z"",""addend"":0,""target_address"":""0x0040AD40""}]",0,R073
0x0040DF60,72,??0?$deque,??0?$deque@U?$DequeProbeRecord@$00@@V?$allocator@U?$DequeProbeRecord@$00@@@std@@@std@@QAE@XZ,"[""??0?$deque@U?$DequeProbeRecord@$00@@V?$allocator@U?$DequeProbeRecord@$00@@@std@@@std@@QAE@XZ"",""??0?$deque@U?$DequeProbeRecord@$01@@V?$allocator@U?$DequeProbeRecord@$01@@@std@@@std@@QAE@XZ"",""??0?$deque@U?$DequeProbeRecord@$03@@V?$allocator@U?$DequeProbeRecord@$03@@@std@@@std@@QAE@XZ"",""??0?$deque@U?$DequeProbeRecord@$07@@V?$allocator@U?$DequeProbeRecord@$07@@@std@@@std@@QAE@XZ"",""??0?$deque@U?$DequeProbeRecord@$0BA@@@V?$allocator@U?$DequeProbeRecord@$0BA@@@@std@@@std@@QAE@XZ"",""??0?$deque@U?$DequeProbeRecord@$0CA@@@V?$allocator@U?$DequeProbeRecord@$0CA@@@@std@@@std@@QAE@XZ"",""??0?$deque@U?$DequeProbeRecord@$0EA@@@V?$allocator@U?$DequeProbeRecord@$0EA@@@@std@@@std@@QAE@XZ""]",f84956c19e804a3eef83ddf58566398acdebb446a2071390cbdb35e9db352ca7,bb79a47805451b0c477621de77fa89ef9705f27234420940fff59a2e61d9db52,"[{""offset"":13,""type"":""REL32"",""symbol"":""??0?$allocator@U?$DequeProbeRecord@$00@@@std@@QAE@XZ"",""addend"":0,""target_address"":""0x0040E490""},{""offset"":21,""type"":""REL32"",""symbol"":""??0?$_Deque_val@U?$DequeProbeRecord@$00@@V?$allocator@U?$DequeProbeRecord@$00@@@std@@@std@@IAE@V?$allocator@U?$DequeProbeRecord@$00@@@1@@Z"",""addend"":0,""target_address"":""0x0040E450""}]",0,R073
0x0040E450,53,??0?$_Deque_val,??0?$_Deque_val@U?$DequeProbeRecord@$00@@V?$allocator@U?$DequeProbeRecord@$00@@@std@@@std@@IAE@V?$allocator@U?$DequeProbeRecord@$00@@@1@@Z,"[""??0?$_Deque_val@U?$DequeProbeRecord@$00@@V?$allocator@U?$DequeProbeRecord@$00@@@std@@@std@@IAE@V?$allocator@U?$DequeProbeRecord@$00@@@1@@Z"",""??0?$_Deque_val@U?$DequeProbeRecord@$01@@V?$allocator@U?$DequeProbeRecord@$01@@@std@@@std@@IAE@V?$allocator@U?$DequeProbeRecord@$01@@@1@@Z"",""??0?$_Deque_val@U?$DequeProbeRecord@$03@@V?$allocator@U?$DequeProbeRecord@$03@@@std@@@std@@IAE@V?$allocator@U?$DequeProbeRecord@$03@@@1@@Z"",""??0?$_Deque_val@U?$DequeProbeRecord@$07@@V?$allocator@U?$DequeProbeRecord@$07@@@std@@@std@@IAE@V?$allocator@U?$DequeProbeRecord@$07@@@1@@Z"",""??0?$_Deque_val@U?$DequeProbeRecord@$0BA@@@V?$allocator@U?$DequeProbeRecord@$0BA@@@@std@@@std@@IAE@V?$allocator@U?$DequeProbeRecord@$0BA@@@@1@@Z"",""??0?$_Deque_val@U?$DequeProbeRecord@$0CA@@@V?$allocator@U?$DequeProbeRecord@$0CA@@@@std@@@std@@IAE@V?$allocator@U?$DequeProbeRecord@$0CA@@@@1@@Z"",""??0?$_Deque_val@U?$DequeProbeRecord@$0EA@@@V?$allocator@U?$DequeProbeRecord@$0EA@@@@std@@@std@@IAE@V?$allocator@U?$DequeProbeRecord@$0EA@@@@1@@Z""]",1fbcbdc9c7359855fd35101ce0d12f03bbffdf4a747be392215b1c4d39005b88,7a558d01ceb0120e0bde2ed9f3e67cf6ef7fa5ac752a69e99c41d9bd070527f0,"[{""offset"":17,""type"":""REL32"",""symbol"":""??0?$allocator@U?$DequeProbeRecord@$00@@@std@@QAE@ABV01@@Z"",""addend"":0,""target_address"":""0x0040E920""},{""offset"":25,""type"":""REL32"",""symbol"":""??0?$_Deque_map@U?$DequeProbeRecord@$00@@V?$allocator@U?$DequeProbeRecord@$00@@@std@@@std@@IAE@V?$allocator@U?$DequeProbeRecord@$00@@@1@@Z"",""addend"":0,""target_address"":""0x0040E900""},{""offset"":40,""type"":""REL32"",""symbol"":""??0?$allocator@U?$DequeProbeRecord@$00@@@std@@QAE@ABV01@@Z"",""addend"":0,""target_address"":""0x0040E920""}]",0,R073
0x0040F350,51,??$_Destroy_range,??$_Destroy_range@PAU?$DequeProbeRecord@$00@@V?$allocator@PAU?$DequeProbeRecord@$00@@@std@@@std@@YAXPAPAU?$DequeProbeRecord@$00@@0AAV?$allocator@PAU?$DequeProbeRecord@$00@@@0@@Z,"[""??$_Destroy_range@PAU?$DequeProbeRecord@$00@@V?$allocator@PAU?$DequeProbeRecord@$00@@@std@@@std@@YAXPAPAU?$DequeProbeRecord@$00@@0AAV?$allocator@PAU?$DequeProbeRecord@$00@@@0@@Z"",""??$_Destroy_range@PAU?$DequeProbeRecord@$01@@V?$allocator@PAU?$DequeProbeRecord@$01@@@std@@@std@@YAXPAPAU?$DequeProbeRecord@$01@@0AAV?$allocator@PAU?$DequeProbeRecord@$01@@@0@@Z"",""??$_Destroy_range@PAU?$DequeProbeRecord@$03@@V?$allocator@PAU?$DequeProbeRecord@$03@@@std@@@std@@YAXPAPAU?$DequeProbeRecord@$03@@0AAV?$allocator@PAU?$DequeProbeRecord@$03@@@0@@Z"",""??$_Destroy_range@PAU?$DequeProbeRecord@$07@@V?$allocator@PAU?$DequeProbeRecord@$07@@@std@@@std@@YAXPAPAU?$DequeProbeRecord@$07@@0AAV?$allocator@PAU?$DequeProbeRecord@$07@@@0@@Z"",""??$_Destroy_range@PAU?$DequeProbeRecord@$0BA@@@V?$allocator@PAU?$DequeProbeRecord@$0BA@@@@std@@@std@@YAXPAPAU?$DequeProbeRecord@$0BA@@@0AAV?$allocator@PAU?$DequeProbeRecord@$0BA@@@@0@@Z"",""??$_Destroy_range@PAU?$DequeProbeRecord@$0CA@@@V?$allocator@PAU?$DequeProbeRecord@$0CA@@@@std@@@std@@YAXPAPAU?$DequeProbeRecord@$0CA@@@0AAV?$allocator@PAU?$DequeProbeRecord@$0CA@@@@0@@Z"",""??$_Destroy_range@PAU?$DequeProbeRecord@$0EA@@@V?$allocator@PAU?$DequeProbeRecord@$0EA@@@@std@@@std@@YAXPAPAU?$DequeProbeRecord@$0EA@@@0AAV?$allocator@PAU?$DequeProbeRecord@$0EA@@@@0@@Z""]",3f42c6dd16c50d5cd9d9708fa1fd79cdb1b40aa756355124494b7f12d427c4b4,b26111dc63e9e76c487c86129b4fe420cb1d5f17397f24f127dfc922f8ccf821,"[{""offset"":13,""type"":""REL32"",""symbol"":""??$_Ptr_cat@U?$DequeProbeRecord@$00@@@std@@YA?AU_Scalar_ptr_iterator_tag@0@PAPAU?$DequeProbeRecord@$00@@0@Z"",""addend"":0,""target_address"":""0x0040F620""},{""offset"":40,""type"":""REL32"",""symbol"":""??$_Destroy_range@PAU?$DequeProbeRecord@$00@@V?$allocator@PAU?$DequeProbeRecord@$00@@@std@@@std@@YAXPAPAU?$DequeProbeRecord@$00@@0AAV?$allocator@PAU?$DequeProbeRecord@$00@@@0@U_Scalar_ptr_iterator_tag@0@@Z"",""addend"":0,""target_address"":""0x0040F670""}]",0,R073
0x0040F560,55,??$_Uninitialized_fill_n,??$_Uninitialized_fill_n@PAPAU?$DequeProbeRecord@$00@@IPAU1@V?$allocator@PAU?$DequeProbeRecord@$00@@@std@@@std@@YAXPAPAU?$DequeProbeRecord@$00@@IABQAU1@AAV?$allocator@PAU?$DequeProbeRecord@$00@@@0@@Z,"[""??$_Uninitialized_fill_n@PAPAU?$DequeProbeRecord@$00@@IPAU1@V?$allocator@PAU?$DequeProbeRecord@$00@@@std@@@std@@YAXPAPAU?$DequeProbeRecord@$00@@IABQAU1@AAV?$allocator@PAU?$DequeProbeRecord@$00@@@0@@Z"",""??$_Uninitialized_fill_n@PAPAU?$DequeProbeRecord@$01@@IPAU1@V?$allocator@PAU?$DequeProbeRecord@$01@@@std@@@std@@YAXPAPAU?$DequeProbeRecord@$01@@IABQAU1@AAV?$allocator@PAU?$DequeProbeRecord@$01@@@0@@Z"",""??$_Uninitialized_fill_n@PAPAU?$DequeProbeRecord@$03@@IPAU1@V?$allocator@PAU?$DequeProbeRecord@$03@@@std@@@std@@YAXPAPAU?$DequeProbeRecord@$03@@IABQAU1@AAV?$allocator@PAU?$DequeProbeRecord@$03@@@0@@Z"",""??$_Uninitialized_fill_n@PAPAU?$DequeProbeRecord@$07@@IPAU1@V?$allocator@PAU?$DequeProbeRecord@$07@@@std@@@std@@YAXPAPAU?$DequeProbeRecord@$07@@IABQAU1@AAV?$allocator@PAU?$DequeProbeRecord@$07@@@0@@Z"",""??$_Uninitialized_fill_n@PAPAU?$DequeProbeRecord@$0BA@@@IPAU1@V?$allocator@PAU?$DequeProbeRecord@$0BA@@@@std@@@std@@YAXPAPAU?$DequeProbeRecord@$0BA@@@IABQAU1@AAV?$allocator@PAU?$DequeProbeRecord@$0BA@@@@0@@Z"",""??$_Uninitialized_fill_n@PAPAU?$DequeProbeRecord@$0CA@@@IPAU1@V?$allocator@PAU?$DequeProbeRecord@$0CA@@@@std@@@std@@YAXPAPAU?$DequeProbeRecord@$0CA@@@IABQAU1@AAV?$allocator@PAU?$DequeProbeRecord@$0CA@@@@0@@Z"",""??$_Uninitialized_fill_n@PAPAU?$DequeProbeRecord@$0EA@@@IPAU1@V?$allocator@PAU?$DequeProbeRecord@$0EA@@@@std@@@std@@YAXPAPAU?$DequeProbeRecord@$0EA@@@IABQAU1@AAV?$allocator@PAU?$DequeProbeRecord@$0EA@@@@0@@Z""]",175c2b0811b10f79e9d3d58318d4d3ce4e55d73c0e6dcca4ddea5bd3cb989318,7fcd7f75a79128c3092460c54ab44b6946cbe85116d475a5c772b76953ad1da6,"[{""offset"":13,""type"":""REL32"",""symbol"":""??$_Ptr_cat@U?$DequeProbeRecord@$00@@@std@@YA?AU_Scalar_ptr_iterator_tag@0@PAPAU?$DequeProbeRecord@$00@@0@Z"",""addend"":0,""target_address"":""0x0040F620""},{""offset"":44,""type"":""REL32"",""symbol"":""??$_Uninit_fill_n@PAU?$DequeProbeRecord@$00@@IPAU1@@std@@YAXPAPAU?$DequeProbeRecord@$00@@IABQAU1@AAV?$allocator@PAU?$DequeProbeRecord@$00@@@0@U_Scalar_ptr_iterator_tag@0@@Z"",""addend"":0,""target_address"":""0x0040F820""}]",0,R073
0x0040F630,49,??$_Uninit_copy,??$_Uninit_copy@PAU?$DequeProbeRecord@$00@@PAU1@@std@@YAPAPAU?$DequeProbeRecord@$00@@PAPAU1@00AAV?$allocator@PAU?$DequeProbeRecord@$00@@@0@U_Scalar_ptr_iterator_tag@0@@Z,"[""??$_Uninit_copy@PAU?$DequeProbeRecord@$00@@PAU1@@std@@YAPAPAU?$DequeProbeRecord@$00@@PAPAU1@00AAV?$allocator@PAU?$DequeProbeRecord@$00@@@0@U_Scalar_ptr_iterator_tag@0@@Z"",""??$_Uninit_copy@PAU?$DequeProbeRecord@$01@@PAU1@@std@@YAPAPAU?$DequeProbeRecord@$01@@PAPAU1@00AAV?$allocator@PAU?$DequeProbeRecord@$01@@@0@U_Scalar_ptr_iterator_tag@0@@Z"",""??$_Uninit_copy@PAU?$DequeProbeRecord@$03@@PAU1@@std@@YAPAPAU?$DequeProbeRecord@$03@@PAPAU1@00AAV?$allocator@PAU?$DequeProbeRecord@$03@@@0@U_Scalar_ptr_iterator_tag@0@@Z"",""??$_Uninit_copy@PAU?$DequeProbeRecord@$07@@PAU1@@std@@YAPAPAU?$DequeProbeRecord@$07@@PAPAU1@00AAV?$allocator@PAU?$DequeProbeRecord@$07@@@0@U_Scalar_ptr_iterator_tag@0@@Z"",""??$_Uninit_copy@PAU?$DequeProbeRecord@$0BA@@@PAU1@@std@@YAPAPAU?$DequeProbeRecord@$0BA@@@PAPAU1@00AAV?$allocator@PAU?$DequeProbeRecord@$0BA@@@@0@U_Scalar_ptr_iterator_tag@0@@Z"",""??$_Uninit_copy@PAU?$DequeProbeRecord@$0CA@@@PAU1@@std@@YAPAPAU?$DequeProbeRecord@$0CA@@@PAPAU1@00AAV?$allocator@PAU?$DequeProbeRecord@$0CA@@@@0@U_Scalar_ptr_iterator_tag@0@@Z"",""??$_Uninit_copy@PAU?$DequeProbeRecord@$0EA@@@PAU1@@std@@YAPAPAU?$DequeProbeRecord@$0EA@@@PAPAU1@00AAV?$allocator@PAU?$DequeProbeRecord@$0EA@@@@0@U_Scalar_ptr_iterator_tag@0@@Z""]",819764bcd5bc6281178f52a8c0ba4ef070a5f99a9e5222050118ebf0c230e616,77ea9116e4e3acab32a30371913617af29116a6984bccb4e5a743148ace85137,"[{""offset"":32,""type"":""REL32"",""symbol"":""_memmove"",""addend"":0,""target_address"":""0x00641260""}]",0,R073
0x0040F700,55,??$_Uninitialized_copy,??$_Uninitialized_copy@PAPAU?$DequeProbeRecord@$00@@PAPAU1@V?$allocator@PAU?$DequeProbeRecord@$00@@@std@@@std@@YAPAPAU?$DequeProbeRecord@$00@@PAPAU1@00AAV?$allocator@PAU?$DequeProbeRecord@$00@@@0@@Z,"[""??$_Uninitialized_copy@PAPAU?$DequeProbeRecord@$00@@PAPAU1@V?$allocator@PAU?$DequeProbeRecord@$00@@@std@@@std@@YAPAPAU?$DequeProbeRecord@$00@@PAPAU1@00AAV?$allocator@PAU?$DequeProbeRecord@$00@@@0@@Z"",""??$_Uninitialized_copy@PAPAU?$DequeProbeRecord@$01@@PAPAU1@V?$allocator@PAU?$DequeProbeRecord@$01@@@std@@@std@@YAPAPAU?$DequeProbeRecord@$01@@PAPAU1@00AAV?$allocator@PAU?$DequeProbeRecord@$01@@@0@@Z"",""??$_Uninitialized_copy@PAPAU?$DequeProbeRecord@$03@@PAPAU1@V?$allocator@PAU?$DequeProbeRecord@$03@@@std@@@std@@YAPAPAU?$DequeProbeRecord@$03@@PAPAU1@00AAV?$allocator@PAU?$DequeProbeRecord@$03@@@0@@Z"",""??$_Uninitialized_copy@PAPAU?$DequeProbeRecord@$07@@PAPAU1@V?$allocator@PAU?$DequeProbeRecord@$07@@@std@@@std@@YAPAPAU?$DequeProbeRecord@$07@@PAPAU1@00AAV?$allocator@PAU?$DequeProbeRecord@$07@@@0@@Z"",""??$_Uninitialized_copy@PAPAU?$DequeProbeRecord@$0BA@@@PAPAU1@V?$allocator@PAU?$DequeProbeRecord@$0BA@@@@std@@@std@@YAPAPAU?$DequeProbeRecord@$0BA@@@PAPAU1@00AAV?$allocator@PAU?$DequeProbeRecord@$0BA@@@@0@@Z"",""??$_Uninitialized_copy@PAPAU?$DequeProbeRecord@$0CA@@@PAPAU1@V?$allocator@PAU?$DequeProbeRecord@$0CA@@@@std@@@std@@YAPAPAU?$DequeProbeRecord@$0CA@@@PAPAU1@00AAV?$allocator@PAU?$DequeProbeRecord@$0CA@@@@0@@Z"",""??$_Uninitialized_copy@PAPAU?$DequeProbeRecord@$0EA@@@PAPAU1@V?$allocator@PAU?$DequeProbeRecord@$0EA@@@@std@@@std@@YAPAPAU?$DequeProbeRecord@$0EA@@@PAPAU1@00AAV?$allocator@PAU?$DequeProbeRecord@$0EA@@@@0@@Z""]",287825a2cecd4440f77d8e854a0218e7a29484f3e2e01ef877a2c285fc1e6e5c,90662f3b23a7c14cf03ed2206318fe81800669519cb299bc11100236450302cc,"[{""offset"":13,""type"":""REL32"",""symbol"":""??$_Ptr_cat@U?$DequeProbeRecord@$00@@@std@@YA?AU_Scalar_ptr_iterator_tag@0@PAPAU?$DequeProbeRecord@$00@@0@Z"",""addend"":0,""target_address"":""0x0040F620""},{""offset"":44,""type"":""REL32"",""symbol"":""??$_Uninit_copy@PAU?$DequeProbeRecord@$00@@PAU1@@std@@YAPAPAU?$DequeProbeRecord@$00@@PAPAU1@00AAV?$allocator@PAU?$DequeProbeRecord@$00@@@0@U_Scalar_ptr_iterator_tag@0@@Z"",""addend"":0,""target_address"":""0x0040F930""}]",0,R073
0x0040F930,49,??$_Uninit_copy,??$_Uninit_copy@PAU?$DequeProbeRecord@$00@@PAU1@@std@@YAPAPAU?$DequeProbeRecord@$00@@PAPAU1@00AAV?$allocator@PAU?$DequeProbeRecord@$00@@@0@U_Scalar_ptr_iterator_tag@0@@Z,"[""??$_Uninit_copy@PAU?$DequeProbeRecord@$00@@PAU1@@std@@YAPAPAU?$DequeProbeRecord@$00@@PAPAU1@00AAV?$allocator@PAU?$DequeProbeRecord@$00@@@0@U_Scalar_ptr_iterator_tag@0@@Z"",""??$_Uninit_copy@PAU?$DequeProbeRecord@$01@@PAU1@@std@@YAPAPAU?$DequeProbeRecord@$01@@PAPAU1@00AAV?$allocator@PAU?$DequeProbeRecord@$01@@@0@U_Scalar_ptr_iterator_tag@0@@Z"",""??$_Uninit_copy@PAU?$DequeProbeRecord@$03@@PAU1@@std@@YAPAPAU?$DequeProbeRecord@$03@@PAPAU1@00AAV?$allocator@PAU?$DequeProbeRecord@$03@@@0@U_Scalar_ptr_iterator_tag@0@@Z"",""??$_Uninit_copy@PAU?$DequeProbeRecord@$07@@PAU1@@std@@YAPAPAU?$DequeProbeRecord@$07@@PAPAU1@00AAV?$allocator@PAU?$DequeProbeRecord@$07@@@0@U_Scalar_ptr_iterator_tag@0@@Z"",""??$_Uninit_copy@PAU?$DequeProbeRecord@$0BA@@@PAU1@@std@@YAPAPAU?$DequeProbeRecord@$0BA@@@PAPAU1@00AAV?$allocator@PAU?$DequeProbeRecord@$0BA@@@@0@U_Scalar_ptr_iterator_tag@0@@Z"",""??$_Uninit_copy@PAU?$DequeProbeRecord@$0CA@@@PAU1@@std@@YAPAPAU?$DequeProbeRecord@$0CA@@@PAPAU1@00AAV?$allocator@PAU?$DequeProbeRecord@$0CA@@@@0@U_Scalar_ptr_iterator_tag@0@@Z"",""??$_Uninit_copy@PAU?$DequeProbeRecord@$0EA@@@PAU1@@std@@YAPAPAU?$DequeProbeRecord@$0EA@@@PAPAU1@00AAV?$allocator@PAU?$DequeProbeRecord@$0EA@@@@0@U_Scalar_ptr_iterator_tag@0@@Z""]",819764bcd5bc6281178f52a8c0ba4ef070a5f99a9e5222050118ebf0c230e616,218da6cead1fc30bb28e7739032be30990cb028e057a80e309157af087360849,"[{""offset"":32,""type"":""REL32"",""symbol"":""_memmove"",""addend"":0,""target_address"":""0x00641260""}]",0,R073
0x00412390,53,??0?$_Deque_val,??0?$_Deque_val@U?$DequeProbeRecord@$00@@V?$allocator@U?$DequeProbeRecord@$00@@@std@@@std@@IAE@V?$allocator@U?$DequeProbeRecord@$00@@@1@@Z,"[""??0?$_Deque_val@U?$DequeProbeRecord@$00@@V?$allocator@U?$DequeProbeRecord@$00@@@std@@@std@@IAE@V?$allocator@U?$DequeProbeRecord@$00@@@1@@Z"",""??0?$_Deque_val@U?$DequeProbeRecord@$01@@V?$allocator@U?$DequeProbeRecord@$01@@@std@@@std@@IAE@V?$allocator@U?$DequeProbeRecord@$01@@@1@@Z"",""??0?$_Deque_val@U?$DequeProbeRecord@$03@@V?$allocator@U?$DequeProbeRecord@$03@@@std@@@std@@IAE@V?$allocator@U?$DequeProbeRecord@$03@@@1@@Z"",""??0?$_Deque_val@U?$DequeProbeRecord@$07@@V?$allocator@U?$DequeProbeRecord@$07@@@std@@@std@@IAE@V?$allocator@U?$DequeProbeRecord@$07@@@1@@Z"",""??0?$_Deque_val@U?$DequeProbeRecord@$0BA@@@V?$allocator@U?$DequeProbeRecord@$0BA@@@@std@@@std@@IAE@V?$allocator@U?$DequeProbeRecord@$0BA@@@@1@@Z"",""??0?$_Deque_val@U?$DequeProbeRecord@$0CA@@@V?$allocator@U?$DequeProbeRecord@$0CA@@@@std@@@std@@IAE@V?$allocator@U?$DequeProbeRecord@$0CA@@@@1@@Z"",""??0?$_Deque_val@U?$DequeProbeRecord@$0EA@@@V?$allocator@U?$DequeProbeRecord@$0EA@@@@std@@@std@@IAE@V?$allocator@U?$DequeProbeRecord@$0EA@@@@1@@Z""]",1fbcbdc9c7359855fd35101ce0d12f03bbffdf4a747be392215b1c4d39005b88,aaf106005e8b45e90218f757fc0d5e14a51e3bc391893e0ffc17dd22aa8659d2,"[{""offset"":17,""type"":""REL32"",""symbol"":""??0?$allocator@U?$DequeProbeRecord@$00@@@std@@QAE@ABV01@@Z"",""addend"":0,""target_address"":""0x004123D0""},{""offset"":25,""type"":""REL32"",""symbol"":""??0?$_Deque_map@U?$DequeProbeRecord@$00@@V?$allocator@U?$DequeProbeRecord@$00@@@std@@@std@@IAE@V?$allocator@U?$DequeProbeRecord@$00@@@1@@Z"",""addend"":0,""target_address"":""0x004124F0""},{""offset"":40,""type"":""REL32"",""symbol"":""??0?$allocator@U?$DequeProbeRecord@$00@@@std@@QAE@ABV01@@Z"",""addend"":0,""target_address"":""0x00412590""}]",0,R073
0x00414360,72,??0?$deque,??0?$deque@U?$DequeProbeRecord@$00@@V?$allocator@U?$DequeProbeRecord@$00@@@std@@@std@@QAE@XZ,"[""??0?$deque@U?$DequeProbeRecord@$00@@V?$allocator@U?$DequeProbeRecord@$00@@@std@@@std@@QAE@XZ"",""??0?$deque@U?$DequeProbeRecord@$01@@V?$allocator@U?$DequeProbeRecord@$01@@@std@@@std@@QAE@XZ"",""??0?$deque@U?$DequeProbeRecord@$03@@V?$allocator@U?$DequeProbeRecord@$03@@@std@@@std@@QAE@XZ"",""??0?$deque@U?$DequeProbeRecord@$07@@V?$allocator@U?$DequeProbeRecord@$07@@@std@@@std@@QAE@XZ"",""??0?$deque@U?$DequeProbeRecord@$0BA@@@V?$allocator@U?$DequeProbeRecord@$0BA@@@@std@@@std@@QAE@XZ"",""??0?$deque@U?$DequeProbeRecord@$0CA@@@V?$allocator@U?$DequeProbeRecord@$0CA@@@@std@@@std@@QAE@XZ"",""??0?$deque@U?$DequeProbeRecord@$0EA@@@V?$allocator@U?$DequeProbeRecord@$0EA@@@@std@@@std@@QAE@XZ""]",f84956c19e804a3eef83ddf58566398acdebb446a2071390cbdb35e9db352ca7,221b1aad49e57488f66578541ec75f6a00a55503ca147af3d3166d0b8435df42,"[{""offset"":13,""type"":""REL32"",""symbol"":""??0?$allocator@U?$DequeProbeRecord@$00@@@std@@QAE@XZ"",""addend"":0,""target_address"":""0x00414E50""},{""offset"":21,""type"":""REL32"",""symbol"":""??0?$_Deque_val@U?$DequeProbeRecord@$00@@V?$allocator@U?$DequeProbeRecord@$00@@@std@@@std@@IAE@V?$allocator@U?$DequeProbeRecord@$00@@@1@@Z"",""addend"":0,""target_address"":""0x00414E10""}]",0,R073
0x00414550,72,??0?$deque,??0?$deque@U?$DequeProbeRecord@$00@@V?$allocator@U?$DequeProbeRecord@$00@@@std@@@std@@QAE@XZ,"[""??0?$deque@U?$DequeProbeRecord@$00@@V?$allocator@U?$DequeProbeRecord@$00@@@std@@@std@@QAE@XZ"",""??0?$deque@U?$DequeProbeRecord@$01@@V?$allocator@U?$DequeProbeRecord@$01@@@std@@@std@@QAE@XZ"",""??0?$deque@U?$DequeProbeRecord@$03@@V?$allocator@U?$DequeProbeRecord@$03@@@std@@@std@@QAE@XZ"",""??0?$deque@U?$DequeProbeRecord@$07@@V?$allocator@U?$DequeProbeRecord@$07@@@std@@@std@@QAE@XZ"",""??0?$deque@U?$DequeProbeRecord@$0BA@@@V?$allocator@U?$DequeProbeRecord@$0BA@@@@std@@@std@@QAE@XZ"",""??0?$deque@U?$DequeProbeRecord@$0CA@@@V?$allocator@U?$DequeProbeRecord@$0CA@@@@std@@@std@@QAE@XZ"",""??0?$deque@U?$DequeProbeRecord@$0EA@@@V?$allocator@U?$DequeProbeRecord@$0EA@@@@std@@@std@@QAE@XZ""]",f84956c19e804a3eef83ddf58566398acdebb446a2071390cbdb35e9db352ca7,f6d8b38b58084943168ee4cc06674b137652a639d599dc3d379b84cfb8c3399d,"[{""offset"":13,""type"":""REL32"",""symbol"":""??0?$allocator@U?$DequeProbeRecord@$00@@@std@@QAE@XZ"",""addend"":0,""target_address"":""0x004151B0""},{""offset"":21,""type"":""REL32"",""symbol"":""??0?$_Deque_val@U?$DequeProbeRecord@$00@@V?$allocator@U?$DequeProbeRecord@$00@@@std@@@std@@IAE@V?$allocator@U?$DequeProbeRecord@$00@@@1@@Z"",""addend"":0,""target_address"":""0x00415170""}]",0,R073
0x00414740,72,??0?$deque,??0?$deque@U?$DequeProbeRecord@$00@@V?$allocator@U?$DequeProbeRecord@$00@@@std@@@std@@QAE@XZ,"[""??0?$deque@U?$DequeProbeRecord@$00@@V?$allocator@U?$DequeProbeRecord@$00@@@std@@@std@@QAE@XZ"",""??0?$deque@U?$DequeProbeRecord@$01@@V?$allocator@U?$DequeProbeRecord@$01@@@std@@@std@@QAE@XZ"",""??0?$deque@U?$DequeProbeRecord@$03@@V?$allocator@U?$DequeProbeRecord@$03@@@std@@@std@@QAE@XZ"",""??0?$deque@U?$DequeProbeRecord@$07@@V?$allocator@U?$DequeProbeRecord@$07@@@std@@@std@@QAE@XZ"",""??0?$deque@U?$DequeProbeRecord@$0BA@@@V?$allocator@U?$DequeProbeRecord@$0BA@@@@std@@@std@@QAE@XZ"",""??0?$deque@U?$DequeProbeRecord@$0CA@@@V?$allocator@U?$DequeProbeRecord@$0CA@@@@std@@@std@@QAE@XZ"",""??0?$deque@U?$DequeProbeRecord@$0EA@@@V?$allocator@U?$DequeProbeRecord@$0EA@@@@std@@@std@@QAE@XZ""]",f84956c19e804a3eef83ddf58566398acdebb446a2071390cbdb35e9db352ca7,c7b1311b9e776b81e11400714fa7d8614b6ae4c1eedf3bb43ced098ef3f6c05f,"[{""offset"":13,""type"":""REL32"",""symbol"":""??0?$allocator@U?$DequeProbeRecord@$00@@@std@@QAE@XZ"",""addend"":0,""target_address"":""0x00415510""},{""offset"":21,""type"":""REL32"",""symbol"":""??0?$_Deque_val@U?$DequeProbeRecord@$00@@V?$allocator@U?$DequeProbeRecord@$00@@@std@@@std@@IAE@V?$allocator@U?$DequeProbeRecord@$00@@@1@@Z"",""addend"":0,""target_address"":""0x004154D0""}]",0,R073
0x00414E10,53,??0?$_Deque_val,??0?$_Deque_val@U?$DequeProbeRecord@$00@@V?$allocator@U?$DequeProbeRecord@$00@@@std@@@std@@IAE@V?$allocator@U?$DequeProbeRecord@$00@@@1@@Z,"[""??0?$_Deque_val@U?$DequeProbeRecord@$00@@V?$allocator@U?$DequeProbeRecord@$00@@@std@@@std@@IAE@V?$allocator@U?$DequeProbeRecord@$00@@@1@@Z"",""??0?$_Deque_val@U?$DequeProbeRecord@$01@@V?$allocator@U?$DequeProbeRecord@$01@@@std@@@std@@IAE@V?$allocator@U?$DequeProbeRecord@$01@@@1@@Z"",""??0?$_Deque_val@U?$DequeProbeRecord@$03@@V?$allocator@U?$DequeProbeRecord@$03@@@std@@@std@@IAE@V?$allocator@U?$DequeProbeRecord@$03@@@1@@Z"",""??0?$_Deque_val@U?$DequeProbeRecord@$07@@V?$allocator@U?$DequeProbeRecord@$07@@@std@@@std@@IAE@V?$allocator@U?$DequeProbeRecord@$07@@@1@@Z"",""??0?$_Deque_val@U?$DequeProbeRecord@$0BA@@@V?$allocator@U?$DequeProbeRecord@$0BA@@@@std@@@std@@IAE@V?$allocator@U?$DequeProbeRecord@$0BA@@@@1@@Z"",""??0?$_Deque_val@U?$DequeProbeRecord@$0CA@@@V?$allocator@U?$DequeProbeRecord@$0CA@@@@std@@@std@@IAE@V?$allocator@U?$DequeProbeRecord@$0CA@@@@1@@Z"",""??0?$_Deque_val@U?$DequeProbeRecord@$0EA@@@V?$allocator@U?$DequeProbeRecord@$0EA@@@@std@@@std@@IAE@V?$allocator@U?$DequeProbeRecord@$0EA@@@@1@@Z""]",1fbcbdc9c7359855fd35101ce0d12f03bbffdf4a747be392215b1c4d39005b88,17838b519bdfe53d5372d3105a21420694100b4781e612a504b9cd6ea0b433ae,"[{""offset"":17,""type"":""REL32"",""symbol"":""??0?$allocator@U?$DequeProbeRecord@$00@@@std@@QAE@ABV01@@Z"",""addend"":0,""target_address"":""0x004159F0""},{""offset"":25,""type"":""REL32"",""symbol"":""??0?$_Deque_map@U?$DequeProbeRecord@$00@@V?$allocator@U?$DequeProbeRecord@$00@@@std@@@std@@IAE@V?$allocator@U?$DequeProbeRecord@$00@@@1@@Z"",""addend"":0,""target_address"":""0x004159D0""},{""offset"":40,""type"":""REL32"",""symbol"":""??0?$allocator@U?$DequeProbeRecord@$00@@@std@@QAE@ABV01@@Z"",""addend"":0,""target_address"":""0x004159F0""}]",0,R073
0x00415170,53,??0?$_Deque_val,??0?$_Deque_val@U?$DequeProbeRecord@$00@@V?$allocator@U?$DequeProbeRecord@$00@@@std@@@std@@IAE@V?$allocator@U?$DequeProbeRecord@$00@@@1@@Z,"[""??0?$_Deque_val@U?$DequeProbeRecord@$00@@V?$allocator@U?$DequeProbeRecord@$00@@@std@@@std@@IAE@V?$allocator@U?$DequeProbeRecord@$00@@@1@@Z"",""??0?$_Deque_val@U?$DequeProbeRecord@$01@@V?$allocator@U?$DequeProbeRecord@$01@@@std@@@std@@IAE@V?$allocator@U?$DequeProbeRecord@$01@@@1@@Z"",""??0?$_Deque_val@U?$DequeProbeRecord@$03@@V?$allocator@U?$DequeProbeRecord@$03@@@std@@@std@@IAE@V?$allocator@U?$DequeProbeRecord@$03@@@1@@Z"",""??0?$_Deque_val@U?$DequeProbeRecord@$07@@V?$allocator@U?$DequeProbeRecord@$07@@@std@@@std@@IAE@V?$allocator@U?$DequeProbeRecord@$07@@@1@@Z"",""??0?$_Deque_val@U?$DequeProbeRecord@$0BA@@@V?$allocator@U?$DequeProbeRecord@$0BA@@@@std@@@std@@IAE@V?$allocator@U?$DequeProbeRecord@$0BA@@@@1@@Z"",""??0?$_Deque_val@U?$DequeProbeRecord@$0CA@@@V?$allocator@U?$DequeProbeRecord@$0CA@@@@std@@@std@@IAE@V?$allocator@U?$DequeProbeRecord@$0CA@@@@1@@Z"",""??0?$_Deque_val@U?$DequeProbeRecord@$0EA@@@V?$allocator@U?$DequeProbeRecord@$0EA@@@@std@@@std@@IAE@V?$allocator@U?$DequeProbeRecord@$0EA@@@@1@@Z""]",1fbcbdc9c7359855fd35101ce0d12f03bbffdf4a747be392215b1c4d39005b88,936a57442acc32710ba67777976096ddde973b8e56dcc7417076b04ede407e10,"[{""offset"":17,""type"":""REL32"",""symbol"":""??0?$allocator@U?$DequeProbeRecord@$00@@@std@@QAE@ABV01@@Z"",""addend"":0,""target_address"":""0x00415BE0""},{""offset"":25,""type"":""REL32"",""symbol"":""??0?$_Deque_map@U?$DequeProbeRecord@$00@@V?$allocator@U?$DequeProbeRecord@$00@@@std@@@std@@IAE@V?$allocator@U?$DequeProbeRecord@$00@@@1@@Z"",""addend"":0,""target_address"":""0x00415BC0""},{""offset"":40,""type"":""REL32"",""symbol"":""??0?$allocator@U?$DequeProbeRecord@$00@@@std@@QAE@ABV01@@Z"",""addend"":0,""target_address"":""0x00415BE0""}]",0,R073
0x004154D0,53,??0?$_Deque_val,??0?$_Deque_val@U?$DequeProbeRecord@$00@@V?$allocator@U?$DequeProbeRecord@$00@@@std@@@std@@IAE@V?$allocator@U?$DequeProbeRecord@$00@@@1@@Z,"[""??0?$_Deque_val@U?$DequeProbeRecord@$00@@V?$allocator@U?$DequeProbeRecord@$00@@@std@@@std@@IAE@V?$allocator@U?$DequeProbeRecord@$00@@@1@@Z"",""??0?$_Deque_val@U?$DequeProbeRecord@$01@@V?$allocator@U?$DequeProbeRecord@$01@@@std@@@std@@IAE@V?$allocator@U?$DequeProbeRecord@$01@@@1@@Z"",""??0?$_Deque_val@U?$DequeProbeRecord@$03@@V?$allocator@U?$DequeProbeRecord@$03@@@std@@@std@@IAE@V?$allocator@U?$DequeProbeRecord@$03@@@1@@Z"",""??0?$_Deque_val@U?$DequeProbeRecord@$07@@V?$allocator@U?$DequeProbeRecord@$07@@@std@@@std@@IAE@V?$allocator@U?$DequeProbeRecord@$07@@@1@@Z"",""??0?$_Deque_val@U?$DequeProbeRecord@$0BA@@@V?$allocator@U?$DequeProbeRecord@$0BA@@@@std@@@std@@IAE@V?$allocator@U?$DequeProbeRecord@$0BA@@@@1@@Z"",""??0?$_Deque_val@U?$DequeProbeRecord@$0CA@@@V?$allocator@U?$DequeProbeRecord@$0CA@@@@std@@@std@@IAE@V?$allocator@U?$DequeProbeRecord@$0CA@@@@1@@Z"",""??0?$_Deque_val@U?$DequeProbeRecord@$0EA@@@V?$allocator@U?$DequeProbeRecord@$0EA@@@@std@@@std@@IAE@V?$allocator@U?$DequeProbeRecord@$0EA@@@@1@@Z""]",1fbcbdc9c7359855fd35101ce0d12f03bbffdf4a747be392215b1c4d39005b88,6799b4c869d7de19fe472d775a3118013641588e1a7e144614c0d8efb3ef0d44,"[{""offset"":17,""type"":""REL32"",""symbol"":""??0?$allocator@U?$DequeProbeRecord@$00@@@std@@QAE@ABV01@@Z"",""addend"":0,""target_address"":""0x00415DD0""},{""offset"":25,""type"":""REL32"",""symbol"":""??0?$_Deque_map@U?$DequeProbeRecord@$00@@V?$allocator@U?$DequeProbeRecord@$00@@@std@@@std@@IAE@V?$allocator@U?$DequeProbeRecord@$00@@@1@@Z"",""addend"":0,""target_address"":""0x00415DB0""},{""offset"":40,""type"":""REL32"",""symbol"":""??0?$allocator@U?$DequeProbeRecord@$00@@@std@@QAE@ABV01@@Z"",""addend"":0,""target_address"":""0x00415DD0""}]",0,R073
0x00415FE0,55,??$_Uninitialized_copy,??$_Uninitialized_copy@PAPAU?$DequeProbeRecord@$00@@PAPAU1@V?$allocator@PAU?$DequeProbeRecord@$00@@@std@@@std@@YAPAPAU?$DequeProbeRecord@$00@@PAPAU1@00AAV?$allocator@PAU?$DequeProbeRecord@$00@@@0@@Z,"[""??$_Uninitialized_copy@PAPAU?$DequeProbeRecord@$00@@PAPAU1@V?$allocator@PAU?$DequeProbeRecord@$00@@@std@@@std@@YAPAPAU?$DequeProbeRecord@$00@@PAPAU1@00AAV?$allocator@PAU?$DequeProbeRecord@$00@@@0@@Z"",""??$_Uninitialized_copy@PAPAU?$DequeProbeRecord@$01@@PAPAU1@V?$allocator@PAU?$DequeProbeRecord@$01@@@std@@@std@@YAPAPAU?$DequeProbeRecord@$01@@PAPAU1@00AAV?$allocator@PAU?$DequeProbeRecord@$01@@@0@@Z"",""??$_Uninitialized_copy@PAPAU?$DequeProbeRecord@$03@@PAPAU1@V?$allocator@PAU?$DequeProbeRecord@$03@@@std@@@std@@YAPAPAU?$DequeProbeRecord@$03@@PAPAU1@00AAV?$allocator@PAU?$DequeProbeRecord@$03@@@0@@Z"",""??$_Uninitialized_copy@PAPAU?$DequeProbeRecord@$07@@PAPAU1@V?$allocator@PAU?$DequeProbeRecord@$07@@@std@@@std@@YAPAPAU?$DequeProbeRecord@$07@@PAPAU1@00AAV?$allocator@PAU?$DequeProbeRecord@$07@@@0@@Z"",""??$_Uninitialized_copy@PAPAU?$DequeProbeRecord@$0BA@@@PAPAU1@V?$allocator@PAU?$DequeProbeRecord@$0BA@@@@std@@@std@@YAPAPAU?$DequeProbeRecord@$0BA@@@PAPAU1@00AAV?$allocator@PAU?$DequeProbeRecord@$0BA@@@@0@@Z"",""??$_Uninitialized_copy@PAPAU?$DequeProbeRecord@$0CA@@@PAPAU1@V?$allocator@PAU?$DequeProbeRecord@$0CA@@@@std@@@std@@YAPAPAU?$DequeProbeRecord@$0CA@@@PAPAU1@00AAV?$allocator@PAU?$DequeProbeRecord@$0CA@@@@0@@Z"",""??$_Uninitialized_copy@PAPAU?$DequeProbeRecord@$0EA@@@PAPAU1@V?$allocator@PAU?$DequeProbeRecord@$0EA@@@@std@@@std@@YAPAPAU?$DequeProbeRecord@$0EA@@@PAPAU1@00AAV?$allocator@PAU?$DequeProbeRecord@$0EA@@@@0@@Z""]",287825a2cecd4440f77d8e854a0218e7a29484f3e2e01ef877a2c285fc1e6e5c,72af87e633c9e4ca63b49b7540505dc1e40de0c7f2bf95d01bf5fa140ba5d3eb,"[{""offset"":13,""type"":""REL32"",""symbol"":""??$_Ptr_cat@U?$DequeProbeRecord@$00@@@std@@YA?AU_Scalar_ptr_iterator_tag@0@PAPAU?$DequeProbeRecord@$00@@0@Z"",""addend"":0,""target_address"":""0x00416430""},{""offset"":44,""type"":""REL32"",""symbol"":""??$_Uninit_copy@PAU?$DequeProbeRecord@$00@@PAU1@@std@@YAPAPAU?$DequeProbeRecord@$00@@PAPAU1@00AAV?$allocator@PAU?$DequeProbeRecord@$00@@@0@U_Scalar_ptr_iterator_tag@0@@Z"",""addend"":0,""target_address"":""0x00416440""}]",0,R073
0x00416020,55,??$_Uninitialized_fill_n,??$_Uninitialized_fill_n@PAPAU?$DequeProbeRecord@$00@@IPAU1@V?$allocator@PAU?$DequeProbeRecord@$00@@@std@@@std@@YAXPAPAU?$DequeProbeRecord@$00@@IABQAU1@AAV?$allocator@PAU?$DequeProbeRecord@$00@@@0@@Z,"[""??$_Uninitialized_fill_n@PAPAU?$DequeProbeRecord@$00@@IPAU1@V?$allocator@PAU?$DequeProbeRecord@$00@@@std@@@std@@YAXPAPAU?$DequeProbeRecord@$00@@IABQAU1@AAV?$allocator@PAU?$DequeProbeRecord@$00@@@0@@Z"",""??$_Uninitialized_fill_n@PAPAU?$DequeProbeRecord@$01@@IPAU1@V?$allocator@PAU?$DequeProbeRecord@$01@@@std@@@std@@YAXPAPAU?$DequeProbeRecord@$01@@IABQAU1@AAV?$allocator@PAU?$DequeProbeRecord@$01@@@0@@Z"",""??$_Uninitialized_fill_n@PAPAU?$DequeProbeRecord@$03@@IPAU1@V?$allocator@PAU?$DequeProbeRecord@$03@@@std@@@std@@YAXPAPAU?$DequeProbeRecord@$03@@IABQAU1@AAV?$allocator@PAU?$DequeProbeRecord@$03@@@0@@Z"",""??$_Uninitialized_fill_n@PAPAU?$DequeProbeRecord@$07@@IPAU1@V?$allocator@PAU?$DequeProbeRecord@$07@@@std@@@std@@YAXPAPAU?$DequeProbeRecord@$07@@IABQAU1@AAV?$allocator@PAU?$DequeProbeRecord@$07@@@0@@Z"",""??$_Uninitialized_fill_n@PAPAU?$DequeProbeRecord@$0BA@@@IPAU1@V?$allocator@PAU?$DequeProbeRecord@$0BA@@@@std@@@std@@YAXPAPAU?$DequeProbeRecord@$0BA@@@IABQAU1@AAV?$allocator@PAU?$DequeProbeRecord@$0BA@@@@0@@Z"",""??$_Uninitialized_fill_n@PAPAU?$DequeProbeRecord@$0CA@@@IPAU1@V?$allocator@PAU?$DequeProbeRecord@$0CA@@@@std@@@std@@YAXPAPAU?$DequeProbeRecord@$0CA@@@IABQAU1@AAV?$allocator@PAU?$DequeProbeRecord@$0CA@@@@0@@Z"",""??$_Uninitialized_fill_n@PAPAU?$DequeProbeRecord@$0EA@@@IPAU1@V?$allocator@PAU?$DequeProbeRecord@$0EA@@@@std@@@std@@YAXPAPAU?$DequeProbeRecord@$0EA@@@IABQAU1@AAV?$allocator@PAU?$DequeProbeRecord@$0EA@@@@0@@Z""]",175c2b0811b10f79e9d3d58318d4d3ce4e55d73c0e6dcca4ddea5bd3cb989318,bccec08d469f5983dbbb55bc4067027b3096fe73eb9b883bdf97cef4261f9e5b,"[{""offset"":13,""type"":""REL32"",""symbol"":""??$_Ptr_cat@U?$DequeProbeRecord@$00@@@std@@YA?AU_Scalar_ptr_iterator_tag@0@PAPAU?$DequeProbeRecord@$00@@0@Z"",""addend"":0,""target_address"":""0x00416430""},{""offset"":44,""type"":""REL32"",""symbol"":""??$_Uninit_fill_n@PAU?$DequeProbeRecord@$00@@IPAU1@@std@@YAXPAPAU?$DequeProbeRecord@$00@@IABQAU1@AAV?$allocator@PAU?$DequeProbeRecord@$00@@@0@U_Scalar_ptr_iterator_tag@0@@Z"",""addend"":0,""target_address"":""0x00416480""}]",0,R073
0x00416060,51,??$_Destroy_range,??$_Destroy_range@PAU?$DequeProbeRecord@$00@@V?$allocator@PAU?$DequeProbeRecord@$00@@@std@@@std@@YAXPAPAU?$DequeProbeRecord@$00@@0AAV?$allocator@PAU?$DequeProbeRecord@$00@@@0@@Z,"[""??$_Destroy_range@PAU?$DequeProbeRecord@$00@@V?$allocator@PAU?$DequeProbeRecord@$00@@@std@@@std@@YAXPAPAU?$DequeProbeRecord@$00@@0AAV?$allocator@PAU?$DequeProbeRecord@$00@@@0@@Z"",""??$_Destroy_range@PAU?$DequeProbeRecord@$01@@V?$allocator@PAU?$DequeProbeRecord@$01@@@std@@@std@@YAXPAPAU?$DequeProbeRecord@$01@@0AAV?$allocator@PAU?$DequeProbeRecord@$01@@@0@@Z"",""??$_Destroy_range@PAU?$DequeProbeRecord@$03@@V?$allocator@PAU?$DequeProbeRecord@$03@@@std@@@std@@YAXPAPAU?$DequeProbeRecord@$03@@0AAV?$allocator@PAU?$DequeProbeRecord@$03@@@0@@Z"",""??$_Destroy_range@PAU?$DequeProbeRecord@$07@@V?$allocator@PAU?$DequeProbeRecord@$07@@@std@@@std@@YAXPAPAU?$DequeProbeRecord@$07@@0AAV?$allocator@PAU?$DequeProbeRecord@$07@@@0@@Z"",""??$_Destroy_range@PAU?$DequeProbeRecord@$0BA@@@V?$allocator@PAU?$DequeProbeRecord@$0BA@@@@std@@@std@@YAXPAPAU?$DequeProbeRecord@$0BA@@@0AAV?$allocator@PAU?$DequeProbeRecord@$0BA@@@@0@@Z"",""??$_Destroy_range@PAU?$DequeProbeRecord@$0CA@@@V?$allocator@PAU?$DequeProbeRecord@$0CA@@@@std@@@std@@YAXPAPAU?$DequeProbeRecord@$0CA@@@0AAV?$allocator@PAU?$DequeProbeRecord@$0CA@@@@0@@Z"",""??$_Destroy_range@PAU?$DequeProbeRecord@$0EA@@@V?$allocator@PAU?$DequeProbeRecord@$0EA@@@@std@@@std@@YAXPAPAU?$DequeProbeRecord@$0EA@@@0AAV?$allocator@PAU?$DequeProbeRecord@$0EA@@@@0@@Z""]",3f42c6dd16c50d5cd9d9708fa1fd79cdb1b40aa756355124494b7f12d427c4b4,6e8a9e371b8713968f4bf6203b51cdf2fb23b39301d26ac5af2d6a7527233b71,"[{""offset"":13,""type"":""REL32"",""symbol"":""??$_Ptr_cat@U?$DequeProbeRecord@$00@@@std@@YA?AU_Scalar_ptr_iterator_tag@0@PAPAU?$DequeProbeRecord@$00@@0@Z"",""addend"":0,""target_address"":""0x00416430""},{""offset"":40,""type"":""REL32"",""symbol"":""??$_Destroy_range@PAU?$DequeProbeRecord@$00@@V?$allocator@PAU?$DequeProbeRecord@$00@@@std@@@std@@YAXPAPAU?$DequeProbeRecord@$00@@0AAV?$allocator@PAU?$DequeProbeRecord@$00@@@0@U_Scalar_ptr_iterator_tag@0@@Z"",""addend"":0,""target_address"":""0x004164A0""}]",0,R073
0x00416100,55,??$_Uninitialized_copy,??$_Uninitialized_copy@PAPAU?$DequeProbeRecord@$00@@PAPAU1@V?$allocator@PAU?$DequeProbeRecord@$00@@@std@@@std@@YAPAPAU?$DequeProbeRecord@$00@@PAPAU1@00AAV?$allocator@PAU?$DequeProbeRecord@$00@@@0@@Z,"[""??$_Uninitialized_copy@PAPAU?$DequeProbeRecord@$00@@PAPAU1@V?$allocator@PAU?$DequeProbeRecord@$00@@@std@@@std@@YAPAPAU?$DequeProbeRecord@$00@@PAPAU1@00AAV?$allocator@PAU?$DequeProbeRecord@$00@@@0@@Z"",""??$_Uninitialized_copy@PAPAU?$DequeProbeRecord@$01@@PAPAU1@V?$allocator@PAU?$DequeProbeRecord@$01@@@std@@@std@@YAPAPAU?$DequeProbeRecord@$01@@PAPAU1@00AAV?$allocator@PAU?$DequeProbeRecord@$01@@@0@@Z"",""??$_Uninitialized_copy@PAPAU?$DequeProbeRecord@$03@@PAPAU1@V?$allocator@PAU?$DequeProbeRecord@$03@@@std@@@std@@YAPAPAU?$DequeProbeRecord@$03@@PAPAU1@00AAV?$allocator@PAU?$DequeProbeRecord@$03@@@0@@Z"",""??$_Uninitialized_copy@PAPAU?$DequeProbeRecord@$07@@PAPAU1@V?$allocator@PAU?$DequeProbeRecord@$07@@@std@@@std@@YAPAPAU?$DequeProbeRecord@$07@@PAPAU1@00AAV?$allocator@PAU?$DequeProbeRecord@$07@@@0@@Z"",""??$_Uninitialized_copy@PAPAU?$DequeProbeRecord@$0BA@@@PAPAU1@V?$allocator@PAU?$DequeProbeRecord@$0BA@@@@std@@@std@@YAPAPAU?$DequeProbeRecord@$0BA@@@PAPAU1@00AAV?$allocator@PAU?$DequeProbeRecord@$0BA@@@@0@@Z"",""??$_Uninitialized_copy@PAPAU?$DequeProbeRecord@$0CA@@@PAPAU1@V?$allocator@PAU?$DequeProbeRecord@$0CA@@@@std@@@std@@YAPAPAU?$DequeProbeRecord@$0CA@@@PAPAU1@00AAV?$allocator@PAU?$DequeProbeRecord@$0CA@@@@0@@Z"",""??$_Uninitialized_copy@PAPAU?$DequeProbeRecord@$0EA@@@PAPAU1@V?$allocator@PAU?$DequeProbeRecord@$0EA@@@@std@@@std@@YAPAPAU?$DequeProbeRecord@$0EA@@@PAPAU1@00AAV?$allocator@PAU?$DequeProbeRecord@$0EA@@@@0@@Z""]",287825a2cecd4440f77d8e854a0218e7a29484f3e2e01ef877a2c285fc1e6e5c,8457dd1c1fc97639713559fe23436f55105ae6a5a3646a96daf8790b5e047748,"[{""offset"":13,""type"":""REL32"",""symbol"":""??$_Ptr_cat@U?$DequeProbeRecord@$00@@@std@@YA?AU_Scalar_ptr_iterator_tag@0@PAPAU?$DequeProbeRecord@$00@@0@Z"",""addend"":0,""target_address"":""0x004164B0""},{""offset"":44,""type"":""REL32"",""symbol"":""??$_Uninit_copy@PAU?$DequeProbeRecord@$00@@PAU1@@std@@YAPAPAU?$DequeProbeRecord@$00@@PAPAU1@00AAV?$allocator@PAU?$DequeProbeRecord@$00@@@0@U_Scalar_ptr_iterator_tag@0@@Z"",""addend"":0,""target_address"":""0x004164C0""}]",0,R073
0x00416140,55,??$_Uninitialized_fill_n,??$_Uninitialized_fill_n@PAPAU?$DequeProbeRecord@$00@@IPAU1@V?$allocator@PAU?$DequeProbeRecord@$00@@@std@@@std@@YAXPAPAU?$DequeProbeRecord@$00@@IABQAU1@AAV?$allocator@PAU?$DequeProbeRecord@$00@@@0@@Z,"[""??$_Uninitialized_fill_n@PAPAU?$DequeProbeRecord@$00@@IPAU1@V?$allocator@PAU?$DequeProbeRecord@$00@@@std@@@std@@YAXPAPAU?$DequeProbeRecord@$00@@IABQAU1@AAV?$allocator@PAU?$DequeProbeRecord@$00@@@0@@Z"",""??$_Uninitialized_fill_n@PAPAU?$DequeProbeRecord@$01@@IPAU1@V?$allocator@PAU?$DequeProbeRecord@$01@@@std@@@std@@YAXPAPAU?$DequeProbeRecord@$01@@IABQAU1@AAV?$allocator@PAU?$DequeProbeRecord@$01@@@0@@Z"",""??$_Uninitialized_fill_n@PAPAU?$DequeProbeRecord@$03@@IPAU1@V?$allocator@PAU?$DequeProbeRecord@$03@@@std@@@std@@YAXPAPAU?$DequeProbeRecord@$03@@IABQAU1@AAV?$allocator@PAU?$DequeProbeRecord@$03@@@0@@Z"",""??$_Uninitialized_fill_n@PAPAU?$DequeProbeRecord@$07@@IPAU1@V?$allocator@PAU?$DequeProbeRecord@$07@@@std@@@std@@YAXPAPAU?$DequeProbeRecord@$07@@IABQAU1@AAV?$allocator@PAU?$DequeProbeRecord@$07@@@0@@Z"",""??$_Uninitialized_fill_n@PAPAU?$DequeProbeRecord@$0BA@@@IPAU1@V?$allocator@PAU?$DequeProbeRecord@$0BA@@@@std@@@std@@YAXPAPAU?$DequeProbeRecord@$0BA@@@IABQAU1@AAV?$allocator@PAU?$DequeProbeRecord@$0BA@@@@0@@Z"",""??$_Uninitialized_fill_n@PAPAU?$DequeProbeRecord@$0CA@@@IPAU1@V?$allocator@PAU?$DequeProbeRecord@$0CA@@@@std@@@std@@YAXPAPAU?$DequeProbeRecord@$0CA@@@IABQAU1@AAV?$allocator@PAU?$DequeProbeRecord@$0CA@@@@0@@Z"",""??$_Uninitialized_fill_n@PAPAU?$DequeProbeRecord@$0EA@@@IPAU1@V?$allocator@PAU?$DequeProbeRecord@$0EA@@@@std@@@std@@YAXPAPAU?$DequeProbeRecord@$0EA@@@IABQAU1@AAV?$allocator@PAU?$DequeProbeRecord@$0EA@@@@0@@Z""]",175c2b0811b10f79e9d3d58318d4d3ce4e55d73c0e6dcca4ddea5bd3cb989318,04d6b1416d3a5eeed5c34b819ca7419c0a57db4768621d1cfc9dc860ee937d18,"[{""offset"":13,""type"":""REL32"",""symbol"":""??$_Ptr_cat@U?$DequeProbeRecord@$00@@@std@@YA?AU_Scalar_ptr_iterator_tag@0@PAPAU?$DequeProbeRecord@$00@@0@Z"",""addend"":0,""target_address"":""0x004164B0""},{""offset"":44,""type"":""REL32"",""symbol"":""??$_Uninit_fill_n@PAU?$DequeProbeRecord@$00@@IPAU1@@std@@YAXPAPAU?$DequeProbeRecord@$00@@IABQAU1@AAV?$allocator@PAU?$DequeProbeRecord@$00@@@0@U_Scalar_ptr_iterator_tag@0@@Z"",""addend"":0,""target_address"":""0x00416500""}]",0,R073
0x00416180,51,??$_Destroy_range,??$_Destroy_range@PAU?$DequeProbeRecord@$00@@V?$allocator@PAU?$DequeProbeRecord@$00@@@std@@@std@@YAXPAPAU?$DequeProbeRecord@$00@@0AAV?$allocator@PAU?$DequeProbeRecord@$00@@@0@@Z,"[""??$_Destroy_range@PAU?$DequeProbeRecord@$00@@V?$allocator@PAU?$DequeProbeRecord@$00@@@std@@@std@@YAXPAPAU?$DequeProbeRecord@$00@@0AAV?$allocator@PAU?$DequeProbeRecord@$00@@@0@@Z"",""??$_Destroy_range@PAU?$DequeProbeRecord@$01@@V?$allocator@PAU?$DequeProbeRecord@$01@@@std@@@std@@YAXPAPAU?$DequeProbeRecord@$01@@0AAV?$allocator@PAU?$DequeProbeRecord@$01@@@0@@Z"",""??$_Destroy_range@PAU?$DequeProbeRecord@$03@@V?$allocator@PAU?$DequeProbeRecord@$03@@@std@@@std@@YAXPAPAU?$DequeProbeRecord@$03@@0AAV?$allocator@PAU?$DequeProbeRecord@$03@@@0@@Z"",""??$_Destroy_range@PAU?$DequeProbeRecord@$07@@V?$allocator@PAU?$DequeProbeRecord@$07@@@std@@@std@@YAXPAPAU?$DequeProbeRecord@$07@@0AAV?$allocator@PAU?$DequeProbeRecord@$07@@@0@@Z"",""??$_Destroy_range@PAU?$DequeProbeRecord@$0BA@@@V?$allocator@PAU?$DequeProbeRecord@$0BA@@@@std@@@std@@YAXPAPAU?$DequeProbeRecord@$0BA@@@0AAV?$allocator@PAU?$DequeProbeRecord@$0BA@@@@0@@Z"",""??$_Destroy_range@PAU?$DequeProbeRecord@$0CA@@@V?$allocator@PAU?$DequeProbeRecord@$0CA@@@@std@@@std@@YAXPAPAU?$DequeProbeRecord@$0CA@@@0AAV?$allocator@PAU?$DequeProbeRecord@$0CA@@@@0@@Z"",""??$_Destroy_range@PAU?$DequeProbeRecord@$0EA@@@V?$allocator@PAU?$DequeProbeRecord@$0EA@@@@std@@@std@@YAXPAPAU?$DequeProbeRecord@$0EA@@@0AAV?$allocator@PAU?$DequeProbeRecord@$0EA@@@@0@@Z""]",3f42c6dd16c50d5cd9d9708fa1fd79cdb1b40aa756355124494b7f12d427c4b4,53df3f37e2d668279018738f66f93164a9e6d31133cfcf80993c15164a2ddbdb,"[{""offset"":13,""type"":""REL32"",""symbol"":""??$_Ptr_cat@U?$DequeProbeRecord@$00@@@std@@YA?AU_Scalar_ptr_iterator_tag@0@PAPAU?$DequeProbeRecord@$00@@0@Z"",""addend"":0,""target_address"":""0x004164B0""},{""offset"":40,""type"":""REL32"",""symbol"":""??$_Destroy_range@PAU?$DequeProbeRecord@$00@@V?$allocator@PAU?$DequeProbeRecord@$00@@@std@@@std@@YAXPAPAU?$DequeProbeRecord@$00@@0AAV?$allocator@PAU?$DequeProbeRecord@$00@@@0@U_Scalar_ptr_iterator_tag@0@@Z"",""addend"":0,""target_address"":""0x00416520""}]",0,R073
0x00416220,55,??$_Uninitialized_copy,??$_Uninitialized_copy@PAPAU?$DequeProbeRecord@$00@@PAPAU1@V?$allocator@PAU?$DequeProbeRecord@$00@@@std@@@std@@YAPAPAU?$DequeProbeRecord@$00@@PAPAU1@00AAV?$allocator@PAU?$DequeProbeRecord@$00@@@0@@Z,"[""??$_Uninitialized_copy@PAPAU?$DequeProbeRecord@$00@@PAPAU1@V?$allocator@PAU?$DequeProbeRecord@$00@@@std@@@std@@YAPAPAU?$DequeProbeRecord@$00@@PAPAU1@00AAV?$allocator@PAU?$DequeProbeRecord@$00@@@0@@Z"",""??$_Uninitialized_copy@PAPAU?$DequeProbeRecord@$01@@PAPAU1@V?$allocator@PAU?$DequeProbeRecord@$01@@@std@@@std@@YAPAPAU?$DequeProbeRecord@$01@@PAPAU1@00AAV?$allocator@PAU?$DequeProbeRecord@$01@@@0@@Z"",""??$_Uninitialized_copy@PAPAU?$DequeProbeRecord@$03@@PAPAU1@V?$allocator@PAU?$DequeProbeRecord@$03@@@std@@@std@@YAPAPAU?$DequeProbeRecord@$03@@PAPAU1@00AAV?$allocator@PAU?$DequeProbeRecord@$03@@@0@@Z"",""??$_Uninitialized_copy@PAPAU?$DequeProbeRecord@$07@@PAPAU1@V?$allocator@PAU?$DequeProbeRecord@$07@@@std@@@std@@YAPAPAU?$DequeProbeRecord@$07@@PAPAU1@00AAV?$allocator@PAU?$DequeProbeRecord@$07@@@0@@Z"",""??$_Uninitialized_copy@PAPAU?$DequeProbeRecord@$0BA@@@PAPAU1@V?$allocator@PAU?$DequeProbeRecord@$0BA@@@@std@@@std@@YAPAPAU?$DequeProbeRecord@$0BA@@@PAPAU1@00AAV?$allocator@PAU?$DequeProbeRecord@$0BA@@@@0@@Z"",""??$_Uninitialized_copy@PAPAU?$DequeProbeRecord@$0CA@@@PAPAU1@V?$allocator@PAU?$DequeProbeRecord@$0CA@@@@std@@@std@@YAPAPAU?$DequeProbeRecord@$0CA@@@PAPAU1@00AAV?$allocator@PAU?$DequeProbeRecord@$0CA@@@@0@@Z"",""??$_Uninitialized_copy@PAPAU?$DequeProbeRecord@$0EA@@@PAPAU1@V?$allocator@PAU?$DequeProbeRecord@$0EA@@@@std@@@std@@YAPAPAU?$DequeProbeRecord@$0EA@@@PAPAU1@00AAV?$allocator@PAU?$DequeProbeRecord@$0EA@@@@0@@Z""]",287825a2cecd4440f77d8e854a0218e7a29484f3e2e01ef877a2c285fc1e6e5c,0f25ccdd608e292b590f059cdeb3faff38a84cc4af426e05be9a0a9bd296a403,"[{""offset"":13,""type"":""REL32"",""symbol"":""??$_Ptr_cat@U?$DequeProbeRecord@$00@@@std@@YA?AU_Scalar_ptr_iterator_tag@0@PAPAU?$DequeProbeRecord@$00@@0@Z"",""addend"":0,""target_address"":""0x00416530""},{""offset"":44,""type"":""REL32"",""symbol"":""??$_Uninit_copy@PAU?$DequeProbeRecord@$00@@PAU1@@std@@YAPAPAU?$DequeProbeRecord@$00@@PAPAU1@00AAV?$allocator@PAU?$DequeProbeRecord@$00@@@0@U_Scalar_ptr_iterator_tag@0@@Z"",""addend"":0,""target_address"":""0x00416540""}]",0,R073
0x00416260,55,??$_Uninitialized_fill_n,??$_Uninitialized_fill_n@PAPAU?$DequeProbeRecord@$00@@IPAU1@V?$allocator@PAU?$DequeProbeRecord@$00@@@std@@@std@@YAXPAPAU?$DequeProbeRecord@$00@@IABQAU1@AAV?$allocator@PAU?$DequeProbeRecord@$00@@@0@@Z,"[""??$_Uninitialized_fill_n@PAPAU?$DequeProbeRecord@$00@@IPAU1@V?$allocator@PAU?$DequeProbeRecord@$00@@@std@@@std@@YAXPAPAU?$DequeProbeRecord@$00@@IABQAU1@AAV?$allocator@PAU?$DequeProbeRecord@$00@@@0@@Z"",""??$_Uninitialized_fill_n@PAPAU?$DequeProbeRecord@$01@@IPAU1@V?$allocator@PAU?$DequeProbeRecord@$01@@@std@@@std@@YAXPAPAU?$DequeProbeRecord@$01@@IABQAU1@AAV?$allocator@PAU?$DequeProbeRecord@$01@@@0@@Z"",""??$_Uninitialized_fill_n@PAPAU?$DequeProbeRecord@$03@@IPAU1@V?$allocator@PAU?$DequeProbeRecord@$03@@@std@@@std@@YAXPAPAU?$DequeProbeRecord@$03@@IABQAU1@AAV?$allocator@PAU?$DequeProbeRecord@$03@@@0@@Z"",""??$_Uninitialized_fill_n@PAPAU?$DequeProbeRecord@$07@@IPAU1@V?$allocator@PAU?$DequeProbeRecord@$07@@@std@@@std@@YAXPAPAU?$DequeProbeRecord@$07@@IABQAU1@AAV?$allocator@PAU?$DequeProbeRecord@$07@@@0@@Z"",""??$_Uninitialized_fill_n@PAPAU?$DequeProbeRecord@$0BA@@@IPAU1@V?$allocator@PAU?$DequeProbeRecord@$0BA@@@@std@@@std@@YAXPAPAU?$DequeProbeRecord@$0BA@@@IABQAU1@AAV?$allocator@PAU?$DequeProbeRecord@$0BA@@@@0@@Z"",""??$_Uninitialized_fill_n@PAPAU?$DequeProbeRecord@$0CA@@@IPAU1@V?$allocator@PAU?$DequeProbeRecord@$0CA@@@@std@@@std@@YAXPAPAU?$DequeProbeRecord@$0CA@@@IABQAU1@AAV?$allocator@PAU?$DequeProbeRecord@$0CA@@@@0@@Z"",""??$_Uninitialized_fill_n@PAPAU?$DequeProbeRecord@$0EA@@@IPAU1@V?$allocator@PAU?$DequeProbeRecord@$0EA@@@@std@@@std@@YAXPAPAU?$DequeProbeRecord@$0EA@@@IABQAU1@AAV?$allocator@PAU?$DequeProbeRecord@$0EA@@@@0@@Z""]",175c2b0811b10f79e9d3d58318d4d3ce4e55d73c0e6dcca4ddea5bd3cb989318,76e12453d9012865470dabce8acd071eb51e9bc30285e43f6766c62aa4fb1b33,"[{""offset"":13,""type"":""REL32"",""symbol"":""??$_Ptr_cat@U?$DequeProbeRecord@$00@@@std@@YA?AU_Scalar_ptr_iterator_tag@0@PAPAU?$DequeProbeRecord@$00@@0@Z"",""addend"":0,""target_address"":""0x00416530""},{""offset"":44,""type"":""REL32"",""symbol"":""??$_Uninit_fill_n@PAU?$DequeProbeRecord@$00@@IPAU1@@std@@YAXPAPAU?$DequeProbeRecord@$00@@IABQAU1@AAV?$allocator@PAU?$DequeProbeRecord@$00@@@0@U_Scalar_ptr_iterator_tag@0@@Z"",""addend"":0,""target_address"":""0x00416580""}]",0,R073
0x004162A0,51,??$_Destroy_range,??$_Destroy_range@PAU?$DequeProbeRecord@$00@@V?$allocator@PAU?$DequeProbeRecord@$00@@@std@@@std@@YAXPAPAU?$DequeProbeRecord@$00@@0AAV?$allocator@PAU?$DequeProbeRecord@$00@@@0@@Z,"[""??$_Destroy_range@PAU?$DequeProbeRecord@$00@@V?$allocator@PAU?$DequeProbeRecord@$00@@@std@@@std@@YAXPAPAU?$DequeProbeRecord@$00@@0AAV?$allocator@PAU?$DequeProbeRecord@$00@@@0@@Z"",""??$_Destroy_range@PAU?$DequeProbeRecord@$01@@V?$allocator@PAU?$DequeProbeRecord@$01@@@std@@@std@@YAXPAPAU?$DequeProbeRecord@$01@@0AAV?$allocator@PAU?$DequeProbeRecord@$01@@@0@@Z"",""??$_Destroy_range@PAU?$DequeProbeRecord@$03@@V?$allocator@PAU?$DequeProbeRecord@$03@@@std@@@std@@YAXPAPAU?$DequeProbeRecord@$03@@0AAV?$allocator@PAU?$DequeProbeRecord@$03@@@0@@Z"",""??$_Destroy_range@PAU?$DequeProbeRecord@$07@@V?$allocator@PAU?$DequeProbeRecord@$07@@@std@@@std@@YAXPAPAU?$DequeProbeRecord@$07@@0AAV?$allocator@PAU?$DequeProbeRecord@$07@@@0@@Z"",""??$_Destroy_range@PAU?$DequeProbeRecord@$0BA@@@V?$allocator@PAU?$DequeProbeRecord@$0BA@@@@std@@@std@@YAXPAPAU?$DequeProbeRecord@$0BA@@@0AAV?$allocator@PAU?$DequeProbeRecord@$0BA@@@@0@@Z"",""??$_Destroy_range@PAU?$DequeProbeRecord@$0CA@@@V?$allocator@PAU?$DequeProbeRecord@$0CA@@@@std@@@std@@YAXPAPAU?$DequeProbeRecord@$0CA@@@0AAV?$allocator@PAU?$DequeProbeRecord@$0CA@@@@0@@Z"",""??$_Destroy_range@PAU?$DequeProbeRecord@$0EA@@@V?$allocator@PAU?$DequeProbeRecord@$0EA@@@@std@@@std@@YAXPAPAU?$DequeProbeRecord@$0EA@@@0AAV?$allocator@PAU?$DequeProbeRecord@$0EA@@@@0@@Z""]",3f42c6dd16c50d5cd9d9708fa1fd79cdb1b40aa756355124494b7f12d427c4b4,f10dc0f03b6b5bc8edcb5bb2443761800d4cb84a19edc9bf679b358dc2578fed,"[{""offset"":13,""type"":""REL32"",""symbol"":""??$_Ptr_cat@U?$DequeProbeRecord@$00@@@std@@YA?AU_Scalar_ptr_iterator_tag@0@PAPAU?$DequeProbeRecord@$00@@0@Z"",""addend"":0,""target_address"":""0x00416530""},{""offset"":40,""type"":""REL32"",""symbol"":""??$_Destroy_range@PAU?$DequeProbeRecord@$00@@V?$allocator@PAU?$DequeProbeRecord@$00@@@std@@@std@@YAXPAPAU?$DequeProbeRecord@$00@@0AAV?$allocator@PAU?$DequeProbeRecord@$00@@@0@U_Scalar_ptr_iterator_tag@0@@Z"",""addend"":0,""target_address"":""0x004165A0""}]",0,R073
0x00416440,49,??$_Uninit_copy,??$_Uninit_copy@PAU?$DequeProbeRecord@$00@@PAU1@@std@@YAPAPAU?$DequeProbeRecord@$00@@PAPAU1@00AAV?$allocator@PAU?$DequeProbeRecord@$00@@@0@U_Scalar_ptr_iterator_tag@0@@Z,"[""??$_Uninit_copy@PAU?$DequeProbeRecord@$00@@PAU1@@std@@YAPAPAU?$DequeProbeRecord@$00@@PAPAU1@00AAV?$allocator@PAU?$DequeProbeRecord@$00@@@0@U_Scalar_ptr_iterator_tag@0@@Z"",""??$_Uninit_copy@PAU?$DequeProbeRecord@$01@@PAU1@@std@@YAPAPAU?$DequeProbeRecord@$01@@PAPAU1@00AAV?$allocator@PAU?$DequeProbeRecord@$01@@@0@U_Scalar_ptr_iterator_tag@0@@Z"",""??$_Uninit_copy@PAU?$DequeProbeRecord@$03@@PAU1@@std@@YAPAPAU?$DequeProbeRecord@$03@@PAPAU1@00AAV?$allocator@PAU?$DequeProbeRecord@$03@@@0@U_Scalar_ptr_iterator_tag@0@@Z"",""??$_Uninit_copy@PAU?$DequeProbeRecord@$07@@PAU1@@std@@YAPAPAU?$DequeProbeRecord@$07@@PAPAU1@00AAV?$allocator@PAU?$DequeProbeRecord@$07@@@0@U_Scalar_ptr_iterator_tag@0@@Z"",""??$_Uninit_copy@PAU?$DequeProbeRecord@$0BA@@@PAU1@@std@@YAPAPAU?$DequeProbeRecord@$0BA@@@PAPAU1@00AAV?$allocator@PAU?$DequeProbeRecord@$0BA@@@@0@U_Scalar_ptr_iterator_tag@0@@Z"",""??$_Uninit_copy@PAU?$DequeProbeRecord@$0CA@@@PAU1@@std@@YAPAPAU?$DequeProbeRecord@$0CA@@@PAPAU1@00AAV?$allocator@PAU?$DequeProbeRecord@$0CA@@@@0@U_Scalar_ptr_iterator_tag@0@@Z"",""??$_Uninit_copy@PAU?$DequeProbeRecord@$0EA@@@PAU1@@std@@YAPAPAU?$DequeProbeRecord@$0EA@@@PAPAU1@00AAV?$allocator@PAU?$DequeProbeRecord@$0EA@@@@0@U_Scalar_ptr_iterator_tag@0@@Z""]",819764bcd5bc6281178f52a8c0ba4ef070a5f99a9e5222050118ebf0c230e616,17225513486b1838c7a200167d48109f7dab74c12dadd386d7897cbc2514fa46,"[{""offset"":32,""type"":""REL32"",""symbol"":""_memmove"",""addend"":0,""target_address"":""0x00641260""}]",0,R073
0x004164C0,49,??$_Uninit_copy,??$_Uninit_copy@PAU?$DequeProbeRecord@$00@@PAU1@@std@@YAPAPAU?$DequeProbeRecord@$00@@PAPAU1@00AAV?$allocator@PAU?$DequeProbeRecord@$00@@@0@U_Scalar_ptr_iterator_tag@0@@Z,"[""??$_Uninit_copy@PAU?$DequeProbeRecord@$00@@PAU1@@std@@YAPAPAU?$DequeProbeRecord@$00@@PAPAU1@00AAV?$allocator@PAU?$DequeProbeRecord@$00@@@0@U_Scalar_ptr_iterator_tag@0@@Z"",""??$_Uninit_copy@PAU?$DequeProbeRecord@$01@@PAU1@@std@@YAPAPAU?$DequeProbeRecord@$01@@PAPAU1@00AAV?$allocator@PAU?$DequeProbeRecord@$01@@@0@U_Scalar_ptr_iterator_tag@0@@Z"",""??$_Uninit_copy@PAU?$DequeProbeRecord@$03@@PAU1@@std@@YAPAPAU?$DequeProbeRecord@$03@@PAPAU1@00AAV?$allocator@PAU?$DequeProbeRecord@$03@@@0@U_Scalar_ptr_iterator_tag@0@@Z"",""??$_Uninit_copy@PAU?$DequeProbeRecord@$07@@PAU1@@std@@YAPAPAU?$DequeProbeRecord@$07@@PAPAU1@00AAV?$allocator@PAU?$DequeProbeRecord@$07@@@0@U_Scalar_ptr_iterator_tag@0@@Z"",""??$_Uninit_copy@PAU?$DequeProbeRecord@$0BA@@@PAU1@@std@@YAPAPAU?$DequeProbeRecord@$0BA@@@PAPAU1@00AAV?$allocator@PAU?$DequeProbeRecord@$0BA@@@@0@U_Scalar_ptr_iterator_tag@0@@Z"",""??$_Uninit_copy@PAU?$DequeProbeRecord@$0CA@@@PAU1@@std@@YAPAPAU?$DequeProbeRecord@$0CA@@@PAPAU1@00AAV?$allocator@PAU?$DequeProbeRecord@$0CA@@@@0@U_Scalar_ptr_iterator_tag@0@@Z"",""??$_Uninit_copy@PAU?$DequeProbeRecord@$0EA@@@PAU1@@std@@YAPAPAU?$DequeProbeRecord@$0EA@@@PAPAU1@00AAV?$allocator@PAU?$DequeProbeRecord@$0EA@@@@0@U_Scalar_ptr_iterator_tag@0@@Z""]",819764bcd5bc6281178f52a8c0ba4ef070a5f99a9e5222050118ebf0c230e616,9cc375f065cbfbdc32e6f8ecfc1af30b16316a8b0f2b1ea02ddd39ae9365ebef,"[{""offset"":32,""type"":""REL32"",""symbol"":""_memmove"",""addend"":0,""target_address"":""0x00641260""}]",0,R073
0x00416540,49,??$_Uninit_copy,??$_Uninit_copy@PAU?$DequeProbeRecord@$00@@PAU1@@std@@YAPAPAU?$DequeProbeRecord@$00@@PAPAU1@00AAV?$allocator@PAU?$DequeProbeRecord@$00@@@0@U_Scalar_ptr_iterator_tag@0@@Z,"[""??$_Uninit_copy@PAU?$DequeProbeRecord@$00@@PAU1@@std@@YAPAPAU?$DequeProbeRecord@$00@@PAPAU1@00AAV?$allocator@PAU?$DequeProbeRecord@$00@@@0@U_Scalar_ptr_iterator_tag@0@@Z"",""??$_Uninit_copy@PAU?$DequeProbeRecord@$01@@PAU1@@std@@YAPAPAU?$DequeProbeRecord@$01@@PAPAU1@00AAV?$allocator@PAU?$DequeProbeRecord@$01@@@0@U_Scalar_ptr_iterator_tag@0@@Z"",""??$_Uninit_copy@PAU?$DequeProbeRecord@$03@@PAU1@@std@@YAPAPAU?$DequeProbeRecord@$03@@PAPAU1@00AAV?$allocator@PAU?$DequeProbeRecord@$03@@@0@U_Scalar_ptr_iterator_tag@0@@Z"",""??$_Uninit_copy@PAU?$DequeProbeRecord@$07@@PAU1@@std@@YAPAPAU?$DequeProbeRecord@$07@@PAPAU1@00AAV?$allocator@PAU?$DequeProbeRecord@$07@@@0@U_Scalar_ptr_iterator_tag@0@@Z"",""??$_Uninit_copy@PAU?$DequeProbeRecord@$0BA@@@PAU1@@std@@YAPAPAU?$DequeProbeRecord@$0BA@@@PAPAU1@00AAV?$allocator@PAU?$DequeProbeRecord@$0BA@@@@0@U_Scalar_ptr_iterator_tag@0@@Z"",""??$_Uninit_copy@PAU?$DequeProbeRecord@$0CA@@@PAU1@@std@@YAPAPAU?$DequeProbeRecord@$0CA@@@PAPAU1@00AAV?$allocator@PAU?$DequeProbeRecord@$0CA@@@@0@U_Scalar_ptr_iterator_tag@0@@Z"",""??$_Uninit_copy@PAU?$DequeProbeRecord@$0EA@@@PAU1@@std@@YAPAPAU?$DequeProbeRecord@$0EA@@@PAPAU1@00AAV?$allocator@PAU?$DequeProbeRecord@$0EA@@@@0@U_Scalar_ptr_iterator_tag@0@@Z""]",819764bcd5bc6281178f52a8c0ba4ef070a5f99a9e5222050118ebf0c230e616,b956d40f013782e81547cb8cc8f849e5c947cdd525d59bd49a832da55fe167e0,"[{""offset"":32,""type"":""REL32"",""symbol"":""_memmove"",""addend"":0,""target_address"":""0x00641260""}]",0,R073
0x0041F0A0,53,??0?$_Deque_val,??0?$_Deque_val@U?$DequeProbeRecord@$00@@V?$allocator@U?$DequeProbeRecord@$00@@@std@@@std@@IAE@V?$allocator@U?$DequeProbeRecord@$00@@@1@@Z,"[""??0?$_Deque_val@U?$DequeProbeRecord@$00@@V?$allocator@U?$DequeProbeRecord@$00@@@std@@@std@@IAE@V?$allocator@U?$DequeProbeRecord@$00@@@1@@Z"",""??0?$_Deque_val@U?$DequeProbeRecord@$01@@V?$allocator@U?$DequeProbeRecord@$01@@@std@@@std@@IAE@V?$allocator@U?$DequeProbeRecord@$01@@@1@@Z"",""??0?$_Deque_val@U?$DequeProbeRecord@$03@@V?$allocator@U?$DequeProbeRecord@$03@@@std@@@std@@IAE@V?$allocator@U?$DequeProbeRecord@$03@@@1@@Z"",""??0?$_Deque_val@U?$DequeProbeRecord@$07@@V?$allocator@U?$DequeProbeRecord@$07@@@std@@@std@@IAE@V?$allocator@U?$DequeProbeRecord@$07@@@1@@Z"",""??0?$_Deque_val@U?$DequeProbeRecord@$0BA@@@V?$allocator@U?$DequeProbeRecord@$0BA@@@@std@@@std@@IAE@V?$allocator@U?$DequeProbeRecord@$0BA@@@@1@@Z"",""??0?$_Deque_val@U?$DequeProbeRecord@$0CA@@@V?$allocator@U?$DequeProbeRecord@$0CA@@@@std@@@std@@IAE@V?$allocator@U?$DequeProbeRecord@$0CA@@@@1@@Z"",""??0?$_Deque_val@U?$DequeProbeRecord@$0EA@@@V?$allocator@U?$DequeProbeRecord@$0EA@@@@std@@@std@@IAE@V?$allocator@U?$DequeProbeRecord@$0EA@@@@1@@Z""]",1fbcbdc9c7359855fd35101ce0d12f03bbffdf4a747be392215b1c4d39005b88,452c26c5f0419bc1e01869c293a24cd75610a28ae420ce212153cc423caa8a66,"[{""offset"":17,""type"":""REL32"",""symbol"":""??0?$allocator@U?$DequeProbeRecord@$00@@@std@@QAE@ABV01@@Z"",""addend"":0,""target_address"":""0x0041F0E0""},{""offset"":25,""type"":""REL32"",""symbol"":""??0?$_Deque_map@U?$DequeProbeRecord@$00@@V?$allocator@U?$DequeProbeRecord@$00@@@std@@@std@@IAE@V?$allocator@U?$DequeProbeRecord@$00@@@1@@Z"",""addend"":0,""target_address"":""0x0041F820""},{""offset"":40,""type"":""REL32"",""symbol"":""??0?$allocator@U?$DequeProbeRecord@$00@@@std@@QAE@ABV01@@Z"",""addend"":0,""target_address"":""0x0041FD80""}]",0,R073
0x0041FAA0,55,??$_Uninitialized_copy,??$_Uninitialized_copy@PAPAU?$DequeProbeRecord@$00@@PAPAU1@V?$allocator@PAU?$DequeProbeRecord@$00@@@std@@@std@@YAPAPAU?$DequeProbeRecord@$00@@PAPAU1@00AAV?$allocator@PAU?$DequeProbeRecord@$00@@@0@@Z,"[""??$_Uninitialized_copy@PAPAU?$DequeProbeRecord@$00@@PAPAU1@V?$allocator@PAU?$DequeProbeRecord@$00@@@std@@@std@@YAPAPAU?$DequeProbeRecord@$00@@PAPAU1@00AAV?$allocator@PAU?$DequeProbeRecord@$00@@@0@@Z"",""??$_Uninitialized_copy@PAPAU?$DequeProbeRecord@$01@@PAPAU1@V?$allocator@PAU?$DequeProbeRecord@$01@@@std@@@std@@YAPAPAU?$DequeProbeRecord@$01@@PAPAU1@00AAV?$allocator@PAU?$DequeProbeRecord@$01@@@0@@Z"",""??$_Uninitialized_copy@PAPAU?$DequeProbeRecord@$03@@PAPAU1@V?$allocator@PAU?$DequeProbeRecord@$03@@@std@@@std@@YAPAPAU?$DequeProbeRecord@$03@@PAPAU1@00AAV?$allocator@PAU?$DequeProbeRecord@$03@@@0@@Z"",""??$_Uninitialized_copy@PAPAU?$DequeProbeRecord@$07@@PAPAU1@V?$allocator@PAU?$DequeProbeRecord@$07@@@std@@@std@@YAPAPAU?$DequeProbeRecord@$07@@PAPAU1@00AAV?$allocator@PAU?$DequeProbeRecord@$07@@@0@@Z"",""??$_Uninitialized_copy@PAPAU?$DequeProbeRecord@$0BA@@@PAPAU1@V?$allocator@PAU?$DequeProbeRecord@$0BA@@@@std@@@std@@YAPAPAU?$DequeProbeRecord@$0BA@@@PAPAU1@00AAV?$allocator@PAU?$DequeProbeRecord@$0BA@@@@0@@Z"",""??$_Uninitialized_copy@PAPAU?$DequeProbeRecord@$0CA@@@PAPAU1@V?$allocator@PAU?$DequeProbeRecord@$0CA@@@@std@@@std@@YAPAPAU?$DequeProbeRecord@$0CA@@@PAPAU1@00AAV?$allocator@PAU?$DequeProbeRecord@$0CA@@@@0@@Z"",""??$_Uninitialized_copy@PAPAU?$DequeProbeRecord@$0EA@@@PAPAU1@V?$allocator@PAU?$DequeProbeRecord@$0EA@@@@std@@@std@@YAPAPAU?$DequeProbeRecord@$0EA@@@PAPAU1@00AAV?$allocator@PAU?$DequeProbeRecord@$0EA@@@@0@@Z""]",287825a2cecd4440f77d8e854a0218e7a29484f3e2e01ef877a2c285fc1e6e5c,025e9735d22190f0e9758e7c8c1c709ff5a1a33c2e54533e4f7a15ca7afcf295,"[{""offset"":13,""type"":""REL32"",""symbol"":""??$_Ptr_cat@U?$DequeProbeRecord@$00@@@std@@YA?AU_Scalar_ptr_iterator_tag@0@PAPAU?$DequeProbeRecord@$00@@0@Z"",""addend"":0,""target_address"":""0x0041FF60""},{""offset"":44,""type"":""REL32"",""symbol"":""??$_Uninit_copy@PAU?$DequeProbeRecord@$00@@PAU1@@std@@YAPAPAU?$DequeProbeRecord@$00@@PAPAU1@00AAV?$allocator@PAU?$DequeProbeRecord@$00@@@0@U_Scalar_ptr_iterator_tag@0@@Z"",""addend"":0,""target_address"":""0x0041FF70""}]",0,R073
0x0041FAE0,55,??$_Uninitialized_fill_n,??$_Uninitialized_fill_n@PAPAU?$DequeProbeRecord@$00@@IPAU1@V?$allocator@PAU?$DequeProbeRecord@$00@@@std@@@std@@YAXPAPAU?$DequeProbeRecord@$00@@IABQAU1@AAV?$allocator@PAU?$DequeProbeRecord@$00@@@0@@Z,"[""??$_Uninitialized_fill_n@PAPAU?$DequeProbeRecord@$00@@IPAU1@V?$allocator@PAU?$DequeProbeRecord@$00@@@std@@@std@@YAXPAPAU?$DequeProbeRecord@$00@@IABQAU1@AAV?$allocator@PAU?$DequeProbeRecord@$00@@@0@@Z"",""??$_Uninitialized_fill_n@PAPAU?$DequeProbeRecord@$01@@IPAU1@V?$allocator@PAU?$DequeProbeRecord@$01@@@std@@@std@@YAXPAPAU?$DequeProbeRecord@$01@@IABQAU1@AAV?$allocator@PAU?$DequeProbeRecord@$01@@@0@@Z"",""??$_Uninitialized_fill_n@PAPAU?$DequeProbeRecord@$03@@IPAU1@V?$allocator@PAU?$DequeProbeRecord@$03@@@std@@@std@@YAXPAPAU?$DequeProbeRecord@$03@@IABQAU1@AAV?$allocator@PAU?$DequeProbeRecord@$03@@@0@@Z"",""??$_Uninitialized_fill_n@PAPAU?$DequeProbeRecord@$07@@IPAU1@V?$allocator@PAU?$DequeProbeRecord@$07@@@std@@@std@@YAXPAPAU?$DequeProbeRecord@$07@@IABQAU1@AAV?$allocator@PAU?$DequeProbeRecord@$07@@@0@@Z"",""??$_Uninitialized_fill_n@PAPAU?$DequeProbeRecord@$0BA@@@IPAU1@V?$allocator@PAU?$DequeProbeRecord@$0BA@@@@std@@@std@@YAXPAPAU?$DequeProbeRecord@$0BA@@@IABQAU1@AAV?$allocator@PAU?$DequeProbeRecord@$0BA@@@@0@@Z"",""??$_Uninitialized_fill_n@PAPAU?$DequeProbeRecord@$0CA@@@IPAU1@V?$allocator@PAU?$DequeProbeRecord@$0CA@@@@std@@@std@@YAXPAPAU?$DequeProbeRecord@$0CA@@@IABQAU1@AAV?$allocator@PAU?$DequeProbeRecord@$0CA@@@@0@@Z"",""??$_Uninitialized_fill_n@PAPAU?$DequeProbeRecord@$0EA@@@IPAU1@V?$allocator@PAU?$DequeProbeRecord@$0EA@@@@std@@@std@@YAXPAPAU?$DequeProbeRecord@$0EA@@@IABQAU1@AAV?$allocator@PAU?$DequeProbeRecord@$0EA@@@@0@@Z""]",175c2b0811b10f79e9d3d58318d4d3ce4e55d73c0e6dcca4ddea5bd3cb989318,2b81b1ccb4792096a57d662ff563673ce9e6ad47022b8fd9cd57f9a2e7801d55,"[{""offset"":13,""type"":""REL32"",""symbol"":""??$_Ptr_cat@U?$DequeProbeRecord@$00@@@std@@YA?AU_Scalar_ptr_iterator_tag@0@PAPAU?$DequeProbeRecord@$00@@0@Z"",""addend"":0,""target_address"":""0x0041FF60""},{""offset"":44,""type"":""REL32"",""symbol"":""??$_Uninit_fill_n@PAU?$DequeProbeRecord@$00@@IPAU1@@std@@YAXPAPAU?$DequeProbeRecord@$00@@IABQAU1@AAV?$allocator@PAU?$DequeProbeRecord@$00@@@0@U_Scalar_ptr_iterator_tag@0@@Z"",""addend"":0,""target_address"":""0x0041FFB0""}]",0,R073
0x0041FB20,51,??$_Destroy_range,??$_Destroy_range@PAU?$DequeProbeRecord@$00@@V?$allocator@PAU?$DequeProbeRecord@$00@@@std@@@std@@YAXPAPAU?$DequeProbeRecord@$00@@0AAV?$allocator@PAU?$DequeProbeRecord@$00@@@0@@Z,"[""??$_Destroy_range@PAU?$DequeProbeRecord@$00@@V?$allocator@PAU?$DequeProbeRecord@$00@@@std@@@std@@YAXPAPAU?$DequeProbeRecord@$00@@0AAV?$allocator@PAU?$DequeProbeRecord@$00@@@0@@Z"",""??$_Destroy_range@PAU?$DequeProbeRecord@$01@@V?$allocator@PAU?$DequeProbeRecord@$01@@@std@@@std@@YAXPAPAU?$DequeProbeRecord@$01@@0AAV?$allocator@PAU?$DequeProbeRecord@$01@@@0@@Z"",""??$_Destroy_range@PAU?$DequeProbeRecord@$03@@V?$allocator@PAU?$DequeProbeRecord@$03@@@std@@@std@@YAXPAPAU?$DequeProbeRecord@$03@@0AAV?$allocator@PAU?$DequeProbeRecord@$03@@@0@@Z"",""??$_Destroy_range@PAU?$DequeProbeRecord@$07@@V?$allocator@PAU?$DequeProbeRecord@$07@@@std@@@std@@YAXPAPAU?$DequeProbeRecord@$07@@0AAV?$allocator@PAU?$DequeProbeRecord@$07@@@0@@Z"",""??$_Destroy_range@PAU?$DequeProbeRecord@$0BA@@@V?$allocator@PAU?$DequeProbeRecord@$0BA@@@@std@@@std@@YAXPAPAU?$DequeProbeRecord@$0BA@@@0AAV?$allocator@PAU?$DequeProbeRecord@$0BA@@@@0@@Z"",""??$_Destroy_range@PAU?$DequeProbeRecord@$0CA@@@V?$allocator@PAU?$DequeProbeRecord@$0CA@@@@std@@@std@@YAXPAPAU?$DequeProbeRecord@$0CA@@@0AAV?$allocator@PAU?$DequeProbeRecord@$0CA@@@@0@@Z"",""??$_Destroy_range@PAU?$DequeProbeRecord@$0EA@@@V?$allocator@PAU?$DequeProbeRecord@$0EA@@@@std@@@std@@YAXPAPAU?$DequeProbeRecord@$0EA@@@0AAV?$allocator@PAU?$DequeProbeRecord@$0EA@@@@0@@Z""]",3f42c6dd16c50d5cd9d9708fa1fd79cdb1b40aa756355124494b7f12d427c4b4,5b042091aac7490795c4bc0fc213317b90f3730a622d4a942a6a3c7c50cc72eb,"[{""offset"":13,""type"":""REL32"",""symbol"":""??$_Ptr_cat@U?$DequeProbeRecord@$00@@@std@@YA?AU_Scalar_ptr_iterator_tag@0@PAPAU?$DequeProbeRecord@$00@@0@Z"",""addend"":0,""target_address"":""0x0041FF60""},{""offset"":40,""type"":""REL32"",""symbol"":""??$_Destroy_range@PAU?$DequeProbeRecord@$00@@V?$allocator@PAU?$DequeProbeRecord@$00@@@std@@@std@@YAXPAPAU?$DequeProbeRecord@$00@@0AAV?$allocator@PAU?$DequeProbeRecord@$00@@@0@U_Scalar_ptr_iterator_tag@0@@Z"",""addend"":0,""target_address"":""0x0041FFD0""}]",0,R073
0x0041FC60,55,??$_Uninitialized_copy,??$_Uninitialized_copy@PAPAU?$DequeProbeRecord@$00@@PAPAU1@V?$allocator@PAU?$DequeProbeRecord@$00@@@std@@@std@@YAPAPAU?$DequeProbeRecord@$00@@PAPAU1@00AAV?$allocator@PAU?$DequeProbeRecord@$00@@@0@@Z,"[""??$_Uninitialized_copy@PAPAU?$DequeProbeRecord@$00@@PAPAU1@V?$allocator@PAU?$DequeProbeRecord@$00@@@std@@@std@@YAPAPAU?$DequeProbeRecord@$00@@PAPAU1@00AAV?$allocator@PAU?$DequeProbeRecord@$00@@@0@@Z"",""??$_Uninitialized_copy@PAPAU?$DequeProbeRecord@$01@@PAPAU1@V?$allocator@PAU?$DequeProbeRecord@$01@@@std@@@std@@YAPAPAU?$DequeProbeRecord@$01@@PAPAU1@00AAV?$allocator@PAU?$DequeProbeRecord@$01@@@0@@Z"",""??$_Uninitialized_copy@PAPAU?$DequeProbeRecord@$03@@PAPAU1@V?$allocator@PAU?$DequeProbeRecord@$03@@@std@@@std@@YAPAPAU?$DequeProbeRecord@$03@@PAPAU1@00AAV?$allocator@PAU?$DequeProbeRecord@$03@@@0@@Z"",""??$_Uninitialized_copy@PAPAU?$DequeProbeRecord@$07@@PAPAU1@V?$allocator@PAU?$DequeProbeRecord@$07@@@std@@@std@@YAPAPAU?$DequeProbeRecord@$07@@PAPAU1@00AAV?$allocator@PAU?$DequeProbeRecord@$07@@@0@@Z"",""??$_Uninitialized_copy@PAPAU?$DequeProbeRecord@$0BA@@@PAPAU1@V?$allocator@PAU?$DequeProbeRecord@$0BA@@@@std@@@std@@YAPAPAU?$DequeProbeRecord@$0BA@@@PAPAU1@00AAV?$allocator@PAU?$DequeProbeRecord@$0BA@@@@0@@Z"",""??$_Uninitialized_copy@PAPAU?$DequeProbeRecord@$0CA@@@PAPAU1@V?$allocator@PAU?$DequeProbeRecord@$0CA@@@@std@@@std@@YAPAPAU?$DequeProbeRecord@$0CA@@@PAPAU1@00AAV?$allocator@PAU?$DequeProbeRecord@$0CA@@@@0@@Z"",""??$_Uninitialized_copy@PAPAU?$DequeProbeRecord@$0EA@@@PAPAU1@V?$allocator@PAU?$DequeProbeRecord@$0EA@@@@std@@@std@@YAPAPAU?$DequeProbeRecord@$0EA@@@PAPAU1@00AAV?$allocator@PAU?$DequeProbeRecord@$0EA@@@@0@@Z""]",287825a2cecd4440f77d8e854a0218e7a29484f3e2e01ef877a2c285fc1e6e5c,72af87e633c9e4ca63b49b7540505dc1e40de0c7f2bf95d01bf5fa140ba5d3eb,"[{""offset"":13,""type"":""REL32"",""symbol"":""??$_Ptr_cat@U?$DequeProbeRecord@$00@@@std@@YA?AU_Scalar_ptr_iterator_tag@0@PAPAU?$DequeProbeRecord@$00@@0@Z"",""addend"":0,""target_address"":""0x004200B0""},{""offset"":44,""type"":""REL32"",""symbol"":""??$_Uninit_copy@PAU?$DequeProbeRecord@$00@@PAU1@@std@@YAPAPAU?$DequeProbeRecord@$00@@PAPAU1@00AAV?$allocator@PAU?$DequeProbeRecord@$00@@@0@U_Scalar_ptr_iterator_tag@0@@Z"",""addend"":0,""target_address"":""0x004200C0""}]",0,R073
0x0041FCA0,55,??$_Uninitialized_fill_n,??$_Uninitialized_fill_n@PAPAU?$DequeProbeRecord@$00@@IPAU1@V?$allocator@PAU?$DequeProbeRecord@$00@@@std@@@std@@YAXPAPAU?$DequeProbeRecord@$00@@IABQAU1@AAV?$allocator@PAU?$DequeProbeRecord@$00@@@0@@Z,"[""??$_Uninitialized_fill_n@PAPAU?$DequeProbeRecord@$00@@IPAU1@V?$allocator@PAU?$DequeProbeRecord@$00@@@std@@@std@@YAXPAPAU?$DequeProbeRecord@$00@@IABQAU1@AAV?$allocator@PAU?$DequeProbeRecord@$00@@@0@@Z"",""??$_Uninitialized_fill_n@PAPAU?$DequeProbeRecord@$01@@IPAU1@V?$allocator@PAU?$DequeProbeRecord@$01@@@std@@@std@@YAXPAPAU?$DequeProbeRecord@$01@@IABQAU1@AAV?$allocator@PAU?$DequeProbeRecord@$01@@@0@@Z"",""??$_Uninitialized_fill_n@PAPAU?$DequeProbeRecord@$03@@IPAU1@V?$allocator@PAU?$DequeProbeRecord@$03@@@std@@@std@@YAXPAPAU?$DequeProbeRecord@$03@@IABQAU1@AAV?$allocator@PAU?$DequeProbeRecord@$03@@@0@@Z"",""??$_Uninitialized_fill_n@PAPAU?$DequeProbeRecord@$07@@IPAU1@V?$allocator@PAU?$DequeProbeRecord@$07@@@std@@@std@@YAXPAPAU?$DequeProbeRecord@$07@@IABQAU1@AAV?$allocator@PAU?$DequeProbeRecord@$07@@@0@@Z"",""??$_Uninitialized_fill_n@PAPAU?$DequeProbeRecord@$0BA@@@IPAU1@V?$allocator@PAU?$DequeProbeRecord@$0BA@@@@std@@@std@@YAXPAPAU?$DequeProbeRecord@$0BA@@@IABQAU1@AAV?$allocator@PAU?$DequeProbeRecord@$0BA@@@@0@@Z"",""??$_Uninitialized_fill_n@PAPAU?$DequeProbeRecord@$0CA@@@IPAU1@V?$allocator@PAU?$DequeProbeRecord@$0CA@@@@std@@@std@@YAXPAPAU?$DequeProbeRecord@$0CA@@@IABQAU1@AAV?$allocator@PAU?$DequeProbeRecord@$0CA@@@@0@@Z"",""??$_Uninitialized_fill_n@PAPAU?$DequeProbeRecord@$0EA@@@IPAU1@V?$allocator@PAU?$DequeProbeRecord@$0EA@@@@std@@@std@@YAXPAPAU?$DequeProbeRecord@$0EA@@@IABQAU1@AAV?$allocator@PAU?$DequeProbeRecord@$0EA@@@@0@@Z""]",175c2b0811b10f79e9d3d58318d4d3ce4e55d73c0e6dcca4ddea5bd3cb989318,bccec08d469f5983dbbb55bc4067027b3096fe73eb9b883bdf97cef4261f9e5b,"[{""offset"":13,""type"":""REL32"",""symbol"":""??$_Ptr_cat@U?$DequeProbeRecord@$00@@@std@@YA?AU_Scalar_ptr_iterator_tag@0@PAPAU?$DequeProbeRecord@$00@@0@Z"",""addend"":0,""target_address"":""0x004200B0""},{""offset"":44,""type"":""REL32"",""symbol"":""??$_Uninit_fill_n@PAU?$DequeProbeRecord@$00@@IPAU1@@std@@YAXPAPAU?$DequeProbeRecord@$00@@IABQAU1@AAV?$allocator@PAU?$DequeProbeRecord@$00@@@0@U_Scalar_ptr_iterator_tag@0@@Z"",""addend"":0,""target_address"":""0x00420100""}]",0,R073
0x0041FCE0,51,??$_Destroy_range,??$_Destroy_range@PAU?$DequeProbeRecord@$00@@V?$allocator@PAU?$DequeProbeRecord@$00@@@std@@@std@@YAXPAPAU?$DequeProbeRecord@$00@@0AAV?$allocator@PAU?$DequeProbeRecord@$00@@@0@@Z,"[""??$_Destroy_range@PAU?$DequeProbeRecord@$00@@V?$allocator@PAU?$DequeProbeRecord@$00@@@std@@@std@@YAXPAPAU?$DequeProbeRecord@$00@@0AAV?$allocator@PAU?$DequeProbeRecord@$00@@@0@@Z"",""??$_Destroy_range@PAU?$DequeProbeRecord@$01@@V?$allocator@PAU?$DequeProbeRecord@$01@@@std@@@std@@YAXPAPAU?$DequeProbeRecord@$01@@0AAV?$allocator@PAU?$DequeProbeRecord@$01@@@0@@Z"",""??$_Destroy_range@PAU?$DequeProbeRecord@$03@@V?$allocator@PAU?$DequeProbeRecord@$03@@@std@@@std@@YAXPAPAU?$DequeProbeRecord@$03@@0AAV?$allocator@PAU?$DequeProbeRecord@$03@@@0@@Z"",""??$_Destroy_range@PAU?$DequeProbeRecord@$07@@V?$allocator@PAU?$DequeProbeRecord@$07@@@std@@@std@@YAXPAPAU?$DequeProbeRecord@$07@@0AAV?$allocator@PAU?$DequeProbeRecord@$07@@@0@@Z"",""??$_Destroy_range@PAU?$DequeProbeRecord@$0BA@@@V?$allocator@PAU?$DequeProbeRecord@$0BA@@@@std@@@std@@YAXPAPAU?$DequeProbeRecord@$0BA@@@0AAV?$allocator@PAU?$DequeProbeRecord@$0BA@@@@0@@Z"",""??$_Destroy_range@PAU?$DequeProbeRecord@$0CA@@@V?$allocator@PAU?$DequeProbeRecord@$0CA@@@@std@@@std@@YAXPAPAU?$DequeProbeRecord@$0CA@@@0AAV?$allocator@PAU?$DequeProbeRecord@$0CA@@@@0@@Z"",""??$_Destroy_range@PAU?$DequeProbeRecord@$0EA@@@V?$allocator@PAU?$DequeProbeRecord@$0EA@@@@std@@@std@@YAXPAPAU?$DequeProbeRecord@$0EA@@@0AAV?$allocator@PAU?$DequeProbeRecord@$0EA@@@@0@@Z""]",3f42c6dd16c50d5cd9d9708fa1fd79cdb1b40aa756355124494b7f12d427c4b4,6e8a9e371b8713968f4bf6203b51cdf2fb23b39301d26ac5af2d6a7527233b71,"[{""offset"":13,""type"":""REL32"",""symbol"":""??$_Ptr_cat@U?$DequeProbeRecord@$00@@@std@@YA?AU_Scalar_ptr_iterator_tag@0@PAPAU?$DequeProbeRecord@$00@@0@Z"",""addend"":0,""target_address"":""0x004200B0""},{""offset"":40,""type"":""REL32"",""symbol"":""??$_Destroy_range@PAU?$DequeProbeRecord@$00@@V?$allocator@PAU?$DequeProbeRecord@$00@@@std@@@std@@YAXPAPAU?$DequeProbeRecord@$00@@0AAV?$allocator@PAU?$DequeProbeRecord@$00@@@0@U_Scalar_ptr_iterator_tag@0@@Z"",""addend"":0,""target_address"":""0x00420120""}]",0,R073
0x0041FF70,49,??$_Uninit_copy,??$_Uninit_copy@PAU?$DequeProbeRecord@$00@@PAU1@@std@@YAPAPAU?$DequeProbeRecord@$00@@PAPAU1@00AAV?$allocator@PAU?$DequeProbeRecord@$00@@@0@U_Scalar_ptr_iterator_tag@0@@Z,"[""??$_Uninit_copy@PAU?$DequeProbeRecord@$00@@PAU1@@std@@YAPAPAU?$DequeProbeRecord@$00@@PAPAU1@00AAV?$allocator@PAU?$DequeProbeRecord@$00@@@0@U_Scalar_ptr_iterator_tag@0@@Z"",""??$_Uninit_copy@PAU?$DequeProbeRecord@$01@@PAU1@@std@@YAPAPAU?$DequeProbeRecord@$01@@PAPAU1@00AAV?$allocator@PAU?$DequeProbeRecord@$01@@@0@U_Scalar_ptr_iterator_tag@0@@Z"",""??$_Uninit_copy@PAU?$DequeProbeRecord@$03@@PAU1@@std@@YAPAPAU?$DequeProbeRecord@$03@@PAPAU1@00AAV?$allocator@PAU?$DequeProbeRecord@$03@@@0@U_Scalar_ptr_iterator_tag@0@@Z"",""??$_Uninit_copy@PAU?$DequeProbeRecord@$07@@PAU1@@std@@YAPAPAU?$DequeProbeRecord@$07@@PAPAU1@00AAV?$allocator@PAU?$DequeProbeRecord@$07@@@0@U_Scalar_ptr_iterator_tag@0@@Z"",""??$_Uninit_copy@PAU?$DequeProbeRecord@$0BA@@@PAU1@@std@@YAPAPAU?$DequeProbeRecord@$0BA@@@PAPAU1@00AAV?$allocator@PAU?$DequeProbeRecord@$0BA@@@@0@U_Scalar_ptr_iterator_tag@0@@Z"",""??$_Uninit_copy@PAU?$DequeProbeRecord@$0CA@@@PAU1@@std@@YAPAPAU?$DequeProbeRecord@$0CA@@@PAPAU1@00AAV?$allocator@PAU?$DequeProbeRecord@$0CA@@@@0@U_Scalar_ptr_iterator_tag@0@@Z"",""??$_Uninit_copy@PAU?$DequeProbeRecord@$0EA@@@PAU1@@std@@YAPAPAU?$DequeProbeRecord@$0EA@@@PAPAU1@00AAV?$allocator@PAU?$DequeProbeRecord@$0EA@@@@0@U_Scalar_ptr_iterator_tag@0@@Z""]",819764bcd5bc6281178f52a8c0ba4ef070a5f99a9e5222050118ebf0c230e616,64e6ca11cceb053e9e3ec0302a52d86540967c6e8426bc533727d2df645c2516,"[{""offset"":32,""type"":""REL32"",""symbol"":""_memmove"",""addend"":0,""target_address"":""0x00641260""}]",0,R073
0x004200C0,49,??$_Uninit_copy,??$_Uninit_copy@PAU?$DequeProbeRecord@$00@@PAU1@@std@@YAPAPAU?$DequeProbeRecord@$00@@PAPAU1@00AAV?$allocator@PAU?$DequeProbeRecord@$00@@@0@U_Scalar_ptr_iterator_tag@0@@Z,"[""??$_Uninit_copy@PAU?$DequeProbeRecord@$00@@PAU1@@std@@YAPAPAU?$DequeProbeRecord@$00@@PAPAU1@00AAV?$allocator@PAU?$DequeProbeRecord@$00@@@0@U_Scalar_ptr_iterator_tag@0@@Z"",""??$_Uninit_copy@PAU?$DequeProbeRecord@$01@@PAU1@@std@@YAPAPAU?$DequeProbeRecord@$01@@PAPAU1@00AAV?$allocator@PAU?$DequeProbeRecord@$01@@@0@U_Scalar_ptr_iterator_tag@0@@Z"",""??$_Uninit_copy@PAU?$DequeProbeRecord@$03@@PAU1@@std@@YAPAPAU?$DequeProbeRecord@$03@@PAPAU1@00AAV?$allocator@PAU?$DequeProbeRecord@$03@@@0@U_Scalar_ptr_iterator_tag@0@@Z"",""??$_Uninit_copy@PAU?$DequeProbeRecord@$07@@PAU1@@std@@YAPAPAU?$DequeProbeRecord@$07@@PAPAU1@00AAV?$allocator@PAU?$DequeProbeRecord@$07@@@0@U_Scalar_ptr_iterator_tag@0@@Z"",""??$_Uninit_copy@PAU?$DequeProbeRecord@$0BA@@@PAU1@@std@@YAPAPAU?$DequeProbeRecord@$0BA@@@PAPAU1@00AAV?$allocator@PAU?$DequeProbeRecord@$0BA@@@@0@U_Scalar_ptr_iterator_tag@0@@Z"",""??$_Uninit_copy@PAU?$DequeProbeRecord@$0CA@@@PAU1@@std@@YAPAPAU?$DequeProbeRecord@$0CA@@@PAPAU1@00AAV?$allocator@PAU?$DequeProbeRecord@$0CA@@@@0@U_Scalar_ptr_iterator_tag@0@@Z"",""??$_Uninit_copy@PAU?$DequeProbeRecord@$0EA@@@PAU1@@std@@YAPAPAU?$DequeProbeRecord@$0EA@@@PAPAU1@00AAV?$allocator@PAU?$DequeProbeRecord@$0EA@@@@0@U_Scalar_ptr_iterator_tag@0@@Z""]",819764bcd5bc6281178f52a8c0ba4ef070a5f99a9e5222050118ebf0c230e616,13393cc1be8a9dc52d1b2be42c3d7ab10169b238347aebd214614625aeb8134c,"[{""offset"":32,""type"":""REL32"",""symbol"":""_memmove"",""addend"":0,""target_address"":""0x00641260""}]",0,R073
0x00420240,72,??0?$deque,??0?$deque@U?$DequeProbeRecord@$00@@V?$allocator@U?$DequeProbeRecord@$00@@@std@@@std@@QAE@XZ,"[""??0?$deque@U?$DequeProbeRecord@$00@@V?$allocator@U?$DequeProbeRecord@$00@@@std@@@std@@QAE@XZ"",""??0?$deque@U?$DequeProbeRecord@$01@@V?$allocator@U?$DequeProbeRecord@$01@@@std@@@std@@QAE@XZ"",""??0?$deque@U?$DequeProbeRecord@$03@@V?$allocator@U?$DequeProbeRecord@$03@@@std@@@std@@QAE@XZ"",""??0?$deque@U?$DequeProbeRecord@$07@@V?$allocator@U?$DequeProbeRecord@$07@@@std@@@std@@QAE@XZ"",""??0?$deque@U?$DequeProbeRecord@$0BA@@@V?$allocator@U?$DequeProbeRecord@$0BA@@@@std@@@std@@QAE@XZ"",""??0?$deque@U?$DequeProbeRecord@$0CA@@@V?$allocator@U?$DequeProbeRecord@$0CA@@@@std@@@std@@QAE@XZ"",""??0?$deque@U?$DequeProbeRecord@$0EA@@@V?$allocator@U?$DequeProbeRecord@$0EA@@@@std@@@std@@QAE@XZ""]",f84956c19e804a3eef83ddf58566398acdebb446a2071390cbdb35e9db352ca7,f4ab9aaa484560b721d6105a0ea9b5595bd51c6d837712739e0134295e2e26e4,"[{""offset"":13,""type"":""REL32"",""symbol"":""??0?$allocator@U?$DequeProbeRecord@$00@@@std@@QAE@XZ"",""addend"":0,""target_address"":""0x004202D0""},{""offset"":21,""type"":""REL32"",""symbol"":""??0?$_Deque_val@U?$DequeProbeRecord@$00@@V?$allocator@U?$DequeProbeRecord@$00@@@std@@@std@@IAE@V?$allocator@U?$DequeProbeRecord@$00@@@1@@Z"",""addend"":0,""target_address"":""0x00420290""}]",0,R073
0x00420290,53,??0?$_Deque_val,??0?$_Deque_val@U?$DequeProbeRecord@$00@@V?$allocator@U?$DequeProbeRecord@$00@@@std@@@std@@IAE@V?$allocator@U?$DequeProbeRecord@$00@@@1@@Z,"[""??0?$_Deque_val@U?$DequeProbeRecord@$00@@V?$allocator@U?$DequeProbeRecord@$00@@@std@@@std@@IAE@V?$allocator@U?$DequeProbeRecord@$00@@@1@@Z"",""??0?$_Deque_val@U?$DequeProbeRecord@$01@@V?$allocator@U?$DequeProbeRecord@$01@@@std@@@std@@IAE@V?$allocator@U?$DequeProbeRecord@$01@@@1@@Z"",""??0?$_Deque_val@U?$DequeProbeRecord@$03@@V?$allocator@U?$DequeProbeRecord@$03@@@std@@@std@@IAE@V?$allocator@U?$DequeProbeRecord@$03@@@1@@Z"",""??0?$_Deque_val@U?$DequeProbeRecord@$07@@V?$allocator@U?$DequeProbeRecord@$07@@@std@@@std@@IAE@V?$allocator@U?$DequeProbeRecord@$07@@@1@@Z"",""??0?$_Deque_val@U?$DequeProbeRecord@$0BA@@@V?$allocator@U?$DequeProbeRecord@$0BA@@@@std@@@std@@IAE@V?$allocator@U?$DequeProbeRecord@$0BA@@@@1@@Z"",""??0?$_Deque_val@U?$DequeProbeRecord@$0CA@@@V?$allocator@U?$DequeProbeRecord@$0CA@@@@std@@@std@@IAE@V?$allocator@U?$DequeProbeRecord@$0CA@@@@1@@Z"",""??0?$_Deque_val@U?$DequeProbeRecord@$0EA@@@V?$allocator@U?$DequeProbeRecord@$0EA@@@@std@@@std@@IAE@V?$allocator@U?$DequeProbeRecord@$0EA@@@@1@@Z""]",1fbcbdc9c7359855fd35101ce0d12f03bbffdf4a747be392215b1c4d39005b88,a49a4e470e07ee8cabbf7b345dd5ed9fd00380108fc3ad5d4d9c6d6322170693,"[{""offset"":17,""type"":""REL32"",""symbol"":""??0?$allocator@U?$DequeProbeRecord@$00@@@std@@QAE@ABV01@@Z"",""addend"":0,""target_address"":""0x00420300""},{""offset"":25,""type"":""REL32"",""symbol"":""??0?$_Deque_map@U?$DequeProbeRecord@$00@@V?$allocator@U?$DequeProbeRecord@$00@@@std@@@std@@IAE@V?$allocator@U?$DequeProbeRecord@$00@@@1@@Z"",""addend"":0,""target_address"":""0x004202E0""},{""offset"":40,""type"":""REL32"",""symbol"":""??0?$allocator@U?$DequeProbeRecord@$00@@@std@@QAE@ABV01@@Z"",""addend"":0,""target_address"":""0x00420300""}]",0,R073
0x00420320,72,??0?$deque,??0?$deque@U?$DequeProbeRecord@$00@@V?$allocator@U?$DequeProbeRecord@$00@@@std@@@std@@QAE@XZ,"[""??0?$deque@U?$DequeProbeRecord@$00@@V?$allocator@U?$DequeProbeRecord@$00@@@std@@@std@@QAE@XZ"",""??0?$deque@U?$DequeProbeRecord@$01@@V?$allocator@U?$DequeProbeRecord@$01@@@std@@@std@@QAE@XZ"",""??0?$deque@U?$DequeProbeRecord@$03@@V?$allocator@U?$DequeProbeRecord@$03@@@std@@@std@@QAE@XZ"",""??0?$deque@U?$DequeProbeRecord@$07@@V?$allocator@U?$DequeProbeRecord@$07@@@std@@@std@@QAE@XZ"",""??0?$deque@U?$DequeProbeRecord@$0BA@@@V?$allocator@U?$DequeProbeRecord@$0BA@@@@std@@@std@@QAE@XZ"",""??0?$deque@U?$DequeProbeRecord@$0CA@@@V?$allocator@U?$DequeProbeRecord@$0CA@@@@std@@@std@@QAE@XZ"",""??0?$deque@U?$DequeProbeRecord@$0EA@@@V?$allocator@U?$DequeProbeRecord@$0EA@@@@std@@@std@@QAE@XZ""]",f84956c19e804a3eef83ddf58566398acdebb446a2071390cbdb35e9db352ca7,f4ab9aaa484560b721d6105a0ea9b5595bd51c6d837712739e0134295e2e26e4,"[{""offset"":13,""type"":""REL32"",""symbol"":""??0?$allocator@U?$DequeProbeRecord@$00@@@std@@QAE@XZ"",""addend"":0,""target_address"":""0x004203B0""},{""offset"":21,""type"":""REL32"",""symbol"":""??0?$_Deque_val@U?$DequeProbeRecord@$00@@V?$allocator@U?$DequeProbeRecord@$00@@@std@@@std@@IAE@V?$allocator@U?$DequeProbeRecord@$00@@@1@@Z"",""addend"":0,""target_address"":""0x00420370""}]",0,R073
0x00420370,53,??0?$_Deque_val,??0?$_Deque_val@U?$DequeProbeRecord@$00@@V?$allocator@U?$DequeProbeRecord@$00@@@std@@@std@@IAE@V?$allocator@U?$DequeProbeRecord@$00@@@1@@Z,"[""??0?$_Deque_val@U?$DequeProbeRecord@$00@@V?$allocator@U?$DequeProbeRecord@$00@@@std@@@std@@IAE@V?$allocator@U?$DequeProbeRecord@$00@@@1@@Z"",""??0?$_Deque_val@U?$DequeProbeRecord@$01@@V?$allocator@U?$DequeProbeRecord@$01@@@std@@@std@@IAE@V?$allocator@U?$DequeProbeRecord@$01@@@1@@Z"",""??0?$_Deque_val@U?$DequeProbeRecord@$03@@V?$allocator@U?$DequeProbeRecord@$03@@@std@@@std@@IAE@V?$allocator@U?$DequeProbeRecord@$03@@@1@@Z"",""??0?$_Deque_val@U?$DequeProbeRecord@$07@@V?$allocator@U?$DequeProbeRecord@$07@@@std@@@std@@IAE@V?$allocator@U?$DequeProbeRecord@$07@@@1@@Z"",""??0?$_Deque_val@U?$DequeProbeRecord@$0BA@@@V?$allocator@U?$DequeProbeRecord@$0BA@@@@std@@@std@@IAE@V?$allocator@U?$DequeProbeRecord@$0BA@@@@1@@Z"",""??0?$_Deque_val@U?$DequeProbeRecord@$0CA@@@V?$allocator@U?$DequeProbeRecord@$0CA@@@@std@@@std@@IAE@V?$allocator@U?$DequeProbeRecord@$0CA@@@@1@@Z"",""??0?$_Deque_val@U?$DequeProbeRecord@$0EA@@@V?$allocator@U?$DequeProbeRecord@$0EA@@@@std@@@std@@IAE@V?$allocator@U?$DequeProbeRecord@$0EA@@@@1@@Z""]",1fbcbdc9c7359855fd35101ce0d12f03bbffdf4a747be392215b1c4d39005b88,a49a4e470e07ee8cabbf7b345dd5ed9fd00380108fc3ad5d4d9c6d6322170693,"[{""offset"":17,""type"":""REL32"",""symbol"":""??0?$allocator@U?$DequeProbeRecord@$00@@@std@@QAE@ABV01@@Z"",""addend"":0,""target_address"":""0x004203E0""},{""offset"":25,""type"":""REL32"",""symbol"":""??0?$_Deque_map@U?$DequeProbeRecord@$00@@V?$allocator@U?$DequeProbeRecord@$00@@@std@@@std@@IAE@V?$allocator@U?$DequeProbeRecord@$00@@@1@@Z"",""addend"":0,""target_address"":""0x004203C0""},{""offset"":40,""type"":""REL32"",""symbol"":""??0?$allocator@U?$DequeProbeRecord@$00@@@std@@QAE@ABV01@@Z"",""addend"":0,""target_address"":""0x004203E0""}]",0,R073
0x004212F0,72,??0?$deque,??0?$deque@U?$DequeProbeRecord@$00@@V?$allocator@U?$DequeProbeRecord@$00@@@std@@@std@@QAE@XZ,"[""??0?$deque@U?$DequeProbeRecord@$00@@V?$allocator@U?$DequeProbeRecord@$00@@@std@@@std@@QAE@XZ"",""??0?$deque@U?$DequeProbeRecord@$01@@V?$allocator@U?$DequeProbeRecord@$01@@@std@@@std@@QAE@XZ"",""??0?$deque@U?$DequeProbeRecord@$03@@V?$allocator@U?$DequeProbeRecord@$03@@@std@@@std@@QAE@XZ"",""??0?$deque@U?$DequeProbeRecord@$07@@V?$allocator@U?$DequeProbeRecord@$07@@@std@@@std@@QAE@XZ"",""??0?$deque@U?$DequeProbeRecord@$0BA@@@V?$allocator@U?$DequeProbeRecord@$0BA@@@@std@@@std@@QAE@XZ"",""??0?$deque@U?$DequeProbeRecord@$0CA@@@V?$allocator@U?$DequeProbeRecord@$0CA@@@@std@@@std@@QAE@XZ"",""??0?$deque@U?$DequeProbeRecord@$0EA@@@V?$allocator@U?$DequeProbeRecord@$0EA@@@@std@@@std@@QAE@XZ""]",f84956c19e804a3eef83ddf58566398acdebb446a2071390cbdb35e9db352ca7,9df84eba0f0cd8ee59b84a4527dc73a8e88a8a400aa6a31780c453818107283f,"[{""offset"":13,""type"":""REL32"",""symbol"":""??0?$allocator@U?$DequeProbeRecord@$00@@@std@@QAE@XZ"",""addend"":0,""target_address"":""0x00421AC0""},{""offset"":21,""type"":""REL32"",""symbol"":""??0?$_Deque_val@U?$DequeProbeRecord@$00@@V?$allocator@U?$DequeProbeRecord@$00@@@std@@@std@@IAE@V?$allocator@U?$DequeProbeRecord@$00@@@1@@Z"",""addend"":0,""target_address"":""0x00421A80""}]",0,R073
0x004214E0,72,??0?$deque,??0?$deque@U?$DequeProbeRecord@$00@@V?$allocator@U?$DequeProbeRecord@$00@@@std@@@std@@QAE@XZ,"[""??0?$deque@U?$DequeProbeRecord@$00@@V?$allocator@U?$DequeProbeRecord@$00@@@std@@@std@@QAE@XZ"",""??0?$deque@U?$DequeProbeRecord@$01@@V?$allocator@U?$DequeProbeRecord@$01@@@std@@@std@@QAE@XZ"",""??0?$deque@U?$DequeProbeRecord@$03@@V?$allocator@U?$DequeProbeRecord@$03@@@std@@@std@@QAE@XZ"",""??0?$deque@U?$DequeProbeRecord@$07@@V?$allocator@U?$DequeProbeRecord@$07@@@std@@@std@@QAE@XZ"",""??0?$deque@U?$DequeProbeRecord@$0BA@@@V?$allocator@U?$DequeProbeRecord@$0BA@@@@std@@@std@@QAE@XZ"",""??0?$deque@U?$DequeProbeRecord@$0CA@@@V?$allocator@U?$DequeProbeRecord@$0CA@@@@std@@@std@@QAE@XZ"",""??0?$deque@U?$DequeProbeRecord@$0EA@@@V?$allocator@U?$DequeProbeRecord@$0EA@@@@std@@@std@@QAE@XZ""]",f84956c19e804a3eef83ddf58566398acdebb446a2071390cbdb35e9db352ca7,19c404356f2f2eb46b33175619f6d921fb43d7f5175c0372d1c15c8d5091e5c9,"[{""offset"":13,""type"":""REL32"",""symbol"":""??0?$allocator@U?$DequeProbeRecord@$00@@@std@@QAE@XZ"",""addend"":0,""target_address"":""0x00421ED0""},{""offset"":21,""type"":""REL32"",""symbol"":""??0?$_Deque_val@U?$DequeProbeRecord@$00@@V?$allocator@U?$DequeProbeRecord@$00@@@std@@@std@@IAE@V?$allocator@U?$DequeProbeRecord@$00@@@1@@Z"",""addend"":0,""target_address"":""0x00421E90""}]",0,R073
0x00421A80,53,??0?$_Deque_val,??0?$_Deque_val@U?$DequeProbeRecord@$00@@V?$allocator@U?$DequeProbeRecord@$00@@@std@@@std@@IAE@V?$allocator@U?$DequeProbeRecord@$00@@@1@@Z,"[""??0?$_Deque_val@U?$DequeProbeRecord@$00@@V?$allocator@U?$DequeProbeRecord@$00@@@std@@@std@@IAE@V?$allocator@U?$DequeProbeRecord@$00@@@1@@Z"",""??0?$_Deque_val@U?$DequeProbeRecord@$01@@V?$allocator@U?$DequeProbeRecord@$01@@@std@@@std@@IAE@V?$allocator@U?$DequeProbeRecord@$01@@@1@@Z"",""??0?$_Deque_val@U?$DequeProbeRecord@$03@@V?$allocator@U?$DequeProbeRecord@$03@@@std@@@std@@IAE@V?$allocator@U?$DequeProbeRecord@$03@@@1@@Z"",""??0?$_Deque_val@U?$DequeProbeRecord@$07@@V?$allocator@U?$DequeProbeRecord@$07@@@std@@@std@@IAE@V?$allocator@U?$DequeProbeRecord@$07@@@1@@Z"",""??0?$_Deque_val@U?$DequeProbeRecord@$0BA@@@V?$allocator@U?$DequeProbeRecord@$0BA@@@@std@@@std@@IAE@V?$allocator@U?$DequeProbeRecord@$0BA@@@@1@@Z"",""??0?$_Deque_val@U?$DequeProbeRecord@$0CA@@@V?$allocator@U?$DequeProbeRecord@$0CA@@@@std@@@std@@IAE@V?$allocator@U?$DequeProbeRecord@$0CA@@@@1@@Z"",""??0?$_Deque_val@U?$DequeProbeRecord@$0EA@@@V?$allocator@U?$DequeProbeRecord@$0EA@@@@std@@@std@@IAE@V?$allocator@U?$DequeProbeRecord@$0EA@@@@1@@Z""]",1fbcbdc9c7359855fd35101ce0d12f03bbffdf4a747be392215b1c4d39005b88,d1b0a28a041e9856f2e1bf51720647d49dc6de712c692d7bad51811224ec95bf,"[{""offset"":17,""type"":""REL32"",""symbol"":""??0?$allocator@U?$DequeProbeRecord@$00@@@std@@QAE@ABV01@@Z"",""addend"":0,""target_address"":""0x004221C0""},{""offset"":25,""type"":""REL32"",""symbol"":""??0?$_Deque_map@U?$DequeProbeRecord@$00@@V?$allocator@U?$DequeProbeRecord@$00@@@std@@@std@@IAE@V?$allocator@U?$DequeProbeRecord@$00@@@1@@Z"",""addend"":0,""target_address"":""0x004221A0""},{""offset"":40,""type"":""REL32"",""symbol"":""??0?$allocator@U?$DequeProbeRecord@$00@@@std@@QAE@ABV01@@Z"",""addend"":0,""target_address"":""0x004221C0""}]",0,R073
0x00421E90,53,??0?$_Deque_val,??0?$_Deque_val@U?$DequeProbeRecord@$00@@V?$allocator@U?$DequeProbeRecord@$00@@@std@@@std@@IAE@V?$allocator@U?$DequeProbeRecord@$00@@@1@@Z,"[""??0?$_Deque_val@U?$DequeProbeRecord@$00@@V?$allocator@U?$DequeProbeRecord@$00@@@std@@@std@@IAE@V?$allocator@U?$DequeProbeRecord@$00@@@1@@Z"",""??0?$_Deque_val@U?$DequeProbeRecord@$01@@V?$allocator@U?$DequeProbeRecord@$01@@@std@@@std@@IAE@V?$allocator@U?$DequeProbeRecord@$01@@@1@@Z"",""??0?$_Deque_val@U?$DequeProbeRecord@$03@@V?$allocator@U?$DequeProbeRecord@$03@@@std@@@std@@IAE@V?$allocator@U?$DequeProbeRecord@$03@@@1@@Z"",""??0?$_Deque_val@U?$DequeProbeRecord@$07@@V?$allocator@U?$DequeProbeRecord@$07@@@std@@@std@@IAE@V?$allocator@U?$DequeProbeRecord@$07@@@1@@Z"",""??0?$_Deque_val@U?$DequeProbeRecord@$0BA@@@V?$allocator@U?$DequeProbeRecord@$0BA@@@@std@@@std@@IAE@V?$allocator@U?$DequeProbeRecord@$0BA@@@@1@@Z"",""??0?$_Deque_val@U?$DequeProbeRecord@$0CA@@@V?$allocator@U?$DequeProbeRecord@$0CA@@@@std@@@std@@IAE@V?$allocator@U?$DequeProbeRecord@$0CA@@@@1@@Z"",""??0?$_Deque_val@U?$DequeProbeRecord@$0EA@@@V?$allocator@U?$DequeProbeRecord@$0EA@@@@std@@@std@@IAE@V?$allocator@U?$DequeProbeRecord@$0EA@@@@1@@Z""]",1fbcbdc9c7359855fd35101ce0d12f03bbffdf4a747be392215b1c4d39005b88,0c07bae4dd30ea614f456fd5fcf373273b0ef32268e4ab5bfca83c57cca72c46,"[{""offset"":17,""type"":""REL32"",""symbol"":""??0?$allocator@U?$DequeProbeRecord@$00@@@std@@QAE@ABV01@@Z"",""addend"":0,""target_address"":""0x004223B0""},{""offset"":25,""type"":""REL32"",""symbol"":""??0?$_Deque_map@U?$DequeProbeRecord@$00@@V?$allocator@U?$DequeProbeRecord@$00@@@std@@@std@@IAE@V?$allocator@U?$DequeProbeRecord@$00@@@1@@Z"",""addend"":0,""target_address"":""0x00422390""},{""offset"":40,""type"":""REL32"",""symbol"":""??0?$allocator@U?$DequeProbeRecord@$00@@@std@@QAE@ABV01@@Z"",""addend"":0,""target_address"":""0x004223B0""}]",0,R073
0x004226C0,55,??$_Uninitialized_copy,??$_Uninitialized_copy@PAPAU?$DequeProbeRecord@$00@@PAPAU1@V?$allocator@PAU?$DequeProbeRecord@$00@@@std@@@std@@YAPAPAU?$DequeProbeRecord@$00@@PAPAU1@00AAV?$allocator@PAU?$DequeProbeRecord@$00@@@0@@Z,"[""??$_Uninitialized_copy@PAPAU?$DequeProbeRecord@$00@@PAPAU1@V?$allocator@PAU?$DequeProbeRecord@$00@@@std@@@std@@YAPAPAU?$DequeProbeRecord@$00@@PAPAU1@00AAV?$allocator@PAU?$DequeProbeRecord@$00@@@0@@Z"",""??$_Uninitialized_copy@PAPAU?$DequeProbeRecord@$01@@PAPAU1@V?$allocator@PAU?$DequeProbeRecord@$01@@@std@@@std@@YAPAPAU?$DequeProbeRecord@$01@@PAPAU1@00AAV?$allocator@PAU?$DequeProbeRecord@$01@@@0@@Z"",""??$_Uninitialized_copy@PAPAU?$DequeProbeRecord@$03@@PAPAU1@V?$allocator@PAU?$DequeProbeRecord@$03@@@std@@@std@@YAPAPAU?$DequeProbeRecord@$03@@PAPAU1@00AAV?$allocator@PAU?$DequeProbeRecord@$03@@@0@@Z"",""??$_Uninitialized_copy@PAPAU?$DequeProbeRecord@$07@@PAPAU1@V?$allocator@PAU?$DequeProbeRecord@$07@@@std@@@std@@YAPAPAU?$DequeProbeRecord@$07@@PAPAU1@00AAV?$allocator@PAU?$DequeProbeRecord@$07@@@0@@Z"",""??$_Uninitialized_copy@PAPAU?$DequeProbeRecord@$0BA@@@PAPAU1@V?$allocator@PAU?$DequeProbeRecord@$0BA@@@@std@@@std@@YAPAPAU?$DequeProbeRecord@$0BA@@@PAPAU1@00AAV?$allocator@PAU?$DequeProbeRecord@$0BA@@@@0@@Z"",""??$_Uninitialized_copy@PAPAU?$DequeProbeRecord@$0CA@@@PAPAU1@V?$allocator@PAU?$DequeProbeRecord@$0CA@@@@std@@@std@@YAPAPAU?$DequeProbeRecord@$0CA@@@PAPAU1@00AAV?$allocator@PAU?$DequeProbeRecord@$0CA@@@@0@@Z"",""??$_Uninitialized_copy@PAPAU?$DequeProbeRecord@$0EA@@@PAPAU1@V?$allocator@PAU?$DequeProbeRecord@$0EA@@@@std@@@std@@YAPAPAU?$DequeProbeRecord@$0EA@@@PAPAU1@00AAV?$allocator@PAU?$DequeProbeRecord@$0EA@@@@0@@Z""]",287825a2cecd4440f77d8e854a0218e7a29484f3e2e01ef877a2c285fc1e6e5c,6a6a08c047851ae148c468052fe1ba647066619f0435c78c93e1a8c629ce27a0,"[{""offset"":13,""type"":""REL32"",""symbol"":""??$_Ptr_cat@U?$DequeProbeRecord@$00@@@std@@YA?AU_Scalar_ptr_iterator_tag@0@PAPAU?$DequeProbeRecord@$00@@0@Z"",""addend"":0,""target_address"":""0x00422BB0""},{""offset"":44,""type"":""REL32"",""symbol"":""??$_Uninit_copy@PAU?$DequeProbeRecord@$00@@PAU1@@std@@YAPAPAU?$DequeProbeRecord@$00@@PAPAU1@00AAV?$allocator@PAU?$DequeProbeRecord@$00@@@0@U_Scalar_ptr_iterator_tag@0@@Z"",""addend"":0,""target_address"":""0x00422BC0""}]",0,R073
0x00422700,55,??$_Uninitialized_fill_n,??$_Uninitialized_fill_n@PAPAU?$DequeProbeRecord@$00@@IPAU1@V?$allocator@PAU?$DequeProbeRecord@$00@@@std@@@std@@YAXPAPAU?$DequeProbeRecord@$00@@IABQAU1@AAV?$allocator@PAU?$DequeProbeRecord@$00@@@0@@Z,"[""??$_Uninitialized_fill_n@PAPAU?$DequeProbeRecord@$00@@IPAU1@V?$allocator@PAU?$DequeProbeRecord@$00@@@std@@@std@@YAXPAPAU?$DequeProbeRecord@$00@@IABQAU1@AAV?$allocator@PAU?$DequeProbeRecord@$00@@@0@@Z"",""??$_Uninitialized_fill_n@PAPAU?$DequeProbeRecord@$01@@IPAU1@V?$allocator@PAU?$DequeProbeRecord@$01@@@std@@@std@@YAXPAPAU?$DequeProbeRecord@$01@@IABQAU1@AAV?$allocator@PAU?$DequeProbeRecord@$01@@@0@@Z"",""??$_Uninitialized_fill_n@PAPAU?$DequeProbeRecord@$03@@IPAU1@V?$allocator@PAU?$DequeProbeRecord@$03@@@std@@@std@@YAXPAPAU?$DequeProbeRecord@$03@@IABQAU1@AAV?$allocator@PAU?$DequeProbeRecord@$03@@@0@@Z"",""??$_Uninitialized_fill_n@PAPAU?$DequeProbeRecord@$07@@IPAU1@V?$allocator@PAU?$DequeProbeRecord@$07@@@std@@@std@@YAXPAPAU?$DequeProbeRecord@$07@@IABQAU1@AAV?$allocator@PAU?$DequeProbeRecord@$07@@@0@@Z"",""??$_Uninitialized_fill_n@PAPAU?$DequeProbeRecord@$0BA@@@IPAU1@V?$allocator@PAU?$DequeProbeRecord@$0BA@@@@std@@@std@@YAXPAPAU?$DequeProbeRecord@$0BA@@@IABQAU1@AAV?$allocator@PAU?$DequeProbeRecord@$0BA@@@@0@@Z"",""??$_Uninitialized_fill_n@PAPAU?$DequeProbeRecord@$0CA@@@IPAU1@V?$allocator@PAU?$DequeProbeRecord@$0CA@@@@std@@@std@@YAXPAPAU?$DequeProbeRecord@$0CA@@@IABQAU1@AAV?$allocator@PAU?$DequeProbeRecord@$0CA@@@@0@@Z"",""??$_Uninitialized_fill_n@PAPAU?$DequeProbeRecord@$0EA@@@IPAU1@V?$allocator@PAU?$DequeProbeRecord@$0EA@@@@std@@@std@@YAXPAPAU?$DequeProbeRecord@$0EA@@@IABQAU1@AAV?$allocator@PAU?$DequeProbeRecord@$0EA@@@@0@@Z""]",175c2b0811b10f79e9d3d58318d4d3ce4e55d73c0e6dcca4ddea5bd3cb989318,4accc57c7137fb4f2e5748ffb4f161fce197d38a4dd76bba668426377d1f8b9b,"[{""offset"":13,""type"":""REL32"",""symbol"":""??$_Ptr_cat@U?$DequeProbeRecord@$00@@@std@@YA?AU_Scalar_ptr_iterator_tag@0@PAPAU?$DequeProbeRecord@$00@@0@Z"",""addend"":0,""target_address"":""0x00422BB0""},{""offset"":44,""type"":""REL32"",""symbol"":""??$_Uninit_fill_n@PAU?$DequeProbeRecord@$00@@IPAU1@@std@@YAXPAPAU?$DequeProbeRecord@$00@@IABQAU1@AAV?$allocator@PAU?$DequeProbeRecord@$00@@@0@U_Scalar_ptr_iterator_tag@0@@Z"",""addend"":0,""target_address"":""0x00422C00""}]",0,R073
0x00422740,51,??$_Destroy_range,??$_Destroy_range@PAU?$DequeProbeRecord@$00@@V?$allocator@PAU?$DequeProbeRecord@$00@@@std@@@std@@YAXPAPAU?$DequeProbeRecord@$00@@0AAV?$allocator@PAU?$DequeProbeRecord@$00@@@0@@Z,"[""??$_Destroy_range@PAU?$DequeProbeRecord@$00@@V?$allocator@PAU?$DequeProbeRecord@$00@@@std@@@std@@YAXPAPAU?$DequeProbeRecord@$00@@0AAV?$allocator@PAU?$DequeProbeRecord@$00@@@0@@Z"",""??$_Destroy_range@PAU?$DequeProbeRecord@$01@@V?$allocator@PAU?$DequeProbeRecord@$01@@@std@@@std@@YAXPAPAU?$DequeProbeRecord@$01@@0AAV?$allocator@PAU?$DequeProbeRecord@$01@@@0@@Z"",""??$_Destroy_range@PAU?$DequeProbeRecord@$03@@V?$allocator@PAU?$DequeProbeRecord@$03@@@std@@@std@@YAXPAPAU?$DequeProbeRecord@$03@@0AAV?$allocator@PAU?$DequeProbeRecord@$03@@@0@@Z"",""??$_Destroy_range@PAU?$DequeProbeRecord@$07@@V?$allocator@PAU?$DequeProbeRecord@$07@@@std@@@std@@YAXPAPAU?$DequeProbeRecord@$07@@0AAV?$allocator@PAU?$DequeProbeRecord@$07@@@0@@Z"",""??$_Destroy_range@PAU?$DequeProbeRecord@$0BA@@@V?$allocator@PAU?$DequeProbeRecord@$0BA@@@@std@@@std@@YAXPAPAU?$DequeProbeRecord@$0BA@@@0AAV?$allocator@PAU?$DequeProbeRecord@$0BA@@@@0@@Z"",""??$_Destroy_range@PAU?$DequeProbeRecord@$0CA@@@V?$allocator@PAU?$DequeProbeRecord@$0CA@@@@std@@@std@@YAXPAPAU?$DequeProbeRecord@$0CA@@@0AAV?$allocator@PAU?$DequeProbeRecord@$0CA@@@@0@@Z"",""??$_Destroy_range@PAU?$DequeProbeRecord@$0EA@@@V?$allocator@PAU?$DequeProbeRecord@$0EA@@@@std@@@std@@YAXPAPAU?$DequeProbeRecord@$0EA@@@0AAV?$allocator@PAU?$DequeProbeRecord@$0EA@@@@0@@Z""]",3f42c6dd16c50d5cd9d9708fa1fd79cdb1b40aa756355124494b7f12d427c4b4,f636c8e68eb98d93d61d48ad45b1dcd7c7df6a480044e40cc75a310a1efdcc9e,"[{""offset"":13,""type"":""REL32"",""symbol"":""??$_Ptr_cat@U?$DequeProbeRecord@$00@@@std@@YA?AU_Scalar_ptr_iterator_tag@0@PAPAU?$DequeProbeRecord@$00@@0@Z"",""addend"":0,""target_address"":""0x00422BB0""},{""offset"":40,""type"":""REL32"",""symbol"":""??$_Destroy_range@PAU?$DequeProbeRecord@$00@@V?$allocator@PAU?$DequeProbeRecord@$00@@@std@@@std@@YAXPAPAU?$DequeProbeRecord@$00@@0AAV?$allocator@PAU?$DequeProbeRecord@$00@@@0@U_Scalar_ptr_iterator_tag@0@@Z"",""addend"":0,""target_address"":""0x00422C20""}]",0,R073
0x004227E0,55,??$_Uninitialized_copy,??$_Uninitialized_copy@PAPAU?$DequeProbeRecord@$00@@PAPAU1@V?$allocator@PAU?$DequeProbeRecord@$00@@@std@@@std@@YAPAPAU?$DequeProbeRecord@$00@@PAPAU1@00AAV?$allocator@PAU?$DequeProbeRecord@$00@@@0@@Z,"[""??$_Uninitialized_copy@PAPAU?$DequeProbeRecord@$00@@PAPAU1@V?$allocator@PAU?$DequeProbeRecord@$00@@@std@@@std@@YAPAPAU?$DequeProbeRecord@$00@@PAPAU1@00AAV?$allocator@PAU?$DequeProbeRecord@$00@@@0@@Z"",""??$_Uninitialized_copy@PAPAU?$DequeProbeRecord@$01@@PAPAU1@V?$allocator@PAU?$DequeProbeRecord@$01@@@std@@@std@@YAPAPAU?$DequeProbeRecord@$01@@PAPAU1@00AAV?$allocator@PAU?$DequeProbeRecord@$01@@@0@@Z"",""??$_Uninitialized_copy@PAPAU?$DequeProbeRecord@$03@@PAPAU1@V?$allocator@PAU?$DequeProbeRecord@$03@@@std@@@std@@YAPAPAU?$DequeProbeRecord@$03@@PAPAU1@00AAV?$allocator@PAU?$DequeProbeRecord@$03@@@0@@Z"",""??$_Uninitialized_copy@PAPAU?$DequeProbeRecord@$07@@PAPAU1@V?$allocator@PAU?$DequeProbeRecord@$07@@@std@@@std@@YAPAPAU?$DequeProbeRecord@$07@@PAPAU1@00AAV?$allocator@PAU?$DequeProbeRecord@$07@@@0@@Z"",""??$_Uninitialized_copy@PAPAU?$DequeProbeRecord@$0BA@@@PAPAU1@V?$allocator@PAU?$DequeProbeRecord@$0BA@@@@std@@@std@@YAPAPAU?$DequeProbeRecord@$0BA@@@PAPAU1@00AAV?$allocator@PAU?$DequeProbeRecord@$0BA@@@@0@@Z"",""??$_Uninitialized_copy@PAPAU?$DequeProbeRecord@$0CA@@@PAPAU1@V?$allocator@PAU?$DequeProbeRecord@$0CA@@@@std@@@std@@YAPAPAU?$DequeProbeRecord@$0CA@@@PAPAU1@00AAV?$allocator@PAU?$DequeProbeRecord@$0CA@@@@0@@Z"",""??$_Uninitialized_copy@PAPAU?$DequeProbeRecord@$0EA@@@PAPAU1@V?$allocator@PAU?$DequeProbeRecord@$0EA@@@@std@@@std@@YAPAPAU?$DequeProbeRecord@$0EA@@@PAPAU1@00AAV?$allocator@PAU?$DequeProbeRecord@$0EA@@@@0@@Z""]",287825a2cecd4440f77d8e854a0218e7a29484f3e2e01ef877a2c285fc1e6e5c,72af87e633c9e4ca63b49b7540505dc1e40de0c7f2bf95d01bf5fa140ba5d3eb,"[{""offset"":13,""type"":""REL32"",""symbol"":""??$_Ptr_cat@U?$DequeProbeRecord@$00@@@std@@YA?AU_Scalar_ptr_iterator_tag@0@PAPAU?$DequeProbeRecord@$00@@0@Z"",""addend"":0,""target_address"":""0x00422C30""},{""offset"":44,""type"":""REL32"",""symbol"":""??$_Uninit_copy@PAU?$DequeProbeRecord@$00@@PAU1@@std@@YAPAPAU?$DequeProbeRecord@$00@@PAPAU1@00AAV?$allocator@PAU?$DequeProbeRecord@$00@@@0@U_Scalar_ptr_iterator_tag@0@@Z"",""addend"":0,""target_address"":""0x00422C40""}]",0,R073
0x00422820,55,??$_Uninitialized_fill_n,??$_Uninitialized_fill_n@PAPAU?$DequeProbeRecord@$00@@IPAU1@V?$allocator@PAU?$DequeProbeRecord@$00@@@std@@@std@@YAXPAPAU?$DequeProbeRecord@$00@@IABQAU1@AAV?$allocator@PAU?$DequeProbeRecord@$00@@@0@@Z,"[""??$_Uninitialized_fill_n@PAPAU?$DequeProbeRecord@$00@@IPAU1@V?$allocator@PAU?$DequeProbeRecord@$00@@@std@@@std@@YAXPAPAU?$DequeProbeRecord@$00@@IABQAU1@AAV?$allocator@PAU?$DequeProbeRecord@$00@@@0@@Z"",""??$_Uninitialized_fill_n@PAPAU?$DequeProbeRecord@$01@@IPAU1@V?$allocator@PAU?$DequeProbeRecord@$01@@@std@@@std@@YAXPAPAU?$DequeProbeRecord@$01@@IABQAU1@AAV?$allocator@PAU?$DequeProbeRecord@$01@@@0@@Z"",""??$_Uninitialized_fill_n@PAPAU?$DequeProbeRecord@$03@@IPAU1@V?$allocator@PAU?$DequeProbeRecord@$03@@@std@@@std@@YAXPAPAU?$DequeProbeRecord@$03@@IABQAU1@AAV?$allocator@PAU?$DequeProbeRecord@$03@@@0@@Z"",""??$_Uninitialized_fill_n@PAPAU?$DequeProbeRecord@$07@@IPAU1@V?$allocator@PAU?$DequeProbeRecord@$07@@@std@@@std@@YAXPAPAU?$DequeProbeRecord@$07@@IABQAU1@AAV?$allocator@PAU?$DequeProbeRecord@$07@@@0@@Z"",""??$_Uninitialized_fill_n@PAPAU?$DequeProbeRecord@$0BA@@@IPAU1@V?$allocator@PAU?$DequeProbeRecord@$0BA@@@@std@@@std@@YAXPAPAU?$DequeProbeRecord@$0BA@@@IABQAU1@AAV?$allocator@PAU?$DequeProbeRecord@$0BA@@@@0@@Z"",""??$_Uninitialized_fill_n@PAPAU?$DequeProbeRecord@$0CA@@@IPAU1@V?$allocator@PAU?$DequeProbeRecord@$0CA@@@@std@@@std@@YAXPAPAU?$DequeProbeRecord@$0CA@@@IABQAU1@AAV?$allocator@PAU?$DequeProbeRecord@$0CA@@@@0@@Z"",""??$_Uninitialized_fill_n@PAPAU?$DequeProbeRecord@$0EA@@@IPAU1@V?$allocator@PAU?$DequeProbeRecord@$0EA@@@@std@@@std@@YAXPAPAU?$DequeProbeRecord@$0EA@@@IABQAU1@AAV?$allocator@PAU?$DequeProbeRecord@$0EA@@@@0@@Z""]",175c2b0811b10f79e9d3d58318d4d3ce4e55d73c0e6dcca4ddea5bd3cb989318,bccec08d469f5983dbbb55bc4067027b3096fe73eb9b883bdf97cef4261f9e5b,"[{""offset"":13,""type"":""REL32"",""symbol"":""??$_Ptr_cat@U?$DequeProbeRecord@$00@@@std@@YA?AU_Scalar_ptr_iterator_tag@0@PAPAU?$DequeProbeRecord@$00@@0@Z"",""addend"":0,""target_address"":""0x00422C30""},{""offset"":44,""type"":""REL32"",""symbol"":""??$_Uninit_fill_n@PAU?$DequeProbeRecord@$00@@IPAU1@@std@@YAXPAPAU?$DequeProbeRecord@$00@@IABQAU1@AAV?$allocator@PAU?$DequeProbeRecord@$00@@@0@U_Scalar_ptr_iterator_tag@0@@Z"",""addend"":0,""target_address"":""0x00422C80""}]",0,R073
0x00422860,51,??$_Destroy_range,??$_Destroy_range@PAU?$DequeProbeRecord@$00@@V?$allocator@PAU?$DequeProbeRecord@$00@@@std@@@std@@YAXPAPAU?$DequeProbeRecord@$00@@0AAV?$allocator@PAU?$DequeProbeRecord@$00@@@0@@Z,"[""??$_Destroy_range@PAU?$DequeProbeRecord@$00@@V?$allocator@PAU?$DequeProbeRecord@$00@@@std@@@std@@YAXPAPAU?$DequeProbeRecord@$00@@0AAV?$allocator@PAU?$DequeProbeRecord@$00@@@0@@Z"",""??$_Destroy_range@PAU?$DequeProbeRecord@$01@@V?$allocator@PAU?$DequeProbeRecord@$01@@@std@@@std@@YAXPAPAU?$DequeProbeRecord@$01@@0AAV?$allocator@PAU?$DequeProbeRecord@$01@@@0@@Z"",""??$_Destroy_range@PAU?$DequeProbeRecord@$03@@V?$allocator@PAU?$DequeProbeRecord@$03@@@std@@@std@@YAXPAPAU?$DequeProbeRecord@$03@@0AAV?$allocator@PAU?$DequeProbeRecord@$03@@@0@@Z"",""??$_Destroy_range@PAU?$DequeProbeRecord@$07@@V?$allocator@PAU?$DequeProbeRecord@$07@@@std@@@std@@YAXPAPAU?$DequeProbeRecord@$07@@0AAV?$allocator@PAU?$DequeProbeRecord@$07@@@0@@Z"",""??$_Destroy_range@PAU?$DequeProbeRecord@$0BA@@@V?$allocator@PAU?$DequeProbeRecord@$0BA@@@@std@@@std@@YAXPAPAU?$DequeProbeRecord@$0BA@@@0AAV?$allocator@PAU?$DequeProbeRecord@$0BA@@@@0@@Z"",""??$_Destroy_range@PAU?$DequeProbeRecord@$0CA@@@V?$allocator@PAU?$DequeProbeRecord@$0CA@@@@std@@@std@@YAXPAPAU?$DequeProbeRecord@$0CA@@@0AAV?$allocator@PAU?$DequeProbeRecord@$0CA@@@@0@@Z"",""??$_Destroy_range@PAU?$DequeProbeRecord@$0EA@@@V?$allocator@PAU?$DequeProbeRecord@$0EA@@@@std@@@std@@YAXPAPAU?$DequeProbeRecord@$0EA@@@0AAV?$allocator@PAU?$DequeProbeRecord@$0EA@@@@0@@Z""]",3f42c6dd16c50d5cd9d9708fa1fd79cdb1b40aa756355124494b7f12d427c4b4,6e8a9e371b8713968f4bf6203b51cdf2fb23b39301d26ac5af2d6a7527233b71,"[{""offset"":13,""type"":""REL32"",""symbol"":""??$_Ptr_cat@U?$DequeProbeRecord@$00@@@std@@YA?AU_Scalar_ptr_iterator_tag@0@PAPAU?$DequeProbeRecord@$00@@0@Z"",""addend"":0,""target_address"":""0x00422C30""},{""offset"":40,""type"":""REL32"",""symbol"":""??$_Destroy_range@PAU?$DequeProbeRecord@$00@@V?$allocator@PAU?$DequeProbeRecord@$00@@@std@@@std@@YAXPAPAU?$DequeProbeRecord@$00@@0AAV?$allocator@PAU?$DequeProbeRecord@$00@@@0@U_Scalar_ptr_iterator_tag@0@@Z"",""addend"":0,""target_address"":""0x00422CA0""}]",0,R073
0x00422BC0,49,??$_Uninit_copy,??$_Uninit_copy@PAU?$DequeProbeRecord@$00@@PAU1@@std@@YAPAPAU?$DequeProbeRecord@$00@@PAPAU1@00AAV?$allocator@PAU?$DequeProbeRecord@$00@@@0@U_Scalar_ptr_iterator_tag@0@@Z,"[""??$_Uninit_copy@PAU?$DequeProbeRecord@$00@@PAU1@@std@@YAPAPAU?$DequeProbeRecord@$00@@PAPAU1@00AAV?$allocator@PAU?$DequeProbeRecord@$00@@@0@U_Scalar_ptr_iterator_tag@0@@Z"",""??$_Uninit_copy@PAU?$DequeProbeRecord@$01@@PAU1@@std@@YAPAPAU?$DequeProbeRecord@$01@@PAPAU1@00AAV?$allocator@PAU?$DequeProbeRecord@$01@@@0@U_Scalar_ptr_iterator_tag@0@@Z"",""??$_Uninit_copy@PAU?$DequeProbeRecord@$03@@PAU1@@std@@YAPAPAU?$DequeProbeRecord@$03@@PAPAU1@00AAV?$allocator@PAU?$DequeProbeRecord@$03@@@0@U_Scalar_ptr_iterator_tag@0@@Z"",""??$_Uninit_copy@PAU?$DequeProbeRecord@$07@@PAU1@@std@@YAPAPAU?$DequeProbeRecord@$07@@PAPAU1@00AAV?$allocator@PAU?$DequeProbeRecord@$07@@@0@U_Scalar_ptr_iterator_tag@0@@Z"",""??$_Uninit_copy@PAU?$DequeProbeRecord@$0BA@@@PAU1@@std@@YAPAPAU?$DequeProbeRecord@$0BA@@@PAPAU1@00AAV?$allocator@PAU?$DequeProbeRecord@$0BA@@@@0@U_Scalar_ptr_iterator_tag@0@@Z"",""??$_Uninit_copy@PAU?$DequeProbeRecord@$0CA@@@PAU1@@std@@YAPAPAU?$DequeProbeRecord@$0CA@@@PAPAU1@00AAV?$allocator@PAU?$DequeProbeRecord@$0CA@@@@0@U_Scalar_ptr_iterator_tag@0@@Z"",""??$_Uninit_copy@PAU?$DequeProbeRecord@$0EA@@@PAU1@@std@@YAPAPAU?$DequeProbeRecord@$0EA@@@PAPAU1@00AAV?$allocator@PAU?$DequeProbeRecord@$0EA@@@@0@U_Scalar_ptr_iterator_tag@0@@Z""]",819764bcd5bc6281178f52a8c0ba4ef070a5f99a9e5222050118ebf0c230e616,266b85e4fa83ae5cfc2bdfe2c610c6b6127a2d2b32f2b87fad6c1b4ab5198231,"[{""offset"":32,""type"":""REL32"",""symbol"":""_memmove"",""addend"":0,""target_address"":""0x00641260""}]",0,R073
0x00422C40,49,??$_Uninit_copy,??$_Uninit_copy@PAU?$DequeProbeRecord@$00@@PAU1@@std@@YAPAPAU?$DequeProbeRecord@$00@@PAPAU1@00AAV?$allocator@PAU?$DequeProbeRecord@$00@@@0@U_Scalar_ptr_iterator_tag@0@@Z,"[""??$_Uninit_copy@PAU?$DequeProbeRecord@$00@@PAU1@@std@@YAPAPAU?$DequeProbeRecord@$00@@PAPAU1@00AAV?$allocator@PAU?$DequeProbeRecord@$00@@@0@U_Scalar_ptr_iterator_tag@0@@Z"",""??$_Uninit_copy@PAU?$DequeProbeRecord@$01@@PAU1@@std@@YAPAPAU?$DequeProbeRecord@$01@@PAPAU1@00AAV?$allocator@PAU?$DequeProbeRecord@$01@@@0@U_Scalar_ptr_iterator_tag@0@@Z"",""??$_Uninit_copy@PAU?$DequeProbeRecord@$03@@PAU1@@std@@YAPAPAU?$DequeProbeRecord@$03@@PAPAU1@00AAV?$allocator@PAU?$DequeProbeRecord@$03@@@0@U_Scalar_ptr_iterator_tag@0@@Z"",""??$_Uninit_copy@PAU?$DequeProbeRecord@$07@@PAU1@@std@@YAPAPAU?$DequeProbeRecord@$07@@PAPAU1@00AAV?$allocator@PAU?$DequeProbeRecord@$07@@@0@U_Scalar_ptr_iterator_tag@0@@Z"",""??$_Uninit_copy@PAU?$DequeProbeRecord@$0BA@@@PAU1@@std@@YAPAPAU?$DequeProbeRecord@$0BA@@@PAPAU1@00AAV?$allocator@PAU?$DequeProbeRecord@$0BA@@@@0@U_Scalar_ptr_iterator_tag@0@@Z"",""??$_Uninit_copy@PAU?$DequeProbeRecord@$0CA@@@PAU1@@std@@YAPAPAU?$DequeProbeRecord@$0CA@@@PAPAU1@00AAV?$allocator@PAU?$DequeProbeRecord@$0CA@@@@0@U_Scalar_ptr_iterator_tag@0@@Z"",""??$_Uninit_copy@PAU?$DequeProbeRecord@$0EA@@@PAU1@@std@@YAPAPAU?$DequeProbeRecord@$0EA@@@PAPAU1@00AAV?$allocator@PAU?$DequeProbeRecord@$0EA@@@@0@U_Scalar_ptr_iterator_tag@0@@Z""]",819764bcd5bc6281178f52a8c0ba4ef070a5f99a9e5222050118ebf0c230e616,098059f04834964775d1aaa93cdf3e5c0367574debfec8d96d0a98751235c9d1,"[{""offset"":32,""type"":""REL32"",""symbol"":""_memmove"",""addend"":0,""target_address"":""0x00641260""}]",0,R073
0x00424A00,55,??$_Uninitialized_copy,??$_Uninitialized_copy@PAPAU?$DequeProbeRecord@$00@@PAPAU1@V?$allocator@PAU?$DequeProbeRecord@$00@@@std@@@std@@YAPAPAU?$DequeProbeRecord@$00@@PAPAU1@00AAV?$allocator@PAU?$DequeProbeRecord@$00@@@0@@Z,"[""??$_Uninitialized_copy@PAPAU?$DequeProbeRecord@$00@@PAPAU1@V?$allocator@PAU?$DequeProbeRecord@$00@@@std@@@std@@YAPAPAU?$DequeProbeRecord@$00@@PAPAU1@00AAV?$allocator@PAU?$DequeProbeRecord@$00@@@0@@Z"",""??$_Uninitialized_copy@PAPAU?$DequeProbeRecord@$01@@PAPAU1@V?$allocator@PAU?$DequeProbeRecord@$01@@@std@@@std@@YAPAPAU?$DequeProbeRecord@$01@@PAPAU1@00AAV?$allocator@PAU?$DequeProbeRecord@$01@@@0@@Z"",""??$_Uninitialized_copy@PAPAU?$DequeProbeRecord@$03@@PAPAU1@V?$allocator@PAU?$DequeProbeRecord@$03@@@std@@@std@@YAPAPAU?$DequeProbeRecord@$03@@PAPAU1@00AAV?$allocator@PAU?$DequeProbeRecord@$03@@@0@@Z"",""??$_Uninitialized_copy@PAPAU?$DequeProbeRecord@$07@@PAPAU1@V?$allocator@PAU?$DequeProbeRecord@$07@@@std@@@std@@YAPAPAU?$DequeProbeRecord@$07@@PAPAU1@00AAV?$allocator@PAU?$DequeProbeRecord@$07@@@0@@Z"",""??$_Uninitialized_copy@PAPAU?$DequeProbeRecord@$0BA@@@PAPAU1@V?$allocator@PAU?$DequeProbeRecord@$0BA@@@@std@@@std@@YAPAPAU?$DequeProbeRecord@$0BA@@@PAPAU1@00AAV?$allocator@PAU?$DequeProbeRecord@$0BA@@@@0@@Z"",""??$_Uninitialized_copy@PAPAU?$DequeProbeRecord@$0CA@@@PAPAU1@V?$allocator@PAU?$DequeProbeRecord@$0CA@@@@std@@@std@@YAPAPAU?$DequeProbeRecord@$0CA@@@PAPAU1@00AAV?$allocator@PAU?$DequeProbeRecord@$0CA@@@@0@@Z"",""??$_Uninitialized_copy@PAPAU?$DequeProbeRecord@$0EA@@@PAPAU1@V?$allocator@PAU?$DequeProbeRecord@$0EA@@@@std@@@std@@YAPAPAU?$DequeProbeRecord@$0EA@@@PAPAU1@00AAV?$allocator@PAU?$DequeProbeRecord@$0EA@@@@0@@Z""]",287825a2cecd4440f77d8e854a0218e7a29484f3e2e01ef877a2c285fc1e6e5c,1bcae06ffe79e3bdfb8ef8785fa5b819aed66fe6c6d379c8cfa48207d36ad622,"[{""offset"":13,""type"":""REL32"",""symbol"":""??$_Ptr_cat@U?$DequeProbeRecord@$00@@@std@@YA?AU_Scalar_ptr_iterator_tag@0@PAPAU?$DequeProbeRecord@$00@@0@Z"",""addend"":0,""target_address"":""0x00424C30""},{""offset"":44,""type"":""REL32"",""symbol"":""??$_Uninit_copy@PAU?$DequeProbeRecord@$00@@PAU1@@std@@YAPAPAU?$DequeProbeRecord@$00@@PAPAU1@00AAV?$allocator@PAU?$DequeProbeRecord@$00@@@0@U_Scalar_ptr_iterator_tag@0@@Z"",""addend"":0,""target_address"":""0x00424C40""}]",0,R073
0x00424A40,55,??$_Uninitialized_fill_n,??$_Uninitialized_fill_n@PAPAU?$DequeProbeRecord@$00@@IPAU1@V?$allocator@PAU?$DequeProbeRecord@$00@@@std@@@std@@YAXPAPAU?$DequeProbeRecord@$00@@IABQAU1@AAV?$allocator@PAU?$DequeProbeRecord@$00@@@0@@Z,"[""??$_Uninitialized_fill_n@PAPAU?$DequeProbeRecord@$00@@IPAU1@V?$allocator@PAU?$DequeProbeRecord@$00@@@std@@@std@@YAXPAPAU?$DequeProbeRecord@$00@@IABQAU1@AAV?$allocator@PAU?$DequeProbeRecord@$00@@@0@@Z"",""??$_Uninitialized_fill_n@PAPAU?$DequeProbeRecord@$01@@IPAU1@V?$allocator@PAU?$DequeProbeRecord@$01@@@std@@@std@@YAXPAPAU?$DequeProbeRecord@$01@@IABQAU1@AAV?$allocator@PAU?$DequeProbeRecord@$01@@@0@@Z"",""??$_Uninitialized_fill_n@PAPAU?$DequeProbeRecord@$03@@IPAU1@V?$allocator@PAU?$DequeProbeRecord@$03@@@std@@@std@@YAXPAPAU?$DequeProbeRecord@$03@@IABQAU1@AAV?$allocator@PAU?$DequeProbeRecord@$03@@@0@@Z"",""??$_Uninitialized_fill_n@PAPAU?$DequeProbeRecord@$07@@IPAU1@V?$allocator@PAU?$DequeProbeRecord@$07@@@std@@@std@@YAXPAPAU?$DequeProbeRecord@$07@@IABQAU1@AAV?$allocator@PAU?$DequeProbeRecord@$07@@@0@@Z"",""??$_Uninitialized_fill_n@PAPAU?$DequeProbeRecord@$0BA@@@IPAU1@V?$allocator@PAU?$DequeProbeRecord@$0BA@@@@std@@@std@@YAXPAPAU?$DequeProbeRecord@$0BA@@@IABQAU1@AAV?$allocator@PAU?$DequeProbeRecord@$0BA@@@@0@@Z"",""??$_Uninitialized_fill_n@PAPAU?$DequeProbeRecord@$0CA@@@IPAU1@V?$allocator@PAU?$DequeProbeRecord@$0CA@@@@std@@@std@@YAXPAPAU?$DequeProbeRecord@$0CA@@@IABQAU1@AAV?$allocator@PAU?$DequeProbeRecord@$0CA@@@@0@@Z"",""??$_Uninitialized_fill_n@PAPAU?$DequeProbeRecord@$0EA@@@IPAU1@V?$allocator@PAU?$DequeProbeRecord@$0EA@@@@std@@@std@@YAXPAPAU?$DequeProbeRecord@$0EA@@@IABQAU1@AAV?$allocator@PAU?$DequeProbeRecord@$0EA@@@@0@@Z""]",175c2b0811b10f79e9d3d58318d4d3ce4e55d73c0e6dcca4ddea5bd3cb989318,e1e25c1cc86bec14defc1cf57f30724689f9ca00e515ff1901477de436313c9e,"[{""offset"":13,""type"":""REL32"",""symbol"":""??$_Ptr_cat@U?$DequeProbeRecord@$00@@@std@@YA?AU_Scalar_ptr_iterator_tag@0@PAPAU?$DequeProbeRecord@$00@@0@Z"",""addend"":0,""target_address"":""0x00424C30""},{""offset"":44,""type"":""REL32"",""symbol"":""??$_Uninit_fill_n@PAU?$DequeProbeRecord@$00@@IPAU1@@std@@YAXPAPAU?$DequeProbeRecord@$00@@IABQAU1@AAV?$allocator@PAU?$DequeProbeRecord@$00@@@0@U_Scalar_ptr_iterator_tag@0@@Z"",""addend"":0,""target_address"":""0x00424C80""}]",0,R073
0x00424A80,51,??$_Destroy_range,??$_Destroy_range@PAU?$DequeProbeRecord@$00@@V?$allocator@PAU?$DequeProbeRecord@$00@@@std@@@std@@YAXPAPAU?$DequeProbeRecord@$00@@0AAV?$allocator@PAU?$DequeProbeRecord@$00@@@0@@Z,"[""??$_Destroy_range@PAU?$DequeProbeRecord@$00@@V?$allocator@PAU?$DequeProbeRecord@$00@@@std@@@std@@YAXPAPAU?$DequeProbeRecord@$00@@0AAV?$allocator@PAU?$DequeProbeRecord@$00@@@0@@Z"",""??$_Destroy_range@PAU?$DequeProbeRecord@$01@@V?$allocator@PAU?$DequeProbeRecord@$01@@@std@@@std@@YAXPAPAU?$DequeProbeRecord@$01@@0AAV?$allocator@PAU?$DequeProbeRecord@$01@@@0@@Z"",""??$_Destroy_range@PAU?$DequeProbeRecord@$03@@V?$allocator@PAU?$DequeProbeRecord@$03@@@std@@@std@@YAXPAPAU?$DequeProbeRecord@$03@@0AAV?$allocator@PAU?$DequeProbeRecord@$03@@@0@@Z"",""??$_Destroy_range@PAU?$DequeProbeRecord@$07@@V?$allocator@PAU?$DequeProbeRecord@$07@@@std@@@std@@YAXPAPAU?$DequeProbeRecord@$07@@0AAV?$allocator@PAU?$DequeProbeRecord@$07@@@0@@Z"",""??$_Destroy_range@PAU?$DequeProbeRecord@$0BA@@@V?$allocator@PAU?$DequeProbeRecord@$0BA@@@@std@@@std@@YAXPAPAU?$DequeProbeRecord@$0BA@@@0AAV?$allocator@PAU?$DequeProbeRecord@$0BA@@@@0@@Z"",""??$_Destroy_range@PAU?$DequeProbeRecord@$0CA@@@V?$allocator@PAU?$DequeProbeRecord@$0CA@@@@std@@@std@@YAXPAPAU?$DequeProbeRecord@$0CA@@@0AAV?$allocator@PAU?$DequeProbeRecord@$0CA@@@@0@@Z"",""??$_Destroy_range@PAU?$DequeProbeRecord@$0EA@@@V?$allocator@PAU?$DequeProbeRecord@$0EA@@@@std@@@std@@YAXPAPAU?$DequeProbeRecord@$0EA@@@0AAV?$allocator@PAU?$DequeProbeRecord@$0EA@@@@0@@Z""]",3f42c6dd16c50d5cd9d9708fa1fd79cdb1b40aa756355124494b7f12d427c4b4,bce71c03d6b0d8a3da601af97b1c212dacbcd47733da66356e45deeb10ccf2e1,"[{""offset"":13,""type"":""REL32"",""symbol"":""??$_Ptr_cat@U?$DequeProbeRecord@$00@@@std@@YA?AU_Scalar_ptr_iterator_tag@0@PAPAU?$DequeProbeRecord@$00@@0@Z"",""addend"":0,""target_address"":""0x00424C30""},{""offset"":40,""type"":""REL32"",""symbol"":""??$_Destroy_range@PAU?$DequeProbeRecord@$00@@V?$allocator@PAU?$DequeProbeRecord@$00@@@std@@@std@@YAXPAPAU?$DequeProbeRecord@$00@@0AAV?$allocator@PAU?$DequeProbeRecord@$00@@@0@U_Scalar_ptr_iterator_tag@0@@Z"",""addend"":0,""target_address"":""0x00424CA0""}]",0,R073
0x00424C40,49,??$_Uninit_copy,??$_Uninit_copy@PAU?$DequeProbeRecord@$00@@PAU1@@std@@YAPAPAU?$DequeProbeRecord@$00@@PAPAU1@00AAV?$allocator@PAU?$DequeProbeRecord@$00@@@0@U_Scalar_ptr_iterator_tag@0@@Z,"[""??$_Uninit_copy@PAU?$DequeProbeRecord@$00@@PAU1@@std@@YAPAPAU?$DequeProbeRecord@$00@@PAPAU1@00AAV?$allocator@PAU?$DequeProbeRecord@$00@@@0@U_Scalar_ptr_iterator_tag@0@@Z"",""??$_Uninit_copy@PAU?$DequeProbeRecord@$01@@PAU1@@std@@YAPAPAU?$DequeProbeRecord@$01@@PAPAU1@00AAV?$allocator@PAU?$DequeProbeRecord@$01@@@0@U_Scalar_ptr_iterator_tag@0@@Z"",""??$_Uninit_copy@PAU?$DequeProbeRecord@$03@@PAU1@@std@@YAPAPAU?$DequeProbeRecord@$03@@PAPAU1@00AAV?$allocator@PAU?$DequeProbeRecord@$03@@@0@U_Scalar_ptr_iterator_tag@0@@Z"",""??$_Uninit_copy@PAU?$DequeProbeRecord@$07@@PAU1@@std@@YAPAPAU?$DequeProbeRecord@$07@@PAPAU1@00AAV?$allocator@PAU?$DequeProbeRecord@$07@@@0@U_Scalar_ptr_iterator_tag@0@@Z"",""??$_Uninit_copy@PAU?$DequeProbeRecord@$0BA@@@PAU1@@std@@YAPAPAU?$DequeProbeRecord@$0BA@@@PAPAU1@00AAV?$allocator@PAU?$DequeProbeRecord@$0BA@@@@0@U_Scalar_ptr_iterator_tag@0@@Z"",""??$_Uninit_copy@PAU?$DequeProbeRecord@$0CA@@@PAU1@@std@@YAPAPAU?$DequeProbeRecord@$0CA@@@PAPAU1@00AAV?$allocator@PAU?$DequeProbeRecord@$0CA@@@@0@U_Scalar_ptr_iterator_tag@0@@Z"",""??$_Uninit_copy@PAU?$DequeProbeRecord@$0EA@@@PAU1@@std@@YAPAPAU?$DequeProbeRecord@$0EA@@@PAPAU1@00AAV?$allocator@PAU?$DequeProbeRecord@$0EA@@@@0@U_Scalar_ptr_iterator_tag@0@@Z""]",819764bcd5bc6281178f52a8c0ba4ef070a5f99a9e5222050118ebf0c230e616,2b410de5ed1e5f706bb7f9d289fc532e3c1381e0d2ca2ebafbbe676cf90d3735,"[{""offset"":32,""type"":""REL32"",""symbol"":""_memmove"",""addend"":0,""target_address"":""0x00641260""}]",0,R073
0x00424D00,72,??0?$deque,??0?$deque@U?$DequeProbeRecord@$00@@V?$allocator@U?$DequeProbeRecord@$00@@@std@@@std@@QAE@XZ,"[""??0?$deque@U?$DequeProbeRecord@$00@@V?$allocator@U?$DequeProbeRecord@$00@@@std@@@std@@QAE@XZ"",""??0?$deque@U?$DequeProbeRecord@$01@@V?$allocator@U?$DequeProbeRecord@$01@@@std@@@std@@QAE@XZ"",""??0?$deque@U?$DequeProbeRecord@$03@@V?$allocator@U?$DequeProbeRecord@$03@@@std@@@std@@QAE@XZ"",""??0?$deque@U?$DequeProbeRecord@$07@@V?$allocator@U?$DequeProbeRecord@$07@@@std@@@std@@QAE@XZ"",""??0?$deque@U?$DequeProbeRecord@$0BA@@@V?$allocator@U?$DequeProbeRecord@$0BA@@@@std@@@std@@QAE@XZ"",""??0?$deque@U?$DequeProbeRecord@$0CA@@@V?$allocator@U?$DequeProbeRecord@$0CA@@@@std@@@std@@QAE@XZ"",""??0?$deque@U?$DequeProbeRecord@$0EA@@@V?$allocator@U?$DequeProbeRecord@$0EA@@@@std@@@std@@QAE@XZ""]",f84956c19e804a3eef83ddf58566398acdebb446a2071390cbdb35e9db352ca7,f4ab9aaa484560b721d6105a0ea9b5595bd51c6d837712739e0134295e2e26e4,"[{""offset"":13,""type"":""REL32"",""symbol"":""??0?$allocator@U?$DequeProbeRecord@$00@@@std@@QAE@XZ"",""addend"":0,""target_address"":""0x00424D90""},{""offset"":21,""type"":""REL32"",""symbol"":""??0?$_Deque_val@U?$DequeProbeRecord@$00@@V?$allocator@U?$DequeProbeRecord@$00@@@std@@@std@@IAE@V?$allocator@U?$DequeProbeRecord@$00@@@1@@Z"",""addend"":0,""target_address"":""0x00424D50""}]",0,R073
0x00424D50,53,??0?$_Deque_val,??0?$_Deque_val@U?$DequeProbeRecord@$00@@V?$allocator@U?$DequeProbeRecord@$00@@@std@@@std@@IAE@V?$allocator@U?$DequeProbeRecord@$00@@@1@@Z,"[""??0?$_Deque_val@U?$DequeProbeRecord@$00@@V?$allocator@U?$DequeProbeRecord@$00@@@std@@@std@@IAE@V?$allocator@U?$DequeProbeRecord@$00@@@1@@Z"",""??0?$_Deque_val@U?$DequeProbeRecord@$01@@V?$allocator@U?$DequeProbeRecord@$01@@@std@@@std@@IAE@V?$allocator@U?$DequeProbeRecord@$01@@@1@@Z"",""??0?$_Deque_val@U?$DequeProbeRecord@$03@@V?$allocator@U?$DequeProbeRecord@$03@@@std@@@std@@IAE@V?$allocator@U?$DequeProbeRecord@$03@@@1@@Z"",""??0?$_Deque_val@U?$DequeProbeRecord@$07@@V?$allocator@U?$DequeProbeRecord@$07@@@std@@@std@@IAE@V?$allocator@U?$DequeProbeRecord@$07@@@1@@Z"",""??0?$_Deque_val@U?$DequeProbeRecord@$0BA@@@V?$allocator@U?$DequeProbeRecord@$0BA@@@@std@@@std@@IAE@V?$allocator@U?$DequeProbeRecord@$0BA@@@@1@@Z"",""??0?$_Deque_val@U?$DequeProbeRecord@$0CA@@@V?$allocator@U?$DequeProbeRecord@$0CA@@@@std@@@std@@IAE@V?$allocator@U?$DequeProbeRecord@$0CA@@@@1@@Z"",""??0?$_Deque_val@U?$DequeProbeRecord@$0EA@@@V?$allocator@U?$DequeProbeRecord@$0EA@@@@std@@@std@@IAE@V?$allocator@U?$DequeProbeRecord@$0EA@@@@1@@Z""]",1fbcbdc9c7359855fd35101ce0d12f03bbffdf4a747be392215b1c4d39005b88,a49a4e470e07ee8cabbf7b345dd5ed9fd00380108fc3ad5d4d9c6d6322170693,"[{""offset"":17,""type"":""REL32"",""symbol"":""??0?$allocator@U?$DequeProbeRecord@$00@@@std@@QAE@ABV01@@Z"",""addend"":0,""target_address"":""0x00424DC0""},{""offset"":25,""type"":""REL32"",""symbol"":""??0?$_Deque_map@U?$DequeProbeRecord@$00@@V?$allocator@U?$DequeProbeRecord@$00@@@std@@@std@@IAE@V?$allocator@U?$DequeProbeRecord@$00@@@1@@Z"",""addend"":0,""target_address"":""0x00424DA0""},{""offset"":40,""type"":""REL32"",""symbol"":""??0?$allocator@U?$DequeProbeRecord@$00@@@std@@QAE@ABV01@@Z"",""addend"":0,""target_address"":""0x00424DC0""}]",0,R073
0x0042DB30,72,??0?$deque,??0?$deque@U?$DequeProbeRecord@$00@@V?$allocator@U?$DequeProbeRecord@$00@@@std@@@std@@QAE@XZ,"[""??0?$deque@U?$DequeProbeRecord@$00@@V?$allocator@U?$DequeProbeRecord@$00@@@std@@@std@@QAE@XZ"",""??0?$deque@U?$DequeProbeRecord@$01@@V?$allocator@U?$DequeProbeRecord@$01@@@std@@@std@@QAE@XZ"",""??0?$deque@U?$DequeProbeRecord@$03@@V?$allocator@U?$DequeProbeRecord@$03@@@std@@@std@@QAE@XZ"",""??0?$deque@U?$DequeProbeRecord@$07@@V?$allocator@U?$DequeProbeRecord@$07@@@std@@@std@@QAE@XZ"",""??0?$deque@U?$DequeProbeRecord@$0BA@@@V?$allocator@U?$DequeProbeRecord@$0BA@@@@std@@@std@@QAE@XZ"",""??0?$deque@U?$DequeProbeRecord@$0CA@@@V?$allocator@U?$DequeProbeRecord@$0CA@@@@std@@@std@@QAE@XZ"",""??0?$deque@U?$DequeProbeRecord@$0EA@@@V?$allocator@U?$DequeProbeRecord@$0EA@@@@std@@@std@@QAE@XZ""]",f84956c19e804a3eef83ddf58566398acdebb446a2071390cbdb35e9db352ca7,95cb69cab4cbb9d967cd4ba58a99a6d4dc34bb96be701c48cd2390e1ba39f131,"[{""offset"":13,""type"":""REL32"",""symbol"":""??0?$allocator@U?$DequeProbeRecord@$00@@@std@@QAE@XZ"",""addend"":0,""target_address"":""0x0042DFF0""},{""offset"":21,""type"":""REL32"",""symbol"":""??0?$_Deque_val@U?$DequeProbeRecord@$00@@V?$allocator@U?$DequeProbeRecord@$00@@@std@@@std@@IAE@V?$allocator@U?$DequeProbeRecord@$00@@@1@@Z"",""addend"":0,""target_address"":""0x0042DFB0""}]",0,R073
0x0042DFB0,53,??0?$_Deque_val,??0?$_Deque_val@U?$DequeProbeRecord@$00@@V?$allocator@U?$DequeProbeRecord@$00@@@std@@@std@@IAE@V?$allocator@U?$DequeProbeRecord@$00@@@1@@Z,"[""??0?$_Deque_val@U?$DequeProbeRecord@$00@@V?$allocator@U?$DequeProbeRecord@$00@@@std@@@std@@IAE@V?$allocator@U?$DequeProbeRecord@$00@@@1@@Z"",""??0?$_Deque_val@U?$DequeProbeRecord@$01@@V?$allocator@U?$DequeProbeRecord@$01@@@std@@@std@@IAE@V?$allocator@U?$DequeProbeRecord@$01@@@1@@Z"",""??0?$_Deque_val@U?$DequeProbeRecord@$03@@V?$allocator@U?$DequeProbeRecord@$03@@@std@@@std@@IAE@V?$allocator@U?$DequeProbeRecord@$03@@@1@@Z"",""??0?$_Deque_val@U?$DequeProbeRecord@$07@@V?$allocator@U?$DequeProbeRecord@$07@@@std@@@std@@IAE@V?$allocator@U?$DequeProbeRecord@$07@@@1@@Z"",""??0?$_Deque_val@U?$DequeProbeRecord@$0BA@@@V?$allocator@U?$DequeProbeRecord@$0BA@@@@std@@@std@@IAE@V?$allocator@U?$DequeProbeRecord@$0BA@@@@1@@Z"",""??0?$_Deque_val@U?$DequeProbeRecord@$0CA@@@V?$allocator@U?$DequeProbeRecord@$0CA@@@@std@@@std@@IAE@V?$allocator@U?$DequeProbeRecord@$0CA@@@@1@@Z"",""??0?$_Deque_val@U?$DequeProbeRecord@$0EA@@@V?$allocator@U?$DequeProbeRecord@$0EA@@@@std@@@std@@IAE@V?$allocator@U?$DequeProbeRecord@$0EA@@@@1@@Z""]",1fbcbdc9c7359855fd35101ce0d12f03bbffdf4a747be392215b1c4d39005b88,c34ebcd84a8bb127919fd44e279922d5b0146738454d2256ee943905002c1f1f,"[{""offset"":17,""type"":""REL32"",""symbol"":""??0?$allocator@U?$DequeProbeRecord@$00@@@std@@QAE@ABV01@@Z"",""addend"":0,""target_address"":""0x0042E240""},{""offset"":25,""type"":""REL32"",""symbol"":""??0?$_Deque_map@U?$DequeProbeRecord@$00@@V?$allocator@U?$DequeProbeRecord@$00@@@std@@@std@@IAE@V?$allocator@U?$DequeProbeRecord@$00@@@1@@Z"",""addend"":0,""target_address"":""0x0042E220""},{""offset"":40,""type"":""REL32"",""symbol"":""??0?$allocator@U?$DequeProbeRecord@$00@@@std@@QAE@ABV01@@Z"",""addend"":0,""target_address"":""0x0042E240""}]",0,R073
0x0042E410,55,??$_Uninitialized_copy,??$_Uninitialized_copy@PAPAU?$DequeProbeRecord@$00@@PAPAU1@V?$allocator@PAU?$DequeProbeRecord@$00@@@std@@@std@@YAPAPAU?$DequeProbeRecord@$00@@PAPAU1@00AAV?$allocator@PAU?$DequeProbeRecord@$00@@@0@@Z,"[""??$_Uninitialized_copy@PAPAU?$DequeProbeRecord@$00@@PAPAU1@V?$allocator@PAU?$DequeProbeRecord@$00@@@std@@@std@@YAPAPAU?$DequeProbeRecord@$00@@PAPAU1@00AAV?$allocator@PAU?$DequeProbeRecord@$00@@@0@@Z"",""??$_Uninitialized_copy@PAPAU?$DequeProbeRecord@$01@@PAPAU1@V?$allocator@PAU?$DequeProbeRecord@$01@@@std@@@std@@YAPAPAU?$DequeProbeRecord@$01@@PAPAU1@00AAV?$allocator@PAU?$DequeProbeRecord@$01@@@0@@Z"",""??$_Uninitialized_copy@PAPAU?$DequeProbeRecord@$03@@PAPAU1@V?$allocator@PAU?$DequeProbeRecord@$03@@@std@@@std@@YAPAPAU?$DequeProbeRecord@$03@@PAPAU1@00AAV?$allocator@PAU?$DequeProbeRecord@$03@@@0@@Z"",""??$_Uninitialized_copy@PAPAU?$DequeProbeRecord@$07@@PAPAU1@V?$allocator@PAU?$DequeProbeRecord@$07@@@std@@@std@@YAPAPAU?$DequeProbeRecord@$07@@PAPAU1@00AAV?$allocator@PAU?$DequeProbeRecord@$07@@@0@@Z"",""??$_Uninitialized_copy@PAPAU?$DequeProbeRecord@$0BA@@@PAPAU1@V?$allocator@PAU?$DequeProbeRecord@$0BA@@@@std@@@std@@YAPAPAU?$DequeProbeRecord@$0BA@@@PAPAU1@00AAV?$allocator@PAU?$DequeProbeRecord@$0BA@@@@0@@Z"",""??$_Uninitialized_copy@PAPAU?$DequeProbeRecord@$0CA@@@PAPAU1@V?$allocator@PAU?$DequeProbeRecord@$0CA@@@@std@@@std@@YAPAPAU?$DequeProbeRecord@$0CA@@@PAPAU1@00AAV?$allocator@PAU?$DequeProbeRecord@$0CA@@@@0@@Z"",""??$_Uninitialized_copy@PAPAU?$DequeProbeRecord@$0EA@@@PAPAU1@V?$allocator@PAU?$DequeProbeRecord@$0EA@@@@std@@@std@@YAPAPAU?$DequeProbeRecord@$0EA@@@PAPAU1@00AAV?$allocator@PAU?$DequeProbeRecord@$0EA@@@@0@@Z""]",287825a2cecd4440f77d8e854a0218e7a29484f3e2e01ef877a2c285fc1e6e5c,7f53e7a78c8a22d4edffb47ba3db679cfca91561628bb4ef80cb68230d24100d,"[{""offset"":13,""type"":""REL32"",""symbol"":""??$_Ptr_cat@U?$DequeProbeRecord@$00@@@std@@YA?AU_Scalar_ptr_iterator_tag@0@PAPAU?$DequeProbeRecord@$00@@0@Z"",""addend"":0,""target_address"":""0x0042E590""},{""offset"":44,""type"":""REL32"",""symbol"":""??$_Uninit_copy@PAU?$DequeProbeRecord@$00@@PAU1@@std@@YAPAPAU?$DequeProbeRecord@$00@@PAPAU1@00AAV?$allocator@PAU?$DequeProbeRecord@$00@@@0@U_Scalar_ptr_iterator_tag@0@@Z"",""addend"":0,""target_address"":""0x0042E5A0""}]",0,R073
0x0042E450,55,??$_Uninitialized_fill_n,??$_Uninitialized_fill_n@PAPAU?$DequeProbeRecord@$00@@IPAU1@V?$allocator@PAU?$DequeProbeRecord@$00@@@std@@@std@@YAXPAPAU?$DequeProbeRecord@$00@@IABQAU1@AAV?$allocator@PAU?$DequeProbeRecord@$00@@@0@@Z,"[""??$_Uninitialized_fill_n@PAPAU?$DequeProbeRecord@$00@@IPAU1@V?$allocator@PAU?$DequeProbeRecord@$00@@@std@@@std@@YAXPAPAU?$DequeProbeRecord@$00@@IABQAU1@AAV?$allocator@PAU?$DequeProbeRecord@$00@@@0@@Z"",""??$_Uninitialized_fill_n@PAPAU?$DequeProbeRecord@$01@@IPAU1@V?$allocator@PAU?$DequeProbeRecord@$01@@@std@@@std@@YAXPAPAU?$DequeProbeRecord@$01@@IABQAU1@AAV?$allocator@PAU?$DequeProbeRecord@$01@@@0@@Z"",""??$_Uninitialized_fill_n@PAPAU?$DequeProbeRecord@$03@@IPAU1@V?$allocator@PAU?$DequeProbeRecord@$03@@@std@@@std@@YAXPAPAU?$DequeProbeRecord@$03@@IABQAU1@AAV?$allocator@PAU?$DequeProbeRecord@$03@@@0@@Z"",""??$_Uninitialized_fill_n@PAPAU?$DequeProbeRecord@$07@@IPAU1@V?$allocator@PAU?$DequeProbeRecord@$07@@@std@@@std@@YAXPAPAU?$DequeProbeRecord@$07@@IABQAU1@AAV?$allocator@PAU?$DequeProbeRecord@$07@@@0@@Z"",""??$_Uninitialized_fill_n@PAPAU?$DequeProbeRecord@$0BA@@@IPAU1@V?$allocator@PAU?$DequeProbeRecord@$0BA@@@@std@@@std@@YAXPAPAU?$DequeProbeRecord@$0BA@@@IABQAU1@AAV?$allocator@PAU?$DequeProbeRecord@$0BA@@@@0@@Z"",""??$_Uninitialized_fill_n@PAPAU?$DequeProbeRecord@$0CA@@@IPAU1@V?$allocator@PAU?$DequeProbeRecord@$0CA@@@@std@@@std@@YAXPAPAU?$DequeProbeRecord@$0CA@@@IABQAU1@AAV?$allocator@PAU?$DequeProbeRecord@$0CA@@@@0@@Z"",""??$_Uninitialized_fill_n@PAPAU?$DequeProbeRecord@$0EA@@@IPAU1@V?$allocator@PAU?$DequeProbeRecord@$0EA@@@@std@@@std@@YAXPAPAU?$DequeProbeRecord@$0EA@@@IABQAU1@AAV?$allocator@PAU?$DequeProbeRecord@$0EA@@@@0@@Z""]",175c2b0811b10f79e9d3d58318d4d3ce4e55d73c0e6dcca4ddea5bd3cb989318,42299a673565fe625fa163e5f44a1c6ba06cffcaf08d37a9cdcc352f02de5bd5,"[{""offset"":13,""type"":""REL32"",""symbol"":""??$_Ptr_cat@U?$DequeProbeRecord@$00@@@std@@YA?AU_Scalar_ptr_iterator_tag@0@PAPAU?$DequeProbeRecord@$00@@0@Z"",""addend"":0,""target_address"":""0x0042E590""},{""offset"":44,""type"":""REL32"",""symbol"":""??$_Uninit_fill_n@PAU?$DequeProbeRecord@$00@@IPAU1@@std@@YAXPAPAU?$DequeProbeRecord@$00@@IABQAU1@AAV?$allocator@PAU?$DequeProbeRecord@$00@@@0@U_Scalar_ptr_iterator_tag@0@@Z"",""addend"":0,""target_address"":""0x0042E5E0""}]",0,R073
0x0042E490,51,??$_Destroy_range,??$_Destroy_range@PAU?$DequeProbeRecord@$00@@V?$allocator@PAU?$DequeProbeRecord@$00@@@std@@@std@@YAXPAPAU?$DequeProbeRecord@$00@@0AAV?$allocator@PAU?$DequeProbeRecord@$00@@@0@@Z,"[""??$_Destroy_range@PAU?$DequeProbeRecord@$00@@V?$allocator@PAU?$DequeProbeRecord@$00@@@std@@@std@@YAXPAPAU?$DequeProbeRecord@$00@@0AAV?$allocator@PAU?$DequeProbeRecord@$00@@@0@@Z"",""??$_Destroy_range@PAU?$DequeProbeRecord@$01@@V?$allocator@PAU?$DequeProbeRecord@$01@@@std@@@std@@YAXPAPAU?$DequeProbeRecord@$01@@0AAV?$allocator@PAU?$DequeProbeRecord@$01@@@0@@Z"",""??$_Destroy_range@PAU?$DequeProbeRecord@$03@@V?$allocator@PAU?$DequeProbeRecord@$03@@@std@@@std@@YAXPAPAU?$DequeProbeRecord@$03@@0AAV?$allocator@PAU?$DequeProbeRecord@$03@@@0@@Z"",""??$_Destroy_range@PAU?$DequeProbeRecord@$07@@V?$allocator@PAU?$DequeProbeRecord@$07@@@std@@@std@@YAXPAPAU?$DequeProbeRecord@$07@@0AAV?$allocator@PAU?$DequeProbeRecord@$07@@@0@@Z"",""??$_Destroy_range@PAU?$DequeProbeRecord@$0BA@@@V?$allocator@PAU?$DequeProbeRecord@$0BA@@@@std@@@std@@YAXPAPAU?$DequeProbeRecord@$0BA@@@0AAV?$allocator@PAU?$DequeProbeRecord@$0BA@@@@0@@Z"",""??$_Destroy_range@PAU?$DequeProbeRecord@$0CA@@@V?$allocator@PAU?$DequeProbeRecord@$0CA@@@@std@@@std@@YAXPAPAU?$DequeProbeRecord@$0CA@@@0AAV?$allocator@PAU?$DequeProbeRecord@$0CA@@@@0@@Z"",""??$_Destroy_range@PAU?$DequeProbeRecord@$0EA@@@V?$allocator@PAU?$DequeProbeRecord@$0EA@@@@std@@@std@@YAXPAPAU?$DequeProbeRecord@$0EA@@@0AAV?$allocator@PAU?$DequeProbeRecord@$0EA@@@@0@@Z""]",3f42c6dd16c50d5cd9d9708fa1fd79cdb1b40aa756355124494b7f12d427c4b4,f442eab556b69db0dce861e9f638e2e01902702b5bd6eb6dd79bdfb8dad67d85,"[{""offset"":13,""type"":""REL32"",""symbol"":""??$_Ptr_cat@U?$DequeProbeRecord@$00@@@std@@YA?AU_Scalar_ptr_iterator_tag@0@PAPAU?$DequeProbeRecord@$00@@0@Z"",""addend"":0,""target_address"":""0x0042E590""},{""offset"":40,""type"":""REL32"",""symbol"":""??$_Destroy_range@PAU?$DequeProbeRecord@$00@@V?$allocator@PAU?$DequeProbeRecord@$00@@@std@@@std@@YAXPAPAU?$DequeProbeRecord@$00@@0AAV?$allocator@PAU?$DequeProbeRecord@$00@@@0@U_Scalar_ptr_iterator_tag@0@@Z"",""addend"":0,""target_address"":""0x0042E600""}]",0,R073
0x0042E5A0,49,??$_Uninit_copy,??$_Uninit_copy@PAU?$DequeProbeRecord@$00@@PAU1@@std@@YAPAPAU?$DequeProbeRecord@$00@@PAPAU1@00AAV?$allocator@PAU?$DequeProbeRecord@$00@@@0@U_Scalar_ptr_iterator_tag@0@@Z,"[""??$_Uninit_copy@PAU?$DequeProbeRecord@$00@@PAU1@@std@@YAPAPAU?$DequeProbeRecord@$00@@PAPAU1@00AAV?$allocator@PAU?$DequeProbeRecord@$00@@@0@U_Scalar_ptr_iterator_tag@0@@Z"",""??$_Uninit_copy@PAU?$DequeProbeRecord@$01@@PAU1@@std@@YAPAPAU?$DequeProbeRecord@$01@@PAPAU1@00AAV?$allocator@PAU?$DequeProbeRecord@$01@@@0@U_Scalar_ptr_iterator_tag@0@@Z"",""??$_Uninit_copy@PAU?$DequeProbeRecord@$03@@PAU1@@std@@YAPAPAU?$DequeProbeRecord@$03@@PAPAU1@00AAV?$allocator@PAU?$DequeProbeRecord@$03@@@0@U_Scalar_ptr_iterator_tag@0@@Z"",""??$_Uninit_copy@PAU?$DequeProbeRecord@$07@@PAU1@@std@@YAPAPAU?$DequeProbeRecord@$07@@PAPAU1@00AAV?$allocator@PAU?$DequeProbeRecord@$07@@@0@U_Scalar_ptr_iterator_tag@0@@Z"",""??$_Uninit_copy@PAU?$DequeProbeRecord@$0BA@@@PAU1@@std@@YAPAPAU?$DequeProbeRecord@$0BA@@@PAPAU1@00AAV?$allocator@PAU?$DequeProbeRecord@$0BA@@@@0@U_Scalar_ptr_iterator_tag@0@@Z"",""??$_Uninit_copy@PAU?$DequeProbeRecord@$0CA@@@PAU1@@std@@YAPAPAU?$DequeProbeRecord@$0CA@@@PAPAU1@00AAV?$allocator@PAU?$DequeProbeRecord@$0CA@@@@0@U_Scalar_ptr_iterator_tag@0@@Z"",""??$_Uninit_copy@PAU?$DequeProbeRecord@$0EA@@@PAU1@@std@@YAPAPAU?$DequeProbeRecord@$0EA@@@PAPAU1@00AAV?$allocator@PAU?$DequeProbeRecord@$0EA@@@@0@U_Scalar_ptr_iterator_tag@0@@Z""]",819764bcd5bc6281178f52a8c0ba4ef070a5f99a9e5222050118ebf0c230e616,bd4954215ff827b130b9c62064b0e7bd4a7bef96d4594dafb414411971c1d883,"[{""offset"":32,""type"":""REL32"",""symbol"":""_memmove"",""addend"":0,""target_address"":""0x00641260""}]",0,R073
0x0045A8C0,51,??$_Destroy_range,??$_Destroy_range@PAU?$DequeProbeRecord@$00@@V?$allocator@PAU?$DequeProbeRecord@$00@@@std@@@std@@YAXPAPAU?$DequeProbeRecord@$00@@0AAV?$allocator@PAU?$DequeProbeRecord@$00@@@0@@Z,"[""??$_Destroy_range@PAU?$DequeProbeRecord@$00@@V?$allocator@PAU?$DequeProbeRecord@$00@@@std@@@std@@YAXPAPAU?$DequeProbeRecord@$00@@0AAV?$allocator@PAU?$DequeProbeRecord@$00@@@0@@Z"",""??$_Destroy_range@PAU?$DequeProbeRecord@$01@@V?$allocator@PAU?$DequeProbeRecord@$01@@@std@@@std@@YAXPAPAU?$DequeProbeRecord@$01@@0AAV?$allocator@PAU?$DequeProbeRecord@$01@@@0@@Z"",""??$_Destroy_range@PAU?$DequeProbeRecord@$03@@V?$allocator@PAU?$DequeProbeRecord@$03@@@std@@@std@@YAXPAPAU?$DequeProbeRecord@$03@@0AAV?$allocator@PAU?$DequeProbeRecord@$03@@@0@@Z"",""??$_Destroy_range@PAU?$DequeProbeRecord@$07@@V?$allocator@PAU?$DequeProbeRecord@$07@@@std@@@std@@YAXPAPAU?$DequeProbeRecord@$07@@0AAV?$allocator@PAU?$DequeProbeRecord@$07@@@0@@Z"",""??$_Destroy_range@PAU?$DequeProbeRecord@$0BA@@@V?$allocator@PAU?$DequeProbeRecord@$0BA@@@@std@@@std@@YAXPAPAU?$DequeProbeRecord@$0BA@@@0AAV?$allocator@PAU?$DequeProbeRecord@$0BA@@@@0@@Z"",""??$_Destroy_range@PAU?$DequeProbeRecord@$0CA@@@V?$allocator@PAU?$DequeProbeRecord@$0CA@@@@std@@@std@@YAXPAPAU?$DequeProbeRecord@$0CA@@@0AAV?$allocator@PAU?$DequeProbeRecord@$0CA@@@@0@@Z"",""??$_Destroy_range@PAU?$DequeProbeRecord@$0EA@@@V?$allocator@PAU?$DequeProbeRecord@$0EA@@@@std@@@std@@YAXPAPAU?$DequeProbeRecord@$0EA@@@0AAV?$allocator@PAU?$DequeProbeRecord@$0EA@@@@0@@Z""]",3f42c6dd16c50d5cd9d9708fa1fd79cdb1b40aa756355124494b7f12d427c4b4,a637c49074d374c13fa07d0d73ff85c4586437f66f9220ac812e1044c518a828,"[{""offset"":13,""type"":""REL32"",""symbol"":""??$_Ptr_cat@U?$DequeProbeRecord@$00@@@std@@YA?AU_Scalar_ptr_iterator_tag@0@PAPAU?$DequeProbeRecord@$00@@0@Z"",""addend"":0,""target_address"":""0x0045B020""},{""offset"":40,""type"":""REL32"",""symbol"":""??$_Destroy_range@PAU?$DequeProbeRecord@$00@@V?$allocator@PAU?$DequeProbeRecord@$00@@@std@@@std@@YAXPAPAU?$DequeProbeRecord@$00@@0AAV?$allocator@PAU?$DequeProbeRecord@$00@@@0@U_Scalar_ptr_iterator_tag@0@@Z"",""addend"":0,""target_address"":""0x0045B070""}]",0,R073
0x0045AAA0,55,??$_Uninitialized_fill_n,??$_Uninitialized_fill_n@PAPAU?$DequeProbeRecord@$00@@IPAU1@V?$allocator@PAU?$DequeProbeRecord@$00@@@std@@@std@@YAXPAPAU?$DequeProbeRecord@$00@@IABQAU1@AAV?$allocator@PAU?$DequeProbeRecord@$00@@@0@@Z,"[""??$_Uninitialized_fill_n@PAPAU?$DequeProbeRecord@$00@@IPAU1@V?$allocator@PAU?$DequeProbeRecord@$00@@@std@@@std@@YAXPAPAU?$DequeProbeRecord@$00@@IABQAU1@AAV?$allocator@PAU?$DequeProbeRecord@$00@@@0@@Z"",""??$_Uninitialized_fill_n@PAPAU?$DequeProbeRecord@$01@@IPAU1@V?$allocator@PAU?$DequeProbeRecord@$01@@@std@@@std@@YAXPAPAU?$DequeProbeRecord@$01@@IABQAU1@AAV?$allocator@PAU?$DequeProbeRecord@$01@@@0@@Z"",""??$_Uninitialized_fill_n@PAPAU?$DequeProbeRecord@$03@@IPAU1@V?$allocator@PAU?$DequeProbeRecord@$03@@@std@@@std@@YAXPAPAU?$DequeProbeRecord@$03@@IABQAU1@AAV?$allocator@PAU?$DequeProbeRecord@$03@@@0@@Z"",""??$_Uninitialized_fill_n@PAPAU?$DequeProbeRecord@$07@@IPAU1@V?$allocator@PAU?$DequeProbeRecord@$07@@@std@@@std@@YAXPAPAU?$DequeProbeRecord@$07@@IABQAU1@AAV?$allocator@PAU?$DequeProbeRecord@$07@@@0@@Z"",""??$_Uninitialized_fill_n@PAPAU?$DequeProbeRecord@$0BA@@@IPAU1@V?$allocator@PAU?$DequeProbeRecord@$0BA@@@@std@@@std@@YAXPAPAU?$DequeProbeRecord@$0BA@@@IABQAU1@AAV?$allocator@PAU?$DequeProbeRecord@$0BA@@@@0@@Z"",""??$_Uninitialized_fill_n@PAPAU?$DequeProbeRecord@$0CA@@@IPAU1@V?$allocator@PAU?$DequeProbeRecord@$0CA@@@@std@@@std@@YAXPAPAU?$DequeProbeRecord@$0CA@@@IABQAU1@AAV?$allocator@PAU?$DequeProbeRecord@$0CA@@@@0@@Z"",""??$_Uninitialized_fill_n@PAPAU?$DequeProbeRecord@$0EA@@@IPAU1@V?$allocator@PAU?$DequeProbeRecord@$0EA@@@@std@@@std@@YAXPAPAU?$DequeProbeRecord@$0EA@@@IABQAU1@AAV?$allocator@PAU?$DequeProbeRecord@$0EA@@@@0@@Z""]",175c2b0811b10f79e9d3d58318d4d3ce4e55d73c0e6dcca4ddea5bd3cb989318,4051a0c3e1a96ff18b486d0b7a5ce286fbdd95b2989896555a0420da6cf9aeaa,"[{""offset"":13,""type"":""REL32"",""symbol"":""??$_Ptr_cat@U?$DequeProbeRecord@$00@@@std@@YA?AU_Scalar_ptr_iterator_tag@0@PAPAU?$DequeProbeRecord@$00@@0@Z"",""addend"":0,""target_address"":""0x0045B020""},{""offset"":44,""type"":""REL32"",""symbol"":""??$_Uninit_fill_n@PAU?$DequeProbeRecord@$00@@IPAU1@@std@@YAXPAPAU?$DequeProbeRecord@$00@@IABQAU1@AAV?$allocator@PAU?$DequeProbeRecord@$00@@@0@U_Scalar_ptr_iterator_tag@0@@Z"",""addend"":0,""target_address"":""0x0045B210""}]",0,R073
0x0045B030,49,??$_Uninit_copy,??$_Uninit_copy@PAU?$DequeProbeRecord@$00@@PAU1@@std@@YAPAPAU?$DequeProbeRecord@$00@@PAPAU1@00AAV?$allocator@PAU?$DequeProbeRecord@$00@@@0@U_Scalar_ptr_iterator_tag@0@@Z,"[""??$_Uninit_copy@PAU?$DequeProbeRecord@$00@@PAU1@@std@@YAPAPAU?$DequeProbeRecord@$00@@PAPAU1@00AAV?$allocator@PAU?$DequeProbeRecord@$00@@@0@U_Scalar_ptr_iterator_tag@0@@Z"",""??$_Uninit_copy@PAU?$DequeProbeRecord@$01@@PAU1@@std@@YAPAPAU?$DequeProbeRecord@$01@@PAPAU1@00AAV?$allocator@PAU?$DequeProbeRecord@$01@@@0@U_Scalar_ptr_iterator_tag@0@@Z"",""??$_Uninit_copy@PAU?$DequeProbeRecord@$03@@PAU1@@std@@YAPAPAU?$DequeProbeRecord@$03@@PAPAU1@00AAV?$allocator@PAU?$DequeProbeRecord@$03@@@0@U_Scalar_ptr_iterator_tag@0@@Z"",""??$_Uninit_copy@PAU?$DequeProbeRecord@$07@@PAU1@@std@@YAPAPAU?$DequeProbeRecord@$07@@PAPAU1@00AAV?$allocator@PAU?$DequeProbeRecord@$07@@@0@U_Scalar_ptr_iterator_tag@0@@Z"",""??$_Uninit_copy@PAU?$DequeProbeRecord@$0BA@@@PAU1@@std@@YAPAPAU?$DequeProbeRecord@$0BA@@@PAPAU1@00AAV?$allocator@PAU?$DequeProbeRecord@$0BA@@@@0@U_Scalar_ptr_iterator_tag@0@@Z"",""??$_Uninit_copy@PAU?$DequeProbeRecord@$0CA@@@PAU1@@std@@YAPAPAU?$DequeProbeRecord@$0CA@@@PAPAU1@00AAV?$allocator@PAU?$DequeProbeRecord@$0CA@@@@0@U_Scalar_ptr_iterator_tag@0@@Z"",""??$_Uninit_copy@PAU?$DequeProbeRecord@$0EA@@@PAU1@@std@@YAPAPAU?$DequeProbeRecord@$0EA@@@PAPAU1@00AAV?$allocator@PAU?$DequeProbeRecord@$0EA@@@@0@U_Scalar_ptr_iterator_tag@0@@Z""]",819764bcd5bc6281178f52a8c0ba4ef070a5f99a9e5222050118ebf0c230e616,e12e6a218877d3dc503930bfa40c31fac7aba17321b249b5ec4678b48c7f915f,"[{""offset"":32,""type"":""REL32"",""symbol"":""_memmove"",""addend"":0,""target_address"":""0x00641260""}]",0,R073
0x0045B0F0,55,??$_Uninitialized_copy,??$_Uninitialized_copy@PAPAU?$DequeProbeRecord@$00@@PAPAU1@V?$allocator@PAU?$DequeProbeRecord@$00@@@std@@@std@@YAPAPAU?$DequeProbeRecord@$00@@PAPAU1@00AAV?$allocator@PAU?$DequeProbeRecord@$00@@@0@@Z,"[""??$_Uninitialized_copy@PAPAU?$DequeProbeRecord@$00@@PAPAU1@V?$allocator@PAU?$DequeProbeRecord@$00@@@std@@@std@@YAPAPAU?$DequeProbeRecord@$00@@PAPAU1@00AAV?$allocator@PAU?$DequeProbeRecord@$00@@@0@@Z"",""??$_Uninitialized_copy@PAPAU?$DequeProbeRecord@$01@@PAPAU1@V?$allocator@PAU?$DequeProbeRecord@$01@@@std@@@std@@YAPAPAU?$DequeProbeRecord@$01@@PAPAU1@00AAV?$allocator@PAU?$DequeProbeRecord@$01@@@0@@Z"",""??$_Uninitialized_copy@PAPAU?$DequeProbeRecord@$03@@PAPAU1@V?$allocator@PAU?$DequeProbeRecord@$03@@@std@@@std@@YAPAPAU?$DequeProbeRecord@$03@@PAPAU1@00AAV?$allocator@PAU?$DequeProbeRecord@$03@@@0@@Z"",""??$_Uninitialized_copy@PAPAU?$DequeProbeRecord@$07@@PAPAU1@V?$allocator@PAU?$DequeProbeRecord@$07@@@std@@@std@@YAPAPAU?$DequeProbeRecord@$07@@PAPAU1@00AAV?$allocator@PAU?$DequeProbeRecord@$07@@@0@@Z"",""??$_Uninitialized_copy@PAPAU?$DequeProbeRecord@$0BA@@@PAPAU1@V?$allocator@PAU?$DequeProbeRecord@$0BA@@@@std@@@std@@YAPAPAU?$DequeProbeRecord@$0BA@@@PAPAU1@00AAV?$allocator@PAU?$DequeProbeRecord@$0BA@@@@0@@Z"",""??$_Uninitialized_copy@PAPAU?$DequeProbeRecord@$0CA@@@PAPAU1@V?$allocator@PAU?$DequeProbeRecord@$0CA@@@@std@@@std@@YAPAPAU?$DequeProbeRecord@$0CA@@@PAPAU1@00AAV?$allocator@PAU?$DequeProbeRecord@$0CA@@@@0@@Z"",""??$_Uninitialized_copy@PAPAU?$DequeProbeRecord@$0EA@@@PAPAU1@V?$allocator@PAU?$DequeProbeRecord@$0EA@@@@std@@@std@@YAPAPAU?$DequeProbeRecord@$0EA@@@PAPAU1@00AAV?$allocator@PAU?$DequeProbeRecord@$0EA@@@@0@@Z""]",287825a2cecd4440f77d8e854a0218e7a29484f3e2e01ef877a2c285fc1e6e5c,43c1b2f5dfff4fd10aa28b9f64e699bc4b66dab7455e006ab958b6218a96b304,"[{""offset"":13,""type"":""REL32"",""symbol"":""??$_Ptr_cat@U?$DequeProbeRecord@$00@@@std@@YA?AU_Scalar_ptr_iterator_tag@0@PAPAU?$DequeProbeRecord@$00@@0@Z"",""addend"":0,""target_address"":""0x0045B020""},{""offset"":44,""type"":""REL32"",""symbol"":""??$_Uninit_copy@PAU?$DequeProbeRecord@$00@@PAU1@@std@@YAPAPAU?$DequeProbeRecord@$00@@PAPAU1@00AAV?$allocator@PAU?$DequeProbeRecord@$00@@@0@U_Scalar_ptr_iterator_tag@0@@Z"",""addend"":0,""target_address"":""0x0045B520""}]",0,R073
0x0045B520,49,??$_Uninit_copy,??$_Uninit_copy@PAU?$DequeProbeRecord@$00@@PAU1@@std@@YAPAPAU?$DequeProbeRecord@$00@@PAPAU1@00AAV?$allocator@PAU?$DequeProbeRecord@$00@@@0@U_Scalar_ptr_iterator_tag@0@@Z,"[""??$_Uninit_copy@PAU?$DequeProbeRecord@$00@@PAU1@@std@@YAPAPAU?$DequeProbeRecord@$00@@PAPAU1@00AAV?$allocator@PAU?$DequeProbeRecord@$00@@@0@U_Scalar_ptr_iterator_tag@0@@Z"",""??$_Uninit_copy@PAU?$DequeProbeRecord@$01@@PAU1@@std@@YAPAPAU?$DequeProbeRecord@$01@@PAPAU1@00AAV?$allocator@PAU?$DequeProbeRecord@$01@@@0@U_Scalar_ptr_iterator_tag@0@@Z"",""??$_Uninit_copy@PAU?$DequeProbeRecord@$03@@PAU1@@std@@YAPAPAU?$DequeProbeRecord@$03@@PAPAU1@00AAV?$allocator@PAU?$DequeProbeRecord@$03@@@0@U_Scalar_ptr_iterator_tag@0@@Z"",""??$_Uninit_copy@PAU?$DequeProbeRecord@$07@@PAU1@@std@@YAPAPAU?$DequeProbeRecord@$07@@PAPAU1@00AAV?$allocator@PAU?$DequeProbeRecord@$07@@@0@U_Scalar_ptr_iterator_tag@0@@Z"",""??$_Uninit_copy@PAU?$DequeProbeRecord@$0BA@@@PAU1@@std@@YAPAPAU?$DequeProbeRecord@$0BA@@@PAPAU1@00AAV?$allocator@PAU?$DequeProbeRecord@$0BA@@@@0@U_Scalar_ptr_iterator_tag@0@@Z"",""??$_Uninit_copy@PAU?$DequeProbeRecord@$0CA@@@PAU1@@std@@YAPAPAU?$DequeProbeRecord@$0CA@@@PAPAU1@00AAV?$allocator@PAU?$DequeProbeRecord@$0CA@@@@0@U_Scalar_ptr_iterator_tag@0@@Z"",""??$_Uninit_copy@PAU?$DequeProbeRecord@$0EA@@@PAU1@@std@@YAPAPAU?$DequeProbeRecord@$0EA@@@PAPAU1@00AAV?$allocator@PAU?$DequeProbeRecord@$0EA@@@@0@U_Scalar_ptr_iterator_tag@0@@Z""]",819764bcd5bc6281178f52a8c0ba4ef070a5f99a9e5222050118ebf0c230e616,a4d5e168cff96b35c8a3197f659a6ad3cfb3a3c4d8e92683754007adf18255a7,"[{""offset"":32,""type"":""REL32"",""symbol"":""_memmove"",""addend"":0,""target_address"":""0x00641260""}]",0,R073
0x0045BEE0,72,??0?$deque,??0?$deque@U?$DequeProbeRecord@$00@@V?$allocator@U?$DequeProbeRecord@$00@@@std@@@std@@QAE@XZ,"[""??0?$deque@U?$DequeProbeRecord@$00@@V?$allocator@U?$DequeProbeRecord@$00@@@std@@@std@@QAE@XZ"",""??0?$deque@U?$DequeProbeRecord@$01@@V?$allocator@U?$DequeProbeRecord@$01@@@std@@@std@@QAE@XZ"",""??0?$deque@U?$DequeProbeRecord@$03@@V?$allocator@U?$DequeProbeRecord@$03@@@std@@@std@@QAE@XZ"",""??0?$deque@U?$DequeProbeRecord@$07@@V?$allocator@U?$DequeProbeRecord@$07@@@std@@@std@@QAE@XZ"",""??0?$deque@U?$DequeProbeRecord@$0BA@@@V?$allocator@U?$DequeProbeRecord@$0BA@@@@std@@@std@@QAE@XZ"",""??0?$deque@U?$DequeProbeRecord@$0CA@@@V?$allocator@U?$DequeProbeRecord@$0CA@@@@std@@@std@@QAE@XZ"",""??0?$deque@U?$DequeProbeRecord@$0EA@@@V?$allocator@U?$DequeProbeRecord@$0EA@@@@std@@@std@@QAE@XZ""]",f84956c19e804a3eef83ddf58566398acdebb446a2071390cbdb35e9db352ca7,55b126d690d0b6fad6d8e6d36113a7158cacedf35b30d97385f419097736d246,"[{""offset"":13,""type"":""REL32"",""symbol"":""??0?$allocator@U?$DequeProbeRecord@$00@@@std@@QAE@XZ"",""addend"":0,""target_address"":""0x0045C580""},{""offset"":21,""type"":""REL32"",""symbol"":""??0?$_Deque_val@U?$DequeProbeRecord@$00@@V?$allocator@U?$DequeProbeRecord@$00@@@std@@@std@@IAE@V?$allocator@U?$DequeProbeRecord@$00@@@1@@Z"",""addend"":0,""target_address"":""0x0045C540""}]",0,R073
0x0045C540,53,??0?$_Deque_val,??0?$_Deque_val@U?$DequeProbeRecord@$00@@V?$allocator@U?$DequeProbeRecord@$00@@@std@@@std@@IAE@V?$allocator@U?$DequeProbeRecord@$00@@@1@@Z,"[""??0?$_Deque_val@U?$DequeProbeRecord@$00@@V?$allocator@U?$DequeProbeRecord@$00@@@std@@@std@@IAE@V?$allocator@U?$DequeProbeRecord@$00@@@1@@Z"",""??0?$_Deque_val@U?$DequeProbeRecord@$01@@V?$allocator@U?$DequeProbeRecord@$01@@@std@@@std@@IAE@V?$allocator@U?$DequeProbeRecord@$01@@@1@@Z"",""??0?$_Deque_val@U?$DequeProbeRecord@$03@@V?$allocator@U?$DequeProbeRecord@$03@@@std@@@std@@IAE@V?$allocator@U?$DequeProbeRecord@$03@@@1@@Z"",""??0?$_Deque_val@U?$DequeProbeRecord@$07@@V?$allocator@U?$DequeProbeRecord@$07@@@std@@@std@@IAE@V?$allocator@U?$DequeProbeRecord@$07@@@1@@Z"",""??0?$_Deque_val@U?$DequeProbeRecord@$0BA@@@V?$allocator@U?$DequeProbeRecord@$0BA@@@@std@@@std@@IAE@V?$allocator@U?$DequeProbeRecord@$0BA@@@@1@@Z"",""??0?$_Deque_val@U?$DequeProbeRecord@$0CA@@@V?$allocator@U?$DequeProbeRecord@$0CA@@@@std@@@std@@IAE@V?$allocator@U?$DequeProbeRecord@$0CA@@@@1@@Z"",""??0?$_Deque_val@U?$DequeProbeRecord@$0EA@@@V?$allocator@U?$DequeProbeRecord@$0EA@@@@std@@@std@@IAE@V?$allocator@U?$DequeProbeRecord@$0EA@@@@1@@Z""]",1fbcbdc9c7359855fd35101ce0d12f03bbffdf4a747be392215b1c4d39005b88,ac05be3ccb63484770a4c332ade0fe0d32c8f78fcb6353f0acc037076f28dda4,"[{""offset"":17,""type"":""REL32"",""symbol"":""??0?$allocator@U?$DequeProbeRecord@$00@@@std@@QAE@ABV01@@Z"",""addend"":0,""target_address"":""0x0045C820""},{""offset"":25,""type"":""REL32"",""symbol"":""??0?$_Deque_map@U?$DequeProbeRecord@$00@@V?$allocator@U?$DequeProbeRecord@$00@@@std@@@std@@IAE@V?$allocator@U?$DequeProbeRecord@$00@@@1@@Z"",""addend"":0,""target_address"":""0x0045C800""},{""offset"":40,""type"":""REL32"",""symbol"":""??0?$allocator@U?$DequeProbeRecord@$00@@@std@@QAE@ABV01@@Z"",""addend"":0,""target_address"":""0x0045C820""}]",0,R073
0x0045CA40,55,??$_Uninitialized_copy,??$_Uninitialized_copy@PAPAU?$DequeProbeRecord@$00@@PAPAU1@V?$allocator@PAU?$DequeProbeRecord@$00@@@std@@@std@@YAPAPAU?$DequeProbeRecord@$00@@PAPAU1@00AAV?$allocator@PAU?$DequeProbeRecord@$00@@@0@@Z,"[""??$_Uninitialized_copy@PAPAU?$DequeProbeRecord@$00@@PAPAU1@V?$allocator@PAU?$DequeProbeRecord@$00@@@std@@@std@@YAPAPAU?$DequeProbeRecord@$00@@PAPAU1@00AAV?$allocator@PAU?$DequeProbeRecord@$00@@@0@@Z"",""??$_Uninitialized_copy@PAPAU?$DequeProbeRecord@$01@@PAPAU1@V?$allocator@PAU?$DequeProbeRecord@$01@@@std@@@std@@YAPAPAU?$DequeProbeRecord@$01@@PAPAU1@00AAV?$allocator@PAU?$DequeProbeRecord@$01@@@0@@Z"",""??$_Uninitialized_copy@PAPAU?$DequeProbeRecord@$03@@PAPAU1@V?$allocator@PAU?$DequeProbeRecord@$03@@@std@@@std@@YAPAPAU?$DequeProbeRecord@$03@@PAPAU1@00AAV?$allocator@PAU?$DequeProbeRecord@$03@@@0@@Z"",""??$_Uninitialized_copy@PAPAU?$DequeProbeRecord@$07@@PAPAU1@V?$allocator@PAU?$DequeProbeRecord@$07@@@std@@@std@@YAPAPAU?$DequeProbeRecord@$07@@PAPAU1@00AAV?$allocator@PAU?$DequeProbeRecord@$07@@@0@@Z"",""??$_Uninitialized_copy@PAPAU?$DequeProbeRecord@$0BA@@@PAPAU1@V?$allocator@PAU?$DequeProbeRecord@$0BA@@@@std@@@std@@YAPAPAU?$DequeProbeRecord@$0BA@@@PAPAU1@00AAV?$allocator@PAU?$DequeProbeRecord@$0BA@@@@0@@Z"",""??$_Uninitialized_copy@PAPAU?$DequeProbeRecord@$0CA@@@PAPAU1@V?$allocator@PAU?$DequeProbeRecord@$0CA@@@@std@@@std@@YAPAPAU?$DequeProbeRecord@$0CA@@@PAPAU1@00AAV?$allocator@PAU?$DequeProbeRecord@$0CA@@@@0@@Z"",""??$_Uninitialized_copy@PAPAU?$DequeProbeRecord@$0EA@@@PAPAU1@V?$allocator@PAU?$DequeProbeRecord@$0EA@@@@std@@@std@@YAPAPAU?$DequeProbeRecord@$0EA@@@PAPAU1@00AAV?$allocator@PAU?$DequeProbeRecord@$0EA@@@@0@@Z""]",287825a2cecd4440f77d8e854a0218e7a29484f3e2e01ef877a2c285fc1e6e5c,33dbcee9294001fc0546e402e4b2b420e41d9aacca6db2a5d4f7e3c8d06dcdc0,"[{""offset"":13,""type"":""REL32"",""symbol"":""??$_Ptr_cat@U?$DequeProbeRecord@$00@@@std@@YA?AU_Scalar_ptr_iterator_tag@0@PAPAU?$DequeProbeRecord@$00@@0@Z"",""addend"":0,""target_address"":""0x0045CC80""},{""offset"":44,""type"":""REL32"",""symbol"":""??$_Uninit_copy@PAU?$DequeProbeRecord@$00@@PAU1@@std@@YAPAPAU?$DequeProbeRecord@$00@@PAPAU1@00AAV?$allocator@PAU?$DequeProbeRecord@$00@@@0@U_Scalar_ptr_iterator_tag@0@@Z"",""addend"":0,""target_address"":""0x0045CC90""}]",0,R073
0x0045CA80,55,??$_Uninitialized_fill_n,??$_Uninitialized_fill_n@PAPAU?$DequeProbeRecord@$00@@IPAU1@V?$allocator@PAU?$DequeProbeRecord@$00@@@std@@@std@@YAXPAPAU?$DequeProbeRecord@$00@@IABQAU1@AAV?$allocator@PAU?$DequeProbeRecord@$00@@@0@@Z,"[""??$_Uninitialized_fill_n@PAPAU?$DequeProbeRecord@$00@@IPAU1@V?$allocator@PAU?$DequeProbeRecord@$00@@@std@@@std@@YAXPAPAU?$DequeProbeRecord@$00@@IABQAU1@AAV?$allocator@PAU?$DequeProbeRecord@$00@@@0@@Z"",""??$_Uninitialized_fill_n@PAPAU?$DequeProbeRecord@$01@@IPAU1@V?$allocator@PAU?$DequeProbeRecord@$01@@@std@@@std@@YAXPAPAU?$DequeProbeRecord@$01@@IABQAU1@AAV?$allocator@PAU?$DequeProbeRecord@$01@@@0@@Z"",""??$_Uninitialized_fill_n@PAPAU?$DequeProbeRecord@$03@@IPAU1@V?$allocator@PAU?$DequeProbeRecord@$03@@@std@@@std@@YAXPAPAU?$DequeProbeRecord@$03@@IABQAU1@AAV?$allocator@PAU?$DequeProbeRecord@$03@@@0@@Z"",""??$_Uninitialized_fill_n@PAPAU?$DequeProbeRecord@$07@@IPAU1@V?$allocator@PAU?$DequeProbeRecord@$07@@@std@@@std@@YAXPAPAU?$DequeProbeRecord@$07@@IABQAU1@AAV?$allocator@PAU?$DequeProbeRecord@$07@@@0@@Z"",""??$_Uninitialized_fill_n@PAPAU?$DequeProbeRecord@$0BA@@@IPAU1@V?$allocator@PAU?$DequeProbeRecord@$0BA@@@@std@@@std@@YAXPAPAU?$DequeProbeRecord@$0BA@@@IABQAU1@AAV?$allocator@PAU?$DequeProbeRecord@$0BA@@@@0@@Z"",""??$_Uninitialized_fill_n@PAPAU?$DequeProbeRecord@$0CA@@@IPAU1@V?$allocator@PAU?$DequeProbeRecord@$0CA@@@@std@@@std@@YAXPAPAU?$DequeProbeRecord@$0CA@@@IABQAU1@AAV?$allocator@PAU?$DequeProbeRecord@$0CA@@@@0@@Z"",""??$_Uninitialized_fill_n@PAPAU?$DequeProbeRecord@$0EA@@@IPAU1@V?$allocator@PAU?$DequeProbeRecord@$0EA@@@@std@@@std@@YAXPAPAU?$DequeProbeRecord@$0EA@@@IABQAU1@AAV?$allocator@PAU?$DequeProbeRecord@$0EA@@@@0@@Z""]",175c2b0811b10f79e9d3d58318d4d3ce4e55d73c0e6dcca4ddea5bd3cb989318,be3e8bbc5d1ca4fed7d620f8f0dfbcbaf21e7608e6cb66f5e249a4e45e087f76,"[{""offset"":13,""type"":""REL32"",""symbol"":""??$_Ptr_cat@U?$DequeProbeRecord@$00@@@std@@YA?AU_Scalar_ptr_iterator_tag@0@PAPAU?$DequeProbeRecord@$00@@0@Z"",""addend"":0,""target_address"":""0x0045CC80""},{""offset"":44,""type"":""REL32"",""symbol"":""??$_Uninit_fill_n@PAU?$DequeProbeRecord@$00@@IPAU1@@std@@YAXPAPAU?$DequeProbeRecord@$00@@IABQAU1@AAV?$allocator@PAU?$DequeProbeRecord@$00@@@0@U_Scalar_ptr_iterator_tag@0@@Z"",""addend"":0,""target_address"":""0x0045CCD0""}]",0,R073
0x0045CAC0,51,??$_Destroy_range,??$_Destroy_range@PAU?$DequeProbeRecord@$00@@V?$allocator@PAU?$DequeProbeRecord@$00@@@std@@@std@@YAXPAPAU?$DequeProbeRecord@$00@@0AAV?$allocator@PAU?$DequeProbeRecord@$00@@@0@@Z,"[""??$_Destroy_range@PAU?$DequeProbeRecord@$00@@V?$allocator@PAU?$DequeProbeRecord@$00@@@std@@@std@@YAXPAPAU?$DequeProbeRecord@$00@@0AAV?$allocator@PAU?$DequeProbeRecord@$00@@@0@@Z"",""??$_Destroy_range@PAU?$DequeProbeRecord@$01@@V?$allocator@PAU?$DequeProbeRecord@$01@@@std@@@std@@YAXPAPAU?$DequeProbeRecord@$01@@0AAV?$allocator@PAU?$DequeProbeRecord@$01@@@0@@Z"",""??$_Destroy_range@PAU?$DequeProbeRecord@$03@@V?$allocator@PAU?$DequeProbeRecord@$03@@@std@@@std@@YAXPAPAU?$DequeProbeRecord@$03@@0AAV?$allocator@PAU?$DequeProbeRecord@$03@@@0@@Z"",""??$_Destroy_range@PAU?$DequeProbeRecord@$07@@V?$allocator@PAU?$DequeProbeRecord@$07@@@std@@@std@@YAXPAPAU?$DequeProbeRecord@$07@@0AAV?$allocator@PAU?$DequeProbeRecord@$07@@@0@@Z"",""??$_Destroy_range@PAU?$DequeProbeRecord@$0BA@@@V?$allocator@PAU?$DequeProbeRecord@$0BA@@@@std@@@std@@YAXPAPAU?$DequeProbeRecord@$0BA@@@0AAV?$allocator@PAU?$DequeProbeRecord@$0BA@@@@0@@Z"",""??$_Destroy_range@PAU?$DequeProbeRecord@$0CA@@@V?$allocator@PAU?$DequeProbeRecord@$0CA@@@@std@@@std@@YAXPAPAU?$DequeProbeRecord@$0CA@@@0AAV?$allocator@PAU?$DequeProbeRecord@$0CA@@@@0@@Z"",""??$_Destroy_range@PAU?$DequeProbeRecord@$0EA@@@V?$allocator@PAU?$DequeProbeRecord@$0EA@@@@std@@@std@@YAXPAPAU?$DequeProbeRecord@$0EA@@@0AAV?$allocator@PAU?$DequeProbeRecord@$0EA@@@@0@@Z""]",3f42c6dd16c50d5cd9d9708fa1fd79cdb1b40aa756355124494b7f12d427c4b4,2d85e532330499b064cb57bf72a65977b6280abdc8c9121d3c577d7ba61da083,"[{""offset"":13,""type"":""REL32"",""symbol"":""??$_Ptr_cat@U?$DequeProbeRecord@$00@@@std@@YA?AU_Scalar_ptr_iterator_tag@0@PAPAU?$DequeProbeRecord@$00@@0@Z"",""addend"":0,""target_address"":""0x0045CC80""},{""offset"":40,""type"":""REL32"",""symbol"":""??$_Destroy_range@PAU?$DequeProbeRecord@$00@@V?$allocator@PAU?$DequeProbeRecord@$00@@@std@@@std@@YAXPAPAU?$DequeProbeRecord@$00@@0AAV?$allocator@PAU?$DequeProbeRecord@$00@@@0@U_Scalar_ptr_iterator_tag@0@@Z"",""addend"":0,""target_address"":""0x0045CCF0""}]",0,R073
0x0045CC90,49,??$_Uninit_copy,??$_Uninit_copy@PAU?$DequeProbeRecord@$00@@PAU1@@std@@YAPAPAU?$DequeProbeRecord@$00@@PAPAU1@00AAV?$allocator@PAU?$DequeProbeRecord@$00@@@0@U_Scalar_ptr_iterator_tag@0@@Z,"[""??$_Uninit_copy@PAU?$DequeProbeRecord@$00@@PAU1@@std@@YAPAPAU?$DequeProbeRecord@$00@@PAPAU1@00AAV?$allocator@PAU?$DequeProbeRecord@$00@@@0@U_Scalar_ptr_iterator_tag@0@@Z"",""??$_Uninit_copy@PAU?$DequeProbeRecord@$01@@PAU1@@std@@YAPAPAU?$DequeProbeRecord@$01@@PAPAU1@00AAV?$allocator@PAU?$DequeProbeRecord@$01@@@0@U_Scalar_ptr_iterator_tag@0@@Z"",""??$_Uninit_copy@PAU?$DequeProbeRecord@$03@@PAU1@@std@@YAPAPAU?$DequeProbeRecord@$03@@PAPAU1@00AAV?$allocator@PAU?$DequeProbeRecord@$03@@@0@U_Scalar_ptr_iterator_tag@0@@Z"",""??$_Uninit_copy@PAU?$DequeProbeRecord@$07@@PAU1@@std@@YAPAPAU?$DequeProbeRecord@$07@@PAPAU1@00AAV?$allocator@PAU?$DequeProbeRecord@$07@@@0@U_Scalar_ptr_iterator_tag@0@@Z"",""??$_Uninit_copy@PAU?$DequeProbeRecord@$0BA@@@PAU1@@std@@YAPAPAU?$DequeProbeRecord@$0BA@@@PAPAU1@00AAV?$allocator@PAU?$DequeProbeRecord@$0BA@@@@0@U_Scalar_ptr_iterator_tag@0@@Z"",""??$_Uninit_copy@PAU?$DequeProbeRecord@$0CA@@@PAU1@@std@@YAPAPAU?$DequeProbeRecord@$0CA@@@PAPAU1@00AAV?$allocator@PAU?$DequeProbeRecord@$0CA@@@@0@U_Scalar_ptr_iterator_tag@0@@Z"",""??$_Uninit_copy@PAU?$DequeProbeRecord@$0EA@@@PAU1@@std@@YAPAPAU?$DequeProbeRecord@$0EA@@@PAPAU1@00AAV?$allocator@PAU?$DequeProbeRecord@$0EA@@@@0@U_Scalar_ptr_iterator_tag@0@@Z""]",819764bcd5bc6281178f52a8c0ba4ef070a5f99a9e5222050118ebf0c230e616,5e4563f49d378124f3a3fca85a457744aef89660b857c5b3b0569425ce975ab8,"[{""offset"":32,""type"":""REL32"",""symbol"":""_memmove"",""addend"":0,""target_address"":""0x00641260""}]",0,R073
0x00532250,53,??0?$_Deque_val,??0?$_Deque_val@U?$DequeProbeRecord@$00@@V?$allocator@U?$DequeProbeRecord@$00@@@std@@@std@@IAE@V?$allocator@U?$DequeProbeRecord@$00@@@1@@Z,"[""??0?$_Deque_val@U?$DequeProbeRecord@$00@@V?$allocator@U?$DequeProbeRecord@$00@@@std@@@std@@IAE@V?$allocator@U?$DequeProbeRecord@$00@@@1@@Z"",""??0?$_Deque_val@U?$DequeProbeRecord@$01@@V?$allocator@U?$DequeProbeRecord@$01@@@std@@@std@@IAE@V?$allocator@U?$DequeProbeRecord@$01@@@1@@Z"",""??0?$_Deque_val@U?$DequeProbeRecord@$03@@V?$allocator@U?$DequeProbeRecord@$03@@@std@@@std@@IAE@V?$allocator@U?$DequeProbeRecord@$03@@@1@@Z"",""??0?$_Deque_val@U?$DequeProbeRecord@$07@@V?$allocator@U?$DequeProbeRecord@$07@@@std@@@std@@IAE@V?$allocator@U?$DequeProbeRecord@$07@@@1@@Z"",""??0?$_Deque_val@U?$DequeProbeRecord@$0BA@@@V?$allocator@U?$DequeProbeRecord@$0BA@@@@std@@@std@@IAE@V?$allocator@U?$DequeProbeRecord@$0BA@@@@1@@Z"",""??0?$_Deque_val@U?$DequeProbeRecord@$0CA@@@V?$allocator@U?$DequeProbeRecord@$0CA@@@@std@@@std@@IAE@V?$allocator@U?$DequeProbeRecord@$0CA@@@@1@@Z"",""??0?$_Deque_val@U?$DequeProbeRecord@$0EA@@@V?$allocator@U?$DequeProbeRecord@$0EA@@@@std@@@std@@IAE@V?$allocator@U?$DequeProbeRecord@$0EA@@@@1@@Z""]",1fbcbdc9c7359855fd35101ce0d12f03bbffdf4a747be392215b1c4d39005b88,547792bd670c43917ad5b76cdcd33c24ea3e12f0a98828d081589c3afd517bc3,"[{""offset"":17,""type"":""REL32"",""symbol"":""??0?$allocator@U?$DequeProbeRecord@$00@@@std@@QAE@ABV01@@Z"",""addend"":0,""target_address"":""0x00532290""},{""offset"":25,""type"":""REL32"",""symbol"":""??0?$_Deque_map@U?$DequeProbeRecord@$00@@V?$allocator@U?$DequeProbeRecord@$00@@@std@@@std@@IAE@V?$allocator@U?$DequeProbeRecord@$00@@@1@@Z"",""addend"":0,""target_address"":""0x00532380""},{""offset"":40,""type"":""REL32"",""symbol"":""??0?$allocator@U?$DequeProbeRecord@$00@@@std@@QAE@ABV01@@Z"",""addend"":0,""target_address"":""0x00532490""}]",0,R073
0x005F8040,72,??0?$deque,??0?$deque@U?$DequeProbeRecord@$00@@V?$allocator@U?$DequeProbeRecord@$00@@@std@@@std@@QAE@XZ,"[""??0?$deque@U?$DequeProbeRecord@$00@@V?$allocator@U?$DequeProbeRecord@$00@@@std@@@std@@QAE@XZ"",""??0?$deque@U?$DequeProbeRecord@$01@@V?$allocator@U?$DequeProbeRecord@$01@@@std@@@std@@QAE@XZ"",""??0?$deque@U?$DequeProbeRecord@$03@@V?$allocator@U?$DequeProbeRecord@$03@@@std@@@std@@QAE@XZ"",""??0?$deque@U?$DequeProbeRecord@$07@@V?$allocator@U?$DequeProbeRecord@$07@@@std@@@std@@QAE@XZ"",""??0?$deque@U?$DequeProbeRecord@$0BA@@@V?$allocator@U?$DequeProbeRecord@$0BA@@@@std@@@std@@QAE@XZ"",""??0?$deque@U?$DequeProbeRecord@$0CA@@@V?$allocator@U?$DequeProbeRecord@$0CA@@@@std@@@std@@QAE@XZ"",""??0?$deque@U?$DequeProbeRecord@$0EA@@@V?$allocator@U?$DequeProbeRecord@$0EA@@@@std@@@std@@QAE@XZ""]",f84956c19e804a3eef83ddf58566398acdebb446a2071390cbdb35e9db352ca7,3f680104f063f4b8952530051502aaa06de9cdcd5aff588cb78a155eb480886a,"[{""offset"":13,""type"":""REL32"",""symbol"":""??0?$allocator@U?$DequeProbeRecord@$00@@@std@@QAE@XZ"",""addend"":0,""target_address"":""0x005F8B00""},{""offset"":21,""type"":""REL32"",""symbol"":""??0?$_Deque_val@U?$DequeProbeRecord@$00@@V?$allocator@U?$DequeProbeRecord@$00@@@std@@@std@@IAE@V?$allocator@U?$DequeProbeRecord@$00@@@1@@Z"",""addend"":0,""target_address"":""0x005F8AC0""}]",0,R073
0x005F8AC0,53,??0?$_Deque_val,??0?$_Deque_val@U?$DequeProbeRecord@$00@@V?$allocator@U?$DequeProbeRecord@$00@@@std@@@std@@IAE@V?$allocator@U?$DequeProbeRecord@$00@@@1@@Z,"[""??0?$_Deque_val@U?$DequeProbeRecord@$00@@V?$allocator@U?$DequeProbeRecord@$00@@@std@@@std@@IAE@V?$allocator@U?$DequeProbeRecord@$00@@@1@@Z"",""??0?$_Deque_val@U?$DequeProbeRecord@$01@@V?$allocator@U?$DequeProbeRecord@$01@@@std@@@std@@IAE@V?$allocator@U?$DequeProbeRecord@$01@@@1@@Z"",""??0?$_Deque_val@U?$DequeProbeRecord@$03@@V?$allocator@U?$DequeProbeRecord@$03@@@std@@@std@@IAE@V?$allocator@U?$DequeProbeRecord@$03@@@1@@Z"",""??0?$_Deque_val@U?$DequeProbeRecord@$07@@V?$allocator@U?$DequeProbeRecord@$07@@@std@@@std@@IAE@V?$allocator@U?$DequeProbeRecord@$07@@@1@@Z"",""??0?$_Deque_val@U?$DequeProbeRecord@$0BA@@@V?$allocator@U?$DequeProbeRecord@$0BA@@@@std@@@std@@IAE@V?$allocator@U?$DequeProbeRecord@$0BA@@@@1@@Z"",""??0?$_Deque_val@U?$DequeProbeRecord@$0CA@@@V?$allocator@U?$DequeProbeRecord@$0CA@@@@std@@@std@@IAE@V?$allocator@U?$DequeProbeRecord@$0CA@@@@1@@Z"",""??0?$_Deque_val@U?$DequeProbeRecord@$0EA@@@V?$allocator@U?$DequeProbeRecord@$0EA@@@@std@@@std@@IAE@V?$allocator@U?$DequeProbeRecord@$0EA@@@@1@@Z""]",1fbcbdc9c7359855fd35101ce0d12f03bbffdf4a747be392215b1c4d39005b88,65d479b05eee802deee1ebc8b66e935ed000745d5a9d778e2b6153d2336123f9,"[{""offset"":17,""type"":""REL32"",""symbol"":""??0?$allocator@U?$DequeProbeRecord@$00@@@std@@QAE@ABV01@@Z"",""addend"":0,""target_address"":""0x005F92C0""},{""offset"":25,""type"":""REL32"",""symbol"":""??0?$_Deque_map@U?$DequeProbeRecord@$00@@V?$allocator@U?$DequeProbeRecord@$00@@@std@@@std@@IAE@V?$allocator@U?$DequeProbeRecord@$00@@@1@@Z"",""addend"":0,""target_address"":""0x005F92A0""},{""offset"":40,""type"":""REL32"",""symbol"":""??0?$allocator@U?$DequeProbeRecord@$00@@@std@@QAE@ABV01@@Z"",""addend"":0,""target_address"":""0x005F92C0""}]",0,R073
0x005FA050,55,??$_Uninitialized_copy,??$_Uninitialized_copy@PAPAU?$DequeProbeRecord@$00@@PAPAU1@V?$allocator@PAU?$DequeProbeRecord@$00@@@std@@@std@@YAPAPAU?$DequeProbeRecord@$00@@PAPAU1@00AAV?$allocator@PAU?$DequeProbeRecord@$00@@@0@@Z,"[""??$_Uninitialized_copy@PAPAU?$DequeProbeRecord@$00@@PAPAU1@V?$allocator@PAU?$DequeProbeRecord@$00@@@std@@@std@@YAPAPAU?$DequeProbeRecord@$00@@PAPAU1@00AAV?$allocator@PAU?$DequeProbeRecord@$00@@@0@@Z"",""??$_Uninitialized_copy@PAPAU?$DequeProbeRecord@$01@@PAPAU1@V?$allocator@PAU?$DequeProbeRecord@$01@@@std@@@std@@YAPAPAU?$DequeProbeRecord@$01@@PAPAU1@00AAV?$allocator@PAU?$DequeProbeRecord@$01@@@0@@Z"",""??$_Uninitialized_copy@PAPAU?$DequeProbeRecord@$03@@PAPAU1@V?$allocator@PAU?$DequeProbeRecord@$03@@@std@@@std@@YAPAPAU?$DequeProbeRecord@$03@@PAPAU1@00AAV?$allocator@PAU?$DequeProbeRecord@$03@@@0@@Z"",""??$_Uninitialized_copy@PAPAU?$DequeProbeRecord@$07@@PAPAU1@V?$allocator@PAU?$DequeProbeRecord@$07@@@std@@@std@@YAPAPAU?$DequeProbeRecord@$07@@PAPAU1@00AAV?$allocator@PAU?$DequeProbeRecord@$07@@@0@@Z"",""??$_Uninitialized_copy@PAPAU?$DequeProbeRecord@$0BA@@@PAPAU1@V?$allocator@PAU?$DequeProbeRecord@$0BA@@@@std@@@std@@YAPAPAU?$DequeProbeRecord@$0BA@@@PAPAU1@00AAV?$allocator@PAU?$DequeProbeRecord@$0BA@@@@0@@Z"",""??$_Uninitialized_copy@PAPAU?$DequeProbeRecord@$0CA@@@PAPAU1@V?$allocator@PAU?$DequeProbeRecord@$0CA@@@@std@@@std@@YAPAPAU?$DequeProbeRecord@$0CA@@@PAPAU1@00AAV?$allocator@PAU?$DequeProbeRecord@$0CA@@@@0@@Z"",""??$_Uninitialized_copy@PAPAU?$DequeProbeRecord@$0EA@@@PAPAU1@V?$allocator@PAU?$DequeProbeRecord@$0EA@@@@std@@@std@@YAPAPAU?$DequeProbeRecord@$0EA@@@PAPAU1@00AAV?$allocator@PAU?$DequeProbeRecord@$0EA@@@@0@@Z""]",287825a2cecd4440f77d8e854a0218e7a29484f3e2e01ef877a2c285fc1e6e5c,9954666c681e08087c501943b060ce2dbbf17812967c92259d5da818f2941b2a,"[{""offset"":13,""type"":""REL32"",""symbol"":""??$_Ptr_cat@U?$DequeProbeRecord@$00@@@std@@YA?AU_Scalar_ptr_iterator_tag@0@PAPAU?$DequeProbeRecord@$00@@0@Z"",""addend"":0,""target_address"":""0x005FA5A0""},{""offset"":44,""type"":""REL32"",""symbol"":""??$_Uninit_copy@PAU?$DequeProbeRecord@$00@@PAU1@@std@@YAPAPAU?$DequeProbeRecord@$00@@PAPAU1@00AAV?$allocator@PAU?$DequeProbeRecord@$00@@@0@U_Scalar_ptr_iterator_tag@0@@Z"",""addend"":0,""target_address"":""0x005FA5B0""}]",0,R073
0x005FA090,55,??$_Uninitialized_fill_n,??$_Uninitialized_fill_n@PAPAU?$DequeProbeRecord@$00@@IPAU1@V?$allocator@PAU?$DequeProbeRecord@$00@@@std@@@std@@YAXPAPAU?$DequeProbeRecord@$00@@IABQAU1@AAV?$allocator@PAU?$DequeProbeRecord@$00@@@0@@Z,"[""??$_Uninitialized_fill_n@PAPAU?$DequeProbeRecord@$00@@IPAU1@V?$allocator@PAU?$DequeProbeRecord@$00@@@std@@@std@@YAXPAPAU?$DequeProbeRecord@$00@@IABQAU1@AAV?$allocator@PAU?$DequeProbeRecord@$00@@@0@@Z"",""??$_Uninitialized_fill_n@PAPAU?$DequeProbeRecord@$01@@IPAU1@V?$allocator@PAU?$DequeProbeRecord@$01@@@std@@@std@@YAXPAPAU?$DequeProbeRecord@$01@@IABQAU1@AAV?$allocator@PAU?$DequeProbeRecord@$01@@@0@@Z"",""??$_Uninitialized_fill_n@PAPAU?$DequeProbeRecord@$03@@IPAU1@V?$allocator@PAU?$DequeProbeRecord@$03@@@std@@@std@@YAXPAPAU?$DequeProbeRecord@$03@@IABQAU1@AAV?$allocator@PAU?$DequeProbeRecord@$03@@@0@@Z"",""??$_Uninitialized_fill_n@PAPAU?$DequeProbeRecord@$07@@IPAU1@V?$allocator@PAU?$DequeProbeRecord@$07@@@std@@@std@@YAXPAPAU?$DequeProbeRecord@$07@@IABQAU1@AAV?$allocator@PAU?$DequeProbeRecord@$07@@@0@@Z"",""??$_Uninitialized_fill_n@PAPAU?$DequeProbeRecord@$0BA@@@IPAU1@V?$allocator@PAU?$DequeProbeRecord@$0BA@@@@std@@@std@@YAXPAPAU?$DequeProbeRecord@$0BA@@@IABQAU1@AAV?$allocator@PAU?$DequeProbeRecord@$0BA@@@@0@@Z"",""??$_Uninitialized_fill_n@PAPAU?$DequeProbeRecord@$0CA@@@IPAU1@V?$allocator@PAU?$DequeProbeRecord@$0CA@@@@std@@@std@@YAXPAPAU?$DequeProbeRecord@$0CA@@@IABQAU1@AAV?$allocator@PAU?$DequeProbeRecord@$0CA@@@@0@@Z"",""??$_Uninitialized_fill_n@PAPAU?$DequeProbeRecord@$0EA@@@IPAU1@V?$allocator@PAU?$DequeProbeRecord@$0EA@@@@std@@@std@@YAXPAPAU?$DequeProbeRecord@$0EA@@@IABQAU1@AAV?$allocator@PAU?$DequeProbeRecord@$0EA@@@@0@@Z""]",175c2b0811b10f79e9d3d58318d4d3ce4e55d73c0e6dcca4ddea5bd3cb989318,d94ed371db4b9d3adca27ef2976a6e1fde225c04f1ea2a5097bd66137bde993c,"[{""offset"":13,""type"":""REL32"",""symbol"":""??$_Ptr_cat@U?$DequeProbeRecord@$00@@@std@@YA?AU_Scalar_ptr_iterator_tag@0@PAPAU?$DequeProbeRecord@$00@@0@Z"",""addend"":0,""target_address"":""0x005FA5A0""},{""offset"":44,""type"":""REL32"",""symbol"":""??$_Uninit_fill_n@PAU?$DequeProbeRecord@$00@@IPAU1@@std@@YAXPAPAU?$DequeProbeRecord@$00@@IABQAU1@AAV?$allocator@PAU?$DequeProbeRecord@$00@@@0@U_Scalar_ptr_iterator_tag@0@@Z"",""addend"":0,""target_address"":""0x005FA5F0""}]",0,R073
0x005FA0D0,51,??$_Destroy_range,??$_Destroy_range@PAU?$DequeProbeRecord@$00@@V?$allocator@PAU?$DequeProbeRecord@$00@@@std@@@std@@YAXPAPAU?$DequeProbeRecord@$00@@0AAV?$allocator@PAU?$DequeProbeRecord@$00@@@0@@Z,"[""??$_Destroy_range@PAU?$DequeProbeRecord@$00@@V?$allocator@PAU?$DequeProbeRecord@$00@@@std@@@std@@YAXPAPAU?$DequeProbeRecord@$00@@0AAV?$allocator@PAU?$DequeProbeRecord@$00@@@0@@Z"",""??$_Destroy_range@PAU?$DequeProbeRecord@$01@@V?$allocator@PAU?$DequeProbeRecord@$01@@@std@@@std@@YAXPAPAU?$DequeProbeRecord@$01@@0AAV?$allocator@PAU?$DequeProbeRecord@$01@@@0@@Z"",""??$_Destroy_range@PAU?$DequeProbeRecord@$03@@V?$allocator@PAU?$DequeProbeRecord@$03@@@std@@@std@@YAXPAPAU?$DequeProbeRecord@$03@@0AAV?$allocator@PAU?$DequeProbeRecord@$03@@@0@@Z"",""??$_Destroy_range@PAU?$DequeProbeRecord@$07@@V?$allocator@PAU?$DequeProbeRecord@$07@@@std@@@std@@YAXPAPAU?$DequeProbeRecord@$07@@0AAV?$allocator@PAU?$DequeProbeRecord@$07@@@0@@Z"",""??$_Destroy_range@PAU?$DequeProbeRecord@$0BA@@@V?$allocator@PAU?$DequeProbeRecord@$0BA@@@@std@@@std@@YAXPAPAU?$DequeProbeRecord@$0BA@@@0AAV?$allocator@PAU?$DequeProbeRecord@$0BA@@@@0@@Z"",""??$_Destroy_range@PAU?$DequeProbeRecord@$0CA@@@V?$allocator@PAU?$DequeProbeRecord@$0CA@@@@std@@@std@@YAXPAPAU?$DequeProbeRecord@$0CA@@@0AAV?$allocator@PAU?$DequeProbeRecord@$0CA@@@@0@@Z"",""??$_Destroy_range@PAU?$DequeProbeRecord@$0EA@@@V?$allocator@PAU?$DequeProbeRecord@$0EA@@@@std@@@std@@YAXPAPAU?$DequeProbeRecord@$0EA@@@0AAV?$allocator@PAU?$DequeProbeRecord@$0EA@@@@0@@Z""]",3f42c6dd16c50d5cd9d9708fa1fd79cdb1b40aa756355124494b7f12d427c4b4,2cce777e1c2af3c0f9647ca549a3cd5fa4d666e5ec262aabbb076864ac3e867b,"[{""offset"":13,""type"":""REL32"",""symbol"":""??$_Ptr_cat@U?$DequeProbeRecord@$00@@@std@@YA?AU_Scalar_ptr_iterator_tag@0@PAPAU?$DequeProbeRecord@$00@@0@Z"",""addend"":0,""target_address"":""0x005FA5A0""},{""offset"":40,""type"":""REL32"",""symbol"":""??$_Destroy_range@PAU?$DequeProbeRecord@$00@@V?$allocator@PAU?$DequeProbeRecord@$00@@@std@@@std@@YAXPAPAU?$DequeProbeRecord@$00@@0AAV?$allocator@PAU?$DequeProbeRecord@$00@@@0@U_Scalar_ptr_iterator_tag@0@@Z"",""addend"":0,""target_address"":""0x005FA610""}]",0,R073
0x005FA290,51,??$_Destroy_range,??$_Destroy_range@PAU?$DequeProbeRecord@$00@@V?$allocator@PAU?$DequeProbeRecord@$00@@@std@@@std@@YAXPAPAU?$DequeProbeRecord@$00@@0AAV?$allocator@PAU?$DequeProbeRecord@$00@@@0@@Z,"[""??$_Destroy_range@PAU?$DequeProbeRecord@$00@@V?$allocator@PAU?$DequeProbeRecord@$00@@@std@@@std@@YAXPAPAU?$DequeProbeRecord@$00@@0AAV?$allocator@PAU?$DequeProbeRecord@$00@@@0@@Z"",""??$_Destroy_range@PAU?$DequeProbeRecord@$01@@V?$allocator@PAU?$DequeProbeRecord@$01@@@std@@@std@@YAXPAPAU?$DequeProbeRecord@$01@@0AAV?$allocator@PAU?$DequeProbeRecord@$01@@@0@@Z"",""??$_Destroy_range@PAU?$DequeProbeRecord@$03@@V?$allocator@PAU?$DequeProbeRecord@$03@@@std@@@std@@YAXPAPAU?$DequeProbeRecord@$03@@0AAV?$allocator@PAU?$DequeProbeRecord@$03@@@0@@Z"",""??$_Destroy_range@PAU?$DequeProbeRecord@$07@@V?$allocator@PAU?$DequeProbeRecord@$07@@@std@@@std@@YAXPAPAU?$DequeProbeRecord@$07@@0AAV?$allocator@PAU?$DequeProbeRecord@$07@@@0@@Z"",""??$_Destroy_range@PAU?$DequeProbeRecord@$0BA@@@V?$allocator@PAU?$DequeProbeRecord@$0BA@@@@std@@@std@@YAXPAPAU?$DequeProbeRecord@$0BA@@@0AAV?$allocator@PAU?$DequeProbeRecord@$0BA@@@@0@@Z"",""??$_Destroy_range@PAU?$DequeProbeRecord@$0CA@@@V?$allocator@PAU?$DequeProbeRecord@$0CA@@@@std@@@std@@YAXPAPAU?$DequeProbeRecord@$0CA@@@0AAV?$allocator@PAU?$DequeProbeRecord@$0CA@@@@0@@Z"",""??$_Destroy_range@PAU?$DequeProbeRecord@$0EA@@@V?$allocator@PAU?$DequeProbeRecord@$0EA@@@@std@@@std@@YAXPAPAU?$DequeProbeRecord@$0EA@@@0AAV?$allocator@PAU?$DequeProbeRecord@$0EA@@@@0@@Z""]",3f42c6dd16c50d5cd9d9708fa1fd79cdb1b40aa756355124494b7f12d427c4b4,928a6262fb48bf60b443fc1a72f1cd1d854a319a5bbc6866dc0d66536e2de7ad,"[{""offset"":13,""type"":""REL32"",""symbol"":""??$_Ptr_cat@U?$DequeProbeRecord@$00@@@std@@YA?AU_Scalar_ptr_iterator_tag@0@PAPAU?$DequeProbeRecord@$00@@0@Z"",""addend"":0,""target_address"":""0x005FA6B0""},{""offset"":40,""type"":""REL32"",""symbol"":""??$_Destroy_range@PAU?$DequeProbeRecord@$00@@V?$allocator@PAU?$DequeProbeRecord@$00@@@std@@@std@@YAXPAPAU?$DequeProbeRecord@$00@@0AAV?$allocator@PAU?$DequeProbeRecord@$00@@@0@U_Scalar_ptr_iterator_tag@0@@Z"",""addend"":0,""target_address"":""0x005FA700""}]",0,R073
0x005FA490,55,??$_Uninitialized_fill_n,??$_Uninitialized_fill_n@PAPAU?$DequeProbeRecord@$00@@IPAU1@V?$allocator@PAU?$DequeProbeRecord@$00@@@std@@@std@@YAXPAPAU?$DequeProbeRecord@$00@@IABQAU1@AAV?$allocator@PAU?$DequeProbeRecord@$00@@@0@@Z,"[""??$_Uninitialized_fill_n@PAPAU?$DequeProbeRecord@$00@@IPAU1@V?$allocator@PAU?$DequeProbeRecord@$00@@@std@@@std@@YAXPAPAU?$DequeProbeRecord@$00@@IABQAU1@AAV?$allocator@PAU?$DequeProbeRecord@$00@@@0@@Z"",""??$_Uninitialized_fill_n@PAPAU?$DequeProbeRecord@$01@@IPAU1@V?$allocator@PAU?$DequeProbeRecord@$01@@@std@@@std@@YAXPAPAU?$DequeProbeRecord@$01@@IABQAU1@AAV?$allocator@PAU?$DequeProbeRecord@$01@@@0@@Z"",""??$_Uninitialized_fill_n@PAPAU?$DequeProbeRecord@$03@@IPAU1@V?$allocator@PAU?$DequeProbeRecord@$03@@@std@@@std@@YAXPAPAU?$DequeProbeRecord@$03@@IABQAU1@AAV?$allocator@PAU?$DequeProbeRecord@$03@@@0@@Z"",""??$_Uninitialized_fill_n@PAPAU?$DequeProbeRecord@$07@@IPAU1@V?$allocator@PAU?$DequeProbeRecord@$07@@@std@@@std@@YAXPAPAU?$DequeProbeRecord@$07@@IABQAU1@AAV?$allocator@PAU?$DequeProbeRecord@$07@@@0@@Z"",""??$_Uninitialized_fill_n@PAPAU?$DequeProbeRecord@$0BA@@@IPAU1@V?$allocator@PAU?$DequeProbeRecord@$0BA@@@@std@@@std@@YAXPAPAU?$DequeProbeRecord@$0BA@@@IABQAU1@AAV?$allocator@PAU?$DequeProbeRecord@$0BA@@@@0@@Z"",""??$_Uninitialized_fill_n@PAPAU?$DequeProbeRecord@$0CA@@@IPAU1@V?$allocator@PAU?$DequeProbeRecord@$0CA@@@@std@@@std@@YAXPAPAU?$DequeProbeRecord@$0CA@@@IABQAU1@AAV?$allocator@PAU?$DequeProbeRecord@$0CA@@@@0@@Z"",""??$_Uninitialized_fill_n@PAPAU?$DequeProbeRecord@$0EA@@@IPAU1@V?$allocator@PAU?$DequeProbeRecord@$0EA@@@@std@@@std@@YAXPAPAU?$DequeProbeRecord@$0EA@@@IABQAU1@AAV?$allocator@PAU?$DequeProbeRecord@$0EA@@@@0@@Z""]",175c2b0811b10f79e9d3d58318d4d3ce4e55d73c0e6dcca4ddea5bd3cb989318,6b9ecf43f278961ef0b5e4f7bc78fc7c45efd6cfa9af25f41ba40330b2a55f1e,"[{""offset"":13,""type"":""REL32"",""symbol"":""??$_Ptr_cat@U?$DequeProbeRecord@$00@@@std@@YA?AU_Scalar_ptr_iterator_tag@0@PAPAU?$DequeProbeRecord@$00@@0@Z"",""addend"":0,""target_address"":""0x005FA6B0""},{""offset"":44,""type"":""REL32"",""symbol"":""??$_Uninit_fill_n@PAU?$DequeProbeRecord@$00@@IPAU1@@std@@YAXPAPAU?$DequeProbeRecord@$00@@IABQAU1@AAV?$allocator@PAU?$DequeProbeRecord@$00@@@0@U_Scalar_ptr_iterator_tag@0@@Z"",""addend"":0,""target_address"":""0x005FA8B0""}]",0,R073
0x005FA5B0,49,??$_Uninit_copy,??$_Uninit_copy@PAU?$DequeProbeRecord@$00@@PAU1@@std@@YAPAPAU?$DequeProbeRecord@$00@@PAPAU1@00AAV?$allocator@PAU?$DequeProbeRecord@$00@@@0@U_Scalar_ptr_iterator_tag@0@@Z,"[""??$_Uninit_copy@PAU?$DequeProbeRecord@$00@@PAU1@@std@@YAPAPAU?$DequeProbeRecord@$00@@PAPAU1@00AAV?$allocator@PAU?$DequeProbeRecord@$00@@@0@U_Scalar_ptr_iterator_tag@0@@Z"",""??$_Uninit_copy@PAU?$DequeProbeRecord@$01@@PAU1@@std@@YAPAPAU?$DequeProbeRecord@$01@@PAPAU1@00AAV?$allocator@PAU?$DequeProbeRecord@$01@@@0@U_Scalar_ptr_iterator_tag@0@@Z"",""??$_Uninit_copy@PAU?$DequeProbeRecord@$03@@PAU1@@std@@YAPAPAU?$DequeProbeRecord@$03@@PAPAU1@00AAV?$allocator@PAU?$DequeProbeRecord@$03@@@0@U_Scalar_ptr_iterator_tag@0@@Z"",""??$_Uninit_copy@PAU?$DequeProbeRecord@$07@@PAU1@@std@@YAPAPAU?$DequeProbeRecord@$07@@PAPAU1@00AAV?$allocator@PAU?$DequeProbeRecord@$07@@@0@U_Scalar_ptr_iterator_tag@0@@Z"",""??$_Uninit_copy@PAU?$DequeProbeRecord@$0BA@@@PAU1@@std@@YAPAPAU?$DequeProbeRecord@$0BA@@@PAPAU1@00AAV?$allocator@PAU?$DequeProbeRecord@$0BA@@@@0@U_Scalar_ptr_iterator_tag@0@@Z"",""??$_Uninit_copy@PAU?$DequeProbeRecord@$0CA@@@PAU1@@std@@YAPAPAU?$DequeProbeRecord@$0CA@@@PAPAU1@00AAV?$allocator@PAU?$DequeProbeRecord@$0CA@@@@0@U_Scalar_ptr_iterator_tag@0@@Z"",""??$_Uninit_copy@PAU?$DequeProbeRecord@$0EA@@@PAU1@@std@@YAPAPAU?$DequeProbeRecord@$0EA@@@PAPAU1@00AAV?$allocator@PAU?$DequeProbeRecord@$0EA@@@@0@U_Scalar_ptr_iterator_tag@0@@Z""]",819764bcd5bc6281178f52a8c0ba4ef070a5f99a9e5222050118ebf0c230e616,10c3438a72cb13986d1fa877355b76f822ca6d1ead3d0a49f07948d9069f0cb7,"[{""offset"":32,""type"":""REL32"",""symbol"":""_memmove"",""addend"":0,""target_address"":""0x00641260""}]",0,R073
0x005FA6C0,49,??$_Uninit_copy,??$_Uninit_copy@PAU?$DequeProbeRecord@$00@@PAU1@@std@@YAPAPAU?$DequeProbeRecord@$00@@PAPAU1@00AAV?$allocator@PAU?$DequeProbeRecord@$00@@@0@U_Scalar_ptr_iterator_tag@0@@Z,"[""??$_Uninit_copy@PAU?$DequeProbeRecord@$00@@PAU1@@std@@YAPAPAU?$DequeProbeRecord@$00@@PAPAU1@00AAV?$allocator@PAU?$DequeProbeRecord@$00@@@0@U_Scalar_ptr_iterator_tag@0@@Z"",""??$_Uninit_copy@PAU?$DequeProbeRecord@$01@@PAU1@@std@@YAPAPAU?$DequeProbeRecord@$01@@PAPAU1@00AAV?$allocator@PAU?$DequeProbeRecord@$01@@@0@U_Scalar_ptr_iterator_tag@0@@Z"",""??$_Uninit_copy@PAU?$DequeProbeRecord@$03@@PAU1@@std@@YAPAPAU?$DequeProbeRecord@$03@@PAPAU1@00AAV?$allocator@PAU?$DequeProbeRecord@$03@@@0@U_Scalar_ptr_iterator_tag@0@@Z"",""??$_Uninit_copy@PAU?$DequeProbeRecord@$07@@PAU1@@std@@YAPAPAU?$DequeProbeRecord@$07@@PAPAU1@00AAV?$allocator@PAU?$DequeProbeRecord@$07@@@0@U_Scalar_ptr_iterator_tag@0@@Z"",""??$_Uninit_copy@PAU?$DequeProbeRecord@$0BA@@@PAU1@@std@@YAPAPAU?$DequeProbeRecord@$0BA@@@PAPAU1@00AAV?$allocator@PAU?$DequeProbeRecord@$0BA@@@@0@U_Scalar_ptr_iterator_tag@0@@Z"",""??$_Uninit_copy@PAU?$DequeProbeRecord@$0CA@@@PAU1@@std@@YAPAPAU?$DequeProbeRecord@$0CA@@@PAPAU1@00AAV?$allocator@PAU?$DequeProbeRecord@$0CA@@@@0@U_Scalar_ptr_iterator_tag@0@@Z"",""??$_Uninit_copy@PAU?$DequeProbeRecord@$0EA@@@PAU1@@std@@YAPAPAU?$DequeProbeRecord@$0EA@@@PAPAU1@00AAV?$allocator@PAU?$DequeProbeRecord@$0EA@@@@0@U_Scalar_ptr_iterator_tag@0@@Z""]",819764bcd5bc6281178f52a8c0ba4ef070a5f99a9e5222050118ebf0c230e616,a319b22b39b3a13e900f91f3ec9c1738f75296bb170285c92aa72cf0ce42847b,"[{""offset"":32,""type"":""REL32"",""symbol"":""_memmove"",""addend"":0,""target_address"":""0x00641260""}]",0,R073
0x005FA790,55,??$_Uninitialized_copy,??$_Uninitialized_copy@PAPAU?$DequeProbeRecord@$00@@PAPAU1@V?$allocator@PAU?$DequeProbeRecord@$00@@@std@@@std@@YAPAPAU?$DequeProbeRecord@$00@@PAPAU1@00AAV?$allocator@PAU?$DequeProbeRecord@$00@@@0@@Z,"[""??$_Uninitialized_copy@PAPAU?$DequeProbeRecord@$00@@PAPAU1@V?$allocator@PAU?$DequeProbeRecord@$00@@@std@@@std@@YAPAPAU?$DequeProbeRecord@$00@@PAPAU1@00AAV?$allocator@PAU?$DequeProbeRecord@$00@@@0@@Z"",""??$_Uninitialized_copy@PAPAU?$DequeProbeRecord@$01@@PAPAU1@V?$allocator@PAU?$DequeProbeRecord@$01@@@std@@@std@@YAPAPAU?$DequeProbeRecord@$01@@PAPAU1@00AAV?$allocator@PAU?$DequeProbeRecord@$01@@@0@@Z"",""??$_Uninitialized_copy@PAPAU?$DequeProbeRecord@$03@@PAPAU1@V?$allocator@PAU?$DequeProbeRecord@$03@@@std@@@std@@YAPAPAU?$DequeProbeRecord@$03@@PAPAU1@00AAV?$allocator@PAU?$DequeProbeRecord@$03@@@0@@Z"",""??$_Uninitialized_copy@PAPAU?$DequeProbeRecord@$07@@PAPAU1@V?$allocator@PAU?$DequeProbeRecord@$07@@@std@@@std@@YAPAPAU?$DequeProbeRecord@$07@@PAPAU1@00AAV?$allocator@PAU?$DequeProbeRecord@$07@@@0@@Z"",""??$_Uninitialized_copy@PAPAU?$DequeProbeRecord@$0BA@@@PAPAU1@V?$allocator@PAU?$DequeProbeRecord@$0BA@@@@std@@@std@@YAPAPAU?$DequeProbeRecord@$0BA@@@PAPAU1@00AAV?$allocator@PAU?$DequeProbeRecord@$0BA@@@@0@@Z"",""??$_Uninitialized_copy@PAPAU?$DequeProbeRecord@$0CA@@@PAPAU1@V?$allocator@PAU?$DequeProbeRecord@$0CA@@@@std@@@std@@YAPAPAU?$DequeProbeRecord@$0CA@@@PAPAU1@00AAV?$allocator@PAU?$DequeProbeRecord@$0CA@@@@0@@Z"",""??$_Uninitialized_copy@PAPAU?$DequeProbeRecord@$0EA@@@PAPAU1@V?$allocator@PAU?$DequeProbeRecord@$0EA@@@@std@@@std@@YAPAPAU?$DequeProbeRecord@$0EA@@@PAPAU1@00AAV?$allocator@PAU?$DequeProbeRecord@$0EA@@@@0@@Z""]",287825a2cecd4440f77d8e854a0218e7a29484f3e2e01ef877a2c285fc1e6e5c,0291cb62ccedac95b46edb23df7073c38219e8c835f9eb5eefce41ca3352f6a9,"[{""offset"":13,""type"":""REL32"",""symbol"":""??$_Ptr_cat@U?$DequeProbeRecord@$00@@@std@@YA?AU_Scalar_ptr_iterator_tag@0@PAPAU?$DequeProbeRecord@$00@@0@Z"",""addend"":0,""target_address"":""0x005FA6B0""},{""offset"":44,""type"":""REL32"",""symbol"":""??$_Uninit_copy@PAU?$DequeProbeRecord@$00@@PAU1@@std@@YAPAPAU?$DequeProbeRecord@$00@@PAPAU1@00AAV?$allocator@PAU?$DequeProbeRecord@$00@@@0@U_Scalar_ptr_iterator_tag@0@@Z"",""addend"":0,""target_address"":""0x005FAA10""}]",0,R073
0x005FAA10,49,??$_Uninit_copy,??$_Uninit_copy@PAU?$DequeProbeRecord@$00@@PAU1@@std@@YAPAPAU?$DequeProbeRecord@$00@@PAPAU1@00AAV?$allocator@PAU?$DequeProbeRecord@$00@@@0@U_Scalar_ptr_iterator_tag@0@@Z,"[""??$_Uninit_copy@PAU?$DequeProbeRecord@$00@@PAU1@@std@@YAPAPAU?$DequeProbeRecord@$00@@PAPAU1@00AAV?$allocator@PAU?$DequeProbeRecord@$00@@@0@U_Scalar_ptr_iterator_tag@0@@Z"",""??$_Uninit_copy@PAU?$DequeProbeRecord@$01@@PAU1@@std@@YAPAPAU?$DequeProbeRecord@$01@@PAPAU1@00AAV?$allocator@PAU?$DequeProbeRecord@$01@@@0@U_Scalar_ptr_iterator_tag@0@@Z"",""??$_Uninit_copy@PAU?$DequeProbeRecord@$03@@PAU1@@std@@YAPAPAU?$DequeProbeRecord@$03@@PAPAU1@00AAV?$allocator@PAU?$DequeProbeRecord@$03@@@0@U_Scalar_ptr_iterator_tag@0@@Z"",""??$_Uninit_copy@PAU?$DequeProbeRecord@$07@@PAU1@@std@@YAPAPAU?$DequeProbeRecord@$07@@PAPAU1@00AAV?$allocator@PAU?$DequeProbeRecord@$07@@@0@U_Scalar_ptr_iterator_tag@0@@Z"",""??$_Uninit_copy@PAU?$DequeProbeRecord@$0BA@@@PAU1@@std@@YAPAPAU?$DequeProbeRecord@$0BA@@@PAPAU1@00AAV?$allocator@PAU?$DequeProbeRecord@$0BA@@@@0@U_Scalar_ptr_iterator_tag@0@@Z"",""??$_Uninit_copy@PAU?$DequeProbeRecord@$0CA@@@PAU1@@std@@YAPAPAU?$DequeProbeRecord@$0CA@@@PAPAU1@00AAV?$allocator@PAU?$DequeProbeRecord@$0CA@@@@0@U_Scalar_ptr_iterator_tag@0@@Z"",""??$_Uninit_copy@PAU?$DequeProbeRecord@$0EA@@@PAU1@@std@@YAPAPAU?$DequeProbeRecord@$0EA@@@PAPAU1@00AAV?$allocator@PAU?$DequeProbeRecord@$0EA@@@@0@U_Scalar_ptr_iterator_tag@0@@Z""]",819764bcd5bc6281178f52a8c0ba4ef070a5f99a9e5222050118ebf0c230e616,e1c4a16bc8264210455f62297e17a1030fbe433284b642919d2b5704ec01222a,"[{""offset"":32,""type"":""REL32"",""symbol"":""_memmove"",""addend"":0,""target_address"":""0x00641260""}]",0,R073
