address,size,family_key,coff_symbol,matching_symbols,source_sha256,body_sha256,relocation_bindings,indirect_call_count,evidence_role,parent_address,parent_call_offset,callee_address,evidence_id
0x00415580,29,??Eiterator,??Eiterator@?$deque@EV?$allocator@E@std@@@std@@QAEAAV012@XZ,"[""??Eiterator@?$deque@EV?$allocator@E@std@@@std@@QAEAAV012@XZ"",""??Eiterator@?$deque@GV?$allocator@G@std@@@std@@QAEAAV012@XZ"",""??Eiterator@?$deque@KV?$allocator@K@std@@@std@@QAEAAV012@XZ"",""??Eiterator@?$deque@MV?$allocator@M@std@@@std@@QAEAAV012@XZ"",""??Eiterator@?$deque@NV?$allocator@N@std@@@std@@QAEAAV012@XZ"",""??Eiterator@?$deque@PAXV?$allocator@PAX@std@@@std@@QAEAAV012@XZ"",""??Eiterator@?$deque@U?$DequeAlgorithmRecord@$00@@V?$allocator@U?$DequeAlgorithmRecord@$00@@@std@@@std@@QAEAAV012@XZ"",""??Eiterator@?$deque@U?$DequeAlgorithmRecord@$01@@V?$allocator@U?$DequeAlgorithmRecord@$01@@@std@@@std@@QAEAAV012@XZ"",""??Eiterator@?$deque@U?$DequeAlgorithmRecord@$03@@V?$allocator@U?$DequeAlgorithmRecord@$03@@@std@@@std@@QAEAAV012@XZ"",""??Eiterator@?$deque@U?$DequeAlgorithmRecord@$07@@V?$allocator@U?$DequeAlgorithmRecord@$07@@@std@@@std@@QAEAAV012@XZ"",""??Eiterator@?$deque@U?$DequeAlgorithmRecord@$0BA@@@V?$allocator@U?$DequeAlgorithmRecord@$0BA@@@@std@@@std@@QAEAAV012@XZ"",""??Eiterator@?$deque@U?$DequeAlgorithmRecord@$0CA@@@V?$allocator@U?$DequeAlgorithmRecord@$0CA@@@@std@@@std@@QAEAAV012@XZ"",""??Eiterator@?$deque@U?$DequeAlgorithmRecord@$0EA@@@V?$allocator@U?$DequeAlgorithmRecord@$0EA@@@@std@@@std@@QAEAAV012@XZ""]",2d9ee1ef888fd99ef80c4a16231f33a7d3060b679b381a3be310d81d9205a535,2d9ee1ef888fd99ef80c4a16231f33a7d3060b679b381a3be310d81d9205a535,[],0,child,0x00456680,9,,R085
0x0041ECA0,29,??Eiterator,??Eiterator@?$deque@KV?$allocator@K@std@@@std@@QAEAAV012@XZ,"[""??Eiterator@?$deque@EV?$allocator@E@std@@@std@@QAEAAV012@XZ"",""??Eiterator@?$deque@GV?$allocator@G@std@@@std@@QAEAAV012@XZ"",""??Eiterator@?$deque@KV?$allocator@K@std@@@std@@QAEAAV012@XZ"",""??Eiterator@?$deque@MV?$allocator@M@std@@@std@@QAEAAV012@XZ"",""??Eiterator@?$deque@NV?$allocator@N@std@@@std@@QAEAAV012@XZ"",""??Eiterator@?$deque@PAXV?$allocator@PAX@std@@@std@@QAEAAV012@XZ"",""??Eiterator@?$deque@U?$DequeAlgorithmRecord@$00@@V?$allocator@U?$DequeAlgorithmRecord@$00@@@std@@@std@@QAEAAV012@XZ"",""??Eiterator@?$deque@U?$DequeAlgorithmRecord@$01@@V?$allocator@U?$DequeAlgorithmRecord@$01@@@std@@@std@@QAEAAV012@XZ"",""??Eiterator@?$deque@U?$DequeAlgorithmRecord@$03@@V?$allocator@U?$DequeAlgorithmRecord@$03@@@std@@@std@@QAEAAV012@XZ"",""??Eiterator@?$deque@U?$DequeAlgorithmRecord@$07@@V?$allocator@U?$DequeAlgorithmRecord@$07@@@std@@@std@@QAEAAV012@XZ"",""??Eiterator@?$deque@U?$DequeAlgorithmRecord@$0BA@@@V?$allocator@U?$DequeAlgorithmRecord@$0BA@@@@std@@@std@@QAEAAV012@XZ"",""??Eiterator@?$deque@U?$DequeAlgorithmRecord@$0CA@@@V?$allocator@U?$DequeAlgorithmRecord@$0CA@@@@std@@@std@@QAEAAV012@XZ"",""??Eiterator@?$deque@U?$DequeAlgorithmRecord@$0EA@@@V?$allocator@U?$DequeAlgorithmRecord@$0EA@@@@std@@@std@@QAEAAV012@XZ""]",2d9ee1ef888fd99ef80c4a16231f33a7d3060b679b381a3be310d81d9205a535,2d9ee1ef888fd99ef80c4a16231f33a7d3060b679b381a3be310d81d9205a535,[],0,child,0x00420050,10,,R085
0x0041EE00,29,??Eiterator,??Eiterator@?$deque@KV?$allocator@K@std@@@std@@QAEAAV012@XZ,"[""??Eiterator@?$deque@EV?$allocator@E@std@@@std@@QAEAAV012@XZ"",""??Eiterator@?$deque@GV?$allocator@G@std@@@std@@QAEAAV012@XZ"",""??Eiterator@?$deque@KV?$allocator@K@std@@@std@@QAEAAV012@XZ"",""??Eiterator@?$deque@MV?$allocator@M@std@@@std@@QAEAAV012@XZ"",""??Eiterator@?$deque@NV?$allocator@N@std@@@std@@QAEAAV012@XZ"",""??Eiterator@?$deque@PAXV?$allocator@PAX@std@@@std@@QAEAAV012@XZ"",""??Eiterator@?$deque@U?$DequeAlgorithmRecord@$00@@V?$allocator@U?$DequeAlgorithmRecord@$00@@@std@@@std@@QAEAAV012@XZ"",""??Eiterator@?$deque@U?$DequeAlgorithmRecord@$01@@V?$allocator@U?$DequeAlgorithmRecord@$01@@@std@@@std@@QAEAAV012@XZ"",""??Eiterator@?$deque@U?$DequeAlgorithmRecord@$03@@V?$allocator@U?$DequeAlgorithmRecord@$03@@@std@@@std@@QAEAAV012@XZ"",""??Eiterator@?$deque@U?$DequeAlgorithmRecord@$07@@V?$allocator@U?$DequeAlgorithmRecord@$07@@@std@@@std@@QAEAAV012@XZ"",""??Eiterator@?$deque@U?$DequeAlgorithmRecord@$0BA@@@V?$allocator@U?$DequeAlgorithmRecord@$0BA@@@@std@@@std@@QAEAAV012@XZ"",""??Eiterator@?$deque@U?$DequeAlgorithmRecord@$0CA@@@V?$allocator@U?$DequeAlgorithmRecord@$0CA@@@@std@@@std@@QAEAAV012@XZ"",""??Eiterator@?$deque@U?$DequeAlgorithmRecord@$0EA@@@V?$allocator@U?$DequeAlgorithmRecord@$0EA@@@@std@@@std@@QAEAAV012@XZ""]",2d9ee1ef888fd99ef80c4a16231f33a7d3060b679b381a3be310d81d9205a535,2d9ee1ef888fd99ef80c4a16231f33a7d3060b679b381a3be310d81d9205a535,[],0,child,0x0041FF00,10,,R085
0x0041FA00,70,??$copy_backward,??$copy_backward@Viterator@?$deque@KV?$allocator@K@std@@@std@@V123@@std@@YA?AViterator@?$deque@KV?$allocator@K@std@@@0@V120@00@Z,"[""??$copy@Viterator@?$deque@EV?$allocator@E@std@@@std@@V123@@std@@YA?AViterator@?$deque@EV?$allocator@E@std@@@0@V120@00@Z"",""??$copy@Viterator@?$deque@GV?$allocator@G@std@@@std@@V123@@std@@YA?AViterator@?$deque@GV?$allocator@G@std@@@0@V120@00@Z"",""??$copy@Viterator@?$deque@KV?$allocator@K@std@@@std@@V123@@std@@YA?AViterator@?$deque@KV?$allocator@K@std@@@0@V120@00@Z"",""??$copy@Viterator@?$deque@MV?$allocator@M@std@@@std@@V123@@std@@YA?AViterator@?$deque@MV?$allocator@M@std@@@0@V120@00@Z"",""??$copy@Viterator@?$deque@NV?$allocator@N@std@@@std@@V123@@std@@YA?AViterator@?$deque@NV?$allocator@N@std@@@0@V120@00@Z"",""??$copy@Viterator@?$deque@PAXV?$allocator@PAX@std@@@std@@V123@@std@@YA?AViterator@?$deque@PAXV?$allocator@PAX@std@@@0@V120@00@Z"",""??$copy@Viterator@?$deque@U?$DequeAlgorithmRecord@$00@@V?$allocator@U?$DequeAlgorithmRecord@$00@@@std@@@std@@V123@@std@@YA?AViterator@?$deque@U?$DequeAlgorithmRecord@$00@@V?$allocator@U?$DequeAlgorithmRecord@$00@@@std@@@0@V120@00@Z"",""??$copy@Viterator@?$deque@U?$DequeAlgorithmRecord@$01@@V?$allocator@U?$DequeAlgorithmRecord@$01@@@std@@@std@@V123@@std@@YA?AViterator@?$deque@U?$DequeAlgorithmRecord@$01@@V?$allocator@U?$DequeAlgorithmRecord@$01@@@std@@@0@V120@00@Z"",""??$copy@Viterator@?$deque@U?$DequeAlgorithmRecord@$03@@V?$allocator@U?$DequeAlgorithmRecord@$03@@@std@@@std@@V123@@std@@YA?AViterator@?$deque@U?$DequeAlgorithmRecord@$03@@V?$allocator@U?$DequeAlgorithmRecord@$03@@@std@@@0@V120@00@Z"",""??$copy@Viterator@?$deque@U?$DequeAlgorithmRecord@$07@@V?$allocator@U?$DequeAlgorithmRecord@$07@@@std@@@std@@V123@@std@@YA?AViterator@?$deque@U?$DequeAlgorithmRecord@$07@@V?$allocator@U?$DequeAlgorithmRecord@$07@@@std@@@0@V120@00@Z"",""??$copy@Viterator@?$deque@U?$DequeAlgorithmRecord@$0BA@@@V?$allocator@U?$DequeAlgorithmRecord@$0BA@@@@std@@@std@@V123@@std@@YA?AViterator@?$deque@U?$DequeAlgorithmRecord@$0BA@@@V?$allocator@U?$DequeAlgorithmRecord@$0BA@@@@std@@@0@V120@00@Z"",""??$copy@Viterator@?$deque@U?$DequeAlgorithmRecord@$0CA@@@V?$allocator@U?$DequeAlgorithmRecord@$0CA@@@@std@@@std@@V123@@std@@YA?AViterator@?$deque@U?$DequeAlgorithmRecord@$0CA@@@V?$allocator@U?$DequeAlgorithmRecord@$0CA@@@@std@@@0@V120@00@Z"",""??$copy@Viterator@?$deque@U?$DequeAlgorithmRecord@$0EA@@@V?$allocator@U?$DequeAlgorithmRecord@$0EA@@@@std@@@std@@V123@@std@@YA?AViterator@?$deque@U?$DequeAlgorithmRecord@$0EA@@@V?$allocator@U?$DequeAlgorithmRecord@$0EA@@@@std@@@0@V120@00@Z"",""??$copy_backward@Viterator@?$deque@EV?$allocator@E@std@@@std@@V123@@std@@YA?AViterator@?$deque@EV?$allocator@E@std@@@0@V120@00@Z"",""??$copy_backward@Viterator@?$deque@GV?$allocator@G@std@@@std@@V123@@std@@YA?AViterator@?$deque@GV?$allocator@G@std@@@0@V120@00@Z"",""??$copy_backward@Viterator@?$deque@KV?$allocator@K@std@@@std@@V123@@std@@YA?AViterator@?$deque@KV?$allocator@K@std@@@0@V120@00@Z"",""??$copy_backward@Viterator@?$deque@MV?$allocator@M@std@@@std@@V123@@std@@YA?AViterator@?$deque@MV?$allocator@M@std@@@0@V120@00@Z"",""??$copy_backward@Viterator@?$deque@NV?$allocator@N@std@@@std@@V123@@std@@YA?AViterator@?$deque@NV?$allocator@N@std@@@0@V120@00@Z"",""??$copy_backward@Viterator@?$deque@PAXV?$allocator@PAX@std@@@std@@V123@@std@@YA?AViterator@?$deque@PAXV?$allocator@PAX@std@@@0@V120@00@Z"",""??$copy_backward@Viterator@?$deque@U?$DequeAlgorithmRecord@$00@@V?$allocator@U?$DequeAlgorithmRecord@$00@@@std@@@std@@V123@@std@@YA?AViterator@?$deque@U?$DequeAlgorithmRecord@$00@@V?$allocator@U?$DequeAlgorithmRecord@$00@@@std@@@0@V120@00@Z"",""??$copy_backward@Viterator@?$deque@U?$DequeAlgorithmRecord@$01@@V?$allocator@U?$DequeAlgorithmRecord@$01@@@std@@@std@@V123@@std@@YA?AViterator@?$deque@U?$DequeAlgorithmRecord@$01@@V?$allocator@U?$DequeAlgorithmRecord@$01@@@std@@@0@V120@00@Z"",""??$copy_backward@Viterator@?$deque@U?$DequeAlgorithmRecord@$03@@V?$allocator@U?$DequeAlgorithmRecord@$03@@@std@@@std@@V123@@std@@YA?AViterator@?$deque@U?$DequeAlgorithmRecord@$03@@V?$allocator@U?$DequeAlgorithmRecord@$03@@@std@@@0@V120@00@Z"",""??$copy_backward@Viterator@?$deque@U?$DequeAlgorithmRecord@$07@@V?$allocator@U?$DequeAlgorithmRecord@$07@@@std@@@std@@V123@@std@@YA?AViterator@?$deque@U?$DequeAlgorithmRecord@$07@@V?$allocator@U?$DequeAlgorithmRecord@$07@@@std@@@0@V120@00@Z"",""??$copy_backward@Viterator@?$deque@U?$DequeAlgorithmRecord@$0BA@@@V?$allocator@U?$DequeAlgorithmRecord@$0BA@@@@std@@@std@@V123@@std@@YA?AViterator@?$deque@U?$DequeAlgorithmRecord@$0BA@@@V?$allocator@U?$DequeAlgorithmRecord@$0BA@@@@std@@@0@V120@00@Z"",""??$copy_backward@Viterator@?$deque@U?$DequeAlgorithmRecord@$0CA@@@V?$allocator@U?$DequeAlgorithmRecord@$0CA@@@@std@@@std@@V123@@std@@YA?AViterator@?$deque@U?$DequeAlgorithmRecord@$0CA@@@V?$allocator@U?$DequeAlgorithmRecord@$0CA@@@@std@@@0@V120@00@Z"",""??$copy_backward@Viterator@?$deque@U?$DequeAlgorithmRecord@$0EA@@@V?$allocator@U?$DequeAlgorithmRecord@$0EA@@@@std@@@std@@V123@@std@@YA?AViterator@?$deque@U?$DequeAlgorithmRecord@$0EA@@@V?$allocator@U?$DequeAlgorithmRecord@$0EA@@@@std@@@0@V120@00@Z""]",176cdfba5567dc13581198d5fe4b6108a448767e0eba7e831e822039770c9411,5a0f69ecbc805d2f6dbc73c60564ed5a080e9e58b8bac9675fb2bb352b93c7de,"[{""offset"":13,""type"":""REL32"",""symbol"":""??$_Ptr_cat@Viterator@?$deque@KV?$allocator@K@std@@@std@@V123@@std@@YA?AU_Nonscalar_ptr_iterator_tag@0@AAViterator@?$deque@KV?$allocator@K@std@@@0@0@Z"",""addend"":0,""target_address"":""0x0041FE90""},{""offset"":56,""type"":""REL32"",""symbol"":""??$_Copy_backward_opt@Viterator@?$deque@KV?$allocator@K@std@@@std@@V123@@std@@YA?AViterator@?$deque@KV?$allocator@K@std@@@0@V120@00U_Nonscalar_ptr_iterator_tag@0@@Z"",""addend"":0,""target_address"":""0x0041FEA0""}]",0,wrapper,,,0x0041FEA0,R085
0x0041FA50,70,??$copy,??$copy@Viterator@?$deque@KV?$allocator@K@std@@@std@@V123@@std@@YA?AViterator@?$deque@KV?$allocator@K@std@@@0@V120@00@Z,"[""??$copy@Viterator@?$deque@EV?$allocator@E@std@@@std@@V123@@std@@YA?AViterator@?$deque@EV?$allocator@E@std@@@0@V120@00@Z"",""??$copy@Viterator@?$deque@GV?$allocator@G@std@@@std@@V123@@std@@YA?AViterator@?$deque@GV?$allocator@G@std@@@0@V120@00@Z"",""??$copy@Viterator@?$deque@KV?$allocator@K@std@@@std@@V123@@std@@YA?AViterator@?$deque@KV?$allocator@K@std@@@0@V120@00@Z"",""??$copy@Viterator@?$deque@MV?$allocator@M@std@@@std@@V123@@std@@YA?AViterator@?$deque@MV?$allocator@M@std@@@0@V120@00@Z"",""??$copy@Viterator@?$deque@NV?$allocator@N@std@@@std@@V123@@std@@YA?AViterator@?$deque@NV?$allocator@N@std@@@0@V120@00@Z"",""??$copy@Viterator@?$deque@PAXV?$allocator@PAX@std@@@std@@V123@@std@@YA?AViterator@?$deque@PAXV?$allocator@PAX@std@@@0@V120@00@Z"",""??$copy@Viterator@?$deque@U?$DequeAlgorithmRecord@$00@@V?$allocator@U?$DequeAlgorithmRecord@$00@@@std@@@std@@V123@@std@@YA?AViterator@?$deque@U?$DequeAlgorithmRecord@$00@@V?$allocator@U?$DequeAlgorithmRecord@$00@@@std@@@0@V120@00@Z"",""??$copy@Viterator@?$deque@U?$DequeAlgorithmRecord@$01@@V?$allocator@U?$DequeAlgorithmRecord@$01@@@std@@@std@@V123@@std@@YA?AViterator@?$deque@U?$DequeAlgorithmRecord@$01@@V?$allocator@U?$DequeAlgorithmRecord@$01@@@std@@@0@V120@00@Z"",""??$copy@Viterator@?$deque@U?$DequeAlgorithmRecord@$03@@V?$allocator@U?$DequeAlgorithmRecord@$03@@@std@@@std@@V123@@std@@YA?AViterator@?$deque@U?$DequeAlgorithmRecord@$03@@V?$allocator@U?$DequeAlgorithmRecord@$03@@@std@@@0@V120@00@Z"",""??$copy@Viterator@?$deque@U?$DequeAlgorithmRecord@$07@@V?$allocator@U?$DequeAlgorithmRecord@$07@@@std@@@std@@V123@@std@@YA?AViterator@?$deque@U?$DequeAlgorithmRecord@$07@@V?$allocator@U?$DequeAlgorithmRecord@$07@@@std@@@0@V120@00@Z"",""??$copy@Viterator@?$deque@U?$DequeAlgorithmRecord@$0BA@@@V?$allocator@U?$DequeAlgorithmRecord@$0BA@@@@std@@@std@@V123@@std@@YA?AViterator@?$deque@U?$DequeAlgorithmRecord@$0BA@@@V?$allocator@U?$DequeAlgorithmRecord@$0BA@@@@std@@@0@V120@00@Z"",""??$copy@Viterator@?$deque@U?$DequeAlgorithmRecord@$0CA@@@V?$allocator@U?$DequeAlgorithmRecord@$0CA@@@@std@@@std@@V123@@std@@YA?AViterator@?$deque@U?$DequeAlgorithmRecord@$0CA@@@V?$allocator@U?$DequeAlgorithmRecord@$0CA@@@@std@@@0@V120@00@Z"",""??$copy@Viterator@?$deque@U?$DequeAlgorithmRecord@$0EA@@@V?$allocator@U?$DequeAlgorithmRecord@$0EA@@@@std@@@std@@V123@@std@@YA?AViterator@?$deque@U?$DequeAlgorithmRecord@$0EA@@@V?$allocator@U?$DequeAlgorithmRecord@$0EA@@@@std@@@0@V120@00@Z"",""??$copy_backward@Viterator@?$deque@EV?$allocator@E@std@@@std@@V123@@std@@YA?AViterator@?$deque@EV?$allocator@E@std@@@0@V120@00@Z"",""??$copy_backward@Viterator@?$deque@GV?$allocator@G@std@@@std@@V123@@std@@YA?AViterator@?$deque@GV?$allocator@G@std@@@0@V120@00@Z"",""??$copy_backward@Viterator@?$deque@KV?$allocator@K@std@@@std@@V123@@std@@YA?AViterator@?$deque@KV?$allocator@K@std@@@0@V120@00@Z"",""??$copy_backward@Viterator@?$deque@MV?$allocator@M@std@@@std@@V123@@std@@YA?AViterator@?$deque@MV?$allocator@M@std@@@0@V120@00@Z"",""??$copy_backward@Viterator@?$deque@NV?$allocator@N@std@@@std@@V123@@std@@YA?AViterator@?$deque@NV?$allocator@N@std@@@0@V120@00@Z"",""??$copy_backward@Viterator@?$deque@PAXV?$allocator@PAX@std@@@std@@V123@@std@@YA?AViterator@?$deque@PAXV?$allocator@PAX@std@@@0@V120@00@Z"",""??$copy_backward@Viterator@?$deque@U?$DequeAlgorithmRecord@$00@@V?$allocator@U?$DequeAlgorithmRecord@$00@@@std@@@std@@V123@@std@@YA?AViterator@?$deque@U?$DequeAlgorithmRecord@$00@@V?$allocator@U?$DequeAlgorithmRecord@$00@@@std@@@0@V120@00@Z"",""??$copy_backward@Viterator@?$deque@U?$DequeAlgorithmRecord@$01@@V?$allocator@U?$DequeAlgorithmRecord@$01@@@std@@@std@@V123@@std@@YA?AViterator@?$deque@U?$DequeAlgorithmRecord@$01@@V?$allocator@U?$DequeAlgorithmRecord@$01@@@std@@@0@V120@00@Z"",""??$copy_backward@Viterator@?$deque@U?$DequeAlgorithmRecord@$03@@V?$allocator@U?$DequeAlgorithmRecord@$03@@@std@@@std@@V123@@std@@YA?AViterator@?$deque@U?$DequeAlgorithmRecord@$03@@V?$allocator@U?$DequeAlgorithmRecord@$03@@@std@@@0@V120@00@Z"",""??$copy_backward@Viterator@?$deque@U?$DequeAlgorithmRecord@$07@@V?$allocator@U?$DequeAlgorithmRecord@$07@@@std@@@std@@V123@@std@@YA?AViterator@?$deque@U?$DequeAlgorithmRecord@$07@@V?$allocator@U?$DequeAlgorithmRecord@$07@@@std@@@0@V120@00@Z"",""??$copy_backward@Viterator@?$deque@U?$DequeAlgorithmRecord@$0BA@@@V?$allocator@U?$DequeAlgorithmRecord@$0BA@@@@std@@@std@@V123@@std@@YA?AViterator@?$deque@U?$DequeAlgorithmRecord@$0BA@@@V?$allocator@U?$DequeAlgorithmRecord@$0BA@@@@std@@@0@V120@00@Z"",""??$copy_backward@Viterator@?$deque@U?$DequeAlgorithmRecord@$0CA@@@V?$allocator@U?$DequeAlgorithmRecord@$0CA@@@@std@@@std@@V123@@std@@YA?AViterator@?$deque@U?$DequeAlgorithmRecord@$0CA@@@V?$allocator@U?$DequeAlgorithmRecord@$0CA@@@@std@@@0@V120@00@Z"",""??$copy_backward@Viterator@?$deque@U?$DequeAlgorithmRecord@$0EA@@@V?$allocator@U?$DequeAlgorithmRecord@$0EA@@@@std@@@std@@V123@@std@@YA?AViterator@?$deque@U?$DequeAlgorithmRecord@$0EA@@@V?$allocator@U?$DequeAlgorithmRecord@$0EA@@@@std@@@0@V120@00@Z""]",176cdfba5567dc13581198d5fe4b6108a448767e0eba7e831e822039770c9411,cc6f79764e0023089427eee3c2b1ec4c5905ba8a02170d98d10ba2126ce5e1a3,"[{""offset"":13,""type"":""REL32"",""symbol"":""??$_Ptr_cat@Viterator@?$deque@KV?$allocator@K@std@@@std@@V123@@std@@YA?AU_Nonscalar_ptr_iterator_tag@0@AAViterator@?$deque@KV?$allocator@K@std@@@0@0@Z"",""addend"":0,""target_address"":""0x0041FE90""},{""offset"":56,""type"":""REL32"",""symbol"":""??$_Copy_opt@Viterator@?$deque@KV?$allocator@K@std@@@std@@V123@@std@@YA?AViterator@?$deque@KV?$allocator@K@std@@@0@V120@00U_Nonscalar_ptr_iterator_tag@0@@Z"",""addend"":0,""target_address"":""0x0041FF00""}]",0,wrapper,,,0x0041FF00,R085
0x0041FBC0,70,??$copy_backward,??$copy_backward@Viterator@?$deque@KV?$allocator@K@std@@@std@@V123@@std@@YA?AViterator@?$deque@KV?$allocator@K@std@@@0@V120@00@Z,"[""??$copy@Viterator@?$deque@EV?$allocator@E@std@@@std@@V123@@std@@YA?AViterator@?$deque@EV?$allocator@E@std@@@0@V120@00@Z"",""??$copy@Viterator@?$deque@GV?$allocator@G@std@@@std@@V123@@std@@YA?AViterator@?$deque@GV?$allocator@G@std@@@0@V120@00@Z"",""??$copy@Viterator@?$deque@KV?$allocator@K@std@@@std@@V123@@std@@YA?AViterator@?$deque@KV?$allocator@K@std@@@0@V120@00@Z"",""??$copy@Viterator@?$deque@MV?$allocator@M@std@@@std@@V123@@std@@YA?AViterator@?$deque@MV?$allocator@M@std@@@0@V120@00@Z"",""??$copy@Viterator@?$deque@NV?$allocator@N@std@@@std@@V123@@std@@YA?AViterator@?$deque@NV?$allocator@N@std@@@0@V120@00@Z"",""??$copy@Viterator@?$deque@PAXV?$allocator@PAX@std@@@std@@V123@@std@@YA?AViterator@?$deque@PAXV?$allocator@PAX@std@@@0@V120@00@Z"",""??$copy@Viterator@?$deque@U?$DequeAlgorithmRecord@$00@@V?$allocator@U?$DequeAlgorithmRecord@$00@@@std@@@std@@V123@@std@@YA?AViterator@?$deque@U?$DequeAlgorithmRecord@$00@@V?$allocator@U?$DequeAlgorithmRecord@$00@@@std@@@0@V120@00@Z"",""??$copy@Viterator@?$deque@U?$DequeAlgorithmRecord@$01@@V?$allocator@U?$DequeAlgorithmRecord@$01@@@std@@@std@@V123@@std@@YA?AViterator@?$deque@U?$DequeAlgorithmRecord@$01@@V?$allocator@U?$DequeAlgorithmRecord@$01@@@std@@@0@V120@00@Z"",""??$copy@Viterator@?$deque@U?$DequeAlgorithmRecord@$03@@V?$allocator@U?$DequeAlgorithmRecord@$03@@@std@@@std@@V123@@std@@YA?AViterator@?$deque@U?$DequeAlgorithmRecord@$03@@V?$allocator@U?$DequeAlgorithmRecord@$03@@@std@@@0@V120@00@Z"",""??$copy@Viterator@?$deque@U?$DequeAlgorithmRecord@$07@@V?$allocator@U?$DequeAlgorithmRecord@$07@@@std@@@std@@V123@@std@@YA?AViterator@?$deque@U?$DequeAlgorithmRecord@$07@@V?$allocator@U?$DequeAlgorithmRecord@$07@@@std@@@0@V120@00@Z"",""??$copy@Viterator@?$deque@U?$DequeAlgorithmRecord@$0BA@@@V?$allocator@U?$DequeAlgorithmRecord@$0BA@@@@std@@@std@@V123@@std@@YA?AViterator@?$deque@U?$DequeAlgorithmRecord@$0BA@@@V?$allocator@U?$DequeAlgorithmRecord@$0BA@@@@std@@@0@V120@00@Z"",""??$copy@Viterator@?$deque@U?$DequeAlgorithmRecord@$0CA@@@V?$allocator@U?$DequeAlgorithmRecord@$0CA@@@@std@@@std@@V123@@std@@YA?AViterator@?$deque@U?$DequeAlgorithmRecord@$0CA@@@V?$allocator@U?$DequeAlgorithmRecord@$0CA@@@@std@@@0@V120@00@Z"",""??$copy@Viterator@?$deque@U?$DequeAlgorithmRecord@$0EA@@@V?$allocator@U?$DequeAlgorithmRecord@$0EA@@@@std@@@std@@V123@@std@@YA?AViterator@?$deque@U?$DequeAlgorithmRecord@$0EA@@@V?$allocator@U?$DequeAlgorithmRecord@$0EA@@@@std@@@0@V120@00@Z"",""??$copy_backward@Viterator@?$deque@EV?$allocator@E@std@@@std@@V123@@std@@YA?AViterator@?$deque@EV?$allocator@E@std@@@0@V120@00@Z"",""??$copy_backward@Viterator@?$deque@GV?$allocator@G@std@@@std@@V123@@std@@YA?AViterator@?$deque@GV?$allocator@G@std@@@0@V120@00@Z"",""??$copy_backward@Viterator@?$deque@KV?$allocator@K@std@@@std@@V123@@std@@YA?AViterator@?$deque@KV?$allocator@K@std@@@0@V120@00@Z"",""??$copy_backward@Viterator@?$deque@MV?$allocator@M@std@@@std@@V123@@std@@YA?AViterator@?$deque@MV?$allocator@M@std@@@0@V120@00@Z"",""??$copy_backward@Viterator@?$deque@NV?$allocator@N@std@@@std@@V123@@std@@YA?AViterator@?$deque@NV?$allocator@N@std@@@0@V120@00@Z"",""??$copy_backward@Viterator@?$deque@PAXV?$allocator@PAX@std@@@std@@V123@@std@@YA?AViterator@?$deque@PAXV?$allocator@PAX@std@@@0@V120@00@Z"",""??$copy_backward@Viterator@?$deque@U?$DequeAlgorithmRecord@$00@@V?$allocator@U?$DequeAlgorithmRecord@$00@@@std@@@std@@V123@@std@@YA?AViterator@?$deque@U?$DequeAlgorithmRecord@$00@@V?$allocator@U?$DequeAlgorithmRecord@$00@@@std@@@0@V120@00@Z"",""??$copy_backward@Viterator@?$deque@U?$DequeAlgorithmRecord@$01@@V?$allocator@U?$DequeAlgorithmRecord@$01@@@std@@@std@@V123@@std@@YA?AViterator@?$deque@U?$DequeAlgorithmRecord@$01@@V?$allocator@U?$DequeAlgorithmRecord@$01@@@std@@@0@V120@00@Z"",""??$copy_backward@Viterator@?$deque@U?$DequeAlgorithmRecord@$03@@V?$allocator@U?$DequeAlgorithmRecord@$03@@@std@@@std@@V123@@std@@YA?AViterator@?$deque@U?$DequeAlgorithmRecord@$03@@V?$allocator@U?$DequeAlgorithmRecord@$03@@@std@@@0@V120@00@Z"",""??$copy_backward@Viterator@?$deque@U?$DequeAlgorithmRecord@$07@@V?$allocator@U?$DequeAlgorithmRecord@$07@@@std@@@std@@V123@@std@@YA?AViterator@?$deque@U?$DequeAlgorithmRecord@$07@@V?$allocator@U?$DequeAlgorithmRecord@$07@@@std@@@0@V120@00@Z"",""??$copy_backward@Viterator@?$deque@U?$DequeAlgorithmRecord@$0BA@@@V?$allocator@U?$DequeAlgorithmRecord@$0BA@@@@std@@@std@@V123@@std@@YA?AViterator@?$deque@U?$DequeAlgorithmRecord@$0BA@@@V?$allocator@U?$DequeAlgorithmRecord@$0BA@@@@std@@@0@V120@00@Z"",""??$copy_backward@Viterator@?$deque@U?$DequeAlgorithmRecord@$0CA@@@V?$allocator@U?$DequeAlgorithmRecord@$0CA@@@@std@@@std@@V123@@std@@YA?AViterator@?$deque@U?$DequeAlgorithmRecord@$0CA@@@V?$allocator@U?$DequeAlgorithmRecord@$0CA@@@@std@@@0@V120@00@Z"",""??$copy_backward@Viterator@?$deque@U?$DequeAlgorithmRecord@$0EA@@@V?$allocator@U?$DequeAlgorithmRecord@$0EA@@@@std@@@std@@V123@@std@@YA?AViterator@?$deque@U?$DequeAlgorithmRecord@$0EA@@@V?$allocator@U?$DequeAlgorithmRecord@$0EA@@@@std@@@0@V120@00@Z""]",176cdfba5567dc13581198d5fe4b6108a448767e0eba7e831e822039770c9411,bd9670174712e05a268e1fa2db808ea8f6e7e9a8a4f0babec1463b04c2a81238,"[{""offset"":13,""type"":""REL32"",""symbol"":""??$_Ptr_cat@Viterator@?$deque@KV?$allocator@K@std@@@std@@V123@@std@@YA?AU_Nonscalar_ptr_iterator_tag@0@AAViterator@?$deque@KV?$allocator@K@std@@@0@0@Z"",""addend"":0,""target_address"":""0x0041FFE0""},{""offset"":56,""type"":""REL32"",""symbol"":""??$_Copy_backward_opt@Viterator@?$deque@KV?$allocator@K@std@@@std@@V123@@std@@YA?AViterator@?$deque@KV?$allocator@K@std@@@0@V120@00U_Nonscalar_ptr_iterator_tag@0@@Z"",""addend"":0,""target_address"":""0x0041FFF0""}]",0,wrapper,,,0x0041FFF0,R085
0x0041FC10,70,??$copy,??$copy@Viterator@?$deque@KV?$allocator@K@std@@@std@@V123@@std@@YA?AViterator@?$deque@KV?$allocator@K@std@@@0@V120@00@Z,"[""??$copy@Viterator@?$deque@EV?$allocator@E@std@@@std@@V123@@std@@YA?AViterator@?$deque@EV?$allocator@E@std@@@0@V120@00@Z"",""??$copy@Viterator@?$deque@GV?$allocator@G@std@@@std@@V123@@std@@YA?AViterator@?$deque@GV?$allocator@G@std@@@0@V120@00@Z"",""??$copy@Viterator@?$deque@KV?$allocator@K@std@@@std@@V123@@std@@YA?AViterator@?$deque@KV?$allocator@K@std@@@0@V120@00@Z"",""??$copy@Viterator@?$deque@MV?$allocator@M@std@@@std@@V123@@std@@YA?AViterator@?$deque@MV?$allocator@M@std@@@0@V120@00@Z"",""??$copy@Viterator@?$deque@NV?$allocator@N@std@@@std@@V123@@std@@YA?AViterator@?$deque@NV?$allocator@N@std@@@0@V120@00@Z"",""??$copy@Viterator@?$deque@PAXV?$allocator@PAX@std@@@std@@V123@@std@@YA?AViterator@?$deque@PAXV?$allocator@PAX@std@@@0@V120@00@Z"",""??$copy@Viterator@?$deque@U?$DequeAlgorithmRecord@$00@@V?$allocator@U?$DequeAlgorithmRecord@$00@@@std@@@std@@V123@@std@@YA?AViterator@?$deque@U?$DequeAlgorithmRecord@$00@@V?$allocator@U?$DequeAlgorithmRecord@$00@@@std@@@0@V120@00@Z"",""??$copy@Viterator@?$deque@U?$DequeAlgorithmRecord@$01@@V?$allocator@U?$DequeAlgorithmRecord@$01@@@std@@@std@@V123@@std@@YA?AViterator@?$deque@U?$DequeAlgorithmRecord@$01@@V?$allocator@U?$DequeAlgorithmRecord@$01@@@std@@@0@V120@00@Z"",""??$copy@Viterator@?$deque@U?$DequeAlgorithmRecord@$03@@V?$allocator@U?$DequeAlgorithmRecord@$03@@@std@@@std@@V123@@std@@YA?AViterator@?$deque@U?$DequeAlgorithmRecord@$03@@V?$allocator@U?$DequeAlgorithmRecord@$03@@@std@@@0@V120@00@Z"",""??$copy@Viterator@?$deque@U?$DequeAlgorithmRecord@$07@@V?$allocator@U?$DequeAlgorithmRecord@$07@@@std@@@std@@V123@@std@@YA?AViterator@?$deque@U?$DequeAlgorithmRecord@$07@@V?$allocator@U?$DequeAlgorithmRecord@$07@@@std@@@0@V120@00@Z"",""??$copy@Viterator@?$deque@U?$DequeAlgorithmRecord@$0BA@@@V?$allocator@U?$DequeAlgorithmRecord@$0BA@@@@std@@@std@@V123@@std@@YA?AViterator@?$deque@U?$DequeAlgorithmRecord@$0BA@@@V?$allocator@U?$DequeAlgorithmRecord@$0BA@@@@std@@@0@V120@00@Z"",""??$copy@Viterator@?$deque@U?$DequeAlgorithmRecord@$0CA@@@V?$allocator@U?$DequeAlgorithmRecord@$0CA@@@@std@@@std@@V123@@std@@YA?AViterator@?$deque@U?$DequeAlgorithmRecord@$0CA@@@V?$allocator@U?$DequeAlgorithmRecord@$0CA@@@@std@@@0@V120@00@Z"",""??$copy@Viterator@?$deque@U?$DequeAlgorithmRecord@$0EA@@@V?$allocator@U?$DequeAlgorithmRecord@$0EA@@@@std@@@std@@V123@@std@@YA?AViterator@?$deque@U?$DequeAlgorithmRecord@$0EA@@@V?$allocator@U?$DequeAlgorithmRecord@$0EA@@@@std@@@0@V120@00@Z"",""??$copy_backward@Viterator@?$deque@EV?$allocator@E@std@@@std@@V123@@std@@YA?AViterator@?$deque@EV?$allocator@E@std@@@0@V120@00@Z"",""??$copy_backward@Viterator@?$deque@GV?$allocator@G@std@@@std@@V123@@std@@YA?AViterator@?$deque@GV?$allocator@G@std@@@0@V120@00@Z"",""??$copy_backward@Viterator@?$deque@KV?$allocator@K@std@@@std@@V123@@std@@YA?AViterator@?$deque@KV?$allocator@K@std@@@0@V120@00@Z"",""??$copy_backward@Viterator@?$deque@MV?$allocator@M@std@@@std@@V123@@std@@YA?AViterator@?$deque@MV?$allocator@M@std@@@0@V120@00@Z"",""??$copy_backward@Viterator@?$deque@NV?$allocator@N@std@@@std@@V123@@std@@YA?AViterator@?$deque@NV?$allocator@N@std@@@0@V120@00@Z"",""??$copy_backward@Viterator@?$deque@PAXV?$allocator@PAX@std@@@std@@V123@@std@@YA?AViterator@?$deque@PAXV?$allocator@PAX@std@@@0@V120@00@Z"",""??$copy_backward@Viterator@?$deque@U?$DequeAlgorithmRecord@$00@@V?$allocator@U?$DequeAlgorithmRecord@$00@@@std@@@std@@V123@@std@@YA?AViterator@?$deque@U?$DequeAlgorithmRecord@$00@@V?$allocator@U?$DequeAlgorithmRecord@$00@@@std@@@0@V120@00@Z"",""??$copy_backward@Viterator@?$deque@U?$DequeAlgorithmRecord@$01@@V?$allocator@U?$DequeAlgorithmRecord@$01@@@std@@@std@@V123@@std@@YA?AViterator@?$deque@U?$DequeAlgorithmRecord@$01@@V?$allocator@U?$DequeAlgorithmRecord@$01@@@std@@@0@V120@00@Z"",""??$copy_backward@Viterator@?$deque@U?$DequeAlgorithmRecord@$03@@V?$allocator@U?$DequeAlgorithmRecord@$03@@@std@@@std@@V123@@std@@YA?AViterator@?$deque@U?$DequeAlgorithmRecord@$03@@V?$allocator@U?$DequeAlgorithmRecord@$03@@@std@@@0@V120@00@Z"",""??$copy_backward@Viterator@?$deque@U?$DequeAlgorithmRecord@$07@@V?$allocator@U?$DequeAlgorithmRecord@$07@@@std@@@std@@V123@@std@@YA?AViterator@?$deque@U?$DequeAlgorithmRecord@$07@@V?$allocator@U?$DequeAlgorithmRecord@$07@@@std@@@0@V120@00@Z"",""??$copy_backward@Viterator@?$deque@U?$DequeAlgorithmRecord@$0BA@@@V?$allocator@U?$DequeAlgorithmRecord@$0BA@@@@std@@@std@@V123@@std@@YA?AViterator@?$deque@U?$DequeAlgorithmRecord@$0BA@@@V?$allocator@U?$DequeAlgorithmRecord@$0BA@@@@std@@@0@V120@00@Z"",""??$copy_backward@Viterator@?$deque@U?$DequeAlgorithmRecord@$0CA@@@V?$allocator@U?$DequeAlgorithmRecord@$0CA@@@@std@@@std@@V123@@std@@YA?AViterator@?$deque@U?$DequeAlgorithmRecord@$0CA@@@V?$allocator@U?$DequeAlgorithmRecord@$0CA@@@@std@@@0@V120@00@Z"",""??$copy_backward@Viterator@?$deque@U?$DequeAlgorithmRecord@$0EA@@@V?$allocator@U?$DequeAlgorithmRecord@$0EA@@@@std@@@std@@V123@@std@@YA?AViterator@?$deque@U?$DequeAlgorithmRecord@$0EA@@@V?$allocator@U?$DequeAlgorithmRecord@$0EA@@@@std@@@0@V120@00@Z""]",176cdfba5567dc13581198d5fe4b6108a448767e0eba7e831e822039770c9411,1c341fc6f879df954b2c3d744d309129c3a04a6febb46ccfe72d0874c03af4ed,"[{""offset"":13,""type"":""REL32"",""symbol"":""??$_Ptr_cat@Viterator@?$deque@KV?$allocator@K@std@@@std@@V123@@std@@YA?AU_Nonscalar_ptr_iterator_tag@0@AAViterator@?$deque@KV?$allocator@K@std@@@0@0@Z"",""addend"":0,""target_address"":""0x0041FFE0""},{""offset"":56,""type"":""REL32"",""symbol"":""??$_Copy_opt@Viterator@?$deque@KV?$allocator@K@std@@@std@@V123@@std@@YA?AViterator@?$deque@KV?$allocator@K@std@@@0@V120@00U_Nonscalar_ptr_iterator_tag@0@@Z"",""addend"":0,""target_address"":""0x00420050""}]",0,wrapper,,,0x00420050,R085
0x0041FE90,11,??$_Ptr_cat,??$_Ptr_cat@Viterator@?$deque@KV?$allocator@K@std@@@std@@V123@@std@@YA?AU_Nonscalar_ptr_iterator_tag@0@AAViterator@?$deque@KV?$allocator@K@std@@@0@0@Z,"[""??$_Ptr_cat@Viterator@?$deque@EV?$allocator@E@std@@@std@@V123@@std@@YA?AU_Nonscalar_ptr_iterator_tag@0@AAViterator@?$deque@EV?$allocator@E@std@@@0@0@Z"",""??$_Ptr_cat@Viterator@?$deque@GV?$allocator@G@std@@@std@@V123@@std@@YA?AU_Nonscalar_ptr_iterator_tag@0@AAViterator@?$deque@GV?$allocator@G@std@@@0@0@Z"",""??$_Ptr_cat@Viterator@?$deque@KV?$allocator@K@std@@@std@@V123@@std@@YA?AU_Nonscalar_ptr_iterator_tag@0@AAViterator@?$deque@KV?$allocator@K@std@@@0@0@Z"",""??$_Ptr_cat@Viterator@?$deque@MV?$allocator@M@std@@@std@@V123@@std@@YA?AU_Nonscalar_ptr_iterator_tag@0@AAViterator@?$deque@MV?$allocator@M@std@@@0@0@Z"",""??$_Ptr_cat@Viterator@?$deque@NV?$allocator@N@std@@@std@@V123@@std@@YA?AU_Nonscalar_ptr_iterator_tag@0@AAViterator@?$deque@NV?$allocator@N@std@@@0@0@Z"",""??$_Ptr_cat@Viterator@?$deque@PAXV?$allocator@PAX@std@@@std@@V123@@std@@YA?AU_Nonscalar_ptr_iterator_tag@0@AAViterator@?$deque@PAXV?$allocator@PAX@std@@@0@0@Z"",""??$_Ptr_cat@Viterator@?$deque@U?$DequeAlgorithmRecord@$00@@V?$allocator@U?$DequeAlgorithmRecord@$00@@@std@@@std@@V123@@std@@YA?AU_Nonscalar_ptr_iterator_tag@0@AAViterator@?$deque@U?$DequeAlgorithmRecord@$00@@V?$allocator@U?$DequeAlgorithmRecord@$00@@@std@@@0@0@Z"",""??$_Ptr_cat@Viterator@?$deque@U?$DequeAlgorithmRecord@$01@@V?$allocator@U?$DequeAlgorithmRecord@$01@@@std@@@std@@V123@@std@@YA?AU_Nonscalar_ptr_iterator_tag@0@AAViterator@?$deque@U?$DequeAlgorithmRecord@$01@@V?$allocator@U?$DequeAlgorithmRecord@$01@@@std@@@0@0@Z"",""??$_Ptr_cat@Viterator@?$deque@U?$DequeAlgorithmRecord@$03@@V?$allocator@U?$DequeAlgorithmRecord@$03@@@std@@@std@@V123@@std@@YA?AU_Nonscalar_ptr_iterator_tag@0@AAViterator@?$deque@U?$DequeAlgorithmRecord@$03@@V?$allocator@U?$DequeAlgorithmRecord@$03@@@std@@@0@0@Z"",""??$_Ptr_cat@Viterator@?$deque@U?$DequeAlgorithmRecord@$07@@V?$allocator@U?$DequeAlgorithmRecord@$07@@@std@@@std@@V123@@std@@YA?AU_Nonscalar_ptr_iterator_tag@0@AAViterator@?$deque@U?$DequeAlgorithmRecord@$07@@V?$allocator@U?$DequeAlgorithmRecord@$07@@@std@@@0@0@Z"",""??$_Ptr_cat@Viterator@?$deque@U?$DequeAlgorithmRecord@$0BA@@@V?$allocator@U?$DequeAlgorithmRecord@$0BA@@@@std@@@std@@V123@@std@@YA?AU_Nonscalar_ptr_iterator_tag@0@AAViterator@?$deque@U?$DequeAlgorithmRecord@$0BA@@@V?$allocator@U?$DequeAlgorithmRecord@$0BA@@@@std@@@0@0@Z"",""??$_Ptr_cat@Viterator@?$deque@U?$DequeAlgorithmRecord@$0CA@@@V?$allocator@U?$DequeAlgorithmRecord@$0CA@@@@std@@@std@@V123@@std@@YA?AU_Nonscalar_ptr_iterator_tag@0@AAViterator@?$deque@U?$DequeAlgorithmRecord@$0CA@@@V?$allocator@U?$DequeAlgorithmRecord@$0CA@@@@std@@@0@0@Z"",""??$_Ptr_cat@Viterator@?$deque@U?$DequeAlgorithmRecord@$0EA@@@V?$allocator@U?$DequeAlgorithmRecord@$0EA@@@@std@@@std@@V123@@std@@YA?AU_Nonscalar_ptr_iterator_tag@0@AAViterator@?$deque@U?$DequeAlgorithmRecord@$0EA@@@V?$allocator@U?$DequeAlgorithmRecord@$0EA@@@@std@@@0@0@Z""]",125af26ed15ea5e17205bbf1df6e31eeb82f0d79055557b9a04ec8a39e8679a8,125af26ed15ea5e17205bbf1df6e31eeb82f0d79055557b9a04ec8a39e8679a8,[],0,child,0x0041FA00,13,,R085
0x0041FEA0,81,??$_Copy_backward_opt,??$_Copy_backward_opt@Viterator@?$deque@KV?$allocator@K@std@@@std@@V123@@std@@YA?AViterator@?$deque@KV?$allocator@K@std@@@0@V120@00U_Nonscalar_ptr_iterator_tag@0@@Z,"[""??$_Copy_backward_opt@Viterator@?$deque@KV?$allocator@K@std@@@std@@V123@@std@@YA?AViterator@?$deque@KV?$allocator@K@std@@@0@V120@00U_Nonscalar_ptr_iterator_tag@0@@Z"",""??$_Copy_backward_opt@Viterator@?$deque@MV?$allocator@M@std@@@std@@V123@@std@@YA?AViterator@?$deque@MV?$allocator@M@std@@@0@V120@00U_Nonscalar_ptr_iterator_tag@0@@Z"",""??$_Copy_backward_opt@Viterator@?$deque@PAXV?$allocator@PAX@std@@@std@@V123@@std@@YA?AViterator@?$deque@PAXV?$allocator@PAX@std@@@0@V120@00U_Nonscalar_ptr_iterator_tag@0@@Z""]",43aa99804565a4c4fe985ca3fcb3eda8da541eac727785d3291eb6324efcff5d,4e28d68bbe7828505b65d388019864522b6c10f085abf39bfdd132bc07e4aa00,"[{""offset"":12,""type"":""REL32"",""symbol"":""??9const_iterator@?$deque@KV?$allocator@K@std@@@std@@QBE_NABV012@@Z"",""addend"":0,""target_address"":""0x00420170""},{""offset"":27,""type"":""REL32"",""symbol"":""??Fiterator@?$deque@KV?$allocator@K@std@@@std@@QAEAAV012@XZ"",""addend"":0,""target_address"":""0x00420150""},{""offset"":34,""type"":""REL32"",""symbol"":""??Diterator@?$deque@KV?$allocator@K@std@@@std@@QBEAAKXZ"",""addend"":0,""target_address"":""0x0041E000""},{""offset"":44,""type"":""REL32"",""symbol"":""??Fiterator@?$deque@KV?$allocator@K@std@@@std@@QAEAAV012@XZ"",""addend"":0,""target_address"":""0x00420150""},{""offset"":51,""type"":""REL32"",""symbol"":""??Diterator@?$deque@KV?$allocator@K@std@@@std@@QBEAAKXZ"",""addend"":0,""target_address"":""0x0041E000""}]",0,root,,,,R085
0x0041FF00,85,??$_Copy_opt,??$_Copy_opt@Viterator@?$deque@KV?$allocator@K@std@@@std@@V123@@std@@YA?AViterator@?$deque@KV?$allocator@K@std@@@0@V120@00U_Nonscalar_ptr_iterator_tag@0@@Z,"[""??$_Copy_opt@Viterator@?$deque@KV?$allocator@K@std@@@std@@V123@@std@@YA?AViterator@?$deque@KV?$allocator@K@std@@@0@V120@00U_Nonscalar_ptr_iterator_tag@0@@Z"",""??$_Copy_opt@Viterator@?$deque@MV?$allocator@M@std@@@std@@V123@@std@@YA?AViterator@?$deque@MV?$allocator@M@std@@@0@V120@00U_Nonscalar_ptr_iterator_tag@0@@Z"",""??$_Copy_opt@Viterator@?$deque@PAXV?$allocator@PAX@std@@@std@@V123@@std@@YA?AViterator@?$deque@PAXV?$allocator@PAX@std@@@0@V120@00U_Nonscalar_ptr_iterator_tag@0@@Z""]",2bd382cd6d2b7fb92f384144a5ab1321e1e72e9a539b8ae5abdd07fda1402ba9,68ea7e576391fba7673a609a8ff7a782674f1b32a98339089416405acfb4e9c6,"[{""offset"":10,""type"":""REL32"",""symbol"":""??Eiterator@?$deque@KV?$allocator@K@std@@@std@@QAEAAV012@XZ"",""addend"":0,""target_address"":""0x0041EE00""},{""offset"":18,""type"":""REL32"",""symbol"":""??Eiterator@?$deque@KV?$allocator@K@std@@@std@@QAEAAV012@XZ"",""addend"":0,""target_address"":""0x0041EE00""},{""offset"":30,""type"":""REL32"",""symbol"":""??9const_iterator@?$deque@KV?$allocator@K@std@@@std@@QBE_NABV012@@Z"",""addend"":0,""target_address"":""0x00420170""},{""offset"":45,""type"":""REL32"",""symbol"":""??Diterator@?$deque@KV?$allocator@K@std@@@std@@QBEAAKXZ"",""addend"":0,""target_address"":""0x0041E000""},{""offset"":55,""type"":""REL32"",""symbol"":""??Diterator@?$deque@KV?$allocator@K@std@@@std@@QBEAAKXZ"",""addend"":0,""target_address"":""0x0041E000""}]",0,root,,,,R085
0x0041FFE0,11,??$_Ptr_cat,??$_Ptr_cat@Viterator@?$deque@KV?$allocator@K@std@@@std@@V123@@std@@YA?AU_Nonscalar_ptr_iterator_tag@0@AAViterator@?$deque@KV?$allocator@K@std@@@0@0@Z,"[""??$_Ptr_cat@Viterator@?$deque@EV?$allocator@E@std@@@std@@V123@@std@@YA?AU_Nonscalar_ptr_iterator_tag@0@AAViterator@?$deque@EV?$allocator@E@std@@@0@0@Z"",""??$_Ptr_cat@Viterator@?$deque@GV?$allocator@G@std@@@std@@V123@@std@@YA?AU_Nonscalar_ptr_iterator_tag@0@AAViterator@?$deque@GV?$allocator@G@std@@@0@0@Z"",""??$_Ptr_cat@Viterator@?$deque@KV?$allocator@K@std@@@std@@V123@@std@@YA?AU_Nonscalar_ptr_iterator_tag@0@AAViterator@?$deque@KV?$allocator@K@std@@@0@0@Z"",""??$_Ptr_cat@Viterator@?$deque@MV?$allocator@M@std@@@std@@V123@@std@@YA?AU_Nonscalar_ptr_iterator_tag@0@AAViterator@?$deque@MV?$allocator@M@std@@@0@0@Z"",""??$_Ptr_cat@Viterator@?$deque@NV?$allocator@N@std@@@std@@V123@@std@@YA?AU_Nonscalar_ptr_iterator_tag@0@AAViterator@?$deque@NV?$allocator@N@std@@@0@0@Z"",""??$_Ptr_cat@Viterator@?$deque@PAXV?$allocator@PAX@std@@@std@@V123@@std@@YA?AU_Nonscalar_ptr_iterator_tag@0@AAViterator@?$deque@PAXV?$allocator@PAX@std@@@0@0@Z"",""??$_Ptr_cat@Viterator@?$deque@U?$DequeAlgorithmRecord@$00@@V?$allocator@U?$DequeAlgorithmRecord@$00@@@std@@@std@@V123@@std@@YA?AU_Nonscalar_ptr_iterator_tag@0@AAViterator@?$deque@U?$DequeAlgorithmRecord@$00@@V?$allocator@U?$DequeAlgorithmRecord@$00@@@std@@@0@0@Z"",""??$_Ptr_cat@Viterator@?$deque@U?$DequeAlgorithmRecord@$01@@V?$allocator@U?$DequeAlgorithmRecord@$01@@@std@@@std@@V123@@std@@YA?AU_Nonscalar_ptr_iterator_tag@0@AAViterator@?$deque@U?$DequeAlgorithmRecord@$01@@V?$allocator@U?$DequeAlgorithmRecord@$01@@@std@@@0@0@Z"",""??$_Ptr_cat@Viterator@?$deque@U?$DequeAlgorithmRecord@$03@@V?$allocator@U?$DequeAlgorithmRecord@$03@@@std@@@std@@V123@@std@@YA?AU_Nonscalar_ptr_iterator_tag@0@AAViterator@?$deque@U?$DequeAlgorithmRecord@$03@@V?$allocator@U?$DequeAlgorithmRecord@$03@@@std@@@0@0@Z"",""??$_Ptr_cat@Viterator@?$deque@U?$DequeAlgorithmRecord@$07@@V?$allocator@U?$DequeAlgorithmRecord@$07@@@std@@@std@@V123@@std@@YA?AU_Nonscalar_ptr_iterator_tag@0@AAViterator@?$deque@U?$DequeAlgorithmRecord@$07@@V?$allocator@U?$DequeAlgorithmRecord@$07@@@std@@@0@0@Z"",""??$_Ptr_cat@Viterator@?$deque@U?$DequeAlgorithmRecord@$0BA@@@V?$allocator@U?$DequeAlgorithmRecord@$0BA@@@@std@@@std@@V123@@std@@YA?AU_Nonscalar_ptr_iterator_tag@0@AAViterator@?$deque@U?$DequeAlgorithmRecord@$0BA@@@V?$allocator@U?$DequeAlgorithmRecord@$0BA@@@@std@@@0@0@Z"",""??$_Ptr_cat@Viterator@?$deque@U?$DequeAlgorithmRecord@$0CA@@@V?$allocator@U?$DequeAlgorithmRecord@$0CA@@@@std@@@std@@V123@@std@@YA?AU_Nonscalar_ptr_iterator_tag@0@AAViterator@?$deque@U?$DequeAlgorithmRecord@$0CA@@@V?$allocator@U?$DequeAlgorithmRecord@$0CA@@@@std@@@0@0@Z"",""??$_Ptr_cat@Viterator@?$deque@U?$DequeAlgorithmRecord@$0EA@@@V?$allocator@U?$DequeAlgorithmRecord@$0EA@@@@std@@@std@@V123@@std@@YA?AU_Nonscalar_ptr_iterator_tag@0@AAViterator@?$deque@U?$DequeAlgorithmRecord@$0EA@@@V?$allocator@U?$DequeAlgorithmRecord@$0EA@@@@std@@@0@0@Z""]",125af26ed15ea5e17205bbf1df6e31eeb82f0d79055557b9a04ec8a39e8679a8,125af26ed15ea5e17205bbf1df6e31eeb82f0d79055557b9a04ec8a39e8679a8,[],0,child,0x0041FBC0,13,,R085
0x0041FFF0,81,??$_Copy_backward_opt,??$_Copy_backward_opt@Viterator@?$deque@KV?$allocator@K@std@@@std@@V123@@std@@YA?AViterator@?$deque@KV?$allocator@K@std@@@0@V120@00U_Nonscalar_ptr_iterator_tag@0@@Z,"[""??$_Copy_backward_opt@Viterator@?$deque@KV?$allocator@K@std@@@std@@V123@@std@@YA?AViterator@?$deque@KV?$allocator@K@std@@@0@V120@00U_Nonscalar_ptr_iterator_tag@0@@Z"",""??$_Copy_backward_opt@Viterator@?$deque@MV?$allocator@M@std@@@std@@V123@@std@@YA?AViterator@?$deque@MV?$allocator@M@std@@@0@V120@00U_Nonscalar_ptr_iterator_tag@0@@Z"",""??$_Copy_backward_opt@Viterator@?$deque@PAXV?$allocator@PAX@std@@@std@@V123@@std@@YA?AViterator@?$deque@PAXV?$allocator@PAX@std@@@0@V120@00U_Nonscalar_ptr_iterator_tag@0@@Z""]",43aa99804565a4c4fe985ca3fcb3eda8da541eac727785d3291eb6324efcff5d,2a4ef4273609e069d010f0af71a813662534caffdd6acf660b859b2e971c064a,"[{""offset"":12,""type"":""REL32"",""symbol"":""??9const_iterator@?$deque@KV?$allocator@K@std@@@std@@QBE_NABV012@@Z"",""addend"":0,""target_address"":""0x0041DFD0""},{""offset"":27,""type"":""REL32"",""symbol"":""??Fiterator@?$deque@KV?$allocator@K@std@@@std@@QAEAAV012@XZ"",""addend"":0,""target_address"":""0x00420130""},{""offset"":34,""type"":""REL32"",""symbol"":""??Diterator@?$deque@KV?$allocator@K@std@@@std@@QBEAAKXZ"",""addend"":0,""target_address"":""0x0041DF70""},{""offset"":44,""type"":""REL32"",""symbol"":""??Fiterator@?$deque@KV?$allocator@K@std@@@std@@QAEAAV012@XZ"",""addend"":0,""target_address"":""0x00420130""},{""offset"":51,""type"":""REL32"",""symbol"":""??Diterator@?$deque@KV?$allocator@K@std@@@std@@QBEAAKXZ"",""addend"":0,""target_address"":""0x0041DF70""}]",0,root,,,,R085
0x00420050,85,??$_Copy_opt,??$_Copy_opt@Viterator@?$deque@KV?$allocator@K@std@@@std@@V123@@std@@YA?AViterator@?$deque@KV?$allocator@K@std@@@0@V120@00U_Nonscalar_ptr_iterator_tag@0@@Z,"[""??$_Copy_opt@Viterator@?$deque@KV?$allocator@K@std@@@std@@V123@@std@@YA?AViterator@?$deque@KV?$allocator@K@std@@@0@V120@00U_Nonscalar_ptr_iterator_tag@0@@Z"",""??$_Copy_opt@Viterator@?$deque@MV?$allocator@M@std@@@std@@V123@@std@@YA?AViterator@?$deque@MV?$allocator@M@std@@@0@V120@00U_Nonscalar_ptr_iterator_tag@0@@Z"",""??$_Copy_opt@Viterator@?$deque@PAXV?$allocator@PAX@std@@@std@@V123@@std@@YA?AViterator@?$deque@PAXV?$allocator@PAX@std@@@0@V120@00U_Nonscalar_ptr_iterator_tag@0@@Z""]",2bd382cd6d2b7fb92f384144a5ab1321e1e72e9a539b8ae5abdd07fda1402ba9,9cc4a659624bb120762299feff6ece36546ecb7fbaa1221d81c2e32f4478c2ca,"[{""offset"":10,""type"":""REL32"",""symbol"":""??Eiterator@?$deque@KV?$allocator@K@std@@@std@@QAEAAV012@XZ"",""addend"":0,""target_address"":""0x0041ECA0""},{""offset"":18,""type"":""REL32"",""symbol"":""??Eiterator@?$deque@KV?$allocator@K@std@@@std@@QAEAAV012@XZ"",""addend"":0,""target_address"":""0x0041ECA0""},{""offset"":30,""type"":""REL32"",""symbol"":""??9const_iterator@?$deque@KV?$allocator@K@std@@@std@@QBE_NABV012@@Z"",""addend"":0,""target_address"":""0x0041DFD0""},{""offset"":45,""type"":""REL32"",""symbol"":""??Diterator@?$deque@KV?$allocator@K@std@@@std@@QBEAAKXZ"",""addend"":0,""target_address"":""0x0041DF70""},{""offset"":55,""type"":""REL32"",""symbol"":""??Diterator@?$deque@KV?$allocator@K@std@@@std@@QBEAAKXZ"",""addend"":0,""target_address"":""0x0041DF70""}]",0,root,,,,R085
0x00420130,29,??Fiterator,??Fiterator@?$deque@KV?$allocator@K@std@@@std@@QAEAAV012@XZ,"[""??Fiterator@?$deque@EV?$allocator@E@std@@@std@@QAEAAV012@XZ"",""??Fiterator@?$deque@GV?$allocator@G@std@@@std@@QAEAAV012@XZ"",""??Fiterator@?$deque@KV?$allocator@K@std@@@std@@QAEAAV012@XZ"",""??Fiterator@?$deque@MV?$allocator@M@std@@@std@@QAEAAV012@XZ"",""??Fiterator@?$deque@NV?$allocator@N@std@@@std@@QAEAAV012@XZ"",""??Fiterator@?$deque@PAXV?$allocator@PAX@std@@@std@@QAEAAV012@XZ"",""??Fiterator@?$deque@U?$DequeAlgorithmRecord@$00@@V?$allocator@U?$DequeAlgorithmRecord@$00@@@std@@@std@@QAEAAV012@XZ"",""??Fiterator@?$deque@U?$DequeAlgorithmRecord@$01@@V?$allocator@U?$DequeAlgorithmRecord@$01@@@std@@@std@@QAEAAV012@XZ"",""??Fiterator@?$deque@U?$DequeAlgorithmRecord@$03@@V?$allocator@U?$DequeAlgorithmRecord@$03@@@std@@@std@@QAEAAV012@XZ"",""??Fiterator@?$deque@U?$DequeAlgorithmRecord@$07@@V?$allocator@U?$DequeAlgorithmRecord@$07@@@std@@@std@@QAEAAV012@XZ"",""??Fiterator@?$deque@U?$DequeAlgorithmRecord@$0BA@@@V?$allocator@U?$DequeAlgorithmRecord@$0BA@@@@std@@@std@@QAEAAV012@XZ"",""??Fiterator@?$deque@U?$DequeAlgorithmRecord@$0CA@@@V?$allocator@U?$DequeAlgorithmRecord@$0CA@@@@std@@@std@@QAEAAV012@XZ"",""??Fiterator@?$deque@U?$DequeAlgorithmRecord@$0EA@@@V?$allocator@U?$DequeAlgorithmRecord@$0EA@@@@std@@@std@@QAEAAV012@XZ""]",3344e010b691dd65084ba8f1c95eac3832868d7bc3341c25add5e89ab229bd33,3344e010b691dd65084ba8f1c95eac3832868d7bc3341c25add5e89ab229bd33,[],0,child,0x0041FFF0,27,,R085
0x00420150,29,??Fiterator,??Fiterator@?$deque@KV?$allocator@K@std@@@std@@QAEAAV012@XZ,"[""??Fiterator@?$deque@EV?$allocator@E@std@@@std@@QAEAAV012@XZ"",""??Fiterator@?$deque@GV?$allocator@G@std@@@std@@QAEAAV012@XZ"",""??Fiterator@?$deque@KV?$allocator@K@std@@@std@@QAEAAV012@XZ"",""??Fiterator@?$deque@MV?$allocator@M@std@@@std@@QAEAAV012@XZ"",""??Fiterator@?$deque@NV?$allocator@N@std@@@std@@QAEAAV012@XZ"",""??Fiterator@?$deque@PAXV?$allocator@PAX@std@@@std@@QAEAAV012@XZ"",""??Fiterator@?$deque@U?$DequeAlgorithmRecord@$00@@V?$allocator@U?$DequeAlgorithmRecord@$00@@@std@@@std@@QAEAAV012@XZ"",""??Fiterator@?$deque@U?$DequeAlgorithmRecord@$01@@V?$allocator@U?$DequeAlgorithmRecord@$01@@@std@@@std@@QAEAAV012@XZ"",""??Fiterator@?$deque@U?$DequeAlgorithmRecord@$03@@V?$allocator@U?$DequeAlgorithmRecord@$03@@@std@@@std@@QAEAAV012@XZ"",""??Fiterator@?$deque@U?$DequeAlgorithmRecord@$07@@V?$allocator@U?$DequeAlgorithmRecord@$07@@@std@@@std@@QAEAAV012@XZ"",""??Fiterator@?$deque@U?$DequeAlgorithmRecord@$0BA@@@V?$allocator@U?$DequeAlgorithmRecord@$0BA@@@@std@@@std@@QAEAAV012@XZ"",""??Fiterator@?$deque@U?$DequeAlgorithmRecord@$0CA@@@V?$allocator@U?$DequeAlgorithmRecord@$0CA@@@@std@@@std@@QAEAAV012@XZ"",""??Fiterator@?$deque@U?$DequeAlgorithmRecord@$0EA@@@V?$allocator@U?$DequeAlgorithmRecord@$0EA@@@@std@@@std@@QAEAAV012@XZ""]",3344e010b691dd65084ba8f1c95eac3832868d7bc3341c25add5e89ab229bd33,3344e010b691dd65084ba8f1c95eac3832868d7bc3341c25add5e89ab229bd33,[],0,child,0x0041FEA0,27,,R085
0x00423580,29,??Eiterator,??Eiterator@?$deque@U?$DequeAlgorithmRecord@$07@@V?$allocator@U?$DequeAlgorithmRecord@$07@@@std@@@std@@QAEAAV012@XZ,"[""??Eiterator@?$deque@EV?$allocator@E@std@@@std@@QAEAAV012@XZ"",""??Eiterator@?$deque@GV?$allocator@G@std@@@std@@QAEAAV012@XZ"",""??Eiterator@?$deque@KV?$allocator@K@std@@@std@@QAEAAV012@XZ"",""??Eiterator@?$deque@MV?$allocator@M@std@@@std@@QAEAAV012@XZ"",""??Eiterator@?$deque@NV?$allocator@N@std@@@std@@QAEAAV012@XZ"",""??Eiterator@?$deque@PAXV?$allocator@PAX@std@@@std@@QAEAAV012@XZ"",""??Eiterator@?$deque@U?$DequeAlgorithmRecord@$00@@V?$allocator@U?$DequeAlgorithmRecord@$00@@@std@@@std@@QAEAAV012@XZ"",""??Eiterator@?$deque@U?$DequeAlgorithmRecord@$01@@V?$allocator@U?$DequeAlgorithmRecord@$01@@@std@@@std@@QAEAAV012@XZ"",""??Eiterator@?$deque@U?$DequeAlgorithmRecord@$03@@V?$allocator@U?$DequeAlgorithmRecord@$03@@@std@@@std@@QAEAAV012@XZ"",""??Eiterator@?$deque@U?$DequeAlgorithmRecord@$07@@V?$allocator@U?$DequeAlgorithmRecord@$07@@@std@@@std@@QAEAAV012@XZ"",""??Eiterator@?$deque@U?$DequeAlgorithmRecord@$0BA@@@V?$allocator@U?$DequeAlgorithmRecord@$0BA@@@@std@@@std@@QAEAAV012@XZ"",""??Eiterator@?$deque@U?$DequeAlgorithmRecord@$0CA@@@V?$allocator@U?$DequeAlgorithmRecord@$0CA@@@@std@@@std@@QAEAAV012@XZ"",""??Eiterator@?$deque@U?$DequeAlgorithmRecord@$0EA@@@V?$allocator@U?$DequeAlgorithmRecord@$0EA@@@@std@@@std@@QAEAAV012@XZ""]",2d9ee1ef888fd99ef80c4a16231f33a7d3060b679b381a3be310d81d9205a535,2d9ee1ef888fd99ef80c4a16231f33a7d3060b679b381a3be310d81d9205a535,[],0,child,0x00423830,19,,R085
0x004236F0,70,??$copy,??$copy@Viterator@?$deque@U?$DequeAlgorithmRecord@$07@@V?$allocator@U?$DequeAlgorithmRecord@$07@@@std@@@std@@V123@@std@@YA?AViterator@?$deque@U?$DequeAlgorithmRecord@$07@@V?$allocator@U?$DequeAlgorithmRecord@$07@@@std@@@0@V120@00@Z,"[""??$copy@Viterator@?$deque@EV?$allocator@E@std@@@std@@V123@@std@@YA?AViterator@?$deque@EV?$allocator@E@std@@@0@V120@00@Z"",""??$copy@Viterator@?$deque@GV?$allocator@G@std@@@std@@V123@@std@@YA?AViterator@?$deque@GV?$allocator@G@std@@@0@V120@00@Z"",""??$copy@Viterator@?$deque@KV?$allocator@K@std@@@std@@V123@@std@@YA?AViterator@?$deque@KV?$allocator@K@std@@@0@V120@00@Z"",""??$copy@Viterator@?$deque@MV?$allocator@M@std@@@std@@V123@@std@@YA?AViterator@?$deque@MV?$allocator@M@std@@@0@V120@00@Z"",""??$copy@Viterator@?$deque@NV?$allocator@N@std@@@std@@V123@@std@@YA?AViterator@?$deque@NV?$allocator@N@std@@@0@V120@00@Z"",""??$copy@Viterator@?$deque@PAXV?$allocator@PAX@std@@@std@@V123@@std@@YA?AViterator@?$deque@PAXV?$allocator@PAX@std@@@0@V120@00@Z"",""??$copy@Viterator@?$deque@U?$DequeAlgorithmRecord@$00@@V?$allocator@U?$DequeAlgorithmRecord@$00@@@std@@@std@@V123@@std@@YA?AViterator@?$deque@U?$DequeAlgorithmRecord@$00@@V?$allocator@U?$DequeAlgorithmRecord@$00@@@std@@@0@V120@00@Z"",""??$copy@Viterator@?$deque@U?$DequeAlgorithmRecord@$01@@V?$allocator@U?$DequeAlgorithmRecord@$01@@@std@@@std@@V123@@std@@YA?AViterator@?$deque@U?$DequeAlgorithmRecord@$01@@V?$allocator@U?$DequeAlgorithmRecord@$01@@@std@@@0@V120@00@Z"",""??$copy@Viterator@?$deque@U?$DequeAlgorithmRecord@$03@@V?$allocator@U?$DequeAlgorithmRecord@$03@@@std@@@std@@V123@@std@@YA?AViterator@?$deque@U?$DequeAlgorithmRecord@$03@@V?$allocator@U?$DequeAlgorithmRecord@$03@@@std@@@0@V120@00@Z"",""??$copy@Viterator@?$deque@U?$DequeAlgorithmRecord@$07@@V?$allocator@U?$DequeAlgorithmRecord@$07@@@std@@@std@@V123@@std@@YA?AViterator@?$deque@U?$DequeAlgorithmRecord@$07@@V?$allocator@U?$DequeAlgorithmRecord@$07@@@std@@@0@V120@00@Z"",""??$copy@Viterator@?$deque@U?$DequeAlgorithmRecord@$0BA@@@V?$allocator@U?$DequeAlgorithmRecord@$0BA@@@@std@@@std@@V123@@std@@YA?AViterator@?$deque@U?$DequeAlgorithmRecord@$0BA@@@V?$allocator@U?$DequeAlgorithmRecord@$0BA@@@@std@@@0@V120@00@Z"",""??$copy@Viterator@?$deque@U?$DequeAlgorithmRecord@$0CA@@@V?$allocator@U?$DequeAlgorithmRecord@$0CA@@@@std@@@std@@V123@@std@@YA?AViterator@?$deque@U?$DequeAlgorithmRecord@$0CA@@@V?$allocator@U?$DequeAlgorithmRecord@$0CA@@@@std@@@0@V120@00@Z"",""??$copy@Viterator@?$deque@U?$DequeAlgorithmRecord@$0EA@@@V?$allocator@U?$DequeAlgorithmRecord@$0EA@@@@std@@@std@@V123@@std@@YA?AViterator@?$deque@U?$DequeAlgorithmRecord@$0EA@@@V?$allocator@U?$DequeAlgorithmRecord@$0EA@@@@std@@@0@V120@00@Z"",""??$copy_backward@Viterator@?$deque@EV?$allocator@E@std@@@std@@V123@@std@@YA?AViterator@?$deque@EV?$allocator@E@std@@@0@V120@00@Z"",""??$copy_backward@Viterator@?$deque@GV?$allocator@G@std@@@std@@V123@@std@@YA?AViterator@?$deque@GV?$allocator@G@std@@@0@V120@00@Z"",""??$copy_backward@Viterator@?$deque@KV?$allocator@K@std@@@std@@V123@@std@@YA?AViterator@?$deque@KV?$allocator@K@std@@@0@V120@00@Z"",""??$copy_backward@Viterator@?$deque@MV?$allocator@M@std@@@std@@V123@@std@@YA?AViterator@?$deque@MV?$allocator@M@std@@@0@V120@00@Z"",""??$copy_backward@Viterator@?$deque@NV?$allocator@N@std@@@std@@V123@@std@@YA?AViterator@?$deque@NV?$allocator@N@std@@@0@V120@00@Z"",""??$copy_backward@Viterator@?$deque@PAXV?$allocator@PAX@std@@@std@@V123@@std@@YA?AViterator@?$deque@PAXV?$allocator@PAX@std@@@0@V120@00@Z"",""??$copy_backward@Viterator@?$deque@U?$DequeAlgorithmRecord@$00@@V?$allocator@U?$DequeAlgorithmRecord@$00@@@std@@@std@@V123@@std@@YA?AViterator@?$deque@U?$DequeAlgorithmRecord@$00@@V?$allocator@U?$DequeAlgorithmRecord@$00@@@std@@@0@V120@00@Z"",""??$copy_backward@Viterator@?$deque@U?$DequeAlgorithmRecord@$01@@V?$allocator@U?$DequeAlgorithmRecord@$01@@@std@@@std@@V123@@std@@YA?AViterator@?$deque@U?$DequeAlgorithmRecord@$01@@V?$allocator@U?$DequeAlgorithmRecord@$01@@@std@@@0@V120@00@Z"",""??$copy_backward@Viterator@?$deque@U?$DequeAlgorithmRecord@$03@@V?$allocator@U?$DequeAlgorithmRecord@$03@@@std@@@std@@V123@@std@@YA?AViterator@?$deque@U?$DequeAlgorithmRecord@$03@@V?$allocator@U?$DequeAlgorithmRecord@$03@@@std@@@0@V120@00@Z"",""??$copy_backward@Viterator@?$deque@U?$DequeAlgorithmRecord@$07@@V?$allocator@U?$DequeAlgorithmRecord@$07@@@std@@@std@@V123@@std@@YA?AViterator@?$deque@U?$DequeAlgorithmRecord@$07@@V?$allocator@U?$DequeAlgorithmRecord@$07@@@std@@@0@V120@00@Z"",""??$copy_backward@Viterator@?$deque@U?$DequeAlgorithmRecord@$0BA@@@V?$allocator@U?$DequeAlgorithmRecord@$0BA@@@@std@@@std@@V123@@std@@YA?AViterator@?$deque@U?$DequeAlgorithmRecord@$0BA@@@V?$allocator@U?$DequeAlgorithmRecord@$0BA@@@@std@@@0@V120@00@Z"",""??$copy_backward@Viterator@?$deque@U?$DequeAlgorithmRecord@$0CA@@@V?$allocator@U?$DequeAlgorithmRecord@$0CA@@@@std@@@std@@V123@@std@@YA?AViterator@?$deque@U?$DequeAlgorithmRecord@$0CA@@@V?$allocator@U?$DequeAlgorithmRecord@$0CA@@@@std@@@0@V120@00@Z"",""??$copy_backward@Viterator@?$deque@U?$DequeAlgorithmRecord@$0EA@@@V?$allocator@U?$DequeAlgorithmRecord@$0EA@@@@std@@@std@@V123@@std@@YA?AViterator@?$deque@U?$DequeAlgorithmRecord@$0EA@@@V?$allocator@U?$DequeAlgorithmRecord@$0EA@@@@std@@@0@V120@00@Z""]",176cdfba5567dc13581198d5fe4b6108a448767e0eba7e831e822039770c9411,fd0b6a11d2b22838226af87d5251194e402586731cbba8ed70732d77ed909d20,"[{""offset"":13,""type"":""REL32"",""symbol"":""??$_Ptr_cat@Viterator@?$deque@U?$DequeAlgorithmRecord@$07@@V?$allocator@U?$DequeAlgorithmRecord@$07@@@std@@@std@@V123@@std@@YA?AU_Nonscalar_ptr_iterator_tag@0@AAViterator@?$deque@U?$DequeAlgorithmRecord@$07@@V?$allocator@U?$DequeAlgorithmRecord@$07@@@std@@@0@0@Z"",""addend"":0,""target_address"":""0x00423820""},{""offset"":56,""type"":""REL32"",""symbol"":""??$_Copy_opt@Viterator@?$deque@U?$DequeAlgorithmRecord@$07@@V?$allocator@U?$DequeAlgorithmRecord@$07@@@std@@@std@@V123@@std@@YA?AViterator@?$deque@U?$DequeAlgorithmRecord@$07@@V?$allocator@U?$DequeAlgorithmRecord@$07@@@std@@@0@V120@00U_Nonscalar_ptr_iterator_tag@0@@Z"",""addend"":0,""target_address"":""0x00423830""}]",0,wrapper,,,0x00423830,R085
0x00423740,70,??$copy,??$copy@Viterator@?$deque@U?$DequeAlgorithmRecord@$07@@V?$allocator@U?$DequeAlgorithmRecord@$07@@@std@@@std@@V123@@std@@YA?AViterator@?$deque@U?$DequeAlgorithmRecord@$07@@V?$allocator@U?$DequeAlgorithmRecord@$07@@@std@@@0@V120@00@Z,"[""??$copy@Viterator@?$deque@EV?$allocator@E@std@@@std@@V123@@std@@YA?AViterator@?$deque@EV?$allocator@E@std@@@0@V120@00@Z"",""??$copy@Viterator@?$deque@GV?$allocator@G@std@@@std@@V123@@std@@YA?AViterator@?$deque@GV?$allocator@G@std@@@0@V120@00@Z"",""??$copy@Viterator@?$deque@KV?$allocator@K@std@@@std@@V123@@std@@YA?AViterator@?$deque@KV?$allocator@K@std@@@0@V120@00@Z"",""??$copy@Viterator@?$deque@MV?$allocator@M@std@@@std@@V123@@std@@YA?AViterator@?$deque@MV?$allocator@M@std@@@0@V120@00@Z"",""??$copy@Viterator@?$deque@NV?$allocator@N@std@@@std@@V123@@std@@YA?AViterator@?$deque@NV?$allocator@N@std@@@0@V120@00@Z"",""??$copy@Viterator@?$deque@PAXV?$allocator@PAX@std@@@std@@V123@@std@@YA?AViterator@?$deque@PAXV?$allocator@PAX@std@@@0@V120@00@Z"",""??$copy@Viterator@?$deque@U?$DequeAlgorithmRecord@$00@@V?$allocator@U?$DequeAlgorithmRecord@$00@@@std@@@std@@V123@@std@@YA?AViterator@?$deque@U?$DequeAlgorithmRecord@$00@@V?$allocator@U?$DequeAlgorithmRecord@$00@@@std@@@0@V120@00@Z"",""??$copy@Viterator@?$deque@U?$DequeAlgorithmRecord@$01@@V?$allocator@U?$DequeAlgorithmRecord@$01@@@std@@@std@@V123@@std@@YA?AViterator@?$deque@U?$DequeAlgorithmRecord@$01@@V?$allocator@U?$DequeAlgorithmRecord@$01@@@std@@@0@V120@00@Z"",""??$copy@Viterator@?$deque@U?$DequeAlgorithmRecord@$03@@V?$allocator@U?$DequeAlgorithmRecord@$03@@@std@@@std@@V123@@std@@YA?AViterator@?$deque@U?$DequeAlgorithmRecord@$03@@V?$allocator@U?$DequeAlgorithmRecord@$03@@@std@@@0@V120@00@Z"",""??$copy@Viterator@?$deque@U?$DequeAlgorithmRecord@$07@@V?$allocator@U?$DequeAlgorithmRecord@$07@@@std@@@std@@V123@@std@@YA?AViterator@?$deque@U?$DequeAlgorithmRecord@$07@@V?$allocator@U?$DequeAlgorithmRecord@$07@@@std@@@0@V120@00@Z"",""??$copy@Viterator@?$deque@U?$DequeAlgorithmRecord@$0BA@@@V?$allocator@U?$DequeAlgorithmRecord@$0BA@@@@std@@@std@@V123@@std@@YA?AViterator@?$deque@U?$DequeAlgorithmRecord@$0BA@@@V?$allocator@U?$DequeAlgorithmRecord@$0BA@@@@std@@@0@V120@00@Z"",""??$copy@Viterator@?$deque@U?$DequeAlgorithmRecord@$0CA@@@V?$allocator@U?$DequeAlgorithmRecord@$0CA@@@@std@@@std@@V123@@std@@YA?AViterator@?$deque@U?$DequeAlgorithmRecord@$0CA@@@V?$allocator@U?$DequeAlgorithmRecord@$0CA@@@@std@@@0@V120@00@Z"",""??$copy@Viterator@?$deque@U?$DequeAlgorithmRecord@$0EA@@@V?$allocator@U?$DequeAlgorithmRecord@$0EA@@@@std@@@std@@V123@@std@@YA?AViterator@?$deque@U?$DequeAlgorithmRecord@$0EA@@@V?$allocator@U?$DequeAlgorithmRecord@$0EA@@@@std@@@0@V120@00@Z"",""??$copy_backward@Viterator@?$deque@EV?$allocator@E@std@@@std@@V123@@std@@YA?AViterator@?$deque@EV?$allocator@E@std@@@0@V120@00@Z"",""??$copy_backward@Viterator@?$deque@GV?$allocator@G@std@@@std@@V123@@std@@YA?AViterator@?$deque@GV?$allocator@G@std@@@0@V120@00@Z"",""??$copy_backward@Viterator@?$deque@KV?$allocator@K@std@@@std@@V123@@std@@YA?AViterator@?$deque@KV?$allocator@K@std@@@0@V120@00@Z"",""??$copy_backward@Viterator@?$deque@MV?$allocator@M@std@@@std@@V123@@std@@YA?AViterator@?$deque@MV?$allocator@M@std@@@0@V120@00@Z"",""??$copy_backward@Viterator@?$deque@NV?$allocator@N@std@@@std@@V123@@std@@YA?AViterator@?$deque@NV?$allocator@N@std@@@0@V120@00@Z"",""??$copy_backward@Viterator@?$deque@PAXV?$allocator@PAX@std@@@std@@V123@@std@@YA?AViterator@?$deque@PAXV?$allocator@PAX@std@@@0@V120@00@Z"",""??$copy_backward@Viterator@?$deque@U?$DequeAlgorithmRecord@$00@@V?$allocator@U?$DequeAlgorithmRecord@$00@@@std@@@std@@V123@@std@@YA?AViterator@?$deque@U?$DequeAlgorithmRecord@$00@@V?$allocator@U?$DequeAlgorithmRecord@$00@@@std@@@0@V120@00@Z"",""??$copy_backward@Viterator@?$deque@U?$DequeAlgorithmRecord@$01@@V?$allocator@U?$DequeAlgorithmRecord@$01@@@std@@@std@@V123@@std@@YA?AViterator@?$deque@U?$DequeAlgorithmRecord@$01@@V?$allocator@U?$DequeAlgorithmRecord@$01@@@std@@@0@V120@00@Z"",""??$copy_backward@Viterator@?$deque@U?$DequeAlgorithmRecord@$03@@V?$allocator@U?$DequeAlgorithmRecord@$03@@@std@@@std@@V123@@std@@YA?AViterator@?$deque@U?$DequeAlgorithmRecord@$03@@V?$allocator@U?$DequeAlgorithmRecord@$03@@@std@@@0@V120@00@Z"",""??$copy_backward@Viterator@?$deque@U?$DequeAlgorithmRecord@$07@@V?$allocator@U?$DequeAlgorithmRecord@$07@@@std@@@std@@V123@@std@@YA?AViterator@?$deque@U?$DequeAlgorithmRecord@$07@@V?$allocator@U?$DequeAlgorithmRecord@$07@@@std@@@0@V120@00@Z"",""??$copy_backward@Viterator@?$deque@U?$DequeAlgorithmRecord@$0BA@@@V?$allocator@U?$DequeAlgorithmRecord@$0BA@@@@std@@@std@@V123@@std@@YA?AViterator@?$deque@U?$DequeAlgorithmRecord@$0BA@@@V?$allocator@U?$DequeAlgorithmRecord@$0BA@@@@std@@@0@V120@00@Z"",""??$copy_backward@Viterator@?$deque@U?$DequeAlgorithmRecord@$0CA@@@V?$allocator@U?$DequeAlgorithmRecord@$0CA@@@@std@@@std@@V123@@std@@YA?AViterator@?$deque@U?$DequeAlgorithmRecord@$0CA@@@V?$allocator@U?$DequeAlgorithmRecord@$0CA@@@@std@@@0@V120@00@Z"",""??$copy_backward@Viterator@?$deque@U?$DequeAlgorithmRecord@$0EA@@@V?$allocator@U?$DequeAlgorithmRecord@$0EA@@@@std@@@std@@V123@@std@@YA?AViterator@?$deque@U?$DequeAlgorithmRecord@$0EA@@@V?$allocator@U?$DequeAlgorithmRecord@$0EA@@@@std@@@0@V120@00@Z""]",176cdfba5567dc13581198d5fe4b6108a448767e0eba7e831e822039770c9411,0b58be513bccfbaa55bff8d64218fe6d87dcf365471dbc4a72f044dfc4669fa3,"[{""offset"":13,""type"":""REL32"",""symbol"":""??$_Ptr_cat@Viterator@?$deque@U?$DequeAlgorithmRecord@$07@@V?$allocator@U?$DequeAlgorithmRecord@$07@@@std@@@std@@V123@@std@@YA?AU_Nonscalar_ptr_iterator_tag@0@AAViterator@?$deque@U?$DequeAlgorithmRecord@$07@@V?$allocator@U?$DequeAlgorithmRecord@$07@@@std@@@0@0@Z"",""addend"":0,""target_address"":""0x00423890""},{""offset"":56,""type"":""REL32"",""symbol"":""??$_Copy_opt@Viterator@?$deque@U?$DequeAlgorithmRecord@$07@@V?$allocator@U?$DequeAlgorithmRecord@$07@@@std@@@std@@V123@@std@@YA?AViterator@?$deque@U?$DequeAlgorithmRecord@$07@@V?$allocator@U?$DequeAlgorithmRecord@$07@@@std@@@0@V120@00U_Nonscalar_ptr_iterator_tag@0@@Z"",""addend"":0,""target_address"":""0x004238A0""}]",0,wrapper,,,0x004238A0,R085
0x00423790,70,??$copy_backward,??$copy_backward@Viterator@?$deque@U?$DequeAlgorithmRecord@$07@@V?$allocator@U?$DequeAlgorithmRecord@$07@@@std@@@std@@V123@@std@@YA?AViterator@?$deque@U?$DequeAlgorithmRecord@$07@@V?$allocator@U?$DequeAlgorithmRecord@$07@@@std@@@0@V120@00@Z,"[""??$copy@Viterator@?$deque@EV?$allocator@E@std@@@std@@V123@@std@@YA?AViterator@?$deque@EV?$allocator@E@std@@@0@V120@00@Z"",""??$copy@Viterator@?$deque@GV?$allocator@G@std@@@std@@V123@@std@@YA?AViterator@?$deque@GV?$allocator@G@std@@@0@V120@00@Z"",""??$copy@Viterator@?$deque@KV?$allocator@K@std@@@std@@V123@@std@@YA?AViterator@?$deque@KV?$allocator@K@std@@@0@V120@00@Z"",""??$copy@Viterator@?$deque@MV?$allocator@M@std@@@std@@V123@@std@@YA?AViterator@?$deque@MV?$allocator@M@std@@@0@V120@00@Z"",""??$copy@Viterator@?$deque@NV?$allocator@N@std@@@std@@V123@@std@@YA?AViterator@?$deque@NV?$allocator@N@std@@@0@V120@00@Z"",""??$copy@Viterator@?$deque@PAXV?$allocator@PAX@std@@@std@@V123@@std@@YA?AViterator@?$deque@PAXV?$allocator@PAX@std@@@0@V120@00@Z"",""??$copy@Viterator@?$deque@U?$DequeAlgorithmRecord@$00@@V?$allocator@U?$DequeAlgorithmRecord@$00@@@std@@@std@@V123@@std@@YA?AViterator@?$deque@U?$DequeAlgorithmRecord@$00@@V?$allocator@U?$DequeAlgorithmRecord@$00@@@std@@@0@V120@00@Z"",""??$copy@Viterator@?$deque@U?$DequeAlgorithmRecord@$01@@V?$allocator@U?$DequeAlgorithmRecord@$01@@@std@@@std@@V123@@std@@YA?AViterator@?$deque@U?$DequeAlgorithmRecord@$01@@V?$allocator@U?$DequeAlgorithmRecord@$01@@@std@@@0@V120@00@Z"",""??$copy@Viterator@?$deque@U?$DequeAlgorithmRecord@$03@@V?$allocator@U?$DequeAlgorithmRecord@$03@@@std@@@std@@V123@@std@@YA?AViterator@?$deque@U?$DequeAlgorithmRecord@$03@@V?$allocator@U?$DequeAlgorithmRecord@$03@@@std@@@0@V120@00@Z"",""??$copy@Viterator@?$deque@U?$DequeAlgorithmRecord@$07@@V?$allocator@U?$DequeAlgorithmRecord@$07@@@std@@@std@@V123@@std@@YA?AViterator@?$deque@U?$DequeAlgorithmRecord@$07@@V?$allocator@U?$DequeAlgorithmRecord@$07@@@std@@@0@V120@00@Z"",""??$copy@Viterator@?$deque@U?$DequeAlgorithmRecord@$0BA@@@V?$allocator@U?$DequeAlgorithmRecord@$0BA@@@@std@@@std@@V123@@std@@YA?AViterator@?$deque@U?$DequeAlgorithmRecord@$0BA@@@V?$allocator@U?$DequeAlgorithmRecord@$0BA@@@@std@@@0@V120@00@Z"",""??$copy@Viterator@?$deque@U?$DequeAlgorithmRecord@$0CA@@@V?$allocator@U?$DequeAlgorithmRecord@$0CA@@@@std@@@std@@V123@@std@@YA?AViterator@?$deque@U?$DequeAlgorithmRecord@$0CA@@@V?$allocator@U?$DequeAlgorithmRecord@$0CA@@@@std@@@0@V120@00@Z"",""??$copy@Viterator@?$deque@U?$DequeAlgorithmRecord@$0EA@@@V?$allocator@U?$DequeAlgorithmRecord@$0EA@@@@std@@@std@@V123@@std@@YA?AViterator@?$deque@U?$DequeAlgorithmRecord@$0EA@@@V?$allocator@U?$DequeAlgorithmRecord@$0EA@@@@std@@@0@V120@00@Z"",""??$copy_backward@Viterator@?$deque@EV?$allocator@E@std@@@std@@V123@@std@@YA?AViterator@?$deque@EV?$allocator@E@std@@@0@V120@00@Z"",""??$copy_backward@Viterator@?$deque@GV?$allocator@G@std@@@std@@V123@@std@@YA?AViterator@?$deque@GV?$allocator@G@std@@@0@V120@00@Z"",""??$copy_backward@Viterator@?$deque@KV?$allocator@K@std@@@std@@V123@@std@@YA?AViterator@?$deque@KV?$allocator@K@std@@@0@V120@00@Z"",""??$copy_backward@Viterator@?$deque@MV?$allocator@M@std@@@std@@V123@@std@@YA?AViterator@?$deque@MV?$allocator@M@std@@@0@V120@00@Z"",""??$copy_backward@Viterator@?$deque@NV?$allocator@N@std@@@std@@V123@@std@@YA?AViterator@?$deque@NV?$allocator@N@std@@@0@V120@00@Z"",""??$copy_backward@Viterator@?$deque@PAXV?$allocator@PAX@std@@@std@@V123@@std@@YA?AViterator@?$deque@PAXV?$allocator@PAX@std@@@0@V120@00@Z"",""??$copy_backward@Viterator@?$deque@U?$DequeAlgorithmRecord@$00@@V?$allocator@U?$DequeAlgorithmRecord@$00@@@std@@@std@@V123@@std@@YA?AViterator@?$deque@U?$DequeAlgorithmRecord@$00@@V?$allocator@U?$DequeAlgorithmRecord@$00@@@std@@@0@V120@00@Z"",""??$copy_backward@Viterator@?$deque@U?$DequeAlgorithmRecord@$01@@V?$allocator@U?$DequeAlgorithmRecord@$01@@@std@@@std@@V123@@std@@YA?AViterator@?$deque@U?$DequeAlgorithmRecord@$01@@V?$allocator@U?$DequeAlgorithmRecord@$01@@@std@@@0@V120@00@Z"",""??$copy_backward@Viterator@?$deque@U?$DequeAlgorithmRecord@$03@@V?$allocator@U?$DequeAlgorithmRecord@$03@@@std@@@std@@V123@@std@@YA?AViterator@?$deque@U?$DequeAlgorithmRecord@$03@@V?$allocator@U?$DequeAlgorithmRecord@$03@@@std@@@0@V120@00@Z"",""??$copy_backward@Viterator@?$deque@U?$DequeAlgorithmRecord@$07@@V?$allocator@U?$DequeAlgorithmRecord@$07@@@std@@@std@@V123@@std@@YA?AViterator@?$deque@U?$DequeAlgorithmRecord@$07@@V?$allocator@U?$DequeAlgorithmRecord@$07@@@std@@@0@V120@00@Z"",""??$copy_backward@Viterator@?$deque@U?$DequeAlgorithmRecord@$0BA@@@V?$allocator@U?$DequeAlgorithmRecord@$0BA@@@@std@@@std@@V123@@std@@YA?AViterator@?$deque@U?$DequeAlgorithmRecord@$0BA@@@V?$allocator@U?$DequeAlgorithmRecord@$0BA@@@@std@@@0@V120@00@Z"",""??$copy_backward@Viterator@?$deque@U?$DequeAlgorithmRecord@$0CA@@@V?$allocator@U?$DequeAlgorithmRecord@$0CA@@@@std@@@std@@V123@@std@@YA?AViterator@?$deque@U?$DequeAlgorithmRecord@$0CA@@@V?$allocator@U?$DequeAlgorithmRecord@$0CA@@@@std@@@0@V120@00@Z"",""??$copy_backward@Viterator@?$deque@U?$DequeAlgorithmRecord@$0EA@@@V?$allocator@U?$DequeAlgorithmRecord@$0EA@@@@std@@@std@@V123@@std@@YA?AViterator@?$deque@U?$DequeAlgorithmRecord@$0EA@@@V?$allocator@U?$DequeAlgorithmRecord@$0EA@@@@std@@@0@V120@00@Z""]",176cdfba5567dc13581198d5fe4b6108a448767e0eba7e831e822039770c9411,8ec6b14e13fb3bb9930a2c44607cca4e83bde40e942950f50af71f1aa52aa3f4,"[{""offset"":13,""type"":""REL32"",""symbol"":""??$_Ptr_cat@Viterator@?$deque@U?$DequeAlgorithmRecord@$07@@V?$allocator@U?$DequeAlgorithmRecord@$07@@@std@@@std@@V123@@std@@YA?AU_Nonscalar_ptr_iterator_tag@0@AAViterator@?$deque@U?$DequeAlgorithmRecord@$07@@V?$allocator@U?$DequeAlgorithmRecord@$07@@@std@@@0@0@Z"",""addend"":0,""target_address"":""0x00423890""},{""offset"":56,""type"":""REL32"",""symbol"":""??$_Copy_backward_opt@Viterator@?$deque@U?$DequeAlgorithmRecord@$07@@V?$allocator@U?$DequeAlgorithmRecord@$07@@@std@@@std@@V123@@std@@YA?AViterator@?$deque@U?$DequeAlgorithmRecord@$07@@V?$allocator@U?$DequeAlgorithmRecord@$07@@@std@@@0@V120@00U_Nonscalar_ptr_iterator_tag@0@@Z"",""addend"":0,""target_address"":""0x00423900""}]",0,wrapper,,,0x00423900,R085
0x00423820,11,??$_Ptr_cat,??$_Ptr_cat@Viterator@?$deque@U?$DequeAlgorithmRecord@$07@@V?$allocator@U?$DequeAlgorithmRecord@$07@@@std@@@std@@V123@@std@@YA?AU_Nonscalar_ptr_iterator_tag@0@AAViterator@?$deque@U?$DequeAlgorithmRecord@$07@@V?$allocator@U?$DequeAlgorithmRecord@$07@@@std@@@0@0@Z,"[""??$_Ptr_cat@Viterator@?$deque@EV?$allocator@E@std@@@std@@V123@@std@@YA?AU_Nonscalar_ptr_iterator_tag@0@AAViterator@?$deque@EV?$allocator@E@std@@@0@0@Z"",""??$_Ptr_cat@Viterator@?$deque@GV?$allocator@G@std@@@std@@V123@@std@@YA?AU_Nonscalar_ptr_iterator_tag@0@AAViterator@?$deque@GV?$allocator@G@std@@@0@0@Z"",""??$_Ptr_cat@Viterator@?$deque@KV?$allocator@K@std@@@std@@V123@@std@@YA?AU_Nonscalar_ptr_iterator_tag@0@AAViterator@?$deque@KV?$allocator@K@std@@@0@0@Z"",""??$_Ptr_cat@Viterator@?$deque@MV?$allocator@M@std@@@std@@V123@@std@@YA?AU_Nonscalar_ptr_iterator_tag@0@AAViterator@?$deque@MV?$allocator@M@std@@@0@0@Z"",""??$_Ptr_cat@Viterator@?$deque@NV?$allocator@N@std@@@std@@V123@@std@@YA?AU_Nonscalar_ptr_iterator_tag@0@AAViterator@?$deque@NV?$allocator@N@std@@@0@0@Z"",""??$_Ptr_cat@Viterator@?$deque@PAXV?$allocator@PAX@std@@@std@@V123@@std@@YA?AU_Nonscalar_ptr_iterator_tag@0@AAViterator@?$deque@PAXV?$allocator@PAX@std@@@0@0@Z"",""??$_Ptr_cat@Viterator@?$deque@U?$DequeAlgorithmRecord@$00@@V?$allocator@U?$DequeAlgorithmRecord@$00@@@std@@@std@@V123@@std@@YA?AU_Nonscalar_ptr_iterator_tag@0@AAViterator@?$deque@U?$DequeAlgorithmRecord@$00@@V?$allocator@U?$DequeAlgorithmRecord@$00@@@std@@@0@0@Z"",""??$_Ptr_cat@Viterator@?$deque@U?$DequeAlgorithmRecord@$01@@V?$allocator@U?$DequeAlgorithmRecord@$01@@@std@@@std@@V123@@std@@YA?AU_Nonscalar_ptr_iterator_tag@0@AAViterator@?$deque@U?$DequeAlgorithmRecord@$01@@V?$allocator@U?$DequeAlgorithmRecord@$01@@@std@@@0@0@Z"",""??$_Ptr_cat@Viterator@?$deque@U?$DequeAlgorithmRecord@$03@@V?$allocator@U?$DequeAlgorithmRecord@$03@@@std@@@std@@V123@@std@@YA?AU_Nonscalar_ptr_iterator_tag@0@AAViterator@?$deque@U?$DequeAlgorithmRecord@$03@@V?$allocator@U?$DequeAlgorithmRecord@$03@@@std@@@0@0@Z"",""??$_Ptr_cat@Viterator@?$deque@U?$DequeAlgorithmRecord@$07@@V?$allocator@U?$DequeAlgorithmRecord@$07@@@std@@@std@@V123@@std@@YA?AU_Nonscalar_ptr_iterator_tag@0@AAViterator@?$deque@U?$DequeAlgorithmRecord@$07@@V?$allocator@U?$DequeAlgorithmRecord@$07@@@std@@@0@0@Z"",""??$_Ptr_cat@Viterator@?$deque@U?$DequeAlgorithmRecord@$0BA@@@V?$allocator@U?$DequeAlgorithmRecord@$0BA@@@@std@@@std@@V123@@std@@YA?AU_Nonscalar_ptr_iterator_tag@0@AAViterator@?$deque@U?$DequeAlgorithmRecord@$0BA@@@V?$allocator@U?$DequeAlgorithmRecord@$0BA@@@@std@@@0@0@Z"",""??$_Ptr_cat@Viterator@?$deque@U?$DequeAlgorithmRecord@$0CA@@@V?$allocator@U?$DequeAlgorithmRecord@$0CA@@@@std@@@std@@V123@@std@@YA?AU_Nonscalar_ptr_iterator_tag@0@AAViterator@?$deque@U?$DequeAlgorithmRecord@$0CA@@@V?$allocator@U?$DequeAlgorithmRecord@$0CA@@@@std@@@0@0@Z"",""??$_Ptr_cat@Viterator@?$deque@U?$DequeAlgorithmRecord@$0EA@@@V?$allocator@U?$DequeAlgorithmRecord@$0EA@@@@std@@@std@@V123@@std@@YA?AU_Nonscalar_ptr_iterator_tag@0@AAViterator@?$deque@U?$DequeAlgorithmRecord@$0EA@@@V?$allocator@U?$DequeAlgorithmRecord@$0EA@@@@std@@@0@0@Z""]",125af26ed15ea5e17205bbf1df6e31eeb82f0d79055557b9a04ec8a39e8679a8,125af26ed15ea5e17205bbf1df6e31eeb82f0d79055557b9a04ec8a39e8679a8,[],0,child,0x004236F0,13,,R085
0x00423830,91,??$_Copy_opt,??$_Copy_opt@Viterator@?$deque@U?$DequeAlgorithmRecord@$07@@V?$allocator@U?$DequeAlgorithmRecord@$07@@@std@@@std@@V123@@std@@YA?AViterator@?$deque@U?$DequeAlgorithmRecord@$07@@V?$allocator@U?$DequeAlgorithmRecord@$07@@@std@@@0@V120@00U_Nonscalar_ptr_iterator_tag@0@@Z,"[""??$_Copy_opt@Viterator@?$deque@U?$DequeAlgorithmRecord@$07@@V?$allocator@U?$DequeAlgorithmRecord@$07@@@std@@@std@@V123@@std@@YA?AViterator@?$deque@U?$DequeAlgorithmRecord@$07@@V?$allocator@U?$DequeAlgorithmRecord@$07@@@std@@@0@V120@00U_Nonscalar_ptr_iterator_tag@0@@Z""]",a3c3a25e6851eca5eb3f8ddb3034457c3a098fbd65a75ff41c98ed76fe8d4660,fadf0ae725f76a4d759b9362312101b40b9e819a95efb6cf3f57e026a86238cc,"[{""offset"":11,""type"":""REL32"",""symbol"":""??Eiterator@?$deque@U?$DequeAlgorithmRecord@$07@@V?$allocator@U?$DequeAlgorithmRecord@$07@@@std@@@std@@QAEAAV012@XZ"",""addend"":0,""target_address"":""0x00423960""},{""offset"":19,""type"":""REL32"",""symbol"":""??Eiterator@?$deque@U?$DequeAlgorithmRecord@$07@@V?$allocator@U?$DequeAlgorithmRecord@$07@@@std@@@std@@QAEAAV012@XZ"",""addend"":0,""target_address"":""0x00423580""},{""offset"":31,""type"":""REL32"",""symbol"":""??9const_iterator@?$deque@U?$DequeAlgorithmRecord@$07@@V?$allocator@U?$DequeAlgorithmRecord@$07@@@std@@@std@@QBE_NABV012@@Z"",""addend"":0,""target_address"":""0x004235C0""},{""offset"":46,""type"":""REL32"",""symbol"":""??Diterator@?$deque@U?$DequeAlgorithmRecord@$07@@V?$allocator@U?$DequeAlgorithmRecord@$07@@@std@@@std@@QBEAAU?$DequeAlgorithmRecord@$07@@XZ"",""addend"":0,""target_address"":""0x004224A0""},{""offset"":59,""type"":""REL32"",""symbol"":""??Diterator@?$deque@U?$DequeAlgorithmRecord@$07@@V?$allocator@U?$DequeAlgorithmRecord@$07@@@std@@@std@@QBEAAU?$DequeAlgorithmRecord@$07@@XZ"",""addend"":0,""target_address"":""0x00421F20""}]",0,root,,,,R085
0x00423890,11,??$_Ptr_cat,??$_Ptr_cat@Viterator@?$deque@U?$DequeAlgorithmRecord@$07@@V?$allocator@U?$DequeAlgorithmRecord@$07@@@std@@@std@@V123@@std@@YA?AU_Nonscalar_ptr_iterator_tag@0@AAViterator@?$deque@U?$DequeAlgorithmRecord@$07@@V?$allocator@U?$DequeAlgorithmRecord@$07@@@std@@@0@0@Z,"[""??$_Ptr_cat@Viterator@?$deque@EV?$allocator@E@std@@@std@@V123@@std@@YA?AU_Nonscalar_ptr_iterator_tag@0@AAViterator@?$deque@EV?$allocator@E@std@@@0@0@Z"",""??$_Ptr_cat@Viterator@?$deque@GV?$allocator@G@std@@@std@@V123@@std@@YA?AU_Nonscalar_ptr_iterator_tag@0@AAViterator@?$deque@GV?$allocator@G@std@@@0@0@Z"",""??$_Ptr_cat@Viterator@?$deque@KV?$allocator@K@std@@@std@@V123@@std@@YA?AU_Nonscalar_ptr_iterator_tag@0@AAViterator@?$deque@KV?$allocator@K@std@@@0@0@Z"",""??$_Ptr_cat@Viterator@?$deque@MV?$allocator@M@std@@@std@@V123@@std@@YA?AU_Nonscalar_ptr_iterator_tag@0@AAViterator@?$deque@MV?$allocator@M@std@@@0@0@Z"",""??$_Ptr_cat@Viterator@?$deque@NV?$allocator@N@std@@@std@@V123@@std@@YA?AU_Nonscalar_ptr_iterator_tag@0@AAViterator@?$deque@NV?$allocator@N@std@@@0@0@Z"",""??$_Ptr_cat@Viterator@?$deque@PAXV?$allocator@PAX@std@@@std@@V123@@std@@YA?AU_Nonscalar_ptr_iterator_tag@0@AAViterator@?$deque@PAXV?$allocator@PAX@std@@@0@0@Z"",""??$_Ptr_cat@Viterator@?$deque@U?$DequeAlgorithmRecord@$00@@V?$allocator@U?$DequeAlgorithmRecord@$00@@@std@@@std@@V123@@std@@YA?AU_Nonscalar_ptr_iterator_tag@0@AAViterator@?$deque@U?$DequeAlgorithmRecord@$00@@V?$allocator@U?$DequeAlgorithmRecord@$00@@@std@@@0@0@Z"",""??$_Ptr_cat@Viterator@?$deque@U?$DequeAlgorithmRecord@$01@@V?$allocator@U?$DequeAlgorithmRecord@$01@@@std@@@std@@V123@@std@@YA?AU_Nonscalar_ptr_iterator_tag@0@AAViterator@?$deque@U?$DequeAlgorithmRecord@$01@@V?$allocator@U?$DequeAlgorithmRecord@$01@@@std@@@0@0@Z"",""??$_Ptr_cat@Viterator@?$deque@U?$DequeAlgorithmRecord@$03@@V?$allocator@U?$DequeAlgorithmRecord@$03@@@std@@@std@@V123@@std@@YA?AU_Nonscalar_ptr_iterator_tag@0@AAViterator@?$deque@U?$DequeAlgorithmRecord@$03@@V?$allocator@U?$DequeAlgorithmRecord@$03@@@std@@@0@0@Z"",""??$_Ptr_cat@Viterator@?$deque@U?$DequeAlgorithmRecord@$07@@V?$allocator@U?$DequeAlgorithmRecord@$07@@@std@@@std@@V123@@std@@YA?AU_Nonscalar_ptr_iterator_tag@0@AAViterator@?$deque@U?$DequeAlgorithmRecord@$07@@V?$allocator@U?$DequeAlgorithmRecord@$07@@@std@@@0@0@Z"",""??$_Ptr_cat@Viterator@?$deque@U?$DequeAlgorithmRecord@$0BA@@@V?$allocator@U?$DequeAlgorithmRecord@$0BA@@@@std@@@std@@V123@@std@@YA?AU_Nonscalar_ptr_iterator_tag@0@AAViterator@?$deque@U?$DequeAlgorithmRecord@$0BA@@@V?$allocator@U?$DequeAlgorithmRecord@$0BA@@@@std@@@0@0@Z"",""??$_Ptr_cat@Viterator@?$deque@U?$DequeAlgorithmRecord@$0CA@@@V?$allocator@U?$DequeAlgorithmRecord@$0CA@@@@std@@@std@@V123@@std@@YA?AU_Nonscalar_ptr_iterator_tag@0@AAViterator@?$deque@U?$DequeAlgorithmRecord@$0CA@@@V?$allocator@U?$DequeAlgorithmRecord@$0CA@@@@std@@@0@0@Z"",""??$_Ptr_cat@Viterator@?$deque@U?$DequeAlgorithmRecord@$0EA@@@V?$allocator@U?$DequeAlgorithmRecord@$0EA@@@@std@@@std@@V123@@std@@YA?AU_Nonscalar_ptr_iterator_tag@0@AAViterator@?$deque@U?$DequeAlgorithmRecord@$0EA@@@V?$allocator@U?$DequeAlgorithmRecord@$0EA@@@@std@@@0@0@Z""]",125af26ed15ea5e17205bbf1df6e31eeb82f0d79055557b9a04ec8a39e8679a8,125af26ed15ea5e17205bbf1df6e31eeb82f0d79055557b9a04ec8a39e8679a8,[],0,child,0x00423740,13,,R085
0x004238A0,91,??$_Copy_opt,??$_Copy_opt@Viterator@?$deque@U?$DequeAlgorithmRecord@$07@@V?$allocator@U?$DequeAlgorithmRecord@$07@@@std@@@std@@V123@@std@@YA?AViterator@?$deque@U?$DequeAlgorithmRecord@$07@@V?$allocator@U?$DequeAlgorithmRecord@$07@@@std@@@0@V120@00U_Nonscalar_ptr_iterator_tag@0@@Z,"[""??$_Copy_opt@Viterator@?$deque@U?$DequeAlgorithmRecord@$07@@V?$allocator@U?$DequeAlgorithmRecord@$07@@@std@@@std@@V123@@std@@YA?AViterator@?$deque@U?$DequeAlgorithmRecord@$07@@V?$allocator@U?$DequeAlgorithmRecord@$07@@@std@@@0@V120@00U_Nonscalar_ptr_iterator_tag@0@@Z""]",a3c3a25e6851eca5eb3f8ddb3034457c3a098fbd65a75ff41c98ed76fe8d4660,c2f89662b299f97ac0c7a479fb7ae04cac765e1dc3abcda520646bc706049008,"[{""offset"":11,""type"":""REL32"",""symbol"":""??Eiterator@?$deque@U?$DequeAlgorithmRecord@$07@@V?$allocator@U?$DequeAlgorithmRecord@$07@@@std@@@std@@QAEAAV012@XZ"",""addend"":0,""target_address"":""0x00423960""},{""offset"":19,""type"":""REL32"",""symbol"":""??Eiterator@?$deque@U?$DequeAlgorithmRecord@$07@@V?$allocator@U?$DequeAlgorithmRecord@$07@@@std@@@std@@QAEAAV012@XZ"",""addend"":0,""target_address"":""0x00423960""},{""offset"":31,""type"":""REL32"",""symbol"":""??9const_iterator@?$deque@U?$DequeAlgorithmRecord@$07@@V?$allocator@U?$DequeAlgorithmRecord@$07@@@std@@@std@@QBE_NABV012@@Z"",""addend"":0,""target_address"":""0x004235C0""},{""offset"":46,""type"":""REL32"",""symbol"":""??Diterator@?$deque@U?$DequeAlgorithmRecord@$07@@V?$allocator@U?$DequeAlgorithmRecord@$07@@@std@@@std@@QBEAAU?$DequeAlgorithmRecord@$07@@XZ"",""addend"":0,""target_address"":""0x00421F20""},{""offset"":59,""type"":""REL32"",""symbol"":""??Diterator@?$deque@U?$DequeAlgorithmRecord@$07@@V?$allocator@U?$DequeAlgorithmRecord@$07@@@std@@@std@@QBEAAU?$DequeAlgorithmRecord@$07@@XZ"",""addend"":0,""target_address"":""0x00421F20""}]",0,root,,,,R085
0x00423900,87,??$_Copy_backward_opt,??$_Copy_backward_opt@Viterator@?$deque@U?$DequeAlgorithmRecord@$07@@V?$allocator@U?$DequeAlgorithmRecord@$07@@@std@@@std@@V123@@std@@YA?AViterator@?$deque@U?$DequeAlgorithmRecord@$07@@V?$allocator@U?$DequeAlgorithmRecord@$07@@@std@@@0@V120@00U_Nonscalar_ptr_iterator_tag@0@@Z,"[""??$_Copy_backward_opt@Viterator@?$deque@U?$DequeAlgorithmRecord@$07@@V?$allocator@U?$DequeAlgorithmRecord@$07@@@std@@@std@@V123@@std@@YA?AViterator@?$deque@U?$DequeAlgorithmRecord@$07@@V?$allocator@U?$DequeAlgorithmRecord@$07@@@std@@@0@V120@00U_Nonscalar_ptr_iterator_tag@0@@Z""]",b677f0619ffadf7f73dee05eccedfda4e395b1ce74e36f05f05a7f6bbe6bdd1c,842811ad093cdbde814fec06496d136ab3c6311682920bdf6fe53dacb83df397,"[{""offset"":13,""type"":""REL32"",""symbol"":""??9const_iterator@?$deque@U?$DequeAlgorithmRecord@$07@@V?$allocator@U?$DequeAlgorithmRecord@$07@@@std@@@std@@QBE_NABV012@@Z"",""addend"":0,""target_address"":""0x004235C0""},{""offset"":28,""type"":""REL32"",""symbol"":""??Fiterator@?$deque@U?$DequeAlgorithmRecord@$07@@V?$allocator@U?$DequeAlgorithmRecord@$07@@@std@@@std@@QAEAAV012@XZ"",""addend"":0,""target_address"":""0x00423980""},{""offset"":35,""type"":""REL32"",""symbol"":""??Diterator@?$deque@U?$DequeAlgorithmRecord@$07@@V?$allocator@U?$DequeAlgorithmRecord@$07@@@std@@@std@@QBEAAU?$DequeAlgorithmRecord@$07@@XZ"",""addend"":0,""target_address"":""0x00421F20""},{""offset"":48,""type"":""REL32"",""symbol"":""??Fiterator@?$deque@U?$DequeAlgorithmRecord@$07@@V?$allocator@U?$DequeAlgorithmRecord@$07@@@std@@@std@@QAEAAV012@XZ"",""addend"":0,""target_address"":""0x00423980""},{""offset"":55,""type"":""REL32"",""symbol"":""??Diterator@?$deque@U?$DequeAlgorithmRecord@$07@@V?$allocator@U?$DequeAlgorithmRecord@$07@@@std@@@std@@QBEAAU?$DequeAlgorithmRecord@$07@@XZ"",""addend"":0,""target_address"":""0x00421F20""}]",0,root,,,,R085
0x00423960,29,??Eiterator,??Eiterator@?$deque@U?$DequeAlgorithmRecord@$07@@V?$allocator@U?$DequeAlgorithmRecord@$07@@@std@@@std@@QAEAAV012@XZ,"[""??Eiterator@?$deque@EV?$allocator@E@std@@@std@@QAEAAV012@XZ"",""??Eiterator@?$deque@GV?$allocator@G@std@@@std@@QAEAAV012@XZ"",""??Eiterator@?$deque@KV?$allocator@K@std@@@std@@QAEAAV012@XZ"",""??Eiterator@?$deque@MV?$allocator@M@std@@@std@@QAEAAV012@XZ"",""??Eiterator@?$deque@NV?$allocator@N@std@@@std@@QAEAAV012@XZ"",""??Eiterator@?$deque@PAXV?$allocator@PAX@std@@@std@@QAEAAV012@XZ"",""??Eiterator@?$deque@U?$DequeAlgorithmRecord@$00@@V?$allocator@U?$DequeAlgorithmRecord@$00@@@std@@@std@@QAEAAV012@XZ"",""??Eiterator@?$deque@U?$DequeAlgorithmRecord@$01@@V?$allocator@U?$DequeAlgorithmRecord@$01@@@std@@@std@@QAEAAV012@XZ"",""??Eiterator@?$deque@U?$DequeAlgorithmRecord@$03@@V?$allocator@U?$DequeAlgorithmRecord@$03@@@std@@@std@@QAEAAV012@XZ"",""??Eiterator@?$deque@U?$DequeAlgorithmRecord@$07@@V?$allocator@U?$DequeAlgorithmRecord@$07@@@std@@@std@@QAEAAV012@XZ"",""??Eiterator@?$deque@U?$DequeAlgorithmRecord@$0BA@@@V?$allocator@U?$DequeAlgorithmRecord@$0BA@@@@std@@@std@@QAEAAV012@XZ"",""??Eiterator@?$deque@U?$DequeAlgorithmRecord@$0CA@@@V?$allocator@U?$DequeAlgorithmRecord@$0CA@@@@std@@@std@@QAEAAV012@XZ"",""??Eiterator@?$deque@U?$DequeAlgorithmRecord@$0EA@@@V?$allocator@U?$DequeAlgorithmRecord@$0EA@@@@std@@@std@@QAEAAV012@XZ""]",2d9ee1ef888fd99ef80c4a16231f33a7d3060b679b381a3be310d81d9205a535,2d9ee1ef888fd99ef80c4a16231f33a7d3060b679b381a3be310d81d9205a535,[],0,child,0x00423830,11,,R085
0x00423980,29,??Fiterator,??Fiterator@?$deque@U?$DequeAlgorithmRecord@$07@@V?$allocator@U?$DequeAlgorithmRecord@$07@@@std@@@std@@QAEAAV012@XZ,"[""??Fiterator@?$deque@EV?$allocator@E@std@@@std@@QAEAAV012@XZ"",""??Fiterator@?$deque@GV?$allocator@G@std@@@std@@QAEAAV012@XZ"",""??Fiterator@?$deque@KV?$allocator@K@std@@@std@@QAEAAV012@XZ"",""??Fiterator@?$deque@MV?$allocator@M@std@@@std@@QAEAAV012@XZ"",""??Fiterator@?$deque@NV?$allocator@N@std@@@std@@QAEAAV012@XZ"",""??Fiterator@?$deque@PAXV?$allocator@PAX@std@@@std@@QAEAAV012@XZ"",""??Fiterator@?$deque@U?$DequeAlgorithmRecord@$00@@V?$allocator@U?$DequeAlgorithmRecord@$00@@@std@@@std@@QAEAAV012@XZ"",""??Fiterator@?$deque@U?$DequeAlgorithmRecord@$01@@V?$allocator@U?$DequeAlgorithmRecord@$01@@@std@@@std@@QAEAAV012@XZ"",""??Fiterator@?$deque@U?$DequeAlgorithmRecord@$03@@V?$allocator@U?$DequeAlgorithmRecord@$03@@@std@@@std@@QAEAAV012@XZ"",""??Fiterator@?$deque@U?$DequeAlgorithmRecord@$07@@V?$allocator@U?$DequeAlgorithmRecord@$07@@@std@@@std@@QAEAAV012@XZ"",""??Fiterator@?$deque@U?$DequeAlgorithmRecord@$0BA@@@V?$allocator@U?$DequeAlgorithmRecord@$0BA@@@@std@@@std@@QAEAAV012@XZ"",""??Fiterator@?$deque@U?$DequeAlgorithmRecord@$0CA@@@V?$allocator@U?$DequeAlgorithmRecord@$0CA@@@@std@@@std@@QAEAAV012@XZ"",""??Fiterator@?$deque@U?$DequeAlgorithmRecord@$0EA@@@V?$allocator@U?$DequeAlgorithmRecord@$0EA@@@@std@@@std@@QAEAAV012@XZ""]",3344e010b691dd65084ba8f1c95eac3832868d7bc3341c25add5e89ab229bd33,3344e010b691dd65084ba8f1c95eac3832868d7bc3341c25add5e89ab229bd33,[],0,child,0x00423900,28,,R085
0x004244A0,29,??Eiterator,??Eiterator@?$deque@KV?$allocator@K@std@@@std@@QAEAAV012@XZ,"[""??Eiterator@?$deque@EV?$allocator@E@std@@@std@@QAEAAV012@XZ"",""??Eiterator@?$deque@GV?$allocator@G@std@@@std@@QAEAAV012@XZ"",""??Eiterator@?$deque@KV?$allocator@K@std@@@std@@QAEAAV012@XZ"",""??Eiterator@?$deque@MV?$allocator@M@std@@@std@@QAEAAV012@XZ"",""??Eiterator@?$deque@NV?$allocator@N@std@@@std@@QAEAAV012@XZ"",""??Eiterator@?$deque@PAXV?$allocator@PAX@std@@@std@@QAEAAV012@XZ"",""??Eiterator@?$deque@U?$DequeAlgorithmRecord@$00@@V?$allocator@U?$DequeAlgorithmRecord@$00@@@std@@@std@@QAEAAV012@XZ"",""??Eiterator@?$deque@U?$DequeAlgorithmRecord@$01@@V?$allocator@U?$DequeAlgorithmRecord@$01@@@std@@@std@@QAEAAV012@XZ"",""??Eiterator@?$deque@U?$DequeAlgorithmRecord@$03@@V?$allocator@U?$DequeAlgorithmRecord@$03@@@std@@@std@@QAEAAV012@XZ"",""??Eiterator@?$deque@U?$DequeAlgorithmRecord@$07@@V?$allocator@U?$DequeAlgorithmRecord@$07@@@std@@@std@@QAEAAV012@XZ"",""??Eiterator@?$deque@U?$DequeAlgorithmRecord@$0BA@@@V?$allocator@U?$DequeAlgorithmRecord@$0BA@@@@std@@@std@@QAEAAV012@XZ"",""??Eiterator@?$deque@U?$DequeAlgorithmRecord@$0CA@@@V?$allocator@U?$DequeAlgorithmRecord@$0CA@@@@std@@@std@@QAEAAV012@XZ"",""??Eiterator@?$deque@U?$DequeAlgorithmRecord@$0EA@@@V?$allocator@U?$DequeAlgorithmRecord@$0EA@@@@std@@@std@@QAEAAV012@XZ""]",2d9ee1ef888fd99ef80c4a16231f33a7d3060b679b381a3be310d81d9205a535,2d9ee1ef888fd99ef80c4a16231f33a7d3060b679b381a3be310d81d9205a535,[],0,child,0x00424BD0,10,,R085
0x00424960,70,??$copy_backward,??$copy_backward@Viterator@?$deque@KV?$allocator@K@std@@@std@@V123@@std@@YA?AViterator@?$deque@KV?$allocator@K@std@@@0@V120@00@Z,"[""??$copy@Viterator@?$deque@EV?$allocator@E@std@@@std@@V123@@std@@YA?AViterator@?$deque@EV?$allocator@E@std@@@0@V120@00@Z"",""??$copy@Viterator@?$deque@GV?$allocator@G@std@@@std@@V123@@std@@YA?AViterator@?$deque@GV?$allocator@G@std@@@0@V120@00@Z"",""??$copy@Viterator@?$deque@KV?$allocator@K@std@@@std@@V123@@std@@YA?AViterator@?$deque@KV?$allocator@K@std@@@0@V120@00@Z"",""??$copy@Viterator@?$deque@MV?$allocator@M@std@@@std@@V123@@std@@YA?AViterator@?$deque@MV?$allocator@M@std@@@0@V120@00@Z"",""??$copy@Viterator@?$deque@NV?$allocator@N@std@@@std@@V123@@std@@YA?AViterator@?$deque@NV?$allocator@N@std@@@0@V120@00@Z"",""??$copy@Viterator@?$deque@PAXV?$allocator@PAX@std@@@std@@V123@@std@@YA?AViterator@?$deque@PAXV?$allocator@PAX@std@@@0@V120@00@Z"",""??$copy@Viterator@?$deque@U?$DequeAlgorithmRecord@$00@@V?$allocator@U?$DequeAlgorithmRecord@$00@@@std@@@std@@V123@@std@@YA?AViterator@?$deque@U?$DequeAlgorithmRecord@$00@@V?$allocator@U?$DequeAlgorithmRecord@$00@@@std@@@0@V120@00@Z"",""??$copy@Viterator@?$deque@U?$DequeAlgorithmRecord@$01@@V?$allocator@U?$DequeAlgorithmRecord@$01@@@std@@@std@@V123@@std@@YA?AViterator@?$deque@U?$DequeAlgorithmRecord@$01@@V?$allocator@U?$DequeAlgorithmRecord@$01@@@std@@@0@V120@00@Z"",""??$copy@Viterator@?$deque@U?$DequeAlgorithmRecord@$03@@V?$allocator@U?$DequeAlgorithmRecord@$03@@@std@@@std@@V123@@std@@YA?AViterator@?$deque@U?$DequeAlgorithmRecord@$03@@V?$allocator@U?$DequeAlgorithmRecord@$03@@@std@@@0@V120@00@Z"",""??$copy@Viterator@?$deque@U?$DequeAlgorithmRecord@$07@@V?$allocator@U?$DequeAlgorithmRecord@$07@@@std@@@std@@V123@@std@@YA?AViterator@?$deque@U?$DequeAlgorithmRecord@$07@@V?$allocator@U?$DequeAlgorithmRecord@$07@@@std@@@0@V120@00@Z"",""??$copy@Viterator@?$deque@U?$DequeAlgorithmRecord@$0BA@@@V?$allocator@U?$DequeAlgorithmRecord@$0BA@@@@std@@@std@@V123@@std@@YA?AViterator@?$deque@U?$DequeAlgorithmRecord@$0BA@@@V?$allocator@U?$DequeAlgorithmRecord@$0BA@@@@std@@@0@V120@00@Z"",""??$copy@Viterator@?$deque@U?$DequeAlgorithmRecord@$0CA@@@V?$allocator@U?$DequeAlgorithmRecord@$0CA@@@@std@@@std@@V123@@std@@YA?AViterator@?$deque@U?$DequeAlgorithmRecord@$0CA@@@V?$allocator@U?$DequeAlgorithmRecord@$0CA@@@@std@@@0@V120@00@Z"",""??$copy@Viterator@?$deque@U?$DequeAlgorithmRecord@$0EA@@@V?$allocator@U?$DequeAlgorithmRecord@$0EA@@@@std@@@std@@V123@@std@@YA?AViterator@?$deque@U?$DequeAlgorithmRecord@$0EA@@@V?$allocator@U?$DequeAlgorithmRecord@$0EA@@@@std@@@0@V120@00@Z"",""??$copy_backward@Viterator@?$deque@EV?$allocator@E@std@@@std@@V123@@std@@YA?AViterator@?$deque@EV?$allocator@E@std@@@0@V120@00@Z"",""??$copy_backward@Viterator@?$deque@GV?$allocator@G@std@@@std@@V123@@std@@YA?AViterator@?$deque@GV?$allocator@G@std@@@0@V120@00@Z"",""??$copy_backward@Viterator@?$deque@KV?$allocator@K@std@@@std@@V123@@std@@YA?AViterator@?$deque@KV?$allocator@K@std@@@0@V120@00@Z"",""??$copy_backward@Viterator@?$deque@MV?$allocator@M@std@@@std@@V123@@std@@YA?AViterator@?$deque@MV?$allocator@M@std@@@0@V120@00@Z"",""??$copy_backward@Viterator@?$deque@NV?$allocator@N@std@@@std@@V123@@std@@YA?AViterator@?$deque@NV?$allocator@N@std@@@0@V120@00@Z"",""??$copy_backward@Viterator@?$deque@PAXV?$allocator@PAX@std@@@std@@V123@@std@@YA?AViterator@?$deque@PAXV?$allocator@PAX@std@@@0@V120@00@Z"",""??$copy_backward@Viterator@?$deque@U?$DequeAlgorithmRecord@$00@@V?$allocator@U?$DequeAlgorithmRecord@$00@@@std@@@std@@V123@@std@@YA?AViterator@?$deque@U?$DequeAlgorithmRecord@$00@@V?$allocator@U?$DequeAlgorithmRecord@$00@@@std@@@0@V120@00@Z"",""??$copy_backward@Viterator@?$deque@U?$DequeAlgorithmRecord@$01@@V?$allocator@U?$DequeAlgorithmRecord@$01@@@std@@@std@@V123@@std@@YA?AViterator@?$deque@U?$DequeAlgorithmRecord@$01@@V?$allocator@U?$DequeAlgorithmRecord@$01@@@std@@@0@V120@00@Z"",""??$copy_backward@Viterator@?$deque@U?$DequeAlgorithmRecord@$03@@V?$allocator@U?$DequeAlgorithmRecord@$03@@@std@@@std@@V123@@std@@YA?AViterator@?$deque@U?$DequeAlgorithmRecord@$03@@V?$allocator@U?$DequeAlgorithmRecord@$03@@@std@@@0@V120@00@Z"",""??$copy_backward@Viterator@?$deque@U?$DequeAlgorithmRecord@$07@@V?$allocator@U?$DequeAlgorithmRecord@$07@@@std@@@std@@V123@@std@@YA?AViterator@?$deque@U?$DequeAlgorithmRecord@$07@@V?$allocator@U?$DequeAlgorithmRecord@$07@@@std@@@0@V120@00@Z"",""??$copy_backward@Viterator@?$deque@U?$DequeAlgorithmRecord@$0BA@@@V?$allocator@U?$DequeAlgorithmRecord@$0BA@@@@std@@@std@@V123@@std@@YA?AViterator@?$deque@U?$DequeAlgorithmRecord@$0BA@@@V?$allocator@U?$DequeAlgorithmRecord@$0BA@@@@std@@@0@V120@00@Z"",""??$copy_backward@Viterator@?$deque@U?$DequeAlgorithmRecord@$0CA@@@V?$allocator@U?$DequeAlgorithmRecord@$0CA@@@@std@@@std@@V123@@std@@YA?AViterator@?$deque@U?$DequeAlgorithmRecord@$0CA@@@V?$allocator@U?$DequeAlgorithmRecord@$0CA@@@@std@@@0@V120@00@Z"",""??$copy_backward@Viterator@?$deque@U?$DequeAlgorithmRecord@$0EA@@@V?$allocator@U?$DequeAlgorithmRecord@$0EA@@@@std@@@std@@V123@@std@@YA?AViterator@?$deque@U?$DequeAlgorithmRecord@$0EA@@@V?$allocator@U?$DequeAlgorithmRecord@$0EA@@@@std@@@0@V120@00@Z""]",176cdfba5567dc13581198d5fe4b6108a448767e0eba7e831e822039770c9411,15eb7f946679c8436a0826a185bba95c06e7fa2032b2c85c3efc37b6d41ae601,"[{""offset"":13,""type"":""REL32"",""symbol"":""??$_Ptr_cat@Viterator@?$deque@KV?$allocator@K@std@@@std@@V123@@std@@YA?AU_Nonscalar_ptr_iterator_tag@0@AAViterator@?$deque@KV?$allocator@K@std@@@0@0@Z"",""addend"":0,""target_address"":""0x00424B60""},{""offset"":56,""type"":""REL32"",""symbol"":""??$_Copy_backward_opt@Viterator@?$deque@KV?$allocator@K@std@@@std@@V123@@std@@YA?AViterator@?$deque@KV?$allocator@K@std@@@0@V120@00U_Nonscalar_ptr_iterator_tag@0@@Z"",""addend"":0,""target_address"":""0x00424B70""}]",0,wrapper,,,0x00424B70,R085
0x004249B0,70,??$copy,??$copy@Viterator@?$deque@KV?$allocator@K@std@@@std@@V123@@std@@YA?AViterator@?$deque@KV?$allocator@K@std@@@0@V120@00@Z,"[""??$copy@Viterator@?$deque@EV?$allocator@E@std@@@std@@V123@@std@@YA?AViterator@?$deque@EV?$allocator@E@std@@@0@V120@00@Z"",""??$copy@Viterator@?$deque@GV?$allocator@G@std@@@std@@V123@@std@@YA?AViterator@?$deque@GV?$allocator@G@std@@@0@V120@00@Z"",""??$copy@Viterator@?$deque@KV?$allocator@K@std@@@std@@V123@@std@@YA?AViterator@?$deque@KV?$allocator@K@std@@@0@V120@00@Z"",""??$copy@Viterator@?$deque@MV?$allocator@M@std@@@std@@V123@@std@@YA?AViterator@?$deque@MV?$allocator@M@std@@@0@V120@00@Z"",""??$copy@Viterator@?$deque@NV?$allocator@N@std@@@std@@V123@@std@@YA?AViterator@?$deque@NV?$allocator@N@std@@@0@V120@00@Z"",""??$copy@Viterator@?$deque@PAXV?$allocator@PAX@std@@@std@@V123@@std@@YA?AViterator@?$deque@PAXV?$allocator@PAX@std@@@0@V120@00@Z"",""??$copy@Viterator@?$deque@U?$DequeAlgorithmRecord@$00@@V?$allocator@U?$DequeAlgorithmRecord@$00@@@std@@@std@@V123@@std@@YA?AViterator@?$deque@U?$DequeAlgorithmRecord@$00@@V?$allocator@U?$DequeAlgorithmRecord@$00@@@std@@@0@V120@00@Z"",""??$copy@Viterator@?$deque@U?$DequeAlgorithmRecord@$01@@V?$allocator@U?$DequeAlgorithmRecord@$01@@@std@@@std@@V123@@std@@YA?AViterator@?$deque@U?$DequeAlgorithmRecord@$01@@V?$allocator@U?$DequeAlgorithmRecord@$01@@@std@@@0@V120@00@Z"",""??$copy@Viterator@?$deque@U?$DequeAlgorithmRecord@$03@@V?$allocator@U?$DequeAlgorithmRecord@$03@@@std@@@std@@V123@@std@@YA?AViterator@?$deque@U?$DequeAlgorithmRecord@$03@@V?$allocator@U?$DequeAlgorithmRecord@$03@@@std@@@0@V120@00@Z"",""??$copy@Viterator@?$deque@U?$DequeAlgorithmRecord@$07@@V?$allocator@U?$DequeAlgorithmRecord@$07@@@std@@@std@@V123@@std@@YA?AViterator@?$deque@U?$DequeAlgorithmRecord@$07@@V?$allocator@U?$DequeAlgorithmRecord@$07@@@std@@@0@V120@00@Z"",""??$copy@Viterator@?$deque@U?$DequeAlgorithmRecord@$0BA@@@V?$allocator@U?$DequeAlgorithmRecord@$0BA@@@@std@@@std@@V123@@std@@YA?AViterator@?$deque@U?$DequeAlgorithmRecord@$0BA@@@V?$allocator@U?$DequeAlgorithmRecord@$0BA@@@@std@@@0@V120@00@Z"",""??$copy@Viterator@?$deque@U?$DequeAlgorithmRecord@$0CA@@@V?$allocator@U?$DequeAlgorithmRecord@$0CA@@@@std@@@std@@V123@@std@@YA?AViterator@?$deque@U?$DequeAlgorithmRecord@$0CA@@@V?$allocator@U?$DequeAlgorithmRecord@$0CA@@@@std@@@0@V120@00@Z"",""??$copy@Viterator@?$deque@U?$DequeAlgorithmRecord@$0EA@@@V?$allocator@U?$DequeAlgorithmRecord@$0EA@@@@std@@@std@@V123@@std@@YA?AViterator@?$deque@U?$DequeAlgorithmRecord@$0EA@@@V?$allocator@U?$DequeAlgorithmRecord@$0EA@@@@std@@@0@V120@00@Z"",""??$copy_backward@Viterator@?$deque@EV?$allocator@E@std@@@std@@V123@@std@@YA?AViterator@?$deque@EV?$allocator@E@std@@@0@V120@00@Z"",""??$copy_backward@Viterator@?$deque@GV?$allocator@G@std@@@std@@V123@@std@@YA?AViterator@?$deque@GV?$allocator@G@std@@@0@V120@00@Z"",""??$copy_backward@Viterator@?$deque@KV?$allocator@K@std@@@std@@V123@@std@@YA?AViterator@?$deque@KV?$allocator@K@std@@@0@V120@00@Z"",""??$copy_backward@Viterator@?$deque@MV?$allocator@M@std@@@std@@V123@@std@@YA?AViterator@?$deque@MV?$allocator@M@std@@@0@V120@00@Z"",""??$copy_backward@Viterator@?$deque@NV?$allocator@N@std@@@std@@V123@@std@@YA?AViterator@?$deque@NV?$allocator@N@std@@@0@V120@00@Z"",""??$copy_backward@Viterator@?$deque@PAXV?$allocator@PAX@std@@@std@@V123@@std@@YA?AViterator@?$deque@PAXV?$allocator@PAX@std@@@0@V120@00@Z"",""??$copy_backward@Viterator@?$deque@U?$DequeAlgorithmRecord@$00@@V?$allocator@U?$DequeAlgorithmRecord@$00@@@std@@@std@@V123@@std@@YA?AViterator@?$deque@U?$DequeAlgorithmRecord@$00@@V?$allocator@U?$DequeAlgorithmRecord@$00@@@std@@@0@V120@00@Z"",""??$copy_backward@Viterator@?$deque@U?$DequeAlgorithmRecord@$01@@V?$allocator@U?$DequeAlgorithmRecord@$01@@@std@@@std@@V123@@std@@YA?AViterator@?$deque@U?$DequeAlgorithmRecord@$01@@V?$allocator@U?$DequeAlgorithmRecord@$01@@@std@@@0@V120@00@Z"",""??$copy_backward@Viterator@?$deque@U?$DequeAlgorithmRecord@$03@@V?$allocator@U?$DequeAlgorithmRecord@$03@@@std@@@std@@V123@@std@@YA?AViterator@?$deque@U?$DequeAlgorithmRecord@$03@@V?$allocator@U?$DequeAlgorithmRecord@$03@@@std@@@0@V120@00@Z"",""??$copy_backward@Viterator@?$deque@U?$DequeAlgorithmRecord@$07@@V?$allocator@U?$DequeAlgorithmRecord@$07@@@std@@@std@@V123@@std@@YA?AViterator@?$deque@U?$DequeAlgorithmRecord@$07@@V?$allocator@U?$DequeAlgorithmRecord@$07@@@std@@@0@V120@00@Z"",""??$copy_backward@Viterator@?$deque@U?$DequeAlgorithmRecord@$0BA@@@V?$allocator@U?$DequeAlgorithmRecord@$0BA@@@@std@@@std@@V123@@std@@YA?AViterator@?$deque@U?$DequeAlgorithmRecord@$0BA@@@V?$allocator@U?$DequeAlgorithmRecord@$0BA@@@@std@@@0@V120@00@Z"",""??$copy_backward@Viterator@?$deque@U?$DequeAlgorithmRecord@$0CA@@@V?$allocator@U?$DequeAlgorithmRecord@$0CA@@@@std@@@std@@V123@@std@@YA?AViterator@?$deque@U?$DequeAlgorithmRecord@$0CA@@@V?$allocator@U?$DequeAlgorithmRecord@$0CA@@@@std@@@0@V120@00@Z"",""??$copy_backward@Viterator@?$deque@U?$DequeAlgorithmRecord@$0EA@@@V?$allocator@U?$DequeAlgorithmRecord@$0EA@@@@std@@@std@@V123@@std@@YA?AViterator@?$deque@U?$DequeAlgorithmRecord@$0EA@@@V?$allocator@U?$DequeAlgorithmRecord@$0EA@@@@std@@@0@V120@00@Z""]",176cdfba5567dc13581198d5fe4b6108a448767e0eba7e831e822039770c9411,c12534857634a968ae78f9cc1e44fc6383f7cc81eaaeeb64092fd583193baf35,"[{""offset"":13,""type"":""REL32"",""symbol"":""??$_Ptr_cat@Viterator@?$deque@KV?$allocator@K@std@@@std@@V123@@std@@YA?AU_Nonscalar_ptr_iterator_tag@0@AAViterator@?$deque@KV?$allocator@K@std@@@0@0@Z"",""addend"":0,""target_address"":""0x00424B60""},{""offset"":56,""type"":""REL32"",""symbol"":""??$_Copy_opt@Viterator@?$deque@KV?$allocator@K@std@@@std@@V123@@std@@YA?AViterator@?$deque@KV?$allocator@K@std@@@0@V120@00U_Nonscalar_ptr_iterator_tag@0@@Z"",""addend"":0,""target_address"":""0x00424BD0""}]",0,wrapper,,,0x00424BD0,R085
0x00424B60,11,??$_Ptr_cat,??$_Ptr_cat@Viterator@?$deque@KV?$allocator@K@std@@@std@@V123@@std@@YA?AU_Nonscalar_ptr_iterator_tag@0@AAViterator@?$deque@KV?$allocator@K@std@@@0@0@Z,"[""??$_Ptr_cat@Viterator@?$deque@EV?$allocator@E@std@@@std@@V123@@std@@YA?AU_Nonscalar_ptr_iterator_tag@0@AAViterator@?$deque@EV?$allocator@E@std@@@0@0@Z"",""??$_Ptr_cat@Viterator@?$deque@GV?$allocator@G@std@@@std@@V123@@std@@YA?AU_Nonscalar_ptr_iterator_tag@0@AAViterator@?$deque@GV?$allocator@G@std@@@0@0@Z"",""??$_Ptr_cat@Viterator@?$deque@KV?$allocator@K@std@@@std@@V123@@std@@YA?AU_Nonscalar_ptr_iterator_tag@0@AAViterator@?$deque@KV?$allocator@K@std@@@0@0@Z"",""??$_Ptr_cat@Viterator@?$deque@MV?$allocator@M@std@@@std@@V123@@std@@YA?AU_Nonscalar_ptr_iterator_tag@0@AAViterator@?$deque@MV?$allocator@M@std@@@0@0@Z"",""??$_Ptr_cat@Viterator@?$deque@NV?$allocator@N@std@@@std@@V123@@std@@YA?AU_Nonscalar_ptr_iterator_tag@0@AAViterator@?$deque@NV?$allocator@N@std@@@0@0@Z"",""??$_Ptr_cat@Viterator@?$deque@PAXV?$allocator@PAX@std@@@std@@V123@@std@@YA?AU_Nonscalar_ptr_iterator_tag@0@AAViterator@?$deque@PAXV?$allocator@PAX@std@@@0@0@Z"",""??$_Ptr_cat@Viterator@?$deque@U?$DequeAlgorithmRecord@$00@@V?$allocator@U?$DequeAlgorithmRecord@$00@@@std@@@std@@V123@@std@@YA?AU_Nonscalar_ptr_iterator_tag@0@AAViterator@?$deque@U?$DequeAlgorithmRecord@$00@@V?$allocator@U?$DequeAlgorithmRecord@$00@@@std@@@0@0@Z"",""??$_Ptr_cat@Viterator@?$deque@U?$DequeAlgorithmRecord@$01@@V?$allocator@U?$DequeAlgorithmRecord@$01@@@std@@@std@@V123@@std@@YA?AU_Nonscalar_ptr_iterator_tag@0@AAViterator@?$deque@U?$DequeAlgorithmRecord@$01@@V?$allocator@U?$DequeAlgorithmRecord@$01@@@std@@@0@0@Z"",""??$_Ptr_cat@Viterator@?$deque@U?$DequeAlgorithmRecord@$03@@V?$allocator@U?$DequeAlgorithmRecord@$03@@@std@@@std@@V123@@std@@YA?AU_Nonscalar_ptr_iterator_tag@0@AAViterator@?$deque@U?$DequeAlgorithmRecord@$03@@V?$allocator@U?$DequeAlgorithmRecord@$03@@@std@@@0@0@Z"",""??$_Ptr_cat@Viterator@?$deque@U?$DequeAlgorithmRecord@$07@@V?$allocator@U?$DequeAlgorithmRecord@$07@@@std@@@std@@V123@@std@@YA?AU_Nonscalar_ptr_iterator_tag@0@AAViterator@?$deque@U?$DequeAlgorithmRecord@$07@@V?$allocator@U?$DequeAlgorithmRecord@$07@@@std@@@0@0@Z"",""??$_Ptr_cat@Viterator@?$deque@U?$DequeAlgorithmRecord@$0BA@@@V?$allocator@U?$DequeAlgorithmRecord@$0BA@@@@std@@@std@@V123@@std@@YA?AU_Nonscalar_ptr_iterator_tag@0@AAViterator@?$deque@U?$DequeAlgorithmRecord@$0BA@@@V?$allocator@U?$DequeAlgorithmRecord@$0BA@@@@std@@@0@0@Z"",""??$_Ptr_cat@Viterator@?$deque@U?$DequeAlgorithmRecord@$0CA@@@V?$allocator@U?$DequeAlgorithmRecord@$0CA@@@@std@@@std@@V123@@std@@YA?AU_Nonscalar_ptr_iterator_tag@0@AAViterator@?$deque@U?$DequeAlgorithmRecord@$0CA@@@V?$allocator@U?$DequeAlgorithmRecord@$0CA@@@@std@@@0@0@Z"",""??$_Ptr_cat@Viterator@?$deque@U?$DequeAlgorithmRecord@$0EA@@@V?$allocator@U?$DequeAlgorithmRecord@$0EA@@@@std@@@std@@V123@@std@@YA?AU_Nonscalar_ptr_iterator_tag@0@AAViterator@?$deque@U?$DequeAlgorithmRecord@$0EA@@@V?$allocator@U?$DequeAlgorithmRecord@$0EA@@@@std@@@0@0@Z""]",125af26ed15ea5e17205bbf1df6e31eeb82f0d79055557b9a04ec8a39e8679a8,125af26ed15ea5e17205bbf1df6e31eeb82f0d79055557b9a04ec8a39e8679a8,[],0,child,0x00424960,13,,R085
0x00424B70,81,??$_Copy_backward_opt,??$_Copy_backward_opt@Viterator@?$deque@KV?$allocator@K@std@@@std@@V123@@std@@YA?AViterator@?$deque@KV?$allocator@K@std@@@0@V120@00U_Nonscalar_ptr_iterator_tag@0@@Z,"[""??$_Copy_backward_opt@Viterator@?$deque@KV?$allocator@K@std@@@std@@V123@@std@@YA?AViterator@?$deque@KV?$allocator@K@std@@@0@V120@00U_Nonscalar_ptr_iterator_tag@0@@Z"",""??$_Copy_backward_opt@Viterator@?$deque@MV?$allocator@M@std@@@std@@V123@@std@@YA?AViterator@?$deque@MV?$allocator@M@std@@@0@V120@00U_Nonscalar_ptr_iterator_tag@0@@Z"",""??$_Copy_backward_opt@Viterator@?$deque@PAXV?$allocator@PAX@std@@@std@@V123@@std@@YA?AViterator@?$deque@PAXV?$allocator@PAX@std@@@0@V120@00U_Nonscalar_ptr_iterator_tag@0@@Z""]",43aa99804565a4c4fe985ca3fcb3eda8da541eac727785d3291eb6324efcff5d,1ff38132e7cfef7710793320174168e4ff19f5d1582c44f629e8f026bfb9d76d,"[{""offset"":12,""type"":""REL32"",""symbol"":""??9const_iterator@?$deque@KV?$allocator@K@std@@@std@@QBE_NABV012@@Z"",""addend"":0,""target_address"":""0x00423FD0""},{""offset"":27,""type"":""REL32"",""symbol"":""??Fiterator@?$deque@KV?$allocator@K@std@@@std@@QAEAAV012@XZ"",""addend"":0,""target_address"":""0x00424CB0""},{""offset"":34,""type"":""REL32"",""symbol"":""??Diterator@?$deque@KV?$allocator@K@std@@@std@@QBEAAKXZ"",""addend"":0,""target_address"":""0x00423F70""},{""offset"":44,""type"":""REL32"",""symbol"":""??Fiterator@?$deque@KV?$allocator@K@std@@@std@@QAEAAV012@XZ"",""addend"":0,""target_address"":""0x00424CB0""},{""offset"":51,""type"":""REL32"",""symbol"":""??Diterator@?$deque@KV?$allocator@K@std@@@std@@QBEAAKXZ"",""addend"":0,""target_address"":""0x00423F70""}]",0,root,,,,R085
0x00424BD0,85,??$_Copy_opt,??$_Copy_opt@Viterator@?$deque@KV?$allocator@K@std@@@std@@V123@@std@@YA?AViterator@?$deque@KV?$allocator@K@std@@@0@V120@00U_Nonscalar_ptr_iterator_tag@0@@Z,"[""??$_Copy_opt@Viterator@?$deque@KV?$allocator@K@std@@@std@@V123@@std@@YA?AViterator@?$deque@KV?$allocator@K@std@@@0@V120@00U_Nonscalar_ptr_iterator_tag@0@@Z"",""??$_Copy_opt@Viterator@?$deque@MV?$allocator@M@std@@@std@@V123@@std@@YA?AViterator@?$deque@MV?$allocator@M@std@@@0@V120@00U_Nonscalar_ptr_iterator_tag@0@@Z"",""??$_Copy_opt@Viterator@?$deque@PAXV?$allocator@PAX@std@@@std@@V123@@std@@YA?AViterator@?$deque@PAXV?$allocator@PAX@std@@@0@V120@00U_Nonscalar_ptr_iterator_tag@0@@Z""]",2bd382cd6d2b7fb92f384144a5ab1321e1e72e9a539b8ae5abdd07fda1402ba9,a4a46817fb59bf70fff7f7b18c00ec29c61c1410a719da6ed63b421a1b65a365,"[{""offset"":10,""type"":""REL32"",""symbol"":""??Eiterator@?$deque@KV?$allocator@K@std@@@std@@QAEAAV012@XZ"",""addend"":0,""target_address"":""0x004244A0""},{""offset"":18,""type"":""REL32"",""symbol"":""??Eiterator@?$deque@KV?$allocator@K@std@@@std@@QAEAAV012@XZ"",""addend"":0,""target_address"":""0x004244A0""},{""offset"":30,""type"":""REL32"",""symbol"":""??9const_iterator@?$deque@KV?$allocator@K@std@@@std@@QBE_NABV012@@Z"",""addend"":0,""target_address"":""0x00423FD0""},{""offset"":45,""type"":""REL32"",""symbol"":""??Diterator@?$deque@KV?$allocator@K@std@@@std@@QBEAAKXZ"",""addend"":0,""target_address"":""0x00423F70""},{""offset"":55,""type"":""REL32"",""symbol"":""??Diterator@?$deque@KV?$allocator@K@std@@@std@@QBEAAKXZ"",""addend"":0,""target_address"":""0x00423F70""}]",0,root,,,,R085
0x00424CB0,29,??Fiterator,??Fiterator@?$deque@KV?$allocator@K@std@@@std@@QAEAAV012@XZ,"[""??Fiterator@?$deque@EV?$allocator@E@std@@@std@@QAEAAV012@XZ"",""??Fiterator@?$deque@GV?$allocator@G@std@@@std@@QAEAAV012@XZ"",""??Fiterator@?$deque@KV?$allocator@K@std@@@std@@QAEAAV012@XZ"",""??Fiterator@?$deque@MV?$allocator@M@std@@@std@@QAEAAV012@XZ"",""??Fiterator@?$deque@NV?$allocator@N@std@@@std@@QAEAAV012@XZ"",""??Fiterator@?$deque@PAXV?$allocator@PAX@std@@@std@@QAEAAV012@XZ"",""??Fiterator@?$deque@U?$DequeAlgorithmRecord@$00@@V?$allocator@U?$DequeAlgorithmRecord@$00@@@std@@@std@@QAEAAV012@XZ"",""??Fiterator@?$deque@U?$DequeAlgorithmRecord@$01@@V?$allocator@U?$DequeAlgorithmRecord@$01@@@std@@@std@@QAEAAV012@XZ"",""??Fiterator@?$deque@U?$DequeAlgorithmRecord@$03@@V?$allocator@U?$DequeAlgorithmRecord@$03@@@std@@@std@@QAEAAV012@XZ"",""??Fiterator@?$deque@U?$DequeAlgorithmRecord@$07@@V?$allocator@U?$DequeAlgorithmRecord@$07@@@std@@@std@@QAEAAV012@XZ"",""??Fiterator@?$deque@U?$DequeAlgorithmRecord@$0BA@@@V?$allocator@U?$DequeAlgorithmRecord@$0BA@@@@std@@@std@@QAEAAV012@XZ"",""??Fiterator@?$deque@U?$DequeAlgorithmRecord@$0CA@@@V?$allocator@U?$DequeAlgorithmRecord@$0CA@@@@std@@@std@@QAEAAV012@XZ"",""??Fiterator@?$deque@U?$DequeAlgorithmRecord@$0EA@@@V?$allocator@U?$DequeAlgorithmRecord@$0EA@@@@std@@@std@@QAEAAV012@XZ""]",3344e010b691dd65084ba8f1c95eac3832868d7bc3341c25add5e89ab229bd33,3344e010b691dd65084ba8f1c95eac3832868d7bc3341c25add5e89ab229bd33,[],0,child,0x00424B70,27,,R085
0x00445510,29,??Eiterator,??Eiterator@?$deque@KV?$allocator@K@std@@@std@@QAEAAV012@XZ,"[""??Eiterator@?$deque@EV?$allocator@E@std@@@std@@QAEAAV012@XZ"",""??Eiterator@?$deque@GV?$allocator@G@std@@@std@@QAEAAV012@XZ"",""??Eiterator@?$deque@KV?$allocator@K@std@@@std@@QAEAAV012@XZ"",""??Eiterator@?$deque@MV?$allocator@M@std@@@std@@QAEAAV012@XZ"",""??Eiterator@?$deque@NV?$allocator@N@std@@@std@@QAEAAV012@XZ"",""??Eiterator@?$deque@PAXV?$allocator@PAX@std@@@std@@QAEAAV012@XZ"",""??Eiterator@?$deque@U?$DequeAlgorithmRecord@$00@@V?$allocator@U?$DequeAlgorithmRecord@$00@@@std@@@std@@QAEAAV012@XZ"",""??Eiterator@?$deque@U?$DequeAlgorithmRecord@$01@@V?$allocator@U?$DequeAlgorithmRecord@$01@@@std@@@std@@QAEAAV012@XZ"",""??Eiterator@?$deque@U?$DequeAlgorithmRecord@$03@@V?$allocator@U?$DequeAlgorithmRecord@$03@@@std@@@std@@QAEAAV012@XZ"",""??Eiterator@?$deque@U?$DequeAlgorithmRecord@$07@@V?$allocator@U?$DequeAlgorithmRecord@$07@@@std@@@std@@QAEAAV012@XZ"",""??Eiterator@?$deque@U?$DequeAlgorithmRecord@$0BA@@@V?$allocator@U?$DequeAlgorithmRecord@$0BA@@@@std@@@std@@QAEAAV012@XZ"",""??Eiterator@?$deque@U?$DequeAlgorithmRecord@$0CA@@@V?$allocator@U?$DequeAlgorithmRecord@$0CA@@@@std@@@std@@QAEAAV012@XZ"",""??Eiterator@?$deque@U?$DequeAlgorithmRecord@$0EA@@@V?$allocator@U?$DequeAlgorithmRecord@$0EA@@@@std@@@std@@QAEAAV012@XZ""]",2d9ee1ef888fd99ef80c4a16231f33a7d3060b679b381a3be310d81d9205a535,2d9ee1ef888fd99ef80c4a16231f33a7d3060b679b381a3be310d81d9205a535,[],0,child,0x0045CC20,10,,R085
0x004565E0,70,??$copy_backward,??$copy_backward@Viterator@?$deque@EV?$allocator@E@std@@@std@@V123@@std@@YA?AViterator@?$deque@EV?$allocator@E@std@@@0@V120@00@Z,"[""??$copy@Viterator@?$deque@EV?$allocator@E@std@@@std@@V123@@std@@YA?AViterator@?$deque@EV?$allocator@E@std@@@0@V120@00@Z"",""??$copy@Viterator@?$deque@GV?$allocator@G@std@@@std@@V123@@std@@YA?AViterator@?$deque@GV?$allocator@G@std@@@0@V120@00@Z"",""??$copy@Viterator@?$deque@KV?$allocator@K@std@@@std@@V123@@std@@YA?AViterator@?$deque@KV?$allocator@K@std@@@0@V120@00@Z"",""??$copy@Viterator@?$deque@MV?$allocator@M@std@@@std@@V123@@std@@YA?AViterator@?$deque@MV?$allocator@M@std@@@0@V120@00@Z"",""??$copy@Viterator@?$deque@NV?$allocator@N@std@@@std@@V123@@std@@YA?AViterator@?$deque@NV?$allocator@N@std@@@0@V120@00@Z"",""??$copy@Viterator@?$deque@PAXV?$allocator@PAX@std@@@std@@V123@@std@@YA?AViterator@?$deque@PAXV?$allocator@PAX@std@@@0@V120@00@Z"",""??$copy@Viterator@?$deque@U?$DequeAlgorithmRecord@$00@@V?$allocator@U?$DequeAlgorithmRecord@$00@@@std@@@std@@V123@@std@@YA?AViterator@?$deque@U?$DequeAlgorithmRecord@$00@@V?$allocator@U?$DequeAlgorithmRecord@$00@@@std@@@0@V120@00@Z"",""??$copy@Viterator@?$deque@U?$DequeAlgorithmRecord@$01@@V?$allocator@U?$DequeAlgorithmRecord@$01@@@std@@@std@@V123@@std@@YA?AViterator@?$deque@U?$DequeAlgorithmRecord@$01@@V?$allocator@U?$DequeAlgorithmRecord@$01@@@std@@@0@V120@00@Z"",""??$copy@Viterator@?$deque@U?$DequeAlgorithmRecord@$03@@V?$allocator@U?$DequeAlgorithmRecord@$03@@@std@@@std@@V123@@std@@YA?AViterator@?$deque@U?$DequeAlgorithmRecord@$03@@V?$allocator@U?$DequeAlgorithmRecord@$03@@@std@@@0@V120@00@Z"",""??$copy@Viterator@?$deque@U?$DequeAlgorithmRecord@$07@@V?$allocator@U?$DequeAlgorithmRecord@$07@@@std@@@std@@V123@@std@@YA?AViterator@?$deque@U?$DequeAlgorithmRecord@$07@@V?$allocator@U?$DequeAlgorithmRecord@$07@@@std@@@0@V120@00@Z"",""??$copy@Viterator@?$deque@U?$DequeAlgorithmRecord@$0BA@@@V?$allocator@U?$DequeAlgorithmRecord@$0BA@@@@std@@@std@@V123@@std@@YA?AViterator@?$deque@U?$DequeAlgorithmRecord@$0BA@@@V?$allocator@U?$DequeAlgorithmRecord@$0BA@@@@std@@@0@V120@00@Z"",""??$copy@Viterator@?$deque@U?$DequeAlgorithmRecord@$0CA@@@V?$allocator@U?$DequeAlgorithmRecord@$0CA@@@@std@@@std@@V123@@std@@YA?AViterator@?$deque@U?$DequeAlgorithmRecord@$0CA@@@V?$allocator@U?$DequeAlgorithmRecord@$0CA@@@@std@@@0@V120@00@Z"",""??$copy@Viterator@?$deque@U?$DequeAlgorithmRecord@$0EA@@@V?$allocator@U?$DequeAlgorithmRecord@$0EA@@@@std@@@std@@V123@@std@@YA?AViterator@?$deque@U?$DequeAlgorithmRecord@$0EA@@@V?$allocator@U?$DequeAlgorithmRecord@$0EA@@@@std@@@0@V120@00@Z"",""??$copy_backward@Viterator@?$deque@EV?$allocator@E@std@@@std@@V123@@std@@YA?AViterator@?$deque@EV?$allocator@E@std@@@0@V120@00@Z"",""??$copy_backward@Viterator@?$deque@GV?$allocator@G@std@@@std@@V123@@std@@YA?AViterator@?$deque@GV?$allocator@G@std@@@0@V120@00@Z"",""??$copy_backward@Viterator@?$deque@KV?$allocator@K@std@@@std@@V123@@std@@YA?AViterator@?$deque@KV?$allocator@K@std@@@0@V120@00@Z"",""??$copy_backward@Viterator@?$deque@MV?$allocator@M@std@@@std@@V123@@std@@YA?AViterator@?$deque@MV?$allocator@M@std@@@0@V120@00@Z"",""??$copy_backward@Viterator@?$deque@NV?$allocator@N@std@@@std@@V123@@std@@YA?AViterator@?$deque@NV?$allocator@N@std@@@0@V120@00@Z"",""??$copy_backward@Viterator@?$deque@PAXV?$allocator@PAX@std@@@std@@V123@@std@@YA?AViterator@?$deque@PAXV?$allocator@PAX@std@@@0@V120@00@Z"",""??$copy_backward@Viterator@?$deque@U?$DequeAlgorithmRecord@$00@@V?$allocator@U?$DequeAlgorithmRecord@$00@@@std@@@std@@V123@@std@@YA?AViterator@?$deque@U?$DequeAlgorithmRecord@$00@@V?$allocator@U?$DequeAlgorithmRecord@$00@@@std@@@0@V120@00@Z"",""??$copy_backward@Viterator@?$deque@U?$DequeAlgorithmRecord@$01@@V?$allocator@U?$DequeAlgorithmRecord@$01@@@std@@@std@@V123@@std@@YA?AViterator@?$deque@U?$DequeAlgorithmRecord@$01@@V?$allocator@U?$DequeAlgorithmRecord@$01@@@std@@@0@V120@00@Z"",""??$copy_backward@Viterator@?$deque@U?$DequeAlgorithmRecord@$03@@V?$allocator@U?$DequeAlgorithmRecord@$03@@@std@@@std@@V123@@std@@YA?AViterator@?$deque@U?$DequeAlgorithmRecord@$03@@V?$allocator@U?$DequeAlgorithmRecord@$03@@@std@@@0@V120@00@Z"",""??$copy_backward@Viterator@?$deque@U?$DequeAlgorithmRecord@$07@@V?$allocator@U?$DequeAlgorithmRecord@$07@@@std@@@std@@V123@@std@@YA?AViterator@?$deque@U?$DequeAlgorithmRecord@$07@@V?$allocator@U?$DequeAlgorithmRecord@$07@@@std@@@0@V120@00@Z"",""??$copy_backward@Viterator@?$deque@U?$DequeAlgorithmRecord@$0BA@@@V?$allocator@U?$DequeAlgorithmRecord@$0BA@@@@std@@@std@@V123@@std@@YA?AViterator@?$deque@U?$DequeAlgorithmRecord@$0BA@@@V?$allocator@U?$DequeAlgorithmRecord@$0BA@@@@std@@@0@V120@00@Z"",""??$copy_backward@Viterator@?$deque@U?$DequeAlgorithmRecord@$0CA@@@V?$allocator@U?$DequeAlgorithmRecord@$0CA@@@@std@@@std@@V123@@std@@YA?AViterator@?$deque@U?$DequeAlgorithmRecord@$0CA@@@V?$allocator@U?$DequeAlgorithmRecord@$0CA@@@@std@@@0@V120@00@Z"",""??$copy_backward@Viterator@?$deque@U?$DequeAlgorithmRecord@$0EA@@@V?$allocator@U?$DequeAlgorithmRecord@$0EA@@@@std@@@std@@V123@@std@@YA?AViterator@?$deque@U?$DequeAlgorithmRecord@$0EA@@@V?$allocator@U?$DequeAlgorithmRecord@$0EA@@@@std@@@0@V120@00@Z""]",176cdfba5567dc13581198d5fe4b6108a448767e0eba7e831e822039770c9411,a509153b448aa7f67fd19c4ae782150a052670365e70290bbbdd48afa465d5ce,"[{""offset"":13,""type"":""REL32"",""symbol"":""??$_Ptr_cat@Viterator@?$deque@EV?$allocator@E@std@@@std@@V123@@std@@YA?AU_Nonscalar_ptr_iterator_tag@0@AAViterator@?$deque@EV?$allocator@E@std@@@0@0@Z"",""addend"":0,""target_address"":""0x004566C0""},{""offset"":56,""type"":""REL32"",""symbol"":""??$_Copy_backward_opt@Viterator@?$deque@EV?$allocator@E@std@@@std@@V123@@std@@YA?AViterator@?$deque@EV?$allocator@E@std@@@0@V120@00U_Nonscalar_ptr_iterator_tag@0@@Z"",""addend"":0,""target_address"":""0x004566D0""}]",0,wrapper,,,0x004566D0,R085
0x00456630,70,??$copy,??$copy@Viterator@?$deque@EV?$allocator@E@std@@@std@@V123@@std@@YA?AViterator@?$deque@EV?$allocator@E@std@@@0@V120@00@Z,"[""??$copy@Viterator@?$deque@EV?$allocator@E@std@@@std@@V123@@std@@YA?AViterator@?$deque@EV?$allocator@E@std@@@0@V120@00@Z"",""??$copy@Viterator@?$deque@GV?$allocator@G@std@@@std@@V123@@std@@YA?AViterator@?$deque@GV?$allocator@G@std@@@0@V120@00@Z"",""??$copy@Viterator@?$deque@KV?$allocator@K@std@@@std@@V123@@std@@YA?AViterator@?$deque@KV?$allocator@K@std@@@0@V120@00@Z"",""??$copy@Viterator@?$deque@MV?$allocator@M@std@@@std@@V123@@std@@YA?AViterator@?$deque@MV?$allocator@M@std@@@0@V120@00@Z"",""??$copy@Viterator@?$deque@NV?$allocator@N@std@@@std@@V123@@std@@YA?AViterator@?$deque@NV?$allocator@N@std@@@0@V120@00@Z"",""??$copy@Viterator@?$deque@PAXV?$allocator@PAX@std@@@std@@V123@@std@@YA?AViterator@?$deque@PAXV?$allocator@PAX@std@@@0@V120@00@Z"",""??$copy@Viterator@?$deque@U?$DequeAlgorithmRecord@$00@@V?$allocator@U?$DequeAlgorithmRecord@$00@@@std@@@std@@V123@@std@@YA?AViterator@?$deque@U?$DequeAlgorithmRecord@$00@@V?$allocator@U?$DequeAlgorithmRecord@$00@@@std@@@0@V120@00@Z"",""??$copy@Viterator@?$deque@U?$DequeAlgorithmRecord@$01@@V?$allocator@U?$DequeAlgorithmRecord@$01@@@std@@@std@@V123@@std@@YA?AViterator@?$deque@U?$DequeAlgorithmRecord@$01@@V?$allocator@U?$DequeAlgorithmRecord@$01@@@std@@@0@V120@00@Z"",""??$copy@Viterator@?$deque@U?$DequeAlgorithmRecord@$03@@V?$allocator@U?$DequeAlgorithmRecord@$03@@@std@@@std@@V123@@std@@YA?AViterator@?$deque@U?$DequeAlgorithmRecord@$03@@V?$allocator@U?$DequeAlgorithmRecord@$03@@@std@@@0@V120@00@Z"",""??$copy@Viterator@?$deque@U?$DequeAlgorithmRecord@$07@@V?$allocator@U?$DequeAlgorithmRecord@$07@@@std@@@std@@V123@@std@@YA?AViterator@?$deque@U?$DequeAlgorithmRecord@$07@@V?$allocator@U?$DequeAlgorithmRecord@$07@@@std@@@0@V120@00@Z"",""??$copy@Viterator@?$deque@U?$DequeAlgorithmRecord@$0BA@@@V?$allocator@U?$DequeAlgorithmRecord@$0BA@@@@std@@@std@@V123@@std@@YA?AViterator@?$deque@U?$DequeAlgorithmRecord@$0BA@@@V?$allocator@U?$DequeAlgorithmRecord@$0BA@@@@std@@@0@V120@00@Z"",""??$copy@Viterator@?$deque@U?$DequeAlgorithmRecord@$0CA@@@V?$allocator@U?$DequeAlgorithmRecord@$0CA@@@@std@@@std@@V123@@std@@YA?AViterator@?$deque@U?$DequeAlgorithmRecord@$0CA@@@V?$allocator@U?$DequeAlgorithmRecord@$0CA@@@@std@@@0@V120@00@Z"",""??$copy@Viterator@?$deque@U?$DequeAlgorithmRecord@$0EA@@@V?$allocator@U?$DequeAlgorithmRecord@$0EA@@@@std@@@std@@V123@@std@@YA?AViterator@?$deque@U?$DequeAlgorithmRecord@$0EA@@@V?$allocator@U?$DequeAlgorithmRecord@$0EA@@@@std@@@0@V120@00@Z"",""??$copy_backward@Viterator@?$deque@EV?$allocator@E@std@@@std@@V123@@std@@YA?AViterator@?$deque@EV?$allocator@E@std@@@0@V120@00@Z"",""??$copy_backward@Viterator@?$deque@GV?$allocator@G@std@@@std@@V123@@std@@YA?AViterator@?$deque@GV?$allocator@G@std@@@0@V120@00@Z"",""??$copy_backward@Viterator@?$deque@KV?$allocator@K@std@@@std@@V123@@std@@YA?AViterator@?$deque@KV?$allocator@K@std@@@0@V120@00@Z"",""??$copy_backward@Viterator@?$deque@MV?$allocator@M@std@@@std@@V123@@std@@YA?AViterator@?$deque@MV?$allocator@M@std@@@0@V120@00@Z"",""??$copy_backward@Viterator@?$deque@NV?$allocator@N@std@@@std@@V123@@std@@YA?AViterator@?$deque@NV?$allocator@N@std@@@0@V120@00@Z"",""??$copy_backward@Viterator@?$deque@PAXV?$allocator@PAX@std@@@std@@V123@@std@@YA?AViterator@?$deque@PAXV?$allocator@PAX@std@@@0@V120@00@Z"",""??$copy_backward@Viterator@?$deque@U?$DequeAlgorithmRecord@$00@@V?$allocator@U?$DequeAlgorithmRecord@$00@@@std@@@std@@V123@@std@@YA?AViterator@?$deque@U?$DequeAlgorithmRecord@$00@@V?$allocator@U?$DequeAlgorithmRecord@$00@@@std@@@0@V120@00@Z"",""??$copy_backward@Viterator@?$deque@U?$DequeAlgorithmRecord@$01@@V?$allocator@U?$DequeAlgorithmRecord@$01@@@std@@@std@@V123@@std@@YA?AViterator@?$deque@U?$DequeAlgorithmRecord@$01@@V?$allocator@U?$DequeAlgorithmRecord@$01@@@std@@@0@V120@00@Z"",""??$copy_backward@Viterator@?$deque@U?$DequeAlgorithmRecord@$03@@V?$allocator@U?$DequeAlgorithmRecord@$03@@@std@@@std@@V123@@std@@YA?AViterator@?$deque@U?$DequeAlgorithmRecord@$03@@V?$allocator@U?$DequeAlgorithmRecord@$03@@@std@@@0@V120@00@Z"",""??$copy_backward@Viterator@?$deque@U?$DequeAlgorithmRecord@$07@@V?$allocator@U?$DequeAlgorithmRecord@$07@@@std@@@std@@V123@@std@@YA?AViterator@?$deque@U?$DequeAlgorithmRecord@$07@@V?$allocator@U?$DequeAlgorithmRecord@$07@@@std@@@0@V120@00@Z"",""??$copy_backward@Viterator@?$deque@U?$DequeAlgorithmRecord@$0BA@@@V?$allocator@U?$DequeAlgorithmRecord@$0BA@@@@std@@@std@@V123@@std@@YA?AViterator@?$deque@U?$DequeAlgorithmRecord@$0BA@@@V?$allocator@U?$DequeAlgorithmRecord@$0BA@@@@std@@@0@V120@00@Z"",""??$copy_backward@Viterator@?$deque@U?$DequeAlgorithmRecord@$0CA@@@V?$allocator@U?$DequeAlgorithmRecord@$0CA@@@@std@@@std@@V123@@std@@YA?AViterator@?$deque@U?$DequeAlgorithmRecord@$0CA@@@V?$allocator@U?$DequeAlgorithmRecord@$0CA@@@@std@@@0@V120@00@Z"",""??$copy_backward@Viterator@?$deque@U?$DequeAlgorithmRecord@$0EA@@@V?$allocator@U?$DequeAlgorithmRecord@$0EA@@@@std@@@std@@V123@@std@@YA?AViterator@?$deque@U?$DequeAlgorithmRecord@$0EA@@@V?$allocator@U?$DequeAlgorithmRecord@$0EA@@@@std@@@0@V120@00@Z""]",176cdfba5567dc13581198d5fe4b6108a448767e0eba7e831e822039770c9411,328038617b656982fce9b4d447ca6f62b807573745b775b4044870d79e76b47d,"[{""offset"":13,""type"":""REL32"",""symbol"":""??$_Ptr_cat@Viterator@?$deque@EV?$allocator@E@std@@@std@@V123@@std@@YA?AU_Nonscalar_ptr_iterator_tag@0@AAViterator@?$deque@EV?$allocator@E@std@@@0@0@Z"",""addend"":0,""target_address"":""0x004566C0""},{""offset"":56,""type"":""REL32"",""symbol"":""??$_Copy_opt@Viterator@?$deque@EV?$allocator@E@std@@@std@@V123@@std@@YA?AViterator@?$deque@EV?$allocator@E@std@@@0@V120@00U_Nonscalar_ptr_iterator_tag@0@@Z"",""addend"":0,""target_address"":""0x00456730""}]",0,wrapper,,,0x00456730,R085
0x00456680,51,??$fill,??$fill@Viterator@?$deque@EV?$allocator@E@std@@@std@@E@std@@YAXViterator@?$deque@EV?$allocator@E@std@@@0@0ABE@Z,"[""??$fill@Viterator@?$deque@EV?$allocator@E@std@@@std@@E@std@@YAXViterator@?$deque@EV?$allocator@E@std@@@0@0ABE@Z""]",d73d5eb1de7536de5223725af8415ab2dadeff9e6d938de8e65c47e3d58f8bf6,57677d9b1e5798f3ea833cbf14803bf1918865cb96e3a88d65c1dbbb46e59f2d,"[{""offset"":9,""type"":""REL32"",""symbol"":""??Eiterator@?$deque@EV?$allocator@E@std@@@std@@QAEAAV012@XZ"",""addend"":0,""target_address"":""0x00415580""},{""offset"":21,""type"":""REL32"",""symbol"":""??9const_iterator@?$deque@EV?$allocator@E@std@@@std@@QBE_NABV012@@Z"",""addend"":0,""target_address"":""0x004149B0""},{""offset"":36,""type"":""REL32"",""symbol"":""??Diterator@?$deque@EV?$allocator@E@std@@@std@@QBEAAEXZ"",""addend"":0,""target_address"":""0x00414950""}]",0,root,,,,R085
0x004566C0,11,??$_Ptr_cat,??$_Ptr_cat@Viterator@?$deque@EV?$allocator@E@std@@@std@@V123@@std@@YA?AU_Nonscalar_ptr_iterator_tag@0@AAViterator@?$deque@EV?$allocator@E@std@@@0@0@Z,"[""??$_Ptr_cat@Viterator@?$deque@EV?$allocator@E@std@@@std@@V123@@std@@YA?AU_Nonscalar_ptr_iterator_tag@0@AAViterator@?$deque@EV?$allocator@E@std@@@0@0@Z"",""??$_Ptr_cat@Viterator@?$deque@GV?$allocator@G@std@@@std@@V123@@std@@YA?AU_Nonscalar_ptr_iterator_tag@0@AAViterator@?$deque@GV?$allocator@G@std@@@0@0@Z"",""??$_Ptr_cat@Viterator@?$deque@KV?$allocator@K@std@@@std@@V123@@std@@YA?AU_Nonscalar_ptr_iterator_tag@0@AAViterator@?$deque@KV?$allocator@K@std@@@0@0@Z"",""??$_Ptr_cat@Viterator@?$deque@MV?$allocator@M@std@@@std@@V123@@std@@YA?AU_Nonscalar_ptr_iterator_tag@0@AAViterator@?$deque@MV?$allocator@M@std@@@0@0@Z"",""??$_Ptr_cat@Viterator@?$deque@NV?$allocator@N@std@@@std@@V123@@std@@YA?AU_Nonscalar_ptr_iterator_tag@0@AAViterator@?$deque@NV?$allocator@N@std@@@0@0@Z"",""??$_Ptr_cat@Viterator@?$deque@PAXV?$allocator@PAX@std@@@std@@V123@@std@@YA?AU_Nonscalar_ptr_iterator_tag@0@AAViterator@?$deque@PAXV?$allocator@PAX@std@@@0@0@Z"",""??$_Ptr_cat@Viterator@?$deque@U?$DequeAlgorithmRecord@$00@@V?$allocator@U?$DequeAlgorithmRecord@$00@@@std@@@std@@V123@@std@@YA?AU_Nonscalar_ptr_iterator_tag@0@AAViterator@?$deque@U?$DequeAlgorithmRecord@$00@@V?$allocator@U?$DequeAlgorithmRecord@$00@@@std@@@0@0@Z"",""??$_Ptr_cat@Viterator@?$deque@U?$DequeAlgorithmRecord@$01@@V?$allocator@U?$DequeAlgorithmRecord@$01@@@std@@@std@@V123@@std@@YA?AU_Nonscalar_ptr_iterator_tag@0@AAViterator@?$deque@U?$DequeAlgorithmRecord@$01@@V?$allocator@U?$DequeAlgorithmRecord@$01@@@std@@@0@0@Z"",""??$_Ptr_cat@Viterator@?$deque@U?$DequeAlgorithmRecord@$03@@V?$allocator@U?$DequeAlgorithmRecord@$03@@@std@@@std@@V123@@std@@YA?AU_Nonscalar_ptr_iterator_tag@0@AAViterator@?$deque@U?$DequeAlgorithmRecord@$03@@V?$allocator@U?$DequeAlgorithmRecord@$03@@@std@@@0@0@Z"",""??$_Ptr_cat@Viterator@?$deque@U?$DequeAlgorithmRecord@$07@@V?$allocator@U?$DequeAlgorithmRecord@$07@@@std@@@std@@V123@@std@@YA?AU_Nonscalar_ptr_iterator_tag@0@AAViterator@?$deque@U?$DequeAlgorithmRecord@$07@@V?$allocator@U?$DequeAlgorithmRecord@$07@@@std@@@0@0@Z"",""??$_Ptr_cat@Viterator@?$deque@U?$DequeAlgorithmRecord@$0BA@@@V?$allocator@U?$DequeAlgorithmRecord@$0BA@@@@std@@@std@@V123@@std@@YA?AU_Nonscalar_ptr_iterator_tag@0@AAViterator@?$deque@U?$DequeAlgorithmRecord@$0BA@@@V?$allocator@U?$DequeAlgorithmRecord@$0BA@@@@std@@@0@0@Z"",""??$_Ptr_cat@Viterator@?$deque@U?$DequeAlgorithmRecord@$0CA@@@V?$allocator@U?$DequeAlgorithmRecord@$0CA@@@@std@@@std@@V123@@std@@YA?AU_Nonscalar_ptr_iterator_tag@0@AAViterator@?$deque@U?$DequeAlgorithmRecord@$0CA@@@V?$allocator@U?$DequeAlgorithmRecord@$0CA@@@@std@@@0@0@Z"",""??$_Ptr_cat@Viterator@?$deque@U?$DequeAlgorithmRecord@$0EA@@@V?$allocator@U?$DequeAlgorithmRecord@$0EA@@@@std@@@std@@V123@@std@@YA?AU_Nonscalar_ptr_iterator_tag@0@AAViterator@?$deque@U?$DequeAlgorithmRecord@$0EA@@@V?$allocator@U?$DequeAlgorithmRecord@$0EA@@@@std@@@0@0@Z""]",125af26ed15ea5e17205bbf1df6e31eeb82f0d79055557b9a04ec8a39e8679a8,125af26ed15ea5e17205bbf1df6e31eeb82f0d79055557b9a04ec8a39e8679a8,[],0,child,0x004565E0,13,,R085
0x004566D0,81,??$_Copy_backward_opt,??$_Copy_backward_opt@Viterator@?$deque@EV?$allocator@E@std@@@std@@V123@@std@@YA?AViterator@?$deque@EV?$allocator@E@std@@@0@V120@00U_Nonscalar_ptr_iterator_tag@0@@Z,"[""??$_Copy_backward_opt@Viterator@?$deque@EV?$allocator@E@std@@@std@@V123@@std@@YA?AViterator@?$deque@EV?$allocator@E@std@@@0@V120@00U_Nonscalar_ptr_iterator_tag@0@@Z""]",45af6733edd86c060fd48e2fab2e8aed6d1732c2bc6ff2e4c8a7c1e97cf24953,ffaa2ac480e020e76f1dc60327d1ad942461fcc914fc4efa6c47a37fd51ba46e,"[{""offset"":12,""type"":""REL32"",""symbol"":""??9const_iterator@?$deque@EV?$allocator@E@std@@@std@@QBE_NABV012@@Z"",""addend"":0,""target_address"":""0x004149B0""},{""offset"":27,""type"":""REL32"",""symbol"":""??Fiterator@?$deque@EV?$allocator@E@std@@@std@@QAEAAV012@XZ"",""addend"":0,""target_address"":""0x00456790""},{""offset"":34,""type"":""REL32"",""symbol"":""??Diterator@?$deque@EV?$allocator@E@std@@@std@@QBEAAEXZ"",""addend"":0,""target_address"":""0x00414950""},{""offset"":44,""type"":""REL32"",""symbol"":""??Fiterator@?$deque@EV?$allocator@E@std@@@std@@QAEAAV012@XZ"",""addend"":0,""target_address"":""0x00456790""},{""offset"":51,""type"":""REL32"",""symbol"":""??Diterator@?$deque@EV?$allocator@E@std@@@std@@QBEAAEXZ"",""addend"":0,""target_address"":""0x00414950""}]",0,root,,,,R085
0x00456730,85,??$_Copy_opt,??$_Copy_opt@Viterator@?$deque@EV?$allocator@E@std@@@std@@V123@@std@@YA?AViterator@?$deque@EV?$allocator@E@std@@@0@V120@00U_Nonscalar_ptr_iterator_tag@0@@Z,"[""??$_Copy_opt@Viterator@?$deque@EV?$allocator@E@std@@@std@@V123@@std@@YA?AViterator@?$deque@EV?$allocator@E@std@@@0@V120@00U_Nonscalar_ptr_iterator_tag@0@@Z""]",4ad7e06ceb62dae08252759046e23b0a06c25f7f1a6674ad077b9b26dc3a8641,3d62c7ccf96b5c2f31a1093a48781c2ea0e10cea6e0b0ae1cb3837cf13c49e64,"[{""offset"":10,""type"":""REL32"",""symbol"":""??Eiterator@?$deque@EV?$allocator@E@std@@@std@@QAEAAV012@XZ"",""addend"":0,""target_address"":""0x00415580""},{""offset"":18,""type"":""REL32"",""symbol"":""??Eiterator@?$deque@EV?$allocator@E@std@@@std@@QAEAAV012@XZ"",""addend"":0,""target_address"":""0x00415580""},{""offset"":30,""type"":""REL32"",""symbol"":""??9const_iterator@?$deque@EV?$allocator@E@std@@@std@@QBE_NABV012@@Z"",""addend"":0,""target_address"":""0x004149B0""},{""offset"":45,""type"":""REL32"",""symbol"":""??Diterator@?$deque@EV?$allocator@E@std@@@std@@QBEAAEXZ"",""addend"":0,""target_address"":""0x00414950""},{""offset"":55,""type"":""REL32"",""symbol"":""??Diterator@?$deque@EV?$allocator@E@std@@@std@@QBEAAEXZ"",""addend"":0,""target_address"":""0x00414950""}]",0,root,,,,R085
0x00456790,29,??Fiterator,??Fiterator@?$deque@EV?$allocator@E@std@@@std@@QAEAAV012@XZ,"[""??Fiterator@?$deque@EV?$allocator@E@std@@@std@@QAEAAV012@XZ"",""??Fiterator@?$deque@GV?$allocator@G@std@@@std@@QAEAAV012@XZ"",""??Fiterator@?$deque@KV?$allocator@K@std@@@std@@QAEAAV012@XZ"",""??Fiterator@?$deque@MV?$allocator@M@std@@@std@@QAEAAV012@XZ"",""??Fiterator@?$deque@NV?$allocator@N@std@@@std@@QAEAAV012@XZ"",""??Fiterator@?$deque@PAXV?$allocator@PAX@std@@@std@@QAEAAV012@XZ"",""??Fiterator@?$deque@U?$DequeAlgorithmRecord@$00@@V?$allocator@U?$DequeAlgorithmRecord@$00@@@std@@@std@@QAEAAV012@XZ"",""??Fiterator@?$deque@U?$DequeAlgorithmRecord@$01@@V?$allocator@U?$DequeAlgorithmRecord@$01@@@std@@@std@@QAEAAV012@XZ"",""??Fiterator@?$deque@U?$DequeAlgorithmRecord@$03@@V?$allocator@U?$DequeAlgorithmRecord@$03@@@std@@@std@@QAEAAV012@XZ"",""??Fiterator@?$deque@U?$DequeAlgorithmRecord@$07@@V?$allocator@U?$DequeAlgorithmRecord@$07@@@std@@@std@@QAEAAV012@XZ"",""??Fiterator@?$deque@U?$DequeAlgorithmRecord@$0BA@@@V?$allocator@U?$DequeAlgorithmRecord@$0BA@@@@std@@@std@@QAEAAV012@XZ"",""??Fiterator@?$deque@U?$DequeAlgorithmRecord@$0CA@@@V?$allocator@U?$DequeAlgorithmRecord@$0CA@@@@std@@@std@@QAEAAV012@XZ"",""??Fiterator@?$deque@U?$DequeAlgorithmRecord@$0EA@@@V?$allocator@U?$DequeAlgorithmRecord@$0EA@@@@std@@@std@@QAEAAV012@XZ""]",3344e010b691dd65084ba8f1c95eac3832868d7bc3341c25add5e89ab229bd33,3344e010b691dd65084ba8f1c95eac3832868d7bc3341c25add5e89ab229bd33,[],0,child,0x004566D0,27,,R085
0x0045C9A0,70,??$copy_backward,??$copy_backward@Viterator@?$deque@KV?$allocator@K@std@@@std@@V123@@std@@YA?AViterator@?$deque@KV?$allocator@K@std@@@0@V120@00@Z,"[""??$copy@Viterator@?$deque@EV?$allocator@E@std@@@std@@V123@@std@@YA?AViterator@?$deque@EV?$allocator@E@std@@@0@V120@00@Z"",""??$copy@Viterator@?$deque@GV?$allocator@G@std@@@std@@V123@@std@@YA?AViterator@?$deque@GV?$allocator@G@std@@@0@V120@00@Z"",""??$copy@Viterator@?$deque@KV?$allocator@K@std@@@std@@V123@@std@@YA?AViterator@?$deque@KV?$allocator@K@std@@@0@V120@00@Z"",""??$copy@Viterator@?$deque@MV?$allocator@M@std@@@std@@V123@@std@@YA?AViterator@?$deque@MV?$allocator@M@std@@@0@V120@00@Z"",""??$copy@Viterator@?$deque@NV?$allocator@N@std@@@std@@V123@@std@@YA?AViterator@?$deque@NV?$allocator@N@std@@@0@V120@00@Z"",""??$copy@Viterator@?$deque@PAXV?$allocator@PAX@std@@@std@@V123@@std@@YA?AViterator@?$deque@PAXV?$allocator@PAX@std@@@0@V120@00@Z"",""??$copy@Viterator@?$deque@U?$DequeAlgorithmRecord@$00@@V?$allocator@U?$DequeAlgorithmRecord@$00@@@std@@@std@@V123@@std@@YA?AViterator@?$deque@U?$DequeAlgorithmRecord@$00@@V?$allocator@U?$DequeAlgorithmRecord@$00@@@std@@@0@V120@00@Z"",""??$copy@Viterator@?$deque@U?$DequeAlgorithmRecord@$01@@V?$allocator@U?$DequeAlgorithmRecord@$01@@@std@@@std@@V123@@std@@YA?AViterator@?$deque@U?$DequeAlgorithmRecord@$01@@V?$allocator@U?$DequeAlgorithmRecord@$01@@@std@@@0@V120@00@Z"",""??$copy@Viterator@?$deque@U?$DequeAlgorithmRecord@$03@@V?$allocator@U?$DequeAlgorithmRecord@$03@@@std@@@std@@V123@@std@@YA?AViterator@?$deque@U?$DequeAlgorithmRecord@$03@@V?$allocator@U?$DequeAlgorithmRecord@$03@@@std@@@0@V120@00@Z"",""??$copy@Viterator@?$deque@U?$DequeAlgorithmRecord@$07@@V?$allocator@U?$DequeAlgorithmRecord@$07@@@std@@@std@@V123@@std@@YA?AViterator@?$deque@U?$DequeAlgorithmRecord@$07@@V?$allocator@U?$DequeAlgorithmRecord@$07@@@std@@@0@V120@00@Z"",""??$copy@Viterator@?$deque@U?$DequeAlgorithmRecord@$0BA@@@V?$allocator@U?$DequeAlgorithmRecord@$0BA@@@@std@@@std@@V123@@std@@YA?AViterator@?$deque@U?$DequeAlgorithmRecord@$0BA@@@V?$allocator@U?$DequeAlgorithmRecord@$0BA@@@@std@@@0@V120@00@Z"",""??$copy@Viterator@?$deque@U?$DequeAlgorithmRecord@$0CA@@@V?$allocator@U?$DequeAlgorithmRecord@$0CA@@@@std@@@std@@V123@@std@@YA?AViterator@?$deque@U?$DequeAlgorithmRecord@$0CA@@@V?$allocator@U?$DequeAlgorithmRecord@$0CA@@@@std@@@0@V120@00@Z"",""??$copy@Viterator@?$deque@U?$DequeAlgorithmRecord@$0EA@@@V?$allocator@U?$DequeAlgorithmRecord@$0EA@@@@std@@@std@@V123@@std@@YA?AViterator@?$deque@U?$DequeAlgorithmRecord@$0EA@@@V?$allocator@U?$DequeAlgorithmRecord@$0EA@@@@std@@@0@V120@00@Z"",""??$copy_backward@Viterator@?$deque@EV?$allocator@E@std@@@std@@V123@@std@@YA?AViterator@?$deque@EV?$allocator@E@std@@@0@V120@00@Z"",""??$copy_backward@Viterator@?$deque@GV?$allocator@G@std@@@std@@V123@@std@@YA?AViterator@?$deque@GV?$allocator@G@std@@@0@V120@00@Z"",""??$copy_backward@Viterator@?$deque@KV?$allocator@K@std@@@std@@V123@@std@@YA?AViterator@?$deque@KV?$allocator@K@std@@@0@V120@00@Z"",""??$copy_backward@Viterator@?$deque@MV?$allocator@M@std@@@std@@V123@@std@@YA?AViterator@?$deque@MV?$allocator@M@std@@@0@V120@00@Z"",""??$copy_backward@Viterator@?$deque@NV?$allocator@N@std@@@std@@V123@@std@@YA?AViterator@?$deque@NV?$allocator@N@std@@@0@V120@00@Z"",""??$copy_backward@Viterator@?$deque@PAXV?$allocator@PAX@std@@@std@@V123@@std@@YA?AViterator@?$deque@PAXV?$allocator@PAX@std@@@0@V120@00@Z"",""??$copy_backward@Viterator@?$deque@U?$DequeAlgorithmRecord@$00@@V?$allocator@U?$DequeAlgorithmRecord@$00@@@std@@@std@@V123@@std@@YA?AViterator@?$deque@U?$DequeAlgorithmRecord@$00@@V?$allocator@U?$DequeAlgorithmRecord@$00@@@std@@@0@V120@00@Z"",""??$copy_backward@Viterator@?$deque@U?$DequeAlgorithmRecord@$01@@V?$allocator@U?$DequeAlgorithmRecord@$01@@@std@@@std@@V123@@std@@YA?AViterator@?$deque@U?$DequeAlgorithmRecord@$01@@V?$allocator@U?$DequeAlgorithmRecord@$01@@@std@@@0@V120@00@Z"",""??$copy_backward@Viterator@?$deque@U?$DequeAlgorithmRecord@$03@@V?$allocator@U?$DequeAlgorithmRecord@$03@@@std@@@std@@V123@@std@@YA?AViterator@?$deque@U?$DequeAlgorithmRecord@$03@@V?$allocator@U?$DequeAlgorithmRecord@$03@@@std@@@0@V120@00@Z"",""??$copy_backward@Viterator@?$deque@U?$DequeAlgorithmRecord@$07@@V?$allocator@U?$DequeAlgorithmRecord@$07@@@std@@@std@@V123@@std@@YA?AViterator@?$deque@U?$DequeAlgorithmRecord@$07@@V?$allocator@U?$DequeAlgorithmRecord@$07@@@std@@@0@V120@00@Z"",""??$copy_backward@Viterator@?$deque@U?$DequeAlgorithmRecord@$0BA@@@V?$allocator@U?$DequeAlgorithmRecord@$0BA@@@@std@@@std@@V123@@std@@YA?AViterator@?$deque@U?$DequeAlgorithmRecord@$0BA@@@V?$allocator@U?$DequeAlgorithmRecord@$0BA@@@@std@@@0@V120@00@Z"",""??$copy_backward@Viterator@?$deque@U?$DequeAlgorithmRecord@$0CA@@@V?$allocator@U?$DequeAlgorithmRecord@$0CA@@@@std@@@std@@V123@@std@@YA?AViterator@?$deque@U?$DequeAlgorithmRecord@$0CA@@@V?$allocator@U?$DequeAlgorithmRecord@$0CA@@@@std@@@0@V120@00@Z"",""??$copy_backward@Viterator@?$deque@U?$DequeAlgorithmRecord@$0EA@@@V?$allocator@U?$DequeAlgorithmRecord@$0EA@@@@std@@@std@@V123@@std@@YA?AViterator@?$deque@U?$DequeAlgorithmRecord@$0EA@@@V?$allocator@U?$DequeAlgorithmRecord@$0EA@@@@std@@@0@V120@00@Z""]",176cdfba5567dc13581198d5fe4b6108a448767e0eba7e831e822039770c9411,013cf9d33a972a595da63e13717db6a605c12d480d79493bccdefaba504f3bb2,"[{""offset"":13,""type"":""REL32"",""symbol"":""??$_Ptr_cat@Viterator@?$deque@KV?$allocator@K@std@@@std@@V123@@std@@YA?AU_Nonscalar_ptr_iterator_tag@0@AAViterator@?$deque@KV?$allocator@K@std@@@0@0@Z"",""addend"":0,""target_address"":""0x0045CBB0""},{""offset"":56,""type"":""REL32"",""symbol"":""??$_Copy_backward_opt@Viterator@?$deque@KV?$allocator@K@std@@@std@@V123@@std@@YA?AViterator@?$deque@KV?$allocator@K@std@@@0@V120@00U_Nonscalar_ptr_iterator_tag@0@@Z"",""addend"":0,""target_address"":""0x0045CBC0""}]",0,wrapper,,,0x0045CBC0,R085
0x0045C9F0,70,??$copy,??$copy@Viterator@?$deque@KV?$allocator@K@std@@@std@@V123@@std@@YA?AViterator@?$deque@KV?$allocator@K@std@@@0@V120@00@Z,"[""??$copy@Viterator@?$deque@EV?$allocator@E@std@@@std@@V123@@std@@YA?AViterator@?$deque@EV?$allocator@E@std@@@0@V120@00@Z"",""??$copy@Viterator@?$deque@GV?$allocator@G@std@@@std@@V123@@std@@YA?AViterator@?$deque@GV?$allocator@G@std@@@0@V120@00@Z"",""??$copy@Viterator@?$deque@KV?$allocator@K@std@@@std@@V123@@std@@YA?AViterator@?$deque@KV?$allocator@K@std@@@0@V120@00@Z"",""??$copy@Viterator@?$deque@MV?$allocator@M@std@@@std@@V123@@std@@YA?AViterator@?$deque@MV?$allocator@M@std@@@0@V120@00@Z"",""??$copy@Viterator@?$deque@NV?$allocator@N@std@@@std@@V123@@std@@YA?AViterator@?$deque@NV?$allocator@N@std@@@0@V120@00@Z"",""??$copy@Viterator@?$deque@PAXV?$allocator@PAX@std@@@std@@V123@@std@@YA?AViterator@?$deque@PAXV?$allocator@PAX@std@@@0@V120@00@Z"",""??$copy@Viterator@?$deque@U?$DequeAlgorithmRecord@$00@@V?$allocator@U?$DequeAlgorithmRecord@$00@@@std@@@std@@V123@@std@@YA?AViterator@?$deque@U?$DequeAlgorithmRecord@$00@@V?$allocator@U?$DequeAlgorithmRecord@$00@@@std@@@0@V120@00@Z"",""??$copy@Viterator@?$deque@U?$DequeAlgorithmRecord@$01@@V?$allocator@U?$DequeAlgorithmRecord@$01@@@std@@@std@@V123@@std@@YA?AViterator@?$deque@U?$DequeAlgorithmRecord@$01@@V?$allocator@U?$DequeAlgorithmRecord@$01@@@std@@@0@V120@00@Z"",""??$copy@Viterator@?$deque@U?$DequeAlgorithmRecord@$03@@V?$allocator@U?$DequeAlgorithmRecord@$03@@@std@@@std@@V123@@std@@YA?AViterator@?$deque@U?$DequeAlgorithmRecord@$03@@V?$allocator@U?$DequeAlgorithmRecord@$03@@@std@@@0@V120@00@Z"",""??$copy@Viterator@?$deque@U?$DequeAlgorithmRecord@$07@@V?$allocator@U?$DequeAlgorithmRecord@$07@@@std@@@std@@V123@@std@@YA?AViterator@?$deque@U?$DequeAlgorithmRecord@$07@@V?$allocator@U?$DequeAlgorithmRecord@$07@@@std@@@0@V120@00@Z"",""??$copy@Viterator@?$deque@U?$DequeAlgorithmRecord@$0BA@@@V?$allocator@U?$DequeAlgorithmRecord@$0BA@@@@std@@@std@@V123@@std@@YA?AViterator@?$deque@U?$DequeAlgorithmRecord@$0BA@@@V?$allocator@U?$DequeAlgorithmRecord@$0BA@@@@std@@@0@V120@00@Z"",""??$copy@Viterator@?$deque@U?$DequeAlgorithmRecord@$0CA@@@V?$allocator@U?$DequeAlgorithmRecord@$0CA@@@@std@@@std@@V123@@std@@YA?AViterator@?$deque@U?$DequeAlgorithmRecord@$0CA@@@V?$allocator@U?$DequeAlgorithmRecord@$0CA@@@@std@@@0@V120@00@Z"",""??$copy@Viterator@?$deque@U?$DequeAlgorithmRecord@$0EA@@@V?$allocator@U?$DequeAlgorithmRecord@$0EA@@@@std@@@std@@V123@@std@@YA?AViterator@?$deque@U?$DequeAlgorithmRecord@$0EA@@@V?$allocator@U?$DequeAlgorithmRecord@$0EA@@@@std@@@0@V120@00@Z"",""??$copy_backward@Viterator@?$deque@EV?$allocator@E@std@@@std@@V123@@std@@YA?AViterator@?$deque@EV?$allocator@E@std@@@0@V120@00@Z"",""??$copy_backward@Viterator@?$deque@GV?$allocator@G@std@@@std@@V123@@std@@YA?AViterator@?$deque@GV?$allocator@G@std@@@0@V120@00@Z"",""??$copy_backward@Viterator@?$deque@KV?$allocator@K@std@@@std@@V123@@std@@YA?AViterator@?$deque@KV?$allocator@K@std@@@0@V120@00@Z"",""??$copy_backward@Viterator@?$deque@MV?$allocator@M@std@@@std@@V123@@std@@YA?AViterator@?$deque@MV?$allocator@M@std@@@0@V120@00@Z"",""??$copy_backward@Viterator@?$deque@NV?$allocator@N@std@@@std@@V123@@std@@YA?AViterator@?$deque@NV?$allocator@N@std@@@0@V120@00@Z"",""??$copy_backward@Viterator@?$deque@PAXV?$allocator@PAX@std@@@std@@V123@@std@@YA?AViterator@?$deque@PAXV?$allocator@PAX@std@@@0@V120@00@Z"",""??$copy_backward@Viterator@?$deque@U?$DequeAlgorithmRecord@$00@@V?$allocator@U?$DequeAlgorithmRecord@$00@@@std@@@std@@V123@@std@@YA?AViterator@?$deque@U?$DequeAlgorithmRecord@$00@@V?$allocator@U?$DequeAlgorithmRecord@$00@@@std@@@0@V120@00@Z"",""??$copy_backward@Viterator@?$deque@U?$DequeAlgorithmRecord@$01@@V?$allocator@U?$DequeAlgorithmRecord@$01@@@std@@@std@@V123@@std@@YA?AViterator@?$deque@U?$DequeAlgorithmRecord@$01@@V?$allocator@U?$DequeAlgorithmRecord@$01@@@std@@@0@V120@00@Z"",""??$copy_backward@Viterator@?$deque@U?$DequeAlgorithmRecord@$03@@V?$allocator@U?$DequeAlgorithmRecord@$03@@@std@@@std@@V123@@std@@YA?AViterator@?$deque@U?$DequeAlgorithmRecord@$03@@V?$allocator@U?$DequeAlgorithmRecord@$03@@@std@@@0@V120@00@Z"",""??$copy_backward@Viterator@?$deque@U?$DequeAlgorithmRecord@$07@@V?$allocator@U?$DequeAlgorithmRecord@$07@@@std@@@std@@V123@@std@@YA?AViterator@?$deque@U?$DequeAlgorithmRecord@$07@@V?$allocator@U?$DequeAlgorithmRecord@$07@@@std@@@0@V120@00@Z"",""??$copy_backward@Viterator@?$deque@U?$DequeAlgorithmRecord@$0BA@@@V?$allocator@U?$DequeAlgorithmRecord@$0BA@@@@std@@@std@@V123@@std@@YA?AViterator@?$deque@U?$DequeAlgorithmRecord@$0BA@@@V?$allocator@U?$DequeAlgorithmRecord@$0BA@@@@std@@@0@V120@00@Z"",""??$copy_backward@Viterator@?$deque@U?$DequeAlgorithmRecord@$0CA@@@V?$allocator@U?$DequeAlgorithmRecord@$0CA@@@@std@@@std@@V123@@std@@YA?AViterator@?$deque@U?$DequeAlgorithmRecord@$0CA@@@V?$allocator@U?$DequeAlgorithmRecord@$0CA@@@@std@@@0@V120@00@Z"",""??$copy_backward@Viterator@?$deque@U?$DequeAlgorithmRecord@$0EA@@@V?$allocator@U?$DequeAlgorithmRecord@$0EA@@@@std@@@std@@V123@@std@@YA?AViterator@?$deque@U?$DequeAlgorithmRecord@$0EA@@@V?$allocator@U?$DequeAlgorithmRecord@$0EA@@@@std@@@0@V120@00@Z""]",176cdfba5567dc13581198d5fe4b6108a448767e0eba7e831e822039770c9411,5bb135a8641b1d2121659b163314ee2d752bc17832a1d45206941f9820cb5115,"[{""offset"":13,""type"":""REL32"",""symbol"":""??$_Ptr_cat@Viterator@?$deque@KV?$allocator@K@std@@@std@@V123@@std@@YA?AU_Nonscalar_ptr_iterator_tag@0@AAViterator@?$deque@KV?$allocator@K@std@@@0@0@Z"",""addend"":0,""target_address"":""0x0045CBB0""},{""offset"":56,""type"":""REL32"",""symbol"":""??$_Copy_opt@Viterator@?$deque@KV?$allocator@K@std@@@std@@V123@@std@@YA?AViterator@?$deque@KV?$allocator@K@std@@@0@V120@00U_Nonscalar_ptr_iterator_tag@0@@Z"",""addend"":0,""target_address"":""0x0045CC20""}]",0,wrapper,,,0x0045CC20,R085
0x0045CBB0,11,??$_Ptr_cat,??$_Ptr_cat@Viterator@?$deque@KV?$allocator@K@std@@@std@@V123@@std@@YA?AU_Nonscalar_ptr_iterator_tag@0@AAViterator@?$deque@KV?$allocator@K@std@@@0@0@Z,"[""??$_Ptr_cat@Viterator@?$deque@EV?$allocator@E@std@@@std@@V123@@std@@YA?AU_Nonscalar_ptr_iterator_tag@0@AAViterator@?$deque@EV?$allocator@E@std@@@0@0@Z"",""??$_Ptr_cat@Viterator@?$deque@GV?$allocator@G@std@@@std@@V123@@std@@YA?AU_Nonscalar_ptr_iterator_tag@0@AAViterator@?$deque@GV?$allocator@G@std@@@0@0@Z"",""??$_Ptr_cat@Viterator@?$deque@KV?$allocator@K@std@@@std@@V123@@std@@YA?AU_Nonscalar_ptr_iterator_tag@0@AAViterator@?$deque@KV?$allocator@K@std@@@0@0@Z"",""??$_Ptr_cat@Viterator@?$deque@MV?$allocator@M@std@@@std@@V123@@std@@YA?AU_Nonscalar_ptr_iterator_tag@0@AAViterator@?$deque@MV?$allocator@M@std@@@0@0@Z"",""??$_Ptr_cat@Viterator@?$deque@NV?$allocator@N@std@@@std@@V123@@std@@YA?AU_Nonscalar_ptr_iterator_tag@0@AAViterator@?$deque@NV?$allocator@N@std@@@0@0@Z"",""??$_Ptr_cat@Viterator@?$deque@PAXV?$allocator@PAX@std@@@std@@V123@@std@@YA?AU_Nonscalar_ptr_iterator_tag@0@AAViterator@?$deque@PAXV?$allocator@PAX@std@@@0@0@Z"",""??$_Ptr_cat@Viterator@?$deque@U?$DequeAlgorithmRecord@$00@@V?$allocator@U?$DequeAlgorithmRecord@$00@@@std@@@std@@V123@@std@@YA?AU_Nonscalar_ptr_iterator_tag@0@AAViterator@?$deque@U?$DequeAlgorithmRecord@$00@@V?$allocator@U?$DequeAlgorithmRecord@$00@@@std@@@0@0@Z"",""??$_Ptr_cat@Viterator@?$deque@U?$DequeAlgorithmRecord@$01@@V?$allocator@U?$DequeAlgorithmRecord@$01@@@std@@@std@@V123@@std@@YA?AU_Nonscalar_ptr_iterator_tag@0@AAViterator@?$deque@U?$DequeAlgorithmRecord@$01@@V?$allocator@U?$DequeAlgorithmRecord@$01@@@std@@@0@0@Z"",""??$_Ptr_cat@Viterator@?$deque@U?$DequeAlgorithmRecord@$03@@V?$allocator@U?$DequeAlgorithmRecord@$03@@@std@@@std@@V123@@std@@YA?AU_Nonscalar_ptr_iterator_tag@0@AAViterator@?$deque@U?$DequeAlgorithmRecord@$03@@V?$allocator@U?$DequeAlgorithmRecord@$03@@@std@@@0@0@Z"",""??$_Ptr_cat@Viterator@?$deque@U?$DequeAlgorithmRecord@$07@@V?$allocator@U?$DequeAlgorithmRecord@$07@@@std@@@std@@V123@@std@@YA?AU_Nonscalar_ptr_iterator_tag@0@AAViterator@?$deque@U?$DequeAlgorithmRecord@$07@@V?$allocator@U?$DequeAlgorithmRecord@$07@@@std@@@0@0@Z"",""??$_Ptr_cat@Viterator@?$deque@U?$DequeAlgorithmRecord@$0BA@@@V?$allocator@U?$DequeAlgorithmRecord@$0BA@@@@std@@@std@@V123@@std@@YA?AU_Nonscalar_ptr_iterator_tag@0@AAViterator@?$deque@U?$DequeAlgorithmRecord@$0BA@@@V?$allocator@U?$DequeAlgorithmRecord@$0BA@@@@std@@@0@0@Z"",""??$_Ptr_cat@Viterator@?$deque@U?$DequeAlgorithmRecord@$0CA@@@V?$allocator@U?$DequeAlgorithmRecord@$0CA@@@@std@@@std@@V123@@std@@YA?AU_Nonscalar_ptr_iterator_tag@0@AAViterator@?$deque@U?$DequeAlgorithmRecord@$0CA@@@V?$allocator@U?$DequeAlgorithmRecord@$0CA@@@@std@@@0@0@Z"",""??$_Ptr_cat@Viterator@?$deque@U?$DequeAlgorithmRecord@$0EA@@@V?$allocator@U?$DequeAlgorithmRecord@$0EA@@@@std@@@std@@V123@@std@@YA?AU_Nonscalar_ptr_iterator_tag@0@AAViterator@?$deque@U?$DequeAlgorithmRecord@$0EA@@@V?$allocator@U?$DequeAlgorithmRecord@$0EA@@@@std@@@0@0@Z""]",125af26ed15ea5e17205bbf1df6e31eeb82f0d79055557b9a04ec8a39e8679a8,125af26ed15ea5e17205bbf1df6e31eeb82f0d79055557b9a04ec8a39e8679a8,[],0,child,0x0045C9A0,13,,R085
0x0045CBC0,81,??$_Copy_backward_opt,??$_Copy_backward_opt@Viterator@?$deque@KV?$allocator@K@std@@@std@@V123@@std@@YA?AViterator@?$deque@KV?$allocator@K@std@@@0@V120@00U_Nonscalar_ptr_iterator_tag@0@@Z,"[""??$_Copy_backward_opt@Viterator@?$deque@KV?$allocator@K@std@@@std@@V123@@std@@YA?AViterator@?$deque@KV?$allocator@K@std@@@0@V120@00U_Nonscalar_ptr_iterator_tag@0@@Z"",""??$_Copy_backward_opt@Viterator@?$deque@MV?$allocator@M@std@@@std@@V123@@std@@YA?AViterator@?$deque@MV?$allocator@M@std@@@0@V120@00U_Nonscalar_ptr_iterator_tag@0@@Z"",""??$_Copy_backward_opt@Viterator@?$deque@PAXV?$allocator@PAX@std@@@std@@V123@@std@@YA?AViterator@?$deque@PAXV?$allocator@PAX@std@@@0@V120@00U_Nonscalar_ptr_iterator_tag@0@@Z""]",43aa99804565a4c4fe985ca3fcb3eda8da541eac727785d3291eb6324efcff5d,a3b00c6cda21bec6881b80896585d7fac1273986c17be91619fa4c392bc76001,"[{""offset"":12,""type"":""REL32"",""symbol"":""??9const_iterator@?$deque@KV?$allocator@K@std@@@std@@QBE_NABV012@@Z"",""addend"":0,""target_address"":""0x00445440""},{""offset"":27,""type"":""REL32"",""symbol"":""??Fiterator@?$deque@KV?$allocator@K@std@@@std@@QAEAAV012@XZ"",""addend"":0,""target_address"":""0x0045CD00""},{""offset"":34,""type"":""REL32"",""symbol"":""??Diterator@?$deque@KV?$allocator@K@std@@@std@@QBEAAKXZ"",""addend"":0,""target_address"":""0x004453E0""},{""offset"":44,""type"":""REL32"",""symbol"":""??Fiterator@?$deque@KV?$allocator@K@std@@@std@@QAEAAV012@XZ"",""addend"":0,""target_address"":""0x0045CD00""},{""offset"":51,""type"":""REL32"",""symbol"":""??Diterator@?$deque@KV?$allocator@K@std@@@std@@QBEAAKXZ"",""addend"":0,""target_address"":""0x004453E0""}]",0,root,,,,R085
0x0045CC20,85,??$_Copy_opt,??$_Copy_opt@Viterator@?$deque@KV?$allocator@K@std@@@std@@V123@@std@@YA?AViterator@?$deque@KV?$allocator@K@std@@@0@V120@00U_Nonscalar_ptr_iterator_tag@0@@Z,"[""??$_Copy_opt@Viterator@?$deque@KV?$allocator@K@std@@@std@@V123@@std@@YA?AViterator@?$deque@KV?$allocator@K@std@@@0@V120@00U_Nonscalar_ptr_iterator_tag@0@@Z"",""??$_Copy_opt@Viterator@?$deque@MV?$allocator@M@std@@@std@@V123@@std@@YA?AViterator@?$deque@MV?$allocator@M@std@@@0@V120@00U_Nonscalar_ptr_iterator_tag@0@@Z"",""??$_Copy_opt@Viterator@?$deque@PAXV?$allocator@PAX@std@@@std@@V123@@std@@YA?AViterator@?$deque@PAXV?$allocator@PAX@std@@@0@V120@00U_Nonscalar_ptr_iterator_tag@0@@Z""]",2bd382cd6d2b7fb92f384144a5ab1321e1e72e9a539b8ae5abdd07fda1402ba9,d6ca6a2d40bd670981efee5513655fb002dab58c236e200190a24cdde953f41e,"[{""offset"":10,""type"":""REL32"",""symbol"":""??Eiterator@?$deque@KV?$allocator@K@std@@@std@@QAEAAV012@XZ"",""addend"":0,""target_address"":""0x00445510""},{""offset"":18,""type"":""REL32"",""symbol"":""??Eiterator@?$deque@KV?$allocator@K@std@@@std@@QAEAAV012@XZ"",""addend"":0,""target_address"":""0x00445510""},{""offset"":30,""type"":""REL32"",""symbol"":""??9const_iterator@?$deque@KV?$allocator@K@std@@@std@@QBE_NABV012@@Z"",""addend"":0,""target_address"":""0x00445440""},{""offset"":45,""type"":""REL32"",""symbol"":""??Diterator@?$deque@KV?$allocator@K@std@@@std@@QBEAAKXZ"",""addend"":0,""target_address"":""0x004453E0""},{""offset"":55,""type"":""REL32"",""symbol"":""??Diterator@?$deque@KV?$allocator@K@std@@@std@@QBEAAKXZ"",""addend"":0,""target_address"":""0x004453E0""}]",0,root,,,,R085
0x0045CD00,29,??Fiterator,??Fiterator@?$deque@KV?$allocator@K@std@@@std@@QAEAAV012@XZ,"[""??Fiterator@?$deque@EV?$allocator@E@std@@@std@@QAEAAV012@XZ"",""??Fiterator@?$deque@GV?$allocator@G@std@@@std@@QAEAAV012@XZ"",""??Fiterator@?$deque@KV?$allocator@K@std@@@std@@QAEAAV012@XZ"",""??Fiterator@?$deque@MV?$allocator@M@std@@@std@@QAEAAV012@XZ"",""??Fiterator@?$deque@NV?$allocator@N@std@@@std@@QAEAAV012@XZ"",""??Fiterator@?$deque@PAXV?$allocator@PAX@std@@@std@@QAEAAV012@XZ"",""??Fiterator@?$deque@U?$DequeAlgorithmRecord@$00@@V?$allocator@U?$DequeAlgorithmRecord@$00@@@std@@@std@@QAEAAV012@XZ"",""??Fiterator@?$deque@U?$DequeAlgorithmRecord@$01@@V?$allocator@U?$DequeAlgorithmRecord@$01@@@std@@@std@@QAEAAV012@XZ"",""??Fiterator@?$deque@U?$DequeAlgorithmRecord@$03@@V?$allocator@U?$DequeAlgorithmRecord@$03@@@std@@@std@@QAEAAV012@XZ"",""??Fiterator@?$deque@U?$DequeAlgorithmRecord@$07@@V?$allocator@U?$DequeAlgorithmRecord@$07@@@std@@@std@@QAEAAV012@XZ"",""??Fiterator@?$deque@U?$DequeAlgorithmRecord@$0BA@@@V?$allocator@U?$DequeAlgorithmRecord@$0BA@@@@std@@@std@@QAEAAV012@XZ"",""??Fiterator@?$deque@U?$DequeAlgorithmRecord@$0CA@@@V?$allocator@U?$DequeAlgorithmRecord@$0CA@@@@std@@@std@@QAEAAV012@XZ"",""??Fiterator@?$deque@U?$DequeAlgorithmRecord@$0EA@@@V?$allocator@U?$DequeAlgorithmRecord@$0EA@@@@std@@@std@@QAEAAV012@XZ""]",3344e010b691dd65084ba8f1c95eac3832868d7bc3341c25add5e89ab229bd33,3344e010b691dd65084ba8f1c95eac3832868d7bc3341c25add5e89ab229bd33,[],0,child,0x0045CBC0,27,,R085
0x005F8D10,29,??Eiterator,??Eiterator@?$deque@KV?$allocator@K@std@@@std@@QAEAAV012@XZ,"[""??Eiterator@?$deque@EV?$allocator@E@std@@@std@@QAEAAV012@XZ"",""??Eiterator@?$deque@GV?$allocator@G@std@@@std@@QAEAAV012@XZ"",""??Eiterator@?$deque@KV?$allocator@K@std@@@std@@QAEAAV012@XZ"",""??Eiterator@?$deque@MV?$allocator@M@std@@@std@@QAEAAV012@XZ"",""??Eiterator@?$deque@NV?$allocator@N@std@@@std@@QAEAAV012@XZ"",""??Eiterator@?$deque@PAXV?$allocator@PAX@std@@@std@@QAEAAV012@XZ"",""??Eiterator@?$deque@U?$DequeAlgorithmRecord@$00@@V?$allocator@U?$DequeAlgorithmRecord@$00@@@std@@@std@@QAEAAV012@XZ"",""??Eiterator@?$deque@U?$DequeAlgorithmRecord@$01@@V?$allocator@U?$DequeAlgorithmRecord@$01@@@std@@@std@@QAEAAV012@XZ"",""??Eiterator@?$deque@U?$DequeAlgorithmRecord@$03@@V?$allocator@U?$DequeAlgorithmRecord@$03@@@std@@@std@@QAEAAV012@XZ"",""??Eiterator@?$deque@U?$DequeAlgorithmRecord@$07@@V?$allocator@U?$DequeAlgorithmRecord@$07@@@std@@@std@@QAEAAV012@XZ"",""??Eiterator@?$deque@U?$DequeAlgorithmRecord@$0BA@@@V?$allocator@U?$DequeAlgorithmRecord@$0BA@@@@std@@@std@@QAEAAV012@XZ"",""??Eiterator@?$deque@U?$DequeAlgorithmRecord@$0CA@@@V?$allocator@U?$DequeAlgorithmRecord@$0CA@@@@std@@@std@@QAEAAV012@XZ"",""??Eiterator@?$deque@U?$DequeAlgorithmRecord@$0EA@@@V?$allocator@U?$DequeAlgorithmRecord@$0EA@@@@std@@@std@@QAEAAV012@XZ""]",2d9ee1ef888fd99ef80c4a16231f33a7d3060b679b381a3be310d81d9205a535,2d9ee1ef888fd99ef80c4a16231f33a7d3060b679b381a3be310d81d9205a535,[],0,child,0x005FA540,10,,R085
0x005F9FB0,70,??$copy_backward,??$copy_backward@Viterator@?$deque@KV?$allocator@K@std@@@std@@V123@@std@@YA?AViterator@?$deque@KV?$allocator@K@std@@@0@V120@00@Z,"[""??$copy@Viterator@?$deque@EV?$allocator@E@std@@@std@@V123@@std@@YA?AViterator@?$deque@EV?$allocator@E@std@@@0@V120@00@Z"",""??$copy@Viterator@?$deque@GV?$allocator@G@std@@@std@@V123@@std@@YA?AViterator@?$deque@GV?$allocator@G@std@@@0@V120@00@Z"",""??$copy@Viterator@?$deque@KV?$allocator@K@std@@@std@@V123@@std@@YA?AViterator@?$deque@KV?$allocator@K@std@@@0@V120@00@Z"",""??$copy@Viterator@?$deque@MV?$allocator@M@std@@@std@@V123@@std@@YA?AViterator@?$deque@MV?$allocator@M@std@@@0@V120@00@Z"",""??$copy@Viterator@?$deque@NV?$allocator@N@std@@@std@@V123@@std@@YA?AViterator@?$deque@NV?$allocator@N@std@@@0@V120@00@Z"",""??$copy@Viterator@?$deque@PAXV?$allocator@PAX@std@@@std@@V123@@std@@YA?AViterator@?$deque@PAXV?$allocator@PAX@std@@@0@V120@00@Z"",""??$copy@Viterator@?$deque@U?$DequeAlgorithmRecord@$00@@V?$allocator@U?$DequeAlgorithmRecord@$00@@@std@@@std@@V123@@std@@YA?AViterator@?$deque@U?$DequeAlgorithmRecord@$00@@V?$allocator@U?$DequeAlgorithmRecord@$00@@@std@@@0@V120@00@Z"",""??$copy@Viterator@?$deque@U?$DequeAlgorithmRecord@$01@@V?$allocator@U?$DequeAlgorithmRecord@$01@@@std@@@std@@V123@@std@@YA?AViterator@?$deque@U?$DequeAlgorithmRecord@$01@@V?$allocator@U?$DequeAlgorithmRecord@$01@@@std@@@0@V120@00@Z"",""??$copy@Viterator@?$deque@U?$DequeAlgorithmRecord@$03@@V?$allocator@U?$DequeAlgorithmRecord@$03@@@std@@@std@@V123@@std@@YA?AViterator@?$deque@U?$DequeAlgorithmRecord@$03@@V?$allocator@U?$DequeAlgorithmRecord@$03@@@std@@@0@V120@00@Z"",""??$copy@Viterator@?$deque@U?$DequeAlgorithmRecord@$07@@V?$allocator@U?$DequeAlgorithmRecord@$07@@@std@@@std@@V123@@std@@YA?AViterator@?$deque@U?$DequeAlgorithmRecord@$07@@V?$allocator@U?$DequeAlgorithmRecord@$07@@@std@@@0@V120@00@Z"",""??$copy@Viterator@?$deque@U?$DequeAlgorithmRecord@$0BA@@@V?$allocator@U?$DequeAlgorithmRecord@$0BA@@@@std@@@std@@V123@@std@@YA?AViterator@?$deque@U?$DequeAlgorithmRecord@$0BA@@@V?$allocator@U?$DequeAlgorithmRecord@$0BA@@@@std@@@0@V120@00@Z"",""??$copy@Viterator@?$deque@U?$DequeAlgorithmRecord@$0CA@@@V?$allocator@U?$DequeAlgorithmRecord@$0CA@@@@std@@@std@@V123@@std@@YA?AViterator@?$deque@U?$DequeAlgorithmRecord@$0CA@@@V?$allocator@U?$DequeAlgorithmRecord@$0CA@@@@std@@@0@V120@00@Z"",""??$copy@Viterator@?$deque@U?$DequeAlgorithmRecord@$0EA@@@V?$allocator@U?$DequeAlgorithmRecord@$0EA@@@@std@@@std@@V123@@std@@YA?AViterator@?$deque@U?$DequeAlgorithmRecord@$0EA@@@V?$allocator@U?$DequeAlgorithmRecord@$0EA@@@@std@@@0@V120@00@Z"",""??$copy_backward@Viterator@?$deque@EV?$allocator@E@std@@@std@@V123@@std@@YA?AViterator@?$deque@EV?$allocator@E@std@@@0@V120@00@Z"",""??$copy_backward@Viterator@?$deque@GV?$allocator@G@std@@@std@@V123@@std@@YA?AViterator@?$deque@GV?$allocator@G@std@@@0@V120@00@Z"",""??$copy_backward@Viterator@?$deque@KV?$allocator@K@std@@@std@@V123@@std@@YA?AViterator@?$deque@KV?$allocator@K@std@@@0@V120@00@Z"",""??$copy_backward@Viterator@?$deque@MV?$allocator@M@std@@@std@@V123@@std@@YA?AViterator@?$deque@MV?$allocator@M@std@@@0@V120@00@Z"",""??$copy_backward@Viterator@?$deque@NV?$allocator@N@std@@@std@@V123@@std@@YA?AViterator@?$deque@NV?$allocator@N@std@@@0@V120@00@Z"",""??$copy_backward@Viterator@?$deque@PAXV?$allocator@PAX@std@@@std@@V123@@std@@YA?AViterator@?$deque@PAXV?$allocator@PAX@std@@@0@V120@00@Z"",""??$copy_backward@Viterator@?$deque@U?$DequeAlgorithmRecord@$00@@V?$allocator@U?$DequeAlgorithmRecord@$00@@@std@@@std@@V123@@std@@YA?AViterator@?$deque@U?$DequeAlgorithmRecord@$00@@V?$allocator@U?$DequeAlgorithmRecord@$00@@@std@@@0@V120@00@Z"",""??$copy_backward@Viterator@?$deque@U?$DequeAlgorithmRecord@$01@@V?$allocator@U?$DequeAlgorithmRecord@$01@@@std@@@std@@V123@@std@@YA?AViterator@?$deque@U?$DequeAlgorithmRecord@$01@@V?$allocator@U?$DequeAlgorithmRecord@$01@@@std@@@0@V120@00@Z"",""??$copy_backward@Viterator@?$deque@U?$DequeAlgorithmRecord@$03@@V?$allocator@U?$DequeAlgorithmRecord@$03@@@std@@@std@@V123@@std@@YA?AViterator@?$deque@U?$DequeAlgorithmRecord@$03@@V?$allocator@U?$DequeAlgorithmRecord@$03@@@std@@@0@V120@00@Z"",""??$copy_backward@Viterator@?$deque@U?$DequeAlgorithmRecord@$07@@V?$allocator@U?$DequeAlgorithmRecord@$07@@@std@@@std@@V123@@std@@YA?AViterator@?$deque@U?$DequeAlgorithmRecord@$07@@V?$allocator@U?$DequeAlgorithmRecord@$07@@@std@@@0@V120@00@Z"",""??$copy_backward@Viterator@?$deque@U?$DequeAlgorithmRecord@$0BA@@@V?$allocator@U?$DequeAlgorithmRecord@$0BA@@@@std@@@std@@V123@@std@@YA?AViterator@?$deque@U?$DequeAlgorithmRecord@$0BA@@@V?$allocator@U?$DequeAlgorithmRecord@$0BA@@@@std@@@0@V120@00@Z"",""??$copy_backward@Viterator@?$deque@U?$DequeAlgorithmRecord@$0CA@@@V?$allocator@U?$DequeAlgorithmRecord@$0CA@@@@std@@@std@@V123@@std@@YA?AViterator@?$deque@U?$DequeAlgorithmRecord@$0CA@@@V?$allocator@U?$DequeAlgorithmRecord@$0CA@@@@std@@@0@V120@00@Z"",""??$copy_backward@Viterator@?$deque@U?$DequeAlgorithmRecord@$0EA@@@V?$allocator@U?$DequeAlgorithmRecord@$0EA@@@@std@@@std@@V123@@std@@YA?AViterator@?$deque@U?$DequeAlgorithmRecord@$0EA@@@V?$allocator@U?$DequeAlgorithmRecord@$0EA@@@@std@@@0@V120@00@Z""]",176cdfba5567dc13581198d5fe4b6108a448767e0eba7e831e822039770c9411,dbb593b4f00bbb5ae9c85769e4b77edfd579294fd1eef082de532c3c15e099a9,"[{""offset"":13,""type"":""REL32"",""symbol"":""??$_Ptr_cat@Viterator@?$deque@KV?$allocator@K@std@@@std@@V123@@std@@YA?AU_Nonscalar_ptr_iterator_tag@0@AAViterator@?$deque@KV?$allocator@K@std@@@0@0@Z"",""addend"":0,""target_address"":""0x005FA4D0""},{""offset"":56,""type"":""REL32"",""symbol"":""??$_Copy_backward_opt@Viterator@?$deque@KV?$allocator@K@std@@@std@@V123@@std@@YA?AViterator@?$deque@KV?$allocator@K@std@@@0@V120@00U_Nonscalar_ptr_iterator_tag@0@@Z"",""addend"":0,""target_address"":""0x005FA4E0""}]",0,wrapper,,,0x005FA4E0,R085
0x005FA000,70,??$copy,??$copy@Viterator@?$deque@KV?$allocator@K@std@@@std@@V123@@std@@YA?AViterator@?$deque@KV?$allocator@K@std@@@0@V120@00@Z,"[""??$copy@Viterator@?$deque@EV?$allocator@E@std@@@std@@V123@@std@@YA?AViterator@?$deque@EV?$allocator@E@std@@@0@V120@00@Z"",""??$copy@Viterator@?$deque@GV?$allocator@G@std@@@std@@V123@@std@@YA?AViterator@?$deque@GV?$allocator@G@std@@@0@V120@00@Z"",""??$copy@Viterator@?$deque@KV?$allocator@K@std@@@std@@V123@@std@@YA?AViterator@?$deque@KV?$allocator@K@std@@@0@V120@00@Z"",""??$copy@Viterator@?$deque@MV?$allocator@M@std@@@std@@V123@@std@@YA?AViterator@?$deque@MV?$allocator@M@std@@@0@V120@00@Z"",""??$copy@Viterator@?$deque@NV?$allocator@N@std@@@std@@V123@@std@@YA?AViterator@?$deque@NV?$allocator@N@std@@@0@V120@00@Z"",""??$copy@Viterator@?$deque@PAXV?$allocator@PAX@std@@@std@@V123@@std@@YA?AViterator@?$deque@PAXV?$allocator@PAX@std@@@0@V120@00@Z"",""??$copy@Viterator@?$deque@U?$DequeAlgorithmRecord@$00@@V?$allocator@U?$DequeAlgorithmRecord@$00@@@std@@@std@@V123@@std@@YA?AViterator@?$deque@U?$DequeAlgorithmRecord@$00@@V?$allocator@U?$DequeAlgorithmRecord@$00@@@std@@@0@V120@00@Z"",""??$copy@Viterator@?$deque@U?$DequeAlgorithmRecord@$01@@V?$allocator@U?$DequeAlgorithmRecord@$01@@@std@@@std@@V123@@std@@YA?AViterator@?$deque@U?$DequeAlgorithmRecord@$01@@V?$allocator@U?$DequeAlgorithmRecord@$01@@@std@@@0@V120@00@Z"",""??$copy@Viterator@?$deque@U?$DequeAlgorithmRecord@$03@@V?$allocator@U?$DequeAlgorithmRecord@$03@@@std@@@std@@V123@@std@@YA?AViterator@?$deque@U?$DequeAlgorithmRecord@$03@@V?$allocator@U?$DequeAlgorithmRecord@$03@@@std@@@0@V120@00@Z"",""??$copy@Viterator@?$deque@U?$DequeAlgorithmRecord@$07@@V?$allocator@U?$DequeAlgorithmRecord@$07@@@std@@@std@@V123@@std@@YA?AViterator@?$deque@U?$DequeAlgorithmRecord@$07@@V?$allocator@U?$DequeAlgorithmRecord@$07@@@std@@@0@V120@00@Z"",""??$copy@Viterator@?$deque@U?$DequeAlgorithmRecord@$0BA@@@V?$allocator@U?$DequeAlgorithmRecord@$0BA@@@@std@@@std@@V123@@std@@YA?AViterator@?$deque@U?$DequeAlgorithmRecord@$0BA@@@V?$allocator@U?$DequeAlgorithmRecord@$0BA@@@@std@@@0@V120@00@Z"",""??$copy@Viterator@?$deque@U?$DequeAlgorithmRecord@$0CA@@@V?$allocator@U?$DequeAlgorithmRecord@$0CA@@@@std@@@std@@V123@@std@@YA?AViterator@?$deque@U?$DequeAlgorithmRecord@$0CA@@@V?$allocator@U?$DequeAlgorithmRecord@$0CA@@@@std@@@0@V120@00@Z"",""??$copy@Viterator@?$deque@U?$DequeAlgorithmRecord@$0EA@@@V?$allocator@U?$DequeAlgorithmRecord@$0EA@@@@std@@@std@@V123@@std@@YA?AViterator@?$deque@U?$DequeAlgorithmRecord@$0EA@@@V?$allocator@U?$DequeAlgorithmRecord@$0EA@@@@std@@@0@V120@00@Z"",""??$copy_backward@Viterator@?$deque@EV?$allocator@E@std@@@std@@V123@@std@@YA?AViterator@?$deque@EV?$allocator@E@std@@@0@V120@00@Z"",""??$copy_backward@Viterator@?$deque@GV?$allocator@G@std@@@std@@V123@@std@@YA?AViterator@?$deque@GV?$allocator@G@std@@@0@V120@00@Z"",""??$copy_backward@Viterator@?$deque@KV?$allocator@K@std@@@std@@V123@@std@@YA?AViterator@?$deque@KV?$allocator@K@std@@@0@V120@00@Z"",""??$copy_backward@Viterator@?$deque@MV?$allocator@M@std@@@std@@V123@@std@@YA?AViterator@?$deque@MV?$allocator@M@std@@@0@V120@00@Z"",""??$copy_backward@Viterator@?$deque@NV?$allocator@N@std@@@std@@V123@@std@@YA?AViterator@?$deque@NV?$allocator@N@std@@@0@V120@00@Z"",""??$copy_backward@Viterator@?$deque@PAXV?$allocator@PAX@std@@@std@@V123@@std@@YA?AViterator@?$deque@PAXV?$allocator@PAX@std@@@0@V120@00@Z"",""??$copy_backward@Viterator@?$deque@U?$DequeAlgorithmRecord@$00@@V?$allocator@U?$DequeAlgorithmRecord@$00@@@std@@@std@@V123@@std@@YA?AViterator@?$deque@U?$DequeAlgorithmRecord@$00@@V?$allocator@U?$DequeAlgorithmRecord@$00@@@std@@@0@V120@00@Z"",""??$copy_backward@Viterator@?$deque@U?$DequeAlgorithmRecord@$01@@V?$allocator@U?$DequeAlgorithmRecord@$01@@@std@@@std@@V123@@std@@YA?AViterator@?$deque@U?$DequeAlgorithmRecord@$01@@V?$allocator@U?$DequeAlgorithmRecord@$01@@@std@@@0@V120@00@Z"",""??$copy_backward@Viterator@?$deque@U?$DequeAlgorithmRecord@$03@@V?$allocator@U?$DequeAlgorithmRecord@$03@@@std@@@std@@V123@@std@@YA?AViterator@?$deque@U?$DequeAlgorithmRecord@$03@@V?$allocator@U?$DequeAlgorithmRecord@$03@@@std@@@0@V120@00@Z"",""??$copy_backward@Viterator@?$deque@U?$DequeAlgorithmRecord@$07@@V?$allocator@U?$DequeAlgorithmRecord@$07@@@std@@@std@@V123@@std@@YA?AViterator@?$deque@U?$DequeAlgorithmRecord@$07@@V?$allocator@U?$DequeAlgorithmRecord@$07@@@std@@@0@V120@00@Z"",""??$copy_backward@Viterator@?$deque@U?$DequeAlgorithmRecord@$0BA@@@V?$allocator@U?$DequeAlgorithmRecord@$0BA@@@@std@@@std@@V123@@std@@YA?AViterator@?$deque@U?$DequeAlgorithmRecord@$0BA@@@V?$allocator@U?$DequeAlgorithmRecord@$0BA@@@@std@@@0@V120@00@Z"",""??$copy_backward@Viterator@?$deque@U?$DequeAlgorithmRecord@$0CA@@@V?$allocator@U?$DequeAlgorithmRecord@$0CA@@@@std@@@std@@V123@@std@@YA?AViterator@?$deque@U?$DequeAlgorithmRecord@$0CA@@@V?$allocator@U?$DequeAlgorithmRecord@$0CA@@@@std@@@0@V120@00@Z"",""??$copy_backward@Viterator@?$deque@U?$DequeAlgorithmRecord@$0EA@@@V?$allocator@U?$DequeAlgorithmRecord@$0EA@@@@std@@@std@@V123@@std@@YA?AViterator@?$deque@U?$DequeAlgorithmRecord@$0EA@@@V?$allocator@U?$DequeAlgorithmRecord@$0EA@@@@std@@@0@V120@00@Z""]",176cdfba5567dc13581198d5fe4b6108a448767e0eba7e831e822039770c9411,5bae47cf32ca65a92eeda77ba17089b97214a6fef6818b26831b22746fc8c4bc,"[{""offset"":13,""type"":""REL32"",""symbol"":""??$_Ptr_cat@Viterator@?$deque@KV?$allocator@K@std@@@std@@V123@@std@@YA?AU_Nonscalar_ptr_iterator_tag@0@AAViterator@?$deque@KV?$allocator@K@std@@@0@0@Z"",""addend"":0,""target_address"":""0x005FA4D0""},{""offset"":56,""type"":""REL32"",""symbol"":""??$_Copy_opt@Viterator@?$deque@KV?$allocator@K@std@@@std@@V123@@std@@YA?AViterator@?$deque@KV?$allocator@K@std@@@0@V120@00U_Nonscalar_ptr_iterator_tag@0@@Z"",""addend"":0,""target_address"":""0x005FA540""}]",0,wrapper,,,0x005FA540,R085
0x005FA4D0,11,??$_Ptr_cat,??$_Ptr_cat@Viterator@?$deque@KV?$allocator@K@std@@@std@@V123@@std@@YA?AU_Nonscalar_ptr_iterator_tag@0@AAViterator@?$deque@KV?$allocator@K@std@@@0@0@Z,"[""??$_Ptr_cat@Viterator@?$deque@EV?$allocator@E@std@@@std@@V123@@std@@YA?AU_Nonscalar_ptr_iterator_tag@0@AAViterator@?$deque@EV?$allocator@E@std@@@0@0@Z"",""??$_Ptr_cat@Viterator@?$deque@GV?$allocator@G@std@@@std@@V123@@std@@YA?AU_Nonscalar_ptr_iterator_tag@0@AAViterator@?$deque@GV?$allocator@G@std@@@0@0@Z"",""??$_Ptr_cat@Viterator@?$deque@KV?$allocator@K@std@@@std@@V123@@std@@YA?AU_Nonscalar_ptr_iterator_tag@0@AAViterator@?$deque@KV?$allocator@K@std@@@0@0@Z"",""??$_Ptr_cat@Viterator@?$deque@MV?$allocator@M@std@@@std@@V123@@std@@YA?AU_Nonscalar_ptr_iterator_tag@0@AAViterator@?$deque@MV?$allocator@M@std@@@0@0@Z"",""??$_Ptr_cat@Viterator@?$deque@NV?$allocator@N@std@@@std@@V123@@std@@YA?AU_Nonscalar_ptr_iterator_tag@0@AAViterator@?$deque@NV?$allocator@N@std@@@0@0@Z"",""??$_Ptr_cat@Viterator@?$deque@PAXV?$allocator@PAX@std@@@std@@V123@@std@@YA?AU_Nonscalar_ptr_iterator_tag@0@AAViterator@?$deque@PAXV?$allocator@PAX@std@@@0@0@Z"",""??$_Ptr_cat@Viterator@?$deque@U?$DequeAlgorithmRecord@$00@@V?$allocator@U?$DequeAlgorithmRecord@$00@@@std@@@std@@V123@@std@@YA?AU_Nonscalar_ptr_iterator_tag@0@AAViterator@?$deque@U?$DequeAlgorithmRecord@$00@@V?$allocator@U?$DequeAlgorithmRecord@$00@@@std@@@0@0@Z"",""??$_Ptr_cat@Viterator@?$deque@U?$DequeAlgorithmRecord@$01@@V?$allocator@U?$DequeAlgorithmRecord@$01@@@std@@@std@@V123@@std@@YA?AU_Nonscalar_ptr_iterator_tag@0@AAViterator@?$deque@U?$DequeAlgorithmRecord@$01@@V?$allocator@U?$DequeAlgorithmRecord@$01@@@std@@@0@0@Z"",""??$_Ptr_cat@Viterator@?$deque@U?$DequeAlgorithmRecord@$03@@V?$allocator@U?$DequeAlgorithmRecord@$03@@@std@@@std@@V123@@std@@YA?AU_Nonscalar_ptr_iterator_tag@0@AAViterator@?$deque@U?$DequeAlgorithmRecord@$03@@V?$allocator@U?$DequeAlgorithmRecord@$03@@@std@@@0@0@Z"",""??$_Ptr_cat@Viterator@?$deque@U?$DequeAlgorithmRecord@$07@@V?$allocator@U?$DequeAlgorithmRecord@$07@@@std@@@std@@V123@@std@@YA?AU_Nonscalar_ptr_iterator_tag@0@AAViterator@?$deque@U?$DequeAlgorithmRecord@$07@@V?$allocator@U?$DequeAlgorithmRecord@$07@@@std@@@0@0@Z"",""??$_Ptr_cat@Viterator@?$deque@U?$DequeAlgorithmRecord@$0BA@@@V?$allocator@U?$DequeAlgorithmRecord@$0BA@@@@std@@@std@@V123@@std@@YA?AU_Nonscalar_ptr_iterator_tag@0@AAViterator@?$deque@U?$DequeAlgorithmRecord@$0BA@@@V?$allocator@U?$DequeAlgorithmRecord@$0BA@@@@std@@@0@0@Z"",""??$_Ptr_cat@Viterator@?$deque@U?$DequeAlgorithmRecord@$0CA@@@V?$allocator@U?$DequeAlgorithmRecord@$0CA@@@@std@@@std@@V123@@std@@YA?AU_Nonscalar_ptr_iterator_tag@0@AAViterator@?$deque@U?$DequeAlgorithmRecord@$0CA@@@V?$allocator@U?$DequeAlgorithmRecord@$0CA@@@@std@@@0@0@Z"",""??$_Ptr_cat@Viterator@?$deque@U?$DequeAlgorithmRecord@$0EA@@@V?$allocator@U?$DequeAlgorithmRecord@$0EA@@@@std@@@std@@V123@@std@@YA?AU_Nonscalar_ptr_iterator_tag@0@AAViterator@?$deque@U?$DequeAlgorithmRecord@$0EA@@@V?$allocator@U?$DequeAlgorithmRecord@$0EA@@@@std@@@0@0@Z""]",125af26ed15ea5e17205bbf1df6e31eeb82f0d79055557b9a04ec8a39e8679a8,125af26ed15ea5e17205bbf1df6e31eeb82f0d79055557b9a04ec8a39e8679a8,[],0,child,0x005F9FB0,13,,R085
0x005FA4E0,81,??$_Copy_backward_opt,??$_Copy_backward_opt@Viterator@?$deque@KV?$allocator@K@std@@@std@@V123@@std@@YA?AViterator@?$deque@KV?$allocator@K@std@@@0@V120@00U_Nonscalar_ptr_iterator_tag@0@@Z,"[""??$_Copy_backward_opt@Viterator@?$deque@KV?$allocator@K@std@@@std@@V123@@std@@YA?AViterator@?$deque@KV?$allocator@K@std@@@0@V120@00U_Nonscalar_ptr_iterator_tag@0@@Z"",""??$_Copy_backward_opt@Viterator@?$deque@MV?$allocator@M@std@@@std@@V123@@std@@YA?AViterator@?$deque@MV?$allocator@M@std@@@0@V120@00U_Nonscalar_ptr_iterator_tag@0@@Z"",""??$_Copy_backward_opt@Viterator@?$deque@PAXV?$allocator@PAX@std@@@std@@V123@@std@@YA?AViterator@?$deque@PAXV?$allocator@PAX@std@@@0@V120@00U_Nonscalar_ptr_iterator_tag@0@@Z""]",43aa99804565a4c4fe985ca3fcb3eda8da541eac727785d3291eb6324efcff5d,96f023e21c18bc48a2e6938c660428756717173cd1f644573dbb54f7a59651c0,"[{""offset"":12,""type"":""REL32"",""symbol"":""??9const_iterator@?$deque@KV?$allocator@K@std@@@std@@QBE_NABV012@@Z"",""addend"":0,""target_address"":""0x005F8460""},{""offset"":27,""type"":""REL32"",""symbol"":""??Fiterator@?$deque@KV?$allocator@K@std@@@std@@QAEAAV012@XZ"",""addend"":0,""target_address"":""0x005FA910""},{""offset"":34,""type"":""REL32"",""symbol"":""??Diterator@?$deque@KV?$allocator@K@std@@@std@@QBEAAKXZ"",""addend"":0,""target_address"":""0x005F8400""},{""offset"":44,""type"":""REL32"",""symbol"":""??Fiterator@?$deque@KV?$allocator@K@std@@@std@@QAEAAV012@XZ"",""addend"":0,""target_address"":""0x005FA910""},{""offset"":51,""type"":""REL32"",""symbol"":""??Diterator@?$deque@KV?$allocator@K@std@@@std@@QBEAAKXZ"",""addend"":0,""target_address"":""0x005F8400""}]",0,root,,,,R085
0x005FA540,85,??$_Copy_opt,??$_Copy_opt@Viterator@?$deque@KV?$allocator@K@std@@@std@@V123@@std@@YA?AViterator@?$deque@KV?$allocator@K@std@@@0@V120@00U_Nonscalar_ptr_iterator_tag@0@@Z,"[""??$_Copy_opt@Viterator@?$deque@KV?$allocator@K@std@@@std@@V123@@std@@YA?AViterator@?$deque@KV?$allocator@K@std@@@0@V120@00U_Nonscalar_ptr_iterator_tag@0@@Z"",""??$_Copy_opt@Viterator@?$deque@MV?$allocator@M@std@@@std@@V123@@std@@YA?AViterator@?$deque@MV?$allocator@M@std@@@0@V120@00U_Nonscalar_ptr_iterator_tag@0@@Z"",""??$_Copy_opt@Viterator@?$deque@PAXV?$allocator@PAX@std@@@std@@V123@@std@@YA?AViterator@?$deque@PAXV?$allocator@PAX@std@@@0@V120@00U_Nonscalar_ptr_iterator_tag@0@@Z""]",2bd382cd6d2b7fb92f384144a5ab1321e1e72e9a539b8ae5abdd07fda1402ba9,610487729d1875819ff23cdd434859414809ed4a79fc4fecc4255602ec99199b,"[{""offset"":10,""type"":""REL32"",""symbol"":""??Eiterator@?$deque@KV?$allocator@K@std@@@std@@QAEAAV012@XZ"",""addend"":0,""target_address"":""0x005F8D10""},{""offset"":18,""type"":""REL32"",""symbol"":""??Eiterator@?$deque@KV?$allocator@K@std@@@std@@QAEAAV012@XZ"",""addend"":0,""target_address"":""0x005F8D10""},{""offset"":30,""type"":""REL32"",""symbol"":""??9const_iterator@?$deque@KV?$allocator@K@std@@@std@@QBE_NABV012@@Z"",""addend"":0,""target_address"":""0x005F8460""},{""offset"":45,""type"":""REL32"",""symbol"":""??Diterator@?$deque@KV?$allocator@K@std@@@std@@QBEAAKXZ"",""addend"":0,""target_address"":""0x005F8400""},{""offset"":55,""type"":""REL32"",""symbol"":""??Diterator@?$deque@KV?$allocator@K@std@@@std@@QBEAAKXZ"",""addend"":0,""target_address"":""0x005F8400""}]",0,root,,,,R085
0x005FA910,29,??Fiterator,??Fiterator@?$deque@KV?$allocator@K@std@@@std@@QAEAAV012@XZ,"[""??Fiterator@?$deque@EV?$allocator@E@std@@@std@@QAEAAV012@XZ"",""??Fiterator@?$deque@GV?$allocator@G@std@@@std@@QAEAAV012@XZ"",""??Fiterator@?$deque@KV?$allocator@K@std@@@std@@QAEAAV012@XZ"",""??Fiterator@?$deque@MV?$allocator@M@std@@@std@@QAEAAV012@XZ"",""??Fiterator@?$deque@NV?$allocator@N@std@@@std@@QAEAAV012@XZ"",""??Fiterator@?$deque@PAXV?$allocator@PAX@std@@@std@@QAEAAV012@XZ"",""??Fiterator@?$deque@U?$DequeAlgorithmRecord@$00@@V?$allocator@U?$DequeAlgorithmRecord@$00@@@std@@@std@@QAEAAV012@XZ"",""??Fiterator@?$deque@U?$DequeAlgorithmRecord@$01@@V?$allocator@U?$DequeAlgorithmRecord@$01@@@std@@@std@@QAEAAV012@XZ"",""??Fiterator@?$deque@U?$DequeAlgorithmRecord@$03@@V?$allocator@U?$DequeAlgorithmRecord@$03@@@std@@@std@@QAEAAV012@XZ"",""??Fiterator@?$deque@U?$DequeAlgorithmRecord@$07@@V?$allocator@U?$DequeAlgorithmRecord@$07@@@std@@@std@@QAEAAV012@XZ"",""??Fiterator@?$deque@U?$DequeAlgorithmRecord@$0BA@@@V?$allocator@U?$DequeAlgorithmRecord@$0BA@@@@std@@@std@@QAEAAV012@XZ"",""??Fiterator@?$deque@U?$DequeAlgorithmRecord@$0CA@@@V?$allocator@U?$DequeAlgorithmRecord@$0CA@@@@std@@@std@@QAEAAV012@XZ"",""??Fiterator@?$deque@U?$DequeAlgorithmRecord@$0EA@@@V?$allocator@U?$DequeAlgorithmRecord@$0EA@@@@std@@@std@@QAEAAV012@XZ""]",3344e010b691dd65084ba8f1c95eac3832868d7bc3341c25add5e89ab229bd33,3344e010b691dd65084ba8f1c95eac3832868d7bc3341c25add5e89ab229bd33,[],0,child,0x005FA4E0,27,,R085
