address,size,family_key,coff_symbol,matching_symbols,source_sha256,body_sha256,relocation_bindings,indirect_call_count,evidence_id
0x004098D0,90,?_Xlen@?$vector@URecordN@@V?$allocator@URecordN@@@std@@@std@@IBEXXZ,?_Xlen@?$vector@URecord16@@V?$allocator@URecord16@@@std@@@std@@IBEXXZ,"[""?_Xlen@?$vector@URecord116@@V?$allocator@URecord116@@@std@@@std@@IBEXXZ"",""?_Xlen@?$vector@URecord16@@V?$allocator@URecord16@@@std@@@std@@IBEXXZ"",""?_Xlen@?$vector@URecord44@@V?$allocator@URecord44@@@std@@@std@@IBEXXZ""]",971a2637092689bf3ac2cd32e80c2af74a598f5c04cea79353a6a929dce98ed0,4ee02fa4640a20a132062dc0ee1c3315e0213c8382c0c54c5cc09a7c67eb5ef7,"[{""offset"":6,""type"":""DIR32"",""symbol"":""__ehhandler$?_Xlen@?$vector@URecord16@@V?$allocator@URecord16@@@std@@@std@@IBEXXZ"",""addend"":0,""target_address"":""0x00654E38""},{""offset"":12,""type"":""DIR32"",""symbol"":""__except_list"",""addend"":0,""target_address"":""0x00000000""},{""offset"":20,""type"":""DIR32"",""symbol"":""__except_list"",""addend"":0,""target_address"":""0x00000000""},{""offset"":31,""type"":""DIR32"",""symbol"":""??_C@_0BD@OLBABOEK@vector?$DMT?$DO?5too?5long?$AA@"",""addend"":0,""target_address"":""0x006577C4""},{""offset"":39,""type"":""REL32"",""symbol"":""??0?$basic_string@DU?$char_traits@D@std@@V?$allocator@D@2@@std@@QAE@PBD@Z"",""addend"":0,""target_address"":""0x004053E0""},{""offset"":58,""type"":""REL32"",""symbol"":""??0length_error@std@@QAE@ABV?$basic_string@DU?$char_traits@D@std@@V?$allocator@D@2@@1@@Z"",""addend"":0,""target_address"":""0x00409930""},{""offset"":63,""type"":""DIR32"",""symbol"":""__TI3?AVlength_error@std@@"",""addend"":0,""target_address"":""0x00667D60""},{""offset"":72,""type"":""REL32"",""symbol"":""__CxxThrowException@8"",""addend"":0,""target_address"":""0x00640C12""},{""offset"":82,""type"":""DIR32"",""symbol"":""__except_list"",""addend"":0,""target_address"":""0x00000000""}]",0,R032
0x00409EA0,33,?insert@?$vector@URecordN@@V?$allocator@URecordN@@@std@@@std@@QAEXViterator@12@IABURecordN@@@Z,?insert@?$vector@URecord16@@V?$allocator@URecord16@@@std@@@std@@QAEXViterator@12@IABURecord16@@@Z,"[""?insert@?$vector@URecord116@@V?$allocator@URecord116@@@std@@@std@@QAEXViterator@12@IABURecord116@@@Z"",""?insert@?$vector@URecord16@@V?$allocator@URecord16@@@std@@@std@@QAEXViterator@12@IABURecord16@@@Z"",""?insert@?$vector@URecord44@@V?$allocator@URecord44@@@std@@@std@@QAEXViterator@12@IABURecord44@@@Z""]",6fdb0e4202a939b4e6c727d27c145a79302b8427558d59ec583bdf0a7eb35754,f4acad06e8a8db7bf0fe5fa134b183dcbe639a6311f546ffbad84b3ed8cd2248,"[{""offset"":23,""type"":""REL32"",""symbol"":""?_Insert_n@?$vector@URecord16@@V?$allocator@URecord16@@@std@@@std@@IAEXViterator@12@IABURecord16@@@Z"",""addend"":0,""target_address"":""0x0040A210""}]",0,R032
0x00409ED0,99,?erase@?$vector@URecordN@@V?$allocator@URecordN@@@std@@@std@@QAE?AViterator@12@V312@0@Z,?erase@?$vector@URecord16@@V?$allocator@URecord16@@@std@@@std@@QAE?AViterator@12@V312@0@Z,"[""?erase@?$vector@URecord116@@V?$allocator@URecord116@@@std@@@std@@QAE?AViterator@12@V312@0@Z"",""?erase@?$vector@URecord16@@V?$allocator@URecord16@@@std@@@std@@QAE?AViterator@12@V312@0@Z"",""?erase@?$vector@URecord44@@V?$allocator@URecord44@@@std@@@std@@QAE?AViterator@12@V312@0@Z""]",cd144fc1a38c5da2746c626bad53fb185177176640d4e0b34c6573ecf6a875a0,4b602f7f56f1885a13874862a9aba0cc651a66f56879a02ab775c559ca5d2abc,"[{""offset"":17,""type"":""REL32"",""symbol"":""??9const_iterator@?$vector@URecord16@@V?$allocator@URecord16@@@std@@@std@@QBE_NABV012@@Z"",""addend"":0,""target_address"":""0x0040A5B0""},{""offset"":44,""type"":""REL32"",""symbol"":""??$copy@PAURecord16@@PAU1@@std@@YAPAURecord16@@PAU1@00@Z"",""addend"":0,""target_address"":""0x0040A840""},{""offset"":69,""type"":""REL32"",""symbol"":""?_Destroy@?$vector@URecord16@@V?$allocator@URecord16@@@std@@@std@@IAEXPAURecord16@@0@Z"",""addend"":0,""target_address"":""0x00409F40""}]",0,R032
0x00409F40,33,?_Destroy@?$vector@URecordN@@V?$allocator@URecordN@@@std@@@std@@IAEXPAURecordN@@0@Z,?_Destroy@?$vector@URecord16@@V?$allocator@URecord16@@@std@@@std@@IAEXPAURecord16@@0@Z,"[""?_Destroy@?$vector@URecord116@@V?$allocator@URecord116@@@std@@@std@@IAEXPAURecord116@@0@Z"",""?_Destroy@?$vector@URecord16@@V?$allocator@URecord16@@@std@@@std@@IAEXPAURecord16@@0@Z"",""?_Destroy@?$vector@URecord44@@V?$allocator@URecord44@@@std@@@std@@IAEXPAURecord44@@0@Z""]",3eac578e140bb964088c726d7bd9934ed0e41df5b901c7948d57f432293f94f6,c5d4ce99a1407c327796218335b47b8795177b4c319568f3b5eacbd4b01b0b57,"[{""offset"":20,""type"":""REL32"",""symbol"":""??$_Destroy_range@URecord16@@V?$allocator@URecord16@@@std@@@std@@YAXPAURecord16@@0AAV?$allocator@URecord16@@@0@@Z"",""addend"":0,""target_address"":""0x0040A880""}]",0,R032
0x00409F70,90,?_Xlen@?$vector@URecordN@@V?$allocator@URecordN@@@std@@@std@@IBEXXZ,?_Xlen@?$vector@URecord16@@V?$allocator@URecord16@@@std@@@std@@IBEXXZ,"[""?_Xlen@?$vector@URecord116@@V?$allocator@URecord116@@@std@@@std@@IBEXXZ"",""?_Xlen@?$vector@URecord16@@V?$allocator@URecord16@@@std@@@std@@IBEXXZ"",""?_Xlen@?$vector@URecord44@@V?$allocator@URecord44@@@std@@@std@@IBEXXZ""]",971a2637092689bf3ac2cd32e80c2af74a598f5c04cea79353a6a929dce98ed0,ccd62d03935c7450983d1a4283d41e375fc6135221650cf93d05bc9f4c143142,"[{""offset"":6,""type"":""DIR32"",""symbol"":""__ehhandler$?_Xlen@?$vector@URecord16@@V?$allocator@URecord16@@@std@@@std@@IBEXXZ"",""addend"":0,""target_address"":""0x00654E58""},{""offset"":12,""type"":""DIR32"",""symbol"":""__except_list"",""addend"":0,""target_address"":""0x00000000""},{""offset"":20,""type"":""DIR32"",""symbol"":""__except_list"",""addend"":0,""target_address"":""0x00000000""},{""offset"":31,""type"":""DIR32"",""symbol"":""??_C@_0BD@OLBABOEK@vector?$DMT?$DO?5too?5long?$AA@"",""addend"":0,""target_address"":""0x00657528""},{""offset"":39,""type"":""REL32"",""symbol"":""??0?$basic_string@DU?$char_traits@D@std@@V?$allocator@D@2@@std@@QAE@PBD@Z"",""addend"":0,""target_address"":""0x004053E0""},{""offset"":58,""type"":""REL32"",""symbol"":""??0length_error@std@@QAE@ABV?$basic_string@DU?$char_traits@D@std@@V?$allocator@D@2@@1@@Z"",""addend"":0,""target_address"":""0x00404B10""},{""offset"":63,""type"":""DIR32"",""symbol"":""__TI3?AVlength_error@std@@"",""addend"":0,""target_address"":""0x00667A38""},{""offset"":72,""type"":""REL32"",""symbol"":""__CxxThrowException@8"",""addend"":0,""target_address"":""0x00640C12""},{""offset"":82,""type"":""DIR32"",""symbol"":""__except_list"",""addend"":0,""target_address"":""0x00000000""}]",0,R032
0x0040A040,90,?_Xlen@?$vector@URecordN@@V?$allocator@URecordN@@@std@@@std@@IBEXXZ,?_Xlen@?$vector@URecord16@@V?$allocator@URecord16@@@std@@@std@@IBEXXZ,"[""?_Xlen@?$vector@URecord116@@V?$allocator@URecord116@@@std@@@std@@IBEXXZ"",""?_Xlen@?$vector@URecord16@@V?$allocator@URecord16@@@std@@@std@@IBEXXZ"",""?_Xlen@?$vector@URecord44@@V?$allocator@URecord44@@@std@@@std@@IBEXXZ""]",971a2637092689bf3ac2cd32e80c2af74a598f5c04cea79353a6a929dce98ed0,471c9f886153ae4a5054281a0e7a22bd6f440e0f6d8f6cb8649a9e7e02b2d265,"[{""offset"":6,""type"":""DIR32"",""symbol"":""__ehhandler$?_Xlen@?$vector@URecord16@@V?$allocator@URecord16@@@std@@@std@@IBEXXZ"",""addend"":0,""target_address"":""0x00654E78""},{""offset"":12,""type"":""DIR32"",""symbol"":""__except_list"",""addend"":0,""target_address"":""0x00000000""},{""offset"":20,""type"":""DIR32"",""symbol"":""__except_list"",""addend"":0,""target_address"":""0x00000000""},{""offset"":31,""type"":""DIR32"",""symbol"":""??_C@_0BD@OLBABOEK@vector?$DMT?$DO?5too?5long?$AA@"",""addend"":0,""target_address"":""0x006577E0""},{""offset"":39,""type"":""REL32"",""symbol"":""??0?$basic_string@DU?$char_traits@D@std@@V?$allocator@D@2@@std@@QAE@PBD@Z"",""addend"":0,""target_address"":""0x004053E0""},{""offset"":58,""type"":""REL32"",""symbol"":""??0length_error@std@@QAE@ABV?$basic_string@DU?$char_traits@D@std@@V?$allocator@D@2@@1@@Z"",""addend"":0,""target_address"":""0x00404B10""},{""offset"":63,""type"":""DIR32"",""symbol"":""__TI3?AVlength_error@std@@"",""addend"":0,""target_address"":""0x00667A38""},{""offset"":72,""type"":""REL32"",""symbol"":""__CxxThrowException@8"",""addend"":0,""target_address"":""0x00640C12""},{""offset"":82,""type"":""DIR32"",""symbol"":""__except_list"",""addend"":0,""target_address"":""0x00000000""}]",0,R032
0x0040A5B0,33,??9const_iterator@?$vector@URecordN@@V?$allocator@URecordN@@@std@@@std@@QBE_NABV012@@Z,??9const_iterator@?$vector@URecord16@@V?$allocator@URecord16@@@std@@@std@@QBE_NABV012@@Z,"[""??9const_iterator@?$vector@URecord116@@V?$allocator@URecord116@@@std@@@std@@QBE_NABV012@@Z"",""??9const_iterator@?$vector@URecord16@@V?$allocator@URecord16@@@std@@@std@@QBE_NABV012@@Z"",""??9const_iterator@?$vector@URecord44@@V?$allocator@URecord44@@@std@@@std@@QBE_NABV012@@Z""]",45222d0f1ea2e8f3a2fb82596669d336b521a94e57868952c9b1dbfb05a92d25,6ce31adbac1364f1a6ecc91b3a42161bf24e94630907f3d2a4cd75cfc4145561,"[{""offset"":15,""type"":""REL32"",""symbol"":""??8const_iterator@?$vector@URecord16@@V?$allocator@URecord16@@@std@@@std@@QBE_NABV012@@Z"",""addend"":0,""target_address"":""0x0040A6A0""}]",0,R032
0x0040A910,37,??$_Ucopy@PAURecordN@@@?$vector@URecordN@@V?$allocator@URecordN@@@std@@@std@@IAEPAURecordN@@PAU2@00@Z,??$_Ucopy@PAURecord16@@@?$vector@URecord16@@V?$allocator@URecord16@@@std@@@std@@IAEPAURecord16@@PAU2@00@Z,"[""??$_Ucopy@PAURecord116@@@?$vector@URecord116@@V?$allocator@URecord116@@@std@@@std@@IAEPAURecord116@@PAU2@00@Z"",""??$_Ucopy@PAURecord16@@@?$vector@URecord16@@V?$allocator@URecord16@@@std@@@std@@IAEPAURecord16@@PAU2@00@Z"",""??$_Ucopy@PAURecord44@@@?$vector@URecord44@@V?$allocator@URecord44@@@std@@@std@@IAEPAURecord44@@PAU2@00@Z""]",3f37abcf99e7def1e5779c21f4b036f13a515ae56b3950085d28e88bb4f426b2,9372b7e6aaf55270d532f894831bb52bab3b42978577d4269ab526d2b367cbc5,"[{""offset"":24,""type"":""REL32"",""symbol"":""??$_Uninitialized_copy@PAURecord16@@PAU1@V?$allocator@URecord16@@@std@@@std@@YAPAURecord16@@PAU1@00AAV?$allocator@URecord16@@@0@@Z"",""addend"":0,""target_address"":""0x0040AB40""}]",0,R032
0x0040DD20,57,?size@?$vector@URecordN@@V?$allocator@URecordN@@@std@@@std@@QBEIXZ,?size@?$vector@URecord44@@V?$allocator@URecord44@@@std@@@std@@QBEIXZ,"[""?size@?$vector@URecord44@@V?$allocator@URecord44@@@std@@@std@@QBEIXZ""]",1a734fd8c45cefb749bb413fe46db9b82aa972ca271cbd023fc852e6e18c53b2,1a734fd8c45cefb749bb413fe46db9b82aa972ca271cbd023fc852e6e18c53b2,[],0,R032
0x0040DDC0,99,?erase@?$vector@URecordN@@V?$allocator@URecordN@@@std@@@std@@QAE?AViterator@12@V312@0@Z,?erase@?$vector@URecord16@@V?$allocator@URecord16@@@std@@@std@@QAE?AViterator@12@V312@0@Z,"[""?erase@?$vector@URecord116@@V?$allocator@URecord116@@@std@@@std@@QAE?AViterator@12@V312@0@Z"",""?erase@?$vector@URecord16@@V?$allocator@URecord16@@@std@@@std@@QAE?AViterator@12@V312@0@Z"",""?erase@?$vector@URecord44@@V?$allocator@URecord44@@@std@@@std@@QAE?AViterator@12@V312@0@Z""]",cd144fc1a38c5da2746c626bad53fb185177176640d4e0b34c6573ecf6a875a0,5193b393c521f4a4fea651cf0f5663fd009312f6b03cc2ed530cabd15df1c63c,"[{""offset"":17,""type"":""REL32"",""symbol"":""??9const_iterator@?$vector@URecord16@@V?$allocator@URecord16@@@std@@@std@@QBE_NABV012@@Z"",""addend"":0,""target_address"":""0x0040E500""},{""offset"":44,""type"":""REL32"",""symbol"":""??$copy@PAURecord16@@PAU1@@std@@YAPAURecord16@@PAU1@00@Z"",""addend"":0,""target_address"":""0x0040F270""},{""offset"":69,""type"":""REL32"",""symbol"":""?_Destroy@?$vector@URecord16@@V?$allocator@URecord16@@@std@@@std@@IAEXPAURecord16@@0@Z"",""addend"":0,""target_address"":""0x0040E120""}]",0,R032
0x0040E120,33,?_Destroy@?$vector@URecordN@@V?$allocator@URecordN@@@std@@@std@@IAEXPAURecordN@@0@Z,?_Destroy@?$vector@URecord16@@V?$allocator@URecord16@@@std@@@std@@IAEXPAURecord16@@0@Z,"[""?_Destroy@?$vector@URecord116@@V?$allocator@URecord116@@@std@@@std@@IAEXPAURecord116@@0@Z"",""?_Destroy@?$vector@URecord16@@V?$allocator@URecord16@@@std@@@std@@IAEXPAURecord16@@0@Z"",""?_Destroy@?$vector@URecord44@@V?$allocator@URecord44@@@std@@@std@@IAEXPAURecord44@@0@Z""]",3eac578e140bb964088c726d7bd9934ed0e41df5b901c7948d57f432293f94f6,236e5099dee19ebe8017c953005ee0ebc56ac232f327fdf81cfeeb151fe45545,"[{""offset"":20,""type"":""REL32"",""symbol"":""??$_Destroy_range@URecord16@@V?$allocator@URecord16@@@std@@@std@@YAXPAURecord16@@0AAV?$allocator@URecord16@@@0@@Z"",""addend"":0,""target_address"":""0x0040F2B0""}]",0,R032
0x0040E500,33,??9const_iterator@?$vector@URecordN@@V?$allocator@URecordN@@@std@@@std@@QBE_NABV012@@Z,??9const_iterator@?$vector@URecord16@@V?$allocator@URecord16@@@std@@@std@@QBE_NABV012@@Z,"[""??9const_iterator@?$vector@URecord116@@V?$allocator@URecord116@@@std@@@std@@QBE_NABV012@@Z"",""??9const_iterator@?$vector@URecord16@@V?$allocator@URecord16@@@std@@@std@@QBE_NABV012@@Z"",""??9const_iterator@?$vector@URecord44@@V?$allocator@URecord44@@@std@@@std@@QBE_NABV012@@Z""]",45222d0f1ea2e8f3a2fb82596669d336b521a94e57868952c9b1dbfb05a92d25,ca9db140e85cd3dc137987a1e2bf89ede3aa6c987667d6273e8b025269226ceb,"[{""offset"":15,""type"":""REL32"",""symbol"":""??8const_iterator@?$vector@URecord16@@V?$allocator@URecord16@@@std@@@std@@QBE_NABV012@@Z"",""addend"":0,""target_address"":""0x0040E9C0""}]",0,R032
0x0040E5A0,33,?insert@?$vector@URecordN@@V?$allocator@URecordN@@@std@@@std@@QAEXViterator@12@IABURecordN@@@Z,?insert@?$vector@URecord16@@V?$allocator@URecord16@@@std@@@std@@QAEXViterator@12@IABURecord16@@@Z,"[""?insert@?$vector@URecord116@@V?$allocator@URecord116@@@std@@@std@@QAEXViterator@12@IABURecord116@@@Z"",""?insert@?$vector@URecord16@@V?$allocator@URecord16@@@std@@@std@@QAEXViterator@12@IABURecord16@@@Z"",""?insert@?$vector@URecord44@@V?$allocator@URecord44@@@std@@@std@@QAEXViterator@12@IABURecord44@@@Z""]",6fdb0e4202a939b4e6c727d27c145a79302b8427558d59ec583bdf0a7eb35754,bb3c73545d344bc65e8ee7a52fa3cbfb75377b9291a39b699e189af3ffe17474,"[{""offset"":23,""type"":""REL32"",""symbol"":""?_Insert_n@?$vector@URecord16@@V?$allocator@URecord16@@@std@@@std@@IAEXViterator@12@IABURecord16@@@Z"",""addend"":0,""target_address"":""0x0040EA30""}]",0,R032
0x0040E5D0,90,?_Xlen@?$vector@URecordN@@V?$allocator@URecordN@@@std@@@std@@IBEXXZ,?_Xlen@?$vector@URecord16@@V?$allocator@URecord16@@@std@@@std@@IBEXXZ,"[""?_Xlen@?$vector@URecord116@@V?$allocator@URecord116@@@std@@@std@@IBEXXZ"",""?_Xlen@?$vector@URecord16@@V?$allocator@URecord16@@@std@@@std@@IBEXXZ"",""?_Xlen@?$vector@URecord44@@V?$allocator@URecord44@@@std@@@std@@IBEXXZ""]",971a2637092689bf3ac2cd32e80c2af74a598f5c04cea79353a6a929dce98ed0,91297ed62683e76be645282f94c76611106112550a5f46e3a5f314f1aaae1c6d,"[{""offset"":6,""type"":""DIR32"",""symbol"":""__ehhandler$?_Xlen@?$vector@URecord16@@V?$allocator@URecord16@@@std@@@std@@IBEXXZ"",""addend"":0,""target_address"":""0x00654F88""},{""offset"":12,""type"":""DIR32"",""symbol"":""__except_list"",""addend"":0,""target_address"":""0x00000000""},{""offset"":20,""type"":""DIR32"",""symbol"":""__except_list"",""addend"":0,""target_address"":""0x00000000""},{""offset"":31,""type"":""DIR32"",""symbol"":""??_C@_0BD@OLBABOEK@vector?$DMT?$DO?5too?5long?$AA@"",""addend"":0,""target_address"":""0x00657528""},{""offset"":39,""type"":""REL32"",""symbol"":""??0?$basic_string@DU?$char_traits@D@std@@V?$allocator@D@2@@std@@QAE@PBD@Z"",""addend"":0,""target_address"":""0x004053E0""},{""offset"":58,""type"":""REL32"",""symbol"":""??0length_error@std@@QAE@ABV?$basic_string@DU?$char_traits@D@std@@V?$allocator@D@2@@1@@Z"",""addend"":0,""target_address"":""0x00404B10""},{""offset"":63,""type"":""DIR32"",""symbol"":""__TI3?AVlength_error@std@@"",""addend"":0,""target_address"":""0x00667A38""},{""offset"":72,""type"":""REL32"",""symbol"":""__CxxThrowException@8"",""addend"":0,""target_address"":""0x00640C12""},{""offset"":82,""type"":""DIR32"",""symbol"":""__except_list"",""addend"":0,""target_address"":""0x00000000""}]",0,R032
0x0040E6C0,33,?insert@?$vector@URecordN@@V?$allocator@URecordN@@@std@@@std@@QAEXViterator@12@IABURecordN@@@Z,?insert@?$vector@URecord16@@V?$allocator@URecord16@@@std@@@std@@QAEXViterator@12@IABURecord16@@@Z,"[""?insert@?$vector@URecord116@@V?$allocator@URecord116@@@std@@@std@@QAEXViterator@12@IABURecord116@@@Z"",""?insert@?$vector@URecord16@@V?$allocator@URecord16@@@std@@@std@@QAEXViterator@12@IABURecord16@@@Z"",""?insert@?$vector@URecord44@@V?$allocator@URecord44@@@std@@@std@@QAEXViterator@12@IABURecord44@@@Z""]",6fdb0e4202a939b4e6c727d27c145a79302b8427558d59ec583bdf0a7eb35754,2feacdb7b1aa9388953bdf76a67c9040719e3345b87174a05f48e53ae3fc2cab,"[{""offset"":23,""type"":""REL32"",""symbol"":""?_Insert_n@?$vector@URecord16@@V?$allocator@URecord16@@@std@@@std@@IAEXViterator@12@IABURecord16@@@Z"",""addend"":0,""target_address"":""0x0040EDB0""}]",0,R032
0x0040E6F0,99,?erase@?$vector@URecordN@@V?$allocator@URecordN@@@std@@@std@@QAE?AViterator@12@V312@0@Z,?erase@?$vector@URecord16@@V?$allocator@URecord16@@@std@@@std@@QAE?AViterator@12@V312@0@Z,"[""?erase@?$vector@URecord116@@V?$allocator@URecord116@@@std@@@std@@QAE?AViterator@12@V312@0@Z"",""?erase@?$vector@URecord16@@V?$allocator@URecord16@@@std@@@std@@QAE?AViterator@12@V312@0@Z"",""?erase@?$vector@URecord44@@V?$allocator@URecord44@@@std@@@std@@QAE?AViterator@12@V312@0@Z""]",cd144fc1a38c5da2746c626bad53fb185177176640d4e0b34c6573ecf6a875a0,d5e998e262400bb159a2b8db8f8c8e2a3b1664a7c6211cb281476e4920ba600a,"[{""offset"":17,""type"":""REL32"",""symbol"":""??9const_iterator@?$vector@URecord16@@V?$allocator@URecord16@@@std@@@std@@QBE_NABV012@@Z"",""addend"":0,""target_address"":""0x0040F140""},{""offset"":44,""type"":""REL32"",""symbol"":""??$copy@PAURecord16@@PAU1@@std@@YAPAURecord16@@PAU1@00@Z"",""addend"":0,""target_address"":""0x0040F310""},{""offset"":69,""type"":""REL32"",""symbol"":""?_Destroy@?$vector@URecord16@@V?$allocator@URecord16@@@std@@@std@@IAEXPAURecord16@@0@Z"",""addend"":0,""target_address"":""0x0040E760""}]",0,R032
0x0040E760,33,?_Destroy@?$vector@URecordN@@V?$allocator@URecordN@@@std@@@std@@IAEXPAURecordN@@0@Z,?_Destroy@?$vector@URecord16@@V?$allocator@URecord16@@@std@@@std@@IAEXPAURecord16@@0@Z,"[""?_Destroy@?$vector@URecord116@@V?$allocator@URecord116@@@std@@@std@@IAEXPAURecord116@@0@Z"",""?_Destroy@?$vector@URecord16@@V?$allocator@URecord16@@@std@@@std@@IAEXPAURecord16@@0@Z"",""?_Destroy@?$vector@URecord44@@V?$allocator@URecord44@@@std@@@std@@IAEXPAURecord44@@0@Z""]",3eac578e140bb964088c726d7bd9934ed0e41df5b901c7948d57f432293f94f6,9d7574a2614c23d597d6a523417a1a0c97d767222ef23637e948050d2146e907,"[{""offset"":20,""type"":""REL32"",""symbol"":""??$_Destroy_range@URecord16@@V?$allocator@URecord16@@@std@@@std@@YAXPAURecord16@@0AAV?$allocator@URecord16@@@0@@Z"",""addend"":0,""target_address"":""0x0040F350""}]",0,R032
0x0040E790,90,?_Xlen@?$vector@URecordN@@V?$allocator@URecordN@@@std@@@std@@IBEXXZ,?_Xlen@?$vector@URecord16@@V?$allocator@URecord16@@@std@@@std@@IBEXXZ,"[""?_Xlen@?$vector@URecord116@@V?$allocator@URecord116@@@std@@@std@@IBEXXZ"",""?_Xlen@?$vector@URecord16@@V?$allocator@URecord16@@@std@@@std@@IBEXXZ"",""?_Xlen@?$vector@URecord44@@V?$allocator@URecord44@@@std@@@std@@IBEXXZ""]",971a2637092689bf3ac2cd32e80c2af74a598f5c04cea79353a6a929dce98ed0,eae82cdceebd19edec1299c4da232691059cded2acc2eed080a914f08c74b1ff,"[{""offset"":6,""type"":""DIR32"",""symbol"":""__ehhandler$?_Xlen@?$vector@URecord16@@V?$allocator@URecord16@@@std@@@std@@IBEXXZ"",""addend"":0,""target_address"":""0x00654FA8""},{""offset"":12,""type"":""DIR32"",""symbol"":""__except_list"",""addend"":0,""target_address"":""0x00000000""},{""offset"":20,""type"":""DIR32"",""symbol"":""__except_list"",""addend"":0,""target_address"":""0x00000000""},{""offset"":31,""type"":""DIR32"",""symbol"":""??_C@_0BD@OLBABOEK@vector?$DMT?$DO?5too?5long?$AA@"",""addend"":0,""target_address"":""0x00657528""},{""offset"":39,""type"":""REL32"",""symbol"":""??0?$basic_string@DU?$char_traits@D@std@@V?$allocator@D@2@@std@@QAE@PBD@Z"",""addend"":0,""target_address"":""0x004053E0""},{""offset"":58,""type"":""REL32"",""symbol"":""??0length_error@std@@QAE@ABV?$basic_string@DU?$char_traits@D@std@@V?$allocator@D@2@@1@@Z"",""addend"":0,""target_address"":""0x00404B10""},{""offset"":63,""type"":""DIR32"",""symbol"":""__TI3?AVlength_error@std@@"",""addend"":0,""target_address"":""0x00667A38""},{""offset"":72,""type"":""REL32"",""symbol"":""__CxxThrowException@8"",""addend"":0,""target_address"":""0x00640C12""},{""offset"":82,""type"":""DIR32"",""symbol"":""__except_list"",""addend"":0,""target_address"":""0x00000000""}]",0,R032
0x0040ED80,44,?max_size@?$allocator@URecordN@@@std@@QBEIXZ,?max_size@?$allocator@URecord44@@@std@@QBEIXZ,"[""?max_size@?$allocator@URecord44@@@std@@QBEIXZ""]",f20efcdc6e2cb51ace45404030feb2a9d1e79efaae3ddd58c1b481ee7af884c6,f20efcdc6e2cb51ace45404030feb2a9d1e79efaae3ddd58c1b481ee7af884c6,[],0,R032
0x0040F140,33,??9const_iterator@?$vector@URecordN@@V?$allocator@URecordN@@@std@@@std@@QBE_NABV012@@Z,??9const_iterator@?$vector@URecord16@@V?$allocator@URecord16@@@std@@@std@@QBE_NABV012@@Z,"[""??9const_iterator@?$vector@URecord116@@V?$allocator@URecord116@@@std@@@std@@QBE_NABV012@@Z"",""??9const_iterator@?$vector@URecord16@@V?$allocator@URecord16@@@std@@@std@@QBE_NABV012@@Z"",""??9const_iterator@?$vector@URecord44@@V?$allocator@URecord44@@@std@@@std@@QBE_NABV012@@Z""]",45222d0f1ea2e8f3a2fb82596669d336b521a94e57868952c9b1dbfb05a92d25,ff086ccdf116079fd0197604a8dc0a3d9390edb8eaf94feffe820856757da205,"[{""offset"":15,""type"":""REL32"",""symbol"":""??8const_iterator@?$vector@URecord16@@V?$allocator@URecord16@@@std@@@std@@QBE_NABV012@@Z"",""addend"":0,""target_address"":""0x0040F250""}]",0,R032
0x0040F170,57,?capacity@?$vector@URecordN@@V?$allocator@URecordN@@@std@@@std@@QBEIXZ,?capacity@?$vector@URecord44@@V?$allocator@URecord44@@@std@@@std@@QBEIXZ,"[""?capacity@?$vector@URecord44@@V?$allocator@URecord44@@@std@@@std@@QBEIXZ""]",b0af25f70a7783da0fed6b58fc2749af05ce90323437b5b14687e2e24acfea76,b0af25f70a7783da0fed6b58fc2749af05ce90323437b5b14687e2e24acfea76,[],0,R032
0x0040F1B0,46,?_Ufill@?$vector@URecordN@@V?$allocator@URecordN@@@std@@@std@@IAEPAURecordN@@PAU3@IABU3@@Z,?_Ufill@?$vector@URecord44@@V?$allocator@URecord44@@@std@@@std@@IAEPAURecord44@@PAU3@IABU3@@Z,"[""?_Ufill@?$vector@URecord44@@V?$allocator@URecord44@@@std@@@std@@IAEPAURecord44@@PAU3@IABU3@@Z""]",2e4fa794ed7b60f657ff1d688b85f6a10ffd28fdc2013dbd1e999f5c24d29ed4,80b55d433d4099901318f7f8f66b07fe68a1ccabf8db47c7b064a4ad5390018b,"[{""offset"":24,""type"":""REL32"",""symbol"":""??$_Uninitialized_fill_n@PAURecord44@@IU1@V?$allocator@URecord44@@@std@@@std@@YAXPAURecord44@@IABU1@AAV?$allocator@URecord44@@@0@@Z"",""addend"":0,""target_address"":""0x0040F520""}]",0,R032
0x0040F2B0,51,??$_Destroy_range@URecordN@@V?$allocator@URecordN@@@std@@@std@@YAXPAURecordN@@0AAV?$allocator@URecordN@@@0@@Z,??$_Destroy_range@URecord16@@V?$allocator@URecord16@@@std@@@std@@YAXPAURecord16@@0AAV?$allocator@URecord16@@@0@@Z,"[""??$_Destroy_range@URecord116@@V?$allocator@URecord116@@@std@@@std@@YAXPAURecord116@@0AAV?$allocator@URecord116@@@0@@Z"",""??$_Destroy_range@URecord16@@V?$allocator@URecord16@@@std@@@std@@YAXPAURecord16@@0AAV?$allocator@URecord16@@@0@@Z"",""??$_Destroy_range@URecord44@@V?$allocator@URecord44@@@std@@@std@@YAXPAURecord44@@0AAV?$allocator@URecord44@@@0@@Z""]",e153440df8b51cedd8c8ad24cc3bb55ba8f42be4feb8a652ae23dc4500e661a6,9f54726fd4c91a0cf003f5ccf58ad774c0c3d8bc9376d6b66f4056fe088b2bba,"[{""offset"":13,""type"":""REL32"",""symbol"":""??$_Ptr_cat@PAURecord16@@PAU1@@std@@YA?AU_Nonscalar_ptr_iterator_tag@0@AAPAURecord16@@0@Z"",""addend"":0,""target_address"":""0x0040F5A0""},{""offset"":40,""type"":""REL32"",""symbol"":""??$_Destroy_range@URecord16@@V?$allocator@URecord16@@@std@@@std@@YAXPAURecord16@@0AAV?$allocator@URecord16@@@0@U_Nonscalar_ptr_iterator_tag@0@@Z"",""addend"":0,""target_address"":""0x0040F5F0""}]",0,R032
0x0040F3D0,37,??$_Ucopy@PAURecordN@@@?$vector@URecordN@@V?$allocator@URecordN@@@std@@@std@@IAEPAURecordN@@PAU2@00@Z,??$_Ucopy@PAURecord16@@@?$vector@URecord16@@V?$allocator@URecord16@@@std@@@std@@IAEPAURecord16@@PAU2@00@Z,"[""??$_Ucopy@PAURecord116@@@?$vector@URecord116@@V?$allocator@URecord116@@@std@@@std@@IAEPAURecord116@@PAU2@00@Z"",""??$_Ucopy@PAURecord16@@@?$vector@URecord16@@V?$allocator@URecord16@@@std@@@std@@IAEPAURecord16@@PAU2@00@Z"",""??$_Ucopy@PAURecord44@@@?$vector@URecord44@@V?$allocator@URecord44@@@std@@@std@@IAEPAURecord44@@PAU2@00@Z""]",3f37abcf99e7def1e5779c21f4b036f13a515ae56b3950085d28e88bb4f426b2,5a316452624f038565fb1a540d9d19c2c819c91fb71a2c43ac3dc7b8b0d6aae5,"[{""offset"":24,""type"":""REL32"",""symbol"":""??$_Uninitialized_copy@PAURecord16@@PAU1@V?$allocator@URecord16@@@std@@@std@@YAPAURecord16@@PAU1@00AAV?$allocator@URecord16@@@0@@Z"",""addend"":0,""target_address"":""0x0040F680""}]",0,R032
0x0040F400,43,??$fill@PAURecordN@@U1@@std@@YAXPAURecordN@@0ABU1@@Z,??$fill@PAURecord44@@U1@@std@@YAXPAURecord44@@0ABU1@@Z,"[""??$fill@PAURecord44@@U1@@std@@YAXPAURecord44@@0ABU1@@Z""]",e4cb4ebc9e0c6ac6a55445f731a328f7c197a2770dfaaf4fcfd0b2edef8cebaa,e4cb4ebc9e0c6ac6a55445f731a328f7c197a2770dfaaf4fcfd0b2edef8cebaa,[],0,R032
0x0040F470,37,??$_Ucopy@PAURecordN@@@?$vector@URecordN@@V?$allocator@URecordN@@@std@@@std@@IAEPAURecordN@@PAU2@00@Z,??$_Ucopy@PAURecord16@@@?$vector@URecord16@@V?$allocator@URecord16@@@std@@@std@@IAEPAURecord16@@PAU2@00@Z,"[""??$_Ucopy@PAURecord116@@@?$vector@URecord116@@V?$allocator@URecord116@@@std@@@std@@IAEPAURecord116@@PAU2@00@Z"",""??$_Ucopy@PAURecord16@@@?$vector@URecord16@@V?$allocator@URecord16@@@std@@@std@@IAEPAURecord16@@PAU2@00@Z"",""??$_Ucopy@PAURecord44@@@?$vector@URecord44@@V?$allocator@URecord44@@@std@@@std@@IAEPAURecord44@@PAU2@00@Z""]",3f37abcf99e7def1e5779c21f4b036f13a515ae56b3950085d28e88bb4f426b2,70903876bc37b0477d0572e6eea8eaf5adbd34bb54ebf30c28916383125174b1,"[{""offset"":24,""type"":""REL32"",""symbol"":""??$_Uninitialized_copy@PAURecord16@@PAU1@V?$allocator@URecord16@@@std@@@std@@YAPAURecord16@@PAU1@00AAV?$allocator@URecord16@@@0@@Z"",""addend"":0,""target_address"":""0x0040F700""}]",0,R032
0x0040F520,55,??$_Uninitialized_fill_n@PAURecordN@@IU1@V?$allocator@URecordN@@@std@@@std@@YAXPAURecordN@@IABU1@AAV?$allocator@URecordN@@@0@@Z,??$_Uninitialized_fill_n@PAURecord16@@IU1@V?$allocator@URecord16@@@std@@@std@@YAXPAURecord16@@IABU1@AAV?$allocator@URecord16@@@0@@Z,"[""??$_Uninitialized_fill_n@PAURecord116@@IU1@V?$allocator@URecord116@@@std@@@std@@YAXPAURecord116@@IABU1@AAV?$allocator@URecord116@@@0@@Z"",""??$_Uninitialized_fill_n@PAURecord16@@IU1@V?$allocator@URecord16@@@std@@@std@@YAXPAURecord16@@IABU1@AAV?$allocator@URecord16@@@0@@Z"",""??$_Uninitialized_fill_n@PAURecord44@@IU1@V?$allocator@URecord44@@@std@@@std@@YAXPAURecord44@@IABU1@AAV?$allocator@URecord44@@@0@@Z""]",51432e5a8256abb6e9cf660d9eb116be9c831240d6950d61213cee8eea941648,62319a72dbc3698a612711448e291a4ce182a344fdb47e3e29016c1614fc775c,"[{""offset"":13,""type"":""REL32"",""symbol"":""??$_Ptr_cat@PAURecord16@@PAU1@@std@@YA?AU_Nonscalar_ptr_iterator_tag@0@AAPAURecord16@@0@Z"",""addend"":0,""target_address"":""0x0040F5A0""},{""offset"":44,""type"":""REL32"",""symbol"":""??$_Uninit_fill_n@PAURecord16@@IU1@V?$allocator@URecord16@@@std@@@std@@YAXPAURecord16@@IABU1@AAV?$allocator@URecord16@@@0@U_Nonscalar_ptr_iterator_tag@0@@Z"",""addend"":0,""target_address"":""0x0040F780""}]",0,R032
0x0040F5B0,55,??$_Copy_opt@PAURecordN@@PAU1@@std@@YAPAURecordN@@PAU1@00U_Nonscalar_ptr_iterator_tag@0@@Z,??$_Copy_opt@PAURecord44@@PAU1@@std@@YAPAURecord44@@PAU1@00U_Nonscalar_ptr_iterator_tag@0@@Z,"[""??$_Copy_opt@PAURecord44@@PAU1@@std@@YAPAURecord44@@PAU1@00U_Nonscalar_ptr_iterator_tag@0@@Z""]",37ce14c040401ff29560b70ce642c5417aed0aa2c390f64c9d9530e2fd38f056,37ce14c040401ff29560b70ce642c5417aed0aa2c390f64c9d9530e2fd38f056,[],0,R032
0x0040F5F0,38,??$_Destroy_range@URecordN@@V?$allocator@URecordN@@@std@@@std@@YAXPAURecordN@@0AAV?$allocator@URecordN@@@0@U_Nonscalar_ptr_iterator_tag@0@@Z,??$_Destroy_range@URecord44@@V?$allocator@URecord44@@@std@@@std@@YAXPAURecord44@@0AAV?$allocator@URecord44@@@0@U_Nonscalar_ptr_iterator_tag@0@@Z,"[""??$_Destroy_range@URecord44@@V?$allocator@URecord44@@@std@@@std@@YAXPAURecord44@@0AAV?$allocator@URecord44@@@0@U_Nonscalar_ptr_iterator_tag@0@@Z""]",98fa1b87dc19aa7bb5f1d68b89719e7da47c26e5d3055c8fc7538be90e93cef8,3cc49d515e93d02df3deb49feb0d3238ce1b440dd4152ae68acbe4be5bd865bf,"[{""offset"":30,""type"":""REL32"",""symbol"":""?destroy@?$allocator@URecord44@@@std@@QAEXPAURecord44@@@Z"",""addend"":0,""target_address"":""0x0040F860""}]",0,R032
0x0040F680,55,??$_Uninitialized_copy@PAURecordN@@PAU1@V?$allocator@URecordN@@@std@@@std@@YAPAURecordN@@PAU1@00AAV?$allocator@URecordN@@@0@@Z,??$_Uninitialized_copy@PAURecord16@@PAU1@V?$allocator@URecord16@@@std@@@std@@YAPAURecord16@@PAU1@00AAV?$allocator@URecord16@@@0@@Z,"[""??$_Uninitialized_copy@PAURecord116@@PAU1@V?$allocator@URecord116@@@std@@@std@@YAPAURecord116@@PAU1@00AAV?$allocator@URecord116@@@0@@Z"",""??$_Uninitialized_copy@PAURecord16@@PAU1@V?$allocator@URecord16@@@std@@@std@@YAPAURecord16@@PAU1@00AAV?$allocator@URecord16@@@0@@Z"",""??$_Uninitialized_copy@PAURecord44@@PAU1@V?$allocator@URecord44@@@std@@@std@@YAPAURecord44@@PAU1@00AAV?$allocator@URecord44@@@0@@Z""]",26e1cff89a89f52064dbb1a8e74177472899353658b43dc41a27da0603b47fed,f1bec10849530e9b119a446729476396cde1b0693be6cd456b9d8835563d9d49,"[{""offset"":13,""type"":""REL32"",""symbol"":""??$_Ptr_cat@PAURecord16@@PAU1@@std@@YA?AU_Nonscalar_ptr_iterator_tag@0@AAPAURecord16@@0@Z"",""addend"":0,""target_address"":""0x0040F5A0""},{""offset"":44,""type"":""REL32"",""symbol"":""??$_Uninit_copy@PAURecord16@@PAU1@V?$allocator@URecord16@@@std@@@std@@YAPAURecord16@@PAU1@00AAV?$allocator@URecord16@@@0@U_Nonscalar_ptr_iterator_tag@0@@Z"",""addend"":0,""target_address"":""0x0040F880""}]",0,R032
0x0040F6C0,53,??$_Copy_backward_opt@PAURecordN@@PAU1@@std@@YAPAURecordN@@PAU1@00U_Nonscalar_ptr_iterator_tag@0@@Z,??$_Copy_backward_opt@PAURecord44@@PAU1@@std@@YAPAURecord44@@PAU1@00U_Nonscalar_ptr_iterator_tag@0@@Z,"[""??$_Copy_backward_opt@PAURecord44@@PAU1@@std@@YAPAURecord44@@PAU1@00U_Nonscalar_ptr_iterator_tag@0@@Z""]",65247ca41eedaaa5558b3f4a87d44696acb1b3b1d9daa92e99808a78be8b19b6,65247ca41eedaaa5558b3f4a87d44696acb1b3b1d9daa92e99808a78be8b19b6,[],0,R032
0x0040F9A0,65,??$_Construct@URecordN@@U1@@std@@YAXPAURecordN@@ABU1@@Z,??$_Construct@URecord44@@U1@@std@@YAXPAURecord44@@ABU1@@Z,"[""??$_Construct@URecord44@@U1@@std@@YAXPAURecord44@@ABU1@@Z""]",f0454a65f0bccee6116da51cd214ebc565dc7632edfeee1beaa56c11f3ce901f,0573aac9c94aa91d471c80ab7817009f67a1c10293e081fab9368b7cc890a6ee,"[{""offset"":15,""type"":""REL32"",""symbol"":""??2@YAPAXIPAX@Z"",""addend"":0,""target_address"":""0x004063D0""}]",0,R032
0x00411E50,33,??9const_iterator@?$vector@URecordN@@V?$allocator@URecordN@@@std@@@std@@QBE_NABV012@@Z,??9const_iterator@?$vector@URecord16@@V?$allocator@URecord16@@@std@@@std@@QBE_NABV012@@Z,"[""??9const_iterator@?$vector@URecord116@@V?$allocator@URecord116@@@std@@@std@@QBE_NABV012@@Z"",""??9const_iterator@?$vector@URecord16@@V?$allocator@URecord16@@@std@@@std@@QBE_NABV012@@Z"",""??9const_iterator@?$vector@URecord44@@V?$allocator@URecord44@@@std@@@std@@QBE_NABV012@@Z""]",45222d0f1ea2e8f3a2fb82596669d336b521a94e57868952c9b1dbfb05a92d25,c82a3433e875d2e1b9ce46ee869c4687ba7061cef3cb1a60d105a301fd094252,"[{""offset"":15,""type"":""REL32"",""symbol"":""??8const_iterator@?$vector@URecord16@@V?$allocator@URecord16@@@std@@@std@@QBE_NABV012@@Z"",""addend"":0,""target_address"":""0x00412220""}]",0,R032
0x004149B0,33,??9const_iterator@?$vector@URecordN@@V?$allocator@URecordN@@@std@@@std@@QBE_NABV012@@Z,??9const_iterator@?$vector@URecord16@@V?$allocator@URecord16@@@std@@@std@@QBE_NABV012@@Z,"[""??9const_iterator@?$vector@URecord116@@V?$allocator@URecord116@@@std@@@std@@QBE_NABV012@@Z"",""??9const_iterator@?$vector@URecord16@@V?$allocator@URecord16@@@std@@@std@@QBE_NABV012@@Z"",""??9const_iterator@?$vector@URecord44@@V?$allocator@URecord44@@@std@@@std@@QBE_NABV012@@Z""]",45222d0f1ea2e8f3a2fb82596669d336b521a94e57868952c9b1dbfb05a92d25,98f53535c5067d614bc470154f0adfd4a3bfdd5ad1d15763bfff97cbf29330f1,"[{""offset"":15,""type"":""REL32"",""symbol"":""??8const_iterator@?$vector@URecord16@@V?$allocator@URecord16@@@std@@@std@@QBE_NABV012@@Z"",""addend"":0,""target_address"":""0x00415630""}]",0,R032
0x00414A60,33,??9const_iterator@?$vector@URecordN@@V?$allocator@URecordN@@@std@@@std@@QBE_NABV012@@Z,??9const_iterator@?$vector@URecord16@@V?$allocator@URecord16@@@std@@@std@@QBE_NABV012@@Z,"[""??9const_iterator@?$vector@URecord116@@V?$allocator@URecord116@@@std@@@std@@QBE_NABV012@@Z"",""??9const_iterator@?$vector@URecord16@@V?$allocator@URecord16@@@std@@@std@@QBE_NABV012@@Z"",""??9const_iterator@?$vector@URecord44@@V?$allocator@URecord44@@@std@@@std@@QBE_NABV012@@Z""]",45222d0f1ea2e8f3a2fb82596669d336b521a94e57868952c9b1dbfb05a92d25,3fa6f82173d37b3f1bea301bb6442385d697f441ca62e9c0c94dc090925a14eb,"[{""offset"":15,""type"":""REL32"",""symbol"":""??8const_iterator@?$vector@URecord16@@V?$allocator@URecord16@@@std@@@std@@QBE_NABV012@@Z"",""addend"":0,""target_address"":""0x00415740""}]",0,R032
0x00414B10,33,??9const_iterator@?$vector@URecordN@@V?$allocator@URecordN@@@std@@@std@@QBE_NABV012@@Z,??9const_iterator@?$vector@URecord16@@V?$allocator@URecord16@@@std@@@std@@QBE_NABV012@@Z,"[""??9const_iterator@?$vector@URecord116@@V?$allocator@URecord116@@@std@@@std@@QBE_NABV012@@Z"",""??9const_iterator@?$vector@URecord16@@V?$allocator@URecord16@@@std@@@std@@QBE_NABV012@@Z"",""??9const_iterator@?$vector@URecord44@@V?$allocator@URecord44@@@std@@@std@@QBE_NABV012@@Z""]",45222d0f1ea2e8f3a2fb82596669d336b521a94e57868952c9b1dbfb05a92d25,9fe47e44e38b63ed18be24ca07c1cde28048521218bd89bc3ebf39bb4cbf0967,"[{""offset"":15,""type"":""REL32"",""symbol"":""??8const_iterator@?$vector@URecord16@@V?$allocator@URecord16@@@std@@@std@@QBE_NABV012@@Z"",""addend"":0,""target_address"":""0x00415850""}]",0,R032
0x00415970,90,?_Xlen@?$vector@URecordN@@V?$allocator@URecordN@@@std@@@std@@IBEXXZ,?_Xlen@?$vector@URecord16@@V?$allocator@URecord16@@@std@@@std@@IBEXXZ,"[""?_Xlen@?$vector@URecord116@@V?$allocator@URecord116@@@std@@@std@@IBEXXZ"",""?_Xlen@?$vector@URecord16@@V?$allocator@URecord16@@@std@@@std@@IBEXXZ"",""?_Xlen@?$vector@URecord44@@V?$allocator@URecord44@@@std@@@std@@IBEXXZ""]",971a2637092689bf3ac2cd32e80c2af74a598f5c04cea79353a6a929dce98ed0,4b432762a0eae58437d2890a3af4a0fb0e2dcb4632054d938ab0b5e1cc7532de,"[{""offset"":6,""type"":""DIR32"",""symbol"":""__ehhandler$?_Xlen@?$vector@URecord16@@V?$allocator@URecord16@@@std@@@std@@IBEXXZ"",""addend"":0,""target_address"":""0x00655148""},{""offset"":12,""type"":""DIR32"",""symbol"":""__except_list"",""addend"":0,""target_address"":""0x00000000""},{""offset"":20,""type"":""DIR32"",""symbol"":""__except_list"",""addend"":0,""target_address"":""0x00000000""},{""offset"":31,""type"":""DIR32"",""symbol"":""??_C@_0BD@OLBABOEK@vector?$DMT?$DO?5too?5long?$AA@"",""addend"":0,""target_address"":""0x006577E0""},{""offset"":39,""type"":""REL32"",""symbol"":""??0?$basic_string@DU?$char_traits@D@std@@V?$allocator@D@2@@std@@QAE@PBD@Z"",""addend"":0,""target_address"":""0x004053E0""},{""offset"":58,""type"":""REL32"",""symbol"":""??0length_error@std@@QAE@ABV?$basic_string@DU?$char_traits@D@std@@V?$allocator@D@2@@1@@Z"",""addend"":0,""target_address"":""0x00404B10""},{""offset"":63,""type"":""DIR32"",""symbol"":""__TI3?AVlength_error@std@@"",""addend"":0,""target_address"":""0x00667A38""},{""offset"":72,""type"":""REL32"",""symbol"":""__CxxThrowException@8"",""addend"":0,""target_address"":""0x00640C12""},{""offset"":82,""type"":""DIR32"",""symbol"":""__except_list"",""addend"":0,""target_address"":""0x00000000""}]",0,R032
0x00415B60,90,?_Xlen@?$vector@URecordN@@V?$allocator@URecordN@@@std@@@std@@IBEXXZ,?_Xlen@?$vector@URecord16@@V?$allocator@URecord16@@@std@@@std@@IBEXXZ,"[""?_Xlen@?$vector@URecord116@@V?$allocator@URecord116@@@std@@@std@@IBEXXZ"",""?_Xlen@?$vector@URecord16@@V?$allocator@URecord16@@@std@@@std@@IBEXXZ"",""?_Xlen@?$vector@URecord44@@V?$allocator@URecord44@@@std@@@std@@IBEXXZ""]",971a2637092689bf3ac2cd32e80c2af74a598f5c04cea79353a6a929dce98ed0,9132c018d4a1a914c44271b5d2245f3682cbf38dea867add605eeb5658876657,"[{""offset"":6,""type"":""DIR32"",""symbol"":""__ehhandler$?_Xlen@?$vector@URecord16@@V?$allocator@URecord16@@@std@@@std@@IBEXXZ"",""addend"":0,""target_address"":""0x00655168""},{""offset"":12,""type"":""DIR32"",""symbol"":""__except_list"",""addend"":0,""target_address"":""0x00000000""},{""offset"":20,""type"":""DIR32"",""symbol"":""__except_list"",""addend"":0,""target_address"":""0x00000000""},{""offset"":31,""type"":""DIR32"",""symbol"":""??_C@_0BD@OLBABOEK@vector?$DMT?$DO?5too?5long?$AA@"",""addend"":0,""target_address"":""0x006577E0""},{""offset"":39,""type"":""REL32"",""symbol"":""??0?$basic_string@DU?$char_traits@D@std@@V?$allocator@D@2@@std@@QAE@PBD@Z"",""addend"":0,""target_address"":""0x004053E0""},{""offset"":58,""type"":""REL32"",""symbol"":""??0length_error@std@@QAE@ABV?$basic_string@DU?$char_traits@D@std@@V?$allocator@D@2@@1@@Z"",""addend"":0,""target_address"":""0x00404B10""},{""offset"":63,""type"":""DIR32"",""symbol"":""__TI3?AVlength_error@std@@"",""addend"":0,""target_address"":""0x00667A38""},{""offset"":72,""type"":""REL32"",""symbol"":""__CxxThrowException@8"",""addend"":0,""target_address"":""0x00640C12""},{""offset"":82,""type"":""DIR32"",""symbol"":""__except_list"",""addend"":0,""target_address"":""0x00000000""}]",0,R032
0x00415D50,90,?_Xlen@?$vector@URecordN@@V?$allocator@URecordN@@@std@@@std@@IBEXXZ,?_Xlen@?$vector@URecord16@@V?$allocator@URecord16@@@std@@@std@@IBEXXZ,"[""?_Xlen@?$vector@URecord116@@V?$allocator@URecord116@@@std@@@std@@IBEXXZ"",""?_Xlen@?$vector@URecord16@@V?$allocator@URecord16@@@std@@@std@@IBEXXZ"",""?_Xlen@?$vector@URecord44@@V?$allocator@URecord44@@@std@@@std@@IBEXXZ""]",971a2637092689bf3ac2cd32e80c2af74a598f5c04cea79353a6a929dce98ed0,2db49cdd9af57614c220b2b65b476daab4f592c79bd344b1b7def84f46589d09,"[{""offset"":6,""type"":""DIR32"",""symbol"":""__ehhandler$?_Xlen@?$vector@URecord16@@V?$allocator@URecord16@@@std@@@std@@IBEXXZ"",""addend"":0,""target_address"":""0x00655188""},{""offset"":12,""type"":""DIR32"",""symbol"":""__except_list"",""addend"":0,""target_address"":""0x00000000""},{""offset"":20,""type"":""DIR32"",""symbol"":""__except_list"",""addend"":0,""target_address"":""0x00000000""},{""offset"":31,""type"":""DIR32"",""symbol"":""??_C@_0BD@OLBABOEK@vector?$DMT?$DO?5too?5long?$AA@"",""addend"":0,""target_address"":""0x006577E0""},{""offset"":39,""type"":""REL32"",""symbol"":""??0?$basic_string@DU?$char_traits@D@std@@V?$allocator@D@2@@std@@QAE@PBD@Z"",""addend"":0,""target_address"":""0x004053E0""},{""offset"":58,""type"":""REL32"",""symbol"":""??0length_error@std@@QAE@ABV?$basic_string@DU?$char_traits@D@std@@V?$allocator@D@2@@1@@Z"",""addend"":0,""target_address"":""0x00404B10""},{""offset"":63,""type"":""DIR32"",""symbol"":""__TI3?AVlength_error@std@@"",""addend"":0,""target_address"":""0x00667A38""},{""offset"":72,""type"":""REL32"",""symbol"":""__CxxThrowException@8"",""addend"":0,""target_address"":""0x00640C12""},{""offset"":82,""type"":""DIR32"",""symbol"":""__except_list"",""addend"":0,""target_address"":""0x00000000""}]",0,R032
0x0041DFD0,33,??9const_iterator@?$vector@URecordN@@V?$allocator@URecordN@@@std@@@std@@QBE_NABV012@@Z,??9const_iterator@?$vector@URecord16@@V?$allocator@URecord16@@@std@@@std@@QBE_NABV012@@Z,"[""??9const_iterator@?$vector@URecord116@@V?$allocator@URecord116@@@std@@@std@@QBE_NABV012@@Z"",""??9const_iterator@?$vector@URecord16@@V?$allocator@URecord16@@@std@@@std@@QBE_NABV012@@Z"",""??9const_iterator@?$vector@URecord44@@V?$allocator@URecord44@@@std@@@std@@QBE_NABV012@@Z""]",45222d0f1ea2e8f3a2fb82596669d336b521a94e57868952c9b1dbfb05a92d25,4a7f147191507daeba09ead29a4c3eeeb26f16848e2bb5fed5e12f9dd11c2c72,"[{""offset"":15,""type"":""REL32"",""symbol"":""??8const_iterator@?$vector@URecord16@@V?$allocator@URecord16@@@std@@@std@@QBE_NABV012@@Z"",""addend"":0,""target_address"":""0x0041EDA0""}]",0,R032
0x0041E0D0,33,??9const_iterator@?$vector@URecordN@@V?$allocator@URecordN@@@std@@@std@@QBE_NABV012@@Z,??9const_iterator@?$vector@URecord16@@V?$allocator@URecord16@@@std@@@std@@QBE_NABV012@@Z,"[""??9const_iterator@?$vector@URecord116@@V?$allocator@URecord116@@@std@@@std@@QBE_NABV012@@Z"",""??9const_iterator@?$vector@URecord16@@V?$allocator@URecord16@@@std@@@std@@QBE_NABV012@@Z"",""??9const_iterator@?$vector@URecord44@@V?$allocator@URecord44@@@std@@@std@@QBE_NABV012@@Z""]",45222d0f1ea2e8f3a2fb82596669d336b521a94e57868952c9b1dbfb05a92d25,91fb3232244e93af0aa3d0d61a39750d0e640358055ed17891063e7ac681de49,"[{""offset"":15,""type"":""REL32"",""symbol"":""??8const_iterator@?$vector@URecord16@@V?$allocator@URecord16@@@std@@@std@@QBE_NABV012@@Z"",""addend"":0,""target_address"":""0x0041E0B0""}]",0,R032
0x0041E490,90,?_Xlen@?$vector@URecordN@@V?$allocator@URecordN@@@std@@@std@@IBEXXZ,?_Xlen@?$vector@URecord16@@V?$allocator@URecord16@@@std@@@std@@IBEXXZ,"[""?_Xlen@?$vector@URecord116@@V?$allocator@URecord116@@@std@@@std@@IBEXXZ"",""?_Xlen@?$vector@URecord16@@V?$allocator@URecord16@@@std@@@std@@IBEXXZ"",""?_Xlen@?$vector@URecord44@@V?$allocator@URecord44@@@std@@@std@@IBEXXZ""]",971a2637092689bf3ac2cd32e80c2af74a598f5c04cea79353a6a929dce98ed0,fe6cfcbbcea4154fbbcdeb351eee82a0cd8700b51b5f958cefc3bb6b61947d46,"[{""offset"":6,""type"":""DIR32"",""symbol"":""__ehhandler$?_Xlen@?$vector@URecord16@@V?$allocator@URecord16@@@std@@@std@@IBEXXZ"",""addend"":0,""target_address"":""0x00655488""},{""offset"":12,""type"":""DIR32"",""symbol"":""__except_list"",""addend"":0,""target_address"":""0x00000000""},{""offset"":20,""type"":""DIR32"",""symbol"":""__except_list"",""addend"":0,""target_address"":""0x00000000""},{""offset"":31,""type"":""DIR32"",""symbol"":""??_C@_0BD@OLBABOEK@vector?$DMT?$DO?5too?5long?$AA@"",""addend"":0,""target_address"":""0x00657B34""},{""offset"":39,""type"":""REL32"",""symbol"":""??0?$basic_string@DU?$char_traits@D@std@@V?$allocator@D@2@@std@@QAE@PBD@Z"",""addend"":0,""target_address"":""0x004053E0""},{""offset"":58,""type"":""REL32"",""symbol"":""??0length_error@std@@QAE@ABV?$basic_string@DU?$char_traits@D@std@@V?$allocator@D@2@@1@@Z"",""addend"":0,""target_address"":""0x00409930""},{""offset"":63,""type"":""DIR32"",""symbol"":""__TI3?AVlength_error@std@@"",""addend"":0,""target_address"":""0x00667D60""},{""offset"":72,""type"":""REL32"",""symbol"":""__CxxThrowException@8"",""addend"":0,""target_address"":""0x00640C12""},{""offset"":82,""type"":""DIR32"",""symbol"":""__except_list"",""addend"":0,""target_address"":""0x00000000""}]",0,R032
0x0041E910,90,?_Xlen@?$vector@URecordN@@V?$allocator@URecordN@@@std@@@std@@IBEXXZ,?_Xlen@?$vector@URecord16@@V?$allocator@URecord16@@@std@@@std@@IBEXXZ,"[""?_Xlen@?$vector@URecord116@@V?$allocator@URecord116@@@std@@@std@@IBEXXZ"",""?_Xlen@?$vector@URecord16@@V?$allocator@URecord16@@@std@@@std@@IBEXXZ"",""?_Xlen@?$vector@URecord44@@V?$allocator@URecord44@@@std@@@std@@IBEXXZ""]",971a2637092689bf3ac2cd32e80c2af74a598f5c04cea79353a6a929dce98ed0,7bd8f25b19e3473b7d9d221d0a8866d0e392279f74cfcf45b28df3b2cf9a48b0,"[{""offset"":6,""type"":""DIR32"",""symbol"":""__ehhandler$?_Xlen@?$vector@URecord16@@V?$allocator@URecord16@@@std@@@std@@IBEXXZ"",""addend"":0,""target_address"":""0x006554A8""},{""offset"":12,""type"":""DIR32"",""symbol"":""__except_list"",""addend"":0,""target_address"":""0x00000000""},{""offset"":20,""type"":""DIR32"",""symbol"":""__except_list"",""addend"":0,""target_address"":""0x00000000""},{""offset"":31,""type"":""DIR32"",""symbol"":""??_C@_0BD@OLBABOEK@vector?$DMT?$DO?5too?5long?$AA@"",""addend"":0,""target_address"":""0x00657B34""},{""offset"":39,""type"":""REL32"",""symbol"":""??0?$basic_string@DU?$char_traits@D@std@@V?$allocator@D@2@@std@@QAE@PBD@Z"",""addend"":0,""target_address"":""0x004053E0""},{""offset"":58,""type"":""REL32"",""symbol"":""??0length_error@std@@QAE@ABV?$basic_string@DU?$char_traits@D@std@@V?$allocator@D@2@@1@@Z"",""addend"":0,""target_address"":""0x00409930""},{""offset"":63,""type"":""DIR32"",""symbol"":""__TI3?AVlength_error@std@@"",""addend"":0,""target_address"":""0x00667D60""},{""offset"":72,""type"":""REL32"",""symbol"":""__CxxThrowException@8"",""addend"":0,""target_address"":""0x00640C12""},{""offset"":82,""type"":""DIR32"",""symbol"":""__except_list"",""addend"":0,""target_address"":""0x00000000""}]",0,R032
0x0041F2E0,90,?_Xlen@?$vector@URecordN@@V?$allocator@URecordN@@@std@@@std@@IBEXXZ,?_Xlen@?$vector@URecord16@@V?$allocator@URecord16@@@std@@@std@@IBEXXZ,"[""?_Xlen@?$vector@URecord116@@V?$allocator@URecord116@@@std@@@std@@IBEXXZ"",""?_Xlen@?$vector@URecord16@@V?$allocator@URecord16@@@std@@@std@@IBEXXZ"",""?_Xlen@?$vector@URecord44@@V?$allocator@URecord44@@@std@@@std@@IBEXXZ""]",971a2637092689bf3ac2cd32e80c2af74a598f5c04cea79353a6a929dce98ed0,246fb1f9c3019eb1fde14cd09c04626c0505587ed15276bcb88c0e6d53a232a3,"[{""offset"":6,""type"":""DIR32"",""symbol"":""__ehhandler$?_Xlen@?$vector@URecord16@@V?$allocator@URecord16@@@std@@@std@@IBEXXZ"",""addend"":0,""target_address"":""0x00655508""},{""offset"":12,""type"":""DIR32"",""symbol"":""__except_list"",""addend"":0,""target_address"":""0x00000000""},{""offset"":20,""type"":""DIR32"",""symbol"":""__except_list"",""addend"":0,""target_address"":""0x00000000""},{""offset"":31,""type"":""DIR32"",""symbol"":""??_C@_0BD@OLBABOEK@vector?$DMT?$DO?5too?5long?$AA@"",""addend"":0,""target_address"":""0x006577E0""},{""offset"":39,""type"":""REL32"",""symbol"":""??0?$basic_string@DU?$char_traits@D@std@@V?$allocator@D@2@@std@@QAE@PBD@Z"",""addend"":0,""target_address"":""0x004053E0""},{""offset"":58,""type"":""REL32"",""symbol"":""??0length_error@std@@QAE@ABV?$basic_string@DU?$char_traits@D@std@@V?$allocator@D@2@@1@@Z"",""addend"":0,""target_address"":""0x00404B10""},{""offset"":63,""type"":""DIR32"",""symbol"":""__TI3?AVlength_error@std@@"",""addend"":0,""target_address"":""0x00667A38""},{""offset"":72,""type"":""REL32"",""symbol"":""__CxxThrowException@8"",""addend"":0,""target_address"":""0x00640C12""},{""offset"":82,""type"":""DIR32"",""symbol"":""__except_list"",""addend"":0,""target_address"":""0x00000000""}]",0,R032
0x0041F550,90,?_Xlen@?$vector@URecordN@@V?$allocator@URecordN@@@std@@@std@@IBEXXZ,?_Xlen@?$vector@URecord16@@V?$allocator@URecord16@@@std@@@std@@IBEXXZ,"[""?_Xlen@?$vector@URecord116@@V?$allocator@URecord116@@@std@@@std@@IBEXXZ"",""?_Xlen@?$vector@URecord16@@V?$allocator@URecord16@@@std@@@std@@IBEXXZ"",""?_Xlen@?$vector@URecord44@@V?$allocator@URecord44@@@std@@@std@@IBEXXZ""]",971a2637092689bf3ac2cd32e80c2af74a598f5c04cea79353a6a929dce98ed0,dc688cddb4196ab044edba5fe032d25ba08d03d1a12b23471b20f80ba03e3590,"[{""offset"":6,""type"":""DIR32"",""symbol"":""__ehhandler$?_Xlen@?$vector@URecord16@@V?$allocator@URecord16@@@std@@@std@@IBEXXZ"",""addend"":0,""target_address"":""0x00655528""},{""offset"":12,""type"":""DIR32"",""symbol"":""__except_list"",""addend"":0,""target_address"":""0x00000000""},{""offset"":20,""type"":""DIR32"",""symbol"":""__except_list"",""addend"":0,""target_address"":""0x00000000""},{""offset"":31,""type"":""DIR32"",""symbol"":""??_C@_0BD@OLBABOEK@vector?$DMT?$DO?5too?5long?$AA@"",""addend"":0,""target_address"":""0x006577E0""},{""offset"":39,""type"":""REL32"",""symbol"":""??0?$basic_string@DU?$char_traits@D@std@@V?$allocator@D@2@@std@@QAE@PBD@Z"",""addend"":0,""target_address"":""0x004053E0""},{""offset"":58,""type"":""REL32"",""symbol"":""??0length_error@std@@QAE@ABV?$basic_string@DU?$char_traits@D@std@@V?$allocator@D@2@@1@@Z"",""addend"":0,""target_address"":""0x00404B10""},{""offset"":63,""type"":""DIR32"",""symbol"":""__TI3?AVlength_error@std@@"",""addend"":0,""target_address"":""0x00667A38""},{""offset"":72,""type"":""REL32"",""symbol"":""__CxxThrowException@8"",""addend"":0,""target_address"":""0x00640C12""},{""offset"":82,""type"":""DIR32"",""symbol"":""__except_list"",""addend"":0,""target_address"":""0x00000000""}]",0,R032
0x00420170,33,??9const_iterator@?$vector@URecordN@@V?$allocator@URecordN@@@std@@@std@@QBE_NABV012@@Z,??9const_iterator@?$vector@URecord16@@V?$allocator@URecord16@@@std@@@std@@QBE_NABV012@@Z,"[""??9const_iterator@?$vector@URecord116@@V?$allocator@URecord116@@@std@@@std@@QBE_NABV012@@Z"",""??9const_iterator@?$vector@URecord16@@V?$allocator@URecord16@@@std@@@std@@QBE_NABV012@@Z"",""??9const_iterator@?$vector@URecord44@@V?$allocator@URecord44@@@std@@@std@@QBE_NABV012@@Z""]",45222d0f1ea2e8f3a2fb82596669d336b521a94e57868952c9b1dbfb05a92d25,3899bc9b2191bc852f41aa4456fdda825fb533250d4854f324015474e2a4e528,"[{""offset"":15,""type"":""REL32"",""symbol"":""??8const_iterator@?$vector@URecord16@@V?$allocator@URecord16@@@std@@@std@@QBE_NABV012@@Z"",""addend"":0,""target_address"":""0x004201A0""}]",0,R032
0x00421750,90,?_Xlen@?$vector@URecordN@@V?$allocator@URecordN@@@std@@@std@@IBEXXZ,?_Xlen@?$vector@URecord16@@V?$allocator@URecord16@@@std@@@std@@IBEXXZ,"[""?_Xlen@?$vector@URecord116@@V?$allocator@URecord116@@@std@@@std@@IBEXXZ"",""?_Xlen@?$vector@URecord16@@V?$allocator@URecord16@@@std@@@std@@IBEXXZ"",""?_Xlen@?$vector@URecord44@@V?$allocator@URecord44@@@std@@@std@@IBEXXZ""]",971a2637092689bf3ac2cd32e80c2af74a598f5c04cea79353a6a929dce98ed0,16b4b255b70c9162a139bb4b2d3fecadcd8fc9cfd7147d1d73b688cdb01dbcc2,"[{""offset"":6,""type"":""DIR32"",""symbol"":""__ehhandler$?_Xlen@?$vector@URecord16@@V?$allocator@URecord16@@@std@@@std@@IBEXXZ"",""addend"":0,""target_address"":""0x00655618""},{""offset"":12,""type"":""DIR32"",""symbol"":""__except_list"",""addend"":0,""target_address"":""0x00000000""},{""offset"":20,""type"":""DIR32"",""symbol"":""__except_list"",""addend"":0,""target_address"":""0x00000000""},{""offset"":31,""type"":""DIR32"",""symbol"":""??_C@_0BD@OLBABOEK@vector?$DMT?$DO?5too?5long?$AA@"",""addend"":0,""target_address"":""0x00657B34""},{""offset"":39,""type"":""REL32"",""symbol"":""??0?$basic_string@DU?$char_traits@D@std@@V?$allocator@D@2@@std@@QAE@PBD@Z"",""addend"":0,""target_address"":""0x004053E0""},{""offset"":58,""type"":""REL32"",""symbol"":""??0length_error@std@@QAE@ABV?$basic_string@DU?$char_traits@D@std@@V?$allocator@D@2@@1@@Z"",""addend"":0,""target_address"":""0x00409930""},{""offset"":63,""type"":""DIR32"",""symbol"":""__TI3?AVlength_error@std@@"",""addend"":0,""target_address"":""0x00667D60""},{""offset"":72,""type"":""REL32"",""symbol"":""__CxxThrowException@8"",""addend"":0,""target_address"":""0x00640C12""},{""offset"":82,""type"":""DIR32"",""symbol"":""__except_list"",""addend"":0,""target_address"":""0x00000000""}]",0,R032
0x00421B70,90,?_Xlen@?$vector@URecordN@@V?$allocator@URecordN@@@std@@@std@@IBEXXZ,?_Xlen@?$vector@URecord16@@V?$allocator@URecord16@@@std@@@std@@IBEXXZ,"[""?_Xlen@?$vector@URecord116@@V?$allocator@URecord116@@@std@@@std@@IBEXXZ"",""?_Xlen@?$vector@URecord16@@V?$allocator@URecord16@@@std@@@std@@IBEXXZ"",""?_Xlen@?$vector@URecord44@@V?$allocator@URecord44@@@std@@@std@@IBEXXZ""]",971a2637092689bf3ac2cd32e80c2af74a598f5c04cea79353a6a929dce98ed0,51feb29a11c8ce7c68e39a75dd860ab741c16aa6913c94e0a8cb58115f259690,"[{""offset"":6,""type"":""DIR32"",""symbol"":""__ehhandler$?_Xlen@?$vector@URecord16@@V?$allocator@URecord16@@@std@@@std@@IBEXXZ"",""addend"":0,""target_address"":""0x00655638""},{""offset"":12,""type"":""DIR32"",""symbol"":""__except_list"",""addend"":0,""target_address"":""0x00000000""},{""offset"":20,""type"":""DIR32"",""symbol"":""__except_list"",""addend"":0,""target_address"":""0x00000000""},{""offset"":31,""type"":""DIR32"",""symbol"":""??_C@_0BD@OLBABOEK@vector?$DMT?$DO?5too?5long?$AA@"",""addend"":0,""target_address"":""0x00657B34""},{""offset"":39,""type"":""REL32"",""symbol"":""??0?$basic_string@DU?$char_traits@D@std@@V?$allocator@D@2@@std@@QAE@PBD@Z"",""addend"":0,""target_address"":""0x004053E0""},{""offset"":58,""type"":""REL32"",""symbol"":""??0length_error@std@@QAE@ABV?$basic_string@DU?$char_traits@D@std@@V?$allocator@D@2@@1@@Z"",""addend"":0,""target_address"":""0x00409930""},{""offset"":63,""type"":""DIR32"",""symbol"":""__TI3?AVlength_error@std@@"",""addend"":0,""target_address"":""0x00667D60""},{""offset"":72,""type"":""REL32"",""symbol"":""__CxxThrowException@8"",""addend"":0,""target_address"":""0x00640C12""},{""offset"":82,""type"":""DIR32"",""symbol"":""__except_list"",""addend"":0,""target_address"":""0x00000000""}]",0,R032
0x00422140,90,?_Xlen@?$vector@URecordN@@V?$allocator@URecordN@@@std@@@std@@IBEXXZ,?_Xlen@?$vector@URecord16@@V?$allocator@URecord16@@@std@@@std@@IBEXXZ,"[""?_Xlen@?$vector@URecord116@@V?$allocator@URecord116@@@std@@@std@@IBEXXZ"",""?_Xlen@?$vector@URecord16@@V?$allocator@URecord16@@@std@@@std@@IBEXXZ"",""?_Xlen@?$vector@URecord44@@V?$allocator@URecord44@@@std@@@std@@IBEXXZ""]",971a2637092689bf3ac2cd32e80c2af74a598f5c04cea79353a6a929dce98ed0,7d483964dfd3a3921a73771a0aca410dbbcddbf3f38ca52f91c73ac5d3458eb0,"[{""offset"":6,""type"":""DIR32"",""symbol"":""__ehhandler$?_Xlen@?$vector@URecord16@@V?$allocator@URecord16@@@std@@@std@@IBEXXZ"",""addend"":0,""target_address"":""0x00655658""},{""offset"":12,""type"":""DIR32"",""symbol"":""__except_list"",""addend"":0,""target_address"":""0x00000000""},{""offset"":20,""type"":""DIR32"",""symbol"":""__except_list"",""addend"":0,""target_address"":""0x00000000""},{""offset"":31,""type"":""DIR32"",""symbol"":""??_C@_0BD@OLBABOEK@vector?$DMT?$DO?5too?5long?$AA@"",""addend"":0,""target_address"":""0x006577E0""},{""offset"":39,""type"":""REL32"",""symbol"":""??0?$basic_string@DU?$char_traits@D@std@@V?$allocator@D@2@@std@@QAE@PBD@Z"",""addend"":0,""target_address"":""0x004053E0""},{""offset"":58,""type"":""REL32"",""symbol"":""??0length_error@std@@QAE@ABV?$basic_string@DU?$char_traits@D@std@@V?$allocator@D@2@@1@@Z"",""addend"":0,""target_address"":""0x00404B10""},{""offset"":63,""type"":""DIR32"",""symbol"":""__TI3?AVlength_error@std@@"",""addend"":0,""target_address"":""0x00667A38""},{""offset"":72,""type"":""REL32"",""symbol"":""__CxxThrowException@8"",""addend"":0,""target_address"":""0x00640C12""},{""offset"":82,""type"":""DIR32"",""symbol"":""__except_list"",""addend"":0,""target_address"":""0x00000000""}]",0,R032
0x00422330,90,?_Xlen@?$vector@URecordN@@V?$allocator@URecordN@@@std@@@std@@IBEXXZ,?_Xlen@?$vector@URecord16@@V?$allocator@URecord16@@@std@@@std@@IBEXXZ,"[""?_Xlen@?$vector@URecord116@@V?$allocator@URecord116@@@std@@@std@@IBEXXZ"",""?_Xlen@?$vector@URecord16@@V?$allocator@URecord16@@@std@@@std@@IBEXXZ"",""?_Xlen@?$vector@URecord44@@V?$allocator@URecord44@@@std@@@std@@IBEXXZ""]",971a2637092689bf3ac2cd32e80c2af74a598f5c04cea79353a6a929dce98ed0,ebd352ff8f0649820af23c85752a17bb9ac5b479b6b408cdec8f58890451f68e,"[{""offset"":6,""type"":""DIR32"",""symbol"":""__ehhandler$?_Xlen@?$vector@URecord16@@V?$allocator@URecord16@@@std@@@std@@IBEXXZ"",""addend"":0,""target_address"":""0x00655678""},{""offset"":12,""type"":""DIR32"",""symbol"":""__except_list"",""addend"":0,""target_address"":""0x00000000""},{""offset"":20,""type"":""DIR32"",""symbol"":""__except_list"",""addend"":0,""target_address"":""0x00000000""},{""offset"":31,""type"":""DIR32"",""symbol"":""??_C@_0BD@OLBABOEK@vector?$DMT?$DO?5too?5long?$AA@"",""addend"":0,""target_address"":""0x006577E0""},{""offset"":39,""type"":""REL32"",""symbol"":""??0?$basic_string@DU?$char_traits@D@std@@V?$allocator@D@2@@std@@QAE@PBD@Z"",""addend"":0,""target_address"":""0x004053E0""},{""offset"":58,""type"":""REL32"",""symbol"":""??0length_error@std@@QAE@ABV?$basic_string@DU?$char_traits@D@std@@V?$allocator@D@2@@1@@Z"",""addend"":0,""target_address"":""0x00404B10""},{""offset"":63,""type"":""DIR32"",""symbol"":""__TI3?AVlength_error@std@@"",""addend"":0,""target_address"":""0x00667A38""},{""offset"":72,""type"":""REL32"",""symbol"":""__CxxThrowException@8"",""addend"":0,""target_address"":""0x00640C12""},{""offset"":82,""type"":""DIR32"",""symbol"":""__except_list"",""addend"":0,""target_address"":""0x00000000""}]",0,R032
0x004235C0,33,??9const_iterator@?$vector@URecordN@@V?$allocator@URecordN@@@std@@@std@@QBE_NABV012@@Z,??9const_iterator@?$vector@URecord16@@V?$allocator@URecord16@@@std@@@std@@QBE_NABV012@@Z,"[""??9const_iterator@?$vector@URecord116@@V?$allocator@URecord116@@@std@@@std@@QBE_NABV012@@Z"",""??9const_iterator@?$vector@URecord16@@V?$allocator@URecord16@@@std@@@std@@QBE_NABV012@@Z"",""??9const_iterator@?$vector@URecord44@@V?$allocator@URecord44@@@std@@@std@@QBE_NABV012@@Z""]",45222d0f1ea2e8f3a2fb82596669d336b521a94e57868952c9b1dbfb05a92d25,300aa275c6d6ea2c2b5ef0b0700a9aa455573127c2727483a0d098e0cef7e55d,"[{""offset"":15,""type"":""REL32"",""symbol"":""??8const_iterator@?$vector@URecord16@@V?$allocator@URecord16@@@std@@@std@@QBE_NABV012@@Z"",""addend"":0,""target_address"":""0x00423640""}]",0,R032
0x00423FD0,33,??9const_iterator@?$vector@URecordN@@V?$allocator@URecordN@@@std@@@std@@QBE_NABV012@@Z,??9const_iterator@?$vector@URecord16@@V?$allocator@URecord16@@@std@@@std@@QBE_NABV012@@Z,"[""??9const_iterator@?$vector@URecord116@@V?$allocator@URecord116@@@std@@@std@@QBE_NABV012@@Z"",""??9const_iterator@?$vector@URecord16@@V?$allocator@URecord16@@@std@@@std@@QBE_NABV012@@Z"",""??9const_iterator@?$vector@URecord44@@V?$allocator@URecord44@@@std@@@std@@QBE_NABV012@@Z""]",45222d0f1ea2e8f3a2fb82596669d336b521a94e57868952c9b1dbfb05a92d25,a13cbf60c909580873dede8b73c8531a030883ebebbaca6f8f952821a4dbfb67,"[{""offset"":15,""type"":""REL32"",""symbol"":""??8const_iterator@?$vector@URecord16@@V?$allocator@URecord16@@@std@@@std@@QBE_NABV012@@Z"",""addend"":0,""target_address"":""0x00424590""}]",0,R032
0x00424110,90,?_Xlen@?$vector@URecordN@@V?$allocator@URecordN@@@std@@@std@@IBEXXZ,?_Xlen@?$vector@URecord16@@V?$allocator@URecord16@@@std@@@std@@IBEXXZ,"[""?_Xlen@?$vector@URecord116@@V?$allocator@URecord116@@@std@@@std@@IBEXXZ"",""?_Xlen@?$vector@URecord16@@V?$allocator@URecord16@@@std@@@std@@IBEXXZ"",""?_Xlen@?$vector@URecord44@@V?$allocator@URecord44@@@std@@@std@@IBEXXZ""]",971a2637092689bf3ac2cd32e80c2af74a598f5c04cea79353a6a929dce98ed0,fecc2a489d5edd472735dc06e6c76fa92cc9e5c942a08bb09d24e1eac5866db7,"[{""offset"":6,""type"":""DIR32"",""symbol"":""__ehhandler$?_Xlen@?$vector@URecord16@@V?$allocator@URecord16@@@std@@@std@@IBEXXZ"",""addend"":0,""target_address"":""0x006556D8""},{""offset"":12,""type"":""DIR32"",""symbol"":""__except_list"",""addend"":0,""target_address"":""0x00000000""},{""offset"":20,""type"":""DIR32"",""symbol"":""__except_list"",""addend"":0,""target_address"":""0x00000000""},{""offset"":31,""type"":""DIR32"",""symbol"":""??_C@_0BD@OLBABOEK@vector?$DMT?$DO?5too?5long?$AA@"",""addend"":0,""target_address"":""0x00657B34""},{""offset"":39,""type"":""REL32"",""symbol"":""??0?$basic_string@DU?$char_traits@D@std@@V?$allocator@D@2@@std@@QAE@PBD@Z"",""addend"":0,""target_address"":""0x004053E0""},{""offset"":58,""type"":""REL32"",""symbol"":""??0length_error@std@@QAE@ABV?$basic_string@DU?$char_traits@D@std@@V?$allocator@D@2@@1@@Z"",""addend"":0,""target_address"":""0x00409930""},{""offset"":63,""type"":""DIR32"",""symbol"":""__TI3?AVlength_error@std@@"",""addend"":0,""target_address"":""0x00667D60""},{""offset"":72,""type"":""REL32"",""symbol"":""__CxxThrowException@8"",""addend"":0,""target_address"":""0x00640C12""},{""offset"":82,""type"":""DIR32"",""symbol"":""__except_list"",""addend"":0,""target_address"":""0x00000000""}]",0,R032
0x00424760,90,?_Xlen@?$vector@URecordN@@V?$allocator@URecordN@@@std@@@std@@IBEXXZ,?_Xlen@?$vector@URecord16@@V?$allocator@URecord16@@@std@@@std@@IBEXXZ,"[""?_Xlen@?$vector@URecord116@@V?$allocator@URecord116@@@std@@@std@@IBEXXZ"",""?_Xlen@?$vector@URecord16@@V?$allocator@URecord16@@@std@@@std@@IBEXXZ"",""?_Xlen@?$vector@URecord44@@V?$allocator@URecord44@@@std@@@std@@IBEXXZ""]",971a2637092689bf3ac2cd32e80c2af74a598f5c04cea79353a6a929dce98ed0,a59811c8612ddcf3ce2044910e1718518d331cf11571a6d8b3d86f1434dff396,"[{""offset"":6,""type"":""DIR32"",""symbol"":""__ehhandler$?_Xlen@?$vector@URecord16@@V?$allocator@URecord16@@@std@@@std@@IBEXXZ"",""addend"":0,""target_address"":""0x006556F8""},{""offset"":12,""type"":""DIR32"",""symbol"":""__except_list"",""addend"":0,""target_address"":""0x00000000""},{""offset"":20,""type"":""DIR32"",""symbol"":""__except_list"",""addend"":0,""target_address"":""0x00000000""},{""offset"":31,""type"":""DIR32"",""symbol"":""??_C@_0BD@OLBABOEK@vector?$DMT?$DO?5too?5long?$AA@"",""addend"":0,""target_address"":""0x006577E0""},{""offset"":39,""type"":""REL32"",""symbol"":""??0?$basic_string@DU?$char_traits@D@std@@V?$allocator@D@2@@std@@QAE@PBD@Z"",""addend"":0,""target_address"":""0x004053E0""},{""offset"":58,""type"":""REL32"",""symbol"":""??0length_error@std@@QAE@ABV?$basic_string@DU?$char_traits@D@std@@V?$allocator@D@2@@1@@Z"",""addend"":0,""target_address"":""0x00404B10""},{""offset"":63,""type"":""DIR32"",""symbol"":""__TI3?AVlength_error@std@@"",""addend"":0,""target_address"":""0x00667A38""},{""offset"":72,""type"":""REL32"",""symbol"":""__CxxThrowException@8"",""addend"":0,""target_address"":""0x00640C12""},{""offset"":82,""type"":""DIR32"",""symbol"":""__except_list"",""addend"":0,""target_address"":""0x00000000""}]",0,R032
0x0042E1C0,90,?_Xlen@?$vector@URecordN@@V?$allocator@URecordN@@@std@@@std@@IBEXXZ,?_Xlen@?$vector@URecord16@@V?$allocator@URecord16@@@std@@@std@@IBEXXZ,"[""?_Xlen@?$vector@URecord116@@V?$allocator@URecord116@@@std@@@std@@IBEXXZ"",""?_Xlen@?$vector@URecord16@@V?$allocator@URecord16@@@std@@@std@@IBEXXZ"",""?_Xlen@?$vector@URecord44@@V?$allocator@URecord44@@@std@@@std@@IBEXXZ""]",971a2637092689bf3ac2cd32e80c2af74a598f5c04cea79353a6a929dce98ed0,406b333680b3fb96c36f7024639dc0e7c241433c31bfd457805bea00d5f8279c,"[{""offset"":6,""type"":""DIR32"",""symbol"":""__ehhandler$?_Xlen@?$vector@URecord16@@V?$allocator@URecord16@@@std@@@std@@IBEXXZ"",""addend"":0,""target_address"":""0x006559B8""},{""offset"":12,""type"":""DIR32"",""symbol"":""__except_list"",""addend"":0,""target_address"":""0x00000000""},{""offset"":20,""type"":""DIR32"",""symbol"":""__except_list"",""addend"":0,""target_address"":""0x00000000""},{""offset"":31,""type"":""DIR32"",""symbol"":""??_C@_0BD@OLBABOEK@vector?$DMT?$DO?5too?5long?$AA@"",""addend"":0,""target_address"":""0x006577E0""},{""offset"":39,""type"":""REL32"",""symbol"":""??0?$basic_string@DU?$char_traits@D@std@@V?$allocator@D@2@@std@@QAE@PBD@Z"",""addend"":0,""target_address"":""0x004053E0""},{""offset"":58,""type"":""REL32"",""symbol"":""??0length_error@std@@QAE@ABV?$basic_string@DU?$char_traits@D@std@@V?$allocator@D@2@@1@@Z"",""addend"":0,""target_address"":""0x00404B10""},{""offset"":63,""type"":""DIR32"",""symbol"":""__TI3?AVlength_error@std@@"",""addend"":0,""target_address"":""0x00667A38""},{""offset"":72,""type"":""REL32"",""symbol"":""__CxxThrowException@8"",""addend"":0,""target_address"":""0x00640C12""},{""offset"":82,""type"":""DIR32"",""symbol"":""__except_list"",""addend"":0,""target_address"":""0x00000000""}]",0,R032
0x00442120,57,?size@?$vector@URecordN@@V?$allocator@URecordN@@@std@@@std@@QBEIXZ,?size@?$vector@URecord116@@V?$allocator@URecord116@@@std@@@std@@QBEIXZ,"[""?size@?$vector@URecord116@@V?$allocator@URecord116@@@std@@@std@@QBEIXZ""]",9338d0d0467db0ec0c4dea8705a8428f98c3d2611c25e68a30e8b7c7fb34f15c,9338d0d0467db0ec0c4dea8705a8428f98c3d2611c25e68a30e8b7c7fb34f15c,[],0,R032
0x00442160,90,?_Xlen@?$vector@URecordN@@V?$allocator@URecordN@@@std@@@std@@IBEXXZ,?_Xlen@?$vector@URecord16@@V?$allocator@URecord16@@@std@@@std@@IBEXXZ,"[""?_Xlen@?$vector@URecord116@@V?$allocator@URecord116@@@std@@@std@@IBEXXZ"",""?_Xlen@?$vector@URecord16@@V?$allocator@URecord16@@@std@@@std@@IBEXXZ"",""?_Xlen@?$vector@URecord44@@V?$allocator@URecord44@@@std@@@std@@IBEXXZ""]",971a2637092689bf3ac2cd32e80c2af74a598f5c04cea79353a6a929dce98ed0,01b7e66858dd1ba3fc1d19b4008f6397b3057df394c06ab20c1d10560f7d32c9,"[{""offset"":6,""type"":""DIR32"",""symbol"":""__ehhandler$?_Xlen@?$vector@URecord16@@V?$allocator@URecord16@@@std@@@std@@IBEXXZ"",""addend"":0,""target_address"":""0x00655B98""},{""offset"":12,""type"":""DIR32"",""symbol"":""__except_list"",""addend"":0,""target_address"":""0x00000000""},{""offset"":20,""type"":""DIR32"",""symbol"":""__except_list"",""addend"":0,""target_address"":""0x00000000""},{""offset"":31,""type"":""DIR32"",""symbol"":""??_C@_0BD@OLBABOEK@vector?$DMT?$DO?5too?5long?$AA@"",""addend"":0,""target_address"":""0x006577C4""},{""offset"":39,""type"":""REL32"",""symbol"":""??0?$basic_string@DU?$char_traits@D@std@@V?$allocator@D@2@@std@@QAE@PBD@Z"",""addend"":0,""target_address"":""0x004053E0""},{""offset"":58,""type"":""REL32"",""symbol"":""??0length_error@std@@QAE@ABV?$basic_string@DU?$char_traits@D@std@@V?$allocator@D@2@@1@@Z"",""addend"":0,""target_address"":""0x00409930""},{""offset"":63,""type"":""DIR32"",""symbol"":""__TI3?AVlength_error@std@@"",""addend"":0,""target_address"":""0x00667D60""},{""offset"":72,""type"":""REL32"",""symbol"":""__CxxThrowException@8"",""addend"":0,""target_address"":""0x00640C12""},{""offset"":82,""type"":""DIR32"",""symbol"":""__except_list"",""addend"":0,""target_address"":""0x00000000""}]",0,R032
0x00442220,90,?_Xlen@?$vector@URecordN@@V?$allocator@URecordN@@@std@@@std@@IBEXXZ,?_Xlen@?$vector@URecord16@@V?$allocator@URecord16@@@std@@@std@@IBEXXZ,"[""?_Xlen@?$vector@URecord116@@V?$allocator@URecord116@@@std@@@std@@IBEXXZ"",""?_Xlen@?$vector@URecord16@@V?$allocator@URecord16@@@std@@@std@@IBEXXZ"",""?_Xlen@?$vector@URecord44@@V?$allocator@URecord44@@@std@@@std@@IBEXXZ""]",971a2637092689bf3ac2cd32e80c2af74a598f5c04cea79353a6a929dce98ed0,5f57f570f41204334a22cdb2e0f9b797eecdd97f48ce49b078a217e19ac217b4,"[{""offset"":6,""type"":""DIR32"",""symbol"":""__ehhandler$?_Xlen@?$vector@URecord16@@V?$allocator@URecord16@@@std@@@std@@IBEXXZ"",""addend"":0,""target_address"":""0x00655BB8""},{""offset"":12,""type"":""DIR32"",""symbol"":""__except_list"",""addend"":0,""target_address"":""0x00000000""},{""offset"":20,""type"":""DIR32"",""symbol"":""__except_list"",""addend"":0,""target_address"":""0x00000000""},{""offset"":31,""type"":""DIR32"",""symbol"":""??_C@_0BD@OLBABOEK@vector?$DMT?$DO?5too?5long?$AA@"",""addend"":0,""target_address"":""0x006577C4""},{""offset"":39,""type"":""REL32"",""symbol"":""??0?$basic_string@DU?$char_traits@D@std@@V?$allocator@D@2@@std@@QAE@PBD@Z"",""addend"":0,""target_address"":""0x004053E0""},{""offset"":58,""type"":""REL32"",""symbol"":""??0length_error@std@@QAE@ABV?$basic_string@DU?$char_traits@D@std@@V?$allocator@D@2@@1@@Z"",""addend"":0,""target_address"":""0x00409930""},{""offset"":63,""type"":""DIR32"",""symbol"":""__TI3?AVlength_error@std@@"",""addend"":0,""target_address"":""0x00667D60""},{""offset"":72,""type"":""REL32"",""symbol"":""__CxxThrowException@8"",""addend"":0,""target_address"":""0x00640C12""},{""offset"":82,""type"":""DIR32"",""symbol"":""__except_list"",""addend"":0,""target_address"":""0x00000000""}]",0,R032
0x004452D0,52,?size@?$vector@URecordN@@V?$allocator@URecordN@@@std@@@std@@QBEIXZ,?size@?$vector@URecord16@@V?$allocator@URecord16@@@std@@@std@@QBEIXZ,"[""?size@?$vector@URecord16@@V?$allocator@URecord16@@@std@@@std@@QBEIXZ""]",650b7c8cca058507528b6885756b72c11a73e644ef71b5b2e775f9feac6eb881,650b7c8cca058507528b6885756b72c11a73e644ef71b5b2e775f9feac6eb881,[],0,R032
0x00445440,33,??9const_iterator@?$vector@URecordN@@V?$allocator@URecordN@@@std@@@std@@QBE_NABV012@@Z,??9const_iterator@?$vector@URecord16@@V?$allocator@URecord16@@@std@@@std@@QBE_NABV012@@Z,"[""??9const_iterator@?$vector@URecord116@@V?$allocator@URecord116@@@std@@@std@@QBE_NABV012@@Z"",""??9const_iterator@?$vector@URecord16@@V?$allocator@URecord16@@@std@@@std@@QBE_NABV012@@Z"",""??9const_iterator@?$vector@URecord44@@V?$allocator@URecord44@@@std@@@std@@QBE_NABV012@@Z""]",45222d0f1ea2e8f3a2fb82596669d336b521a94e57868952c9b1dbfb05a92d25,3ee4657fded583f2ed5ea975113cb3a2856f756f759284fbf3dbd93f7532e01d,"[{""offset"":15,""type"":""REL32"",""symbol"":""??8const_iterator@?$vector@URecord16@@V?$allocator@URecord16@@@std@@@std@@QBE_NABV012@@Z"",""addend"":0,""target_address"":""0x004455C0""}]",0,R032
0x00445490,90,?_Xlen@?$vector@URecordN@@V?$allocator@URecordN@@@std@@@std@@IBEXXZ,?_Xlen@?$vector@URecord16@@V?$allocator@URecord16@@@std@@@std@@IBEXXZ,"[""?_Xlen@?$vector@URecord116@@V?$allocator@URecord116@@@std@@@std@@IBEXXZ"",""?_Xlen@?$vector@URecord16@@V?$allocator@URecord16@@@std@@@std@@IBEXXZ"",""?_Xlen@?$vector@URecord44@@V?$allocator@URecord44@@@std@@@std@@IBEXXZ""]",971a2637092689bf3ac2cd32e80c2af74a598f5c04cea79353a6a929dce98ed0,600918659e5dc470d7cafba12ec1145bda5d60b809954a78ff0414973337a855,"[{""offset"":6,""type"":""DIR32"",""symbol"":""__ehhandler$?_Xlen@?$vector@URecord16@@V?$allocator@URecord16@@@std@@@std@@IBEXXZ"",""addend"":0,""target_address"":""0x00655BD8""},{""offset"":12,""type"":""DIR32"",""symbol"":""__except_list"",""addend"":0,""target_address"":""0x00000000""},{""offset"":20,""type"":""DIR32"",""symbol"":""__except_list"",""addend"":0,""target_address"":""0x00000000""},{""offset"":31,""type"":""DIR32"",""symbol"":""??_C@_0BD@OLBABOEK@vector?$DMT?$DO?5too?5long?$AA@"",""addend"":0,""target_address"":""0x006577C4""},{""offset"":39,""type"":""REL32"",""symbol"":""??0?$basic_string@DU?$char_traits@D@std@@V?$allocator@D@2@@std@@QAE@PBD@Z"",""addend"":0,""target_address"":""0x004053E0""},{""offset"":58,""type"":""REL32"",""symbol"":""??0length_error@std@@QAE@ABV?$basic_string@DU?$char_traits@D@std@@V?$allocator@D@2@@1@@Z"",""addend"":0,""target_address"":""0x00409930""},{""offset"":63,""type"":""DIR32"",""symbol"":""__TI3?AVlength_error@std@@"",""addend"":0,""target_address"":""0x00667D60""},{""offset"":72,""type"":""REL32"",""symbol"":""__CxxThrowException@8"",""addend"":0,""target_address"":""0x00640C12""},{""offset"":82,""type"":""DIR32"",""symbol"":""__except_list"",""addend"":0,""target_address"":""0x00000000""}]",0,R032
0x00458C40,52,?capacity@?$vector@URecordN@@V?$allocator@URecordN@@@std@@@std@@QBEIXZ,?capacity@?$vector@URecord16@@V?$allocator@URecord16@@@std@@@std@@QBEIXZ,"[""?capacity@?$vector@URecord16@@V?$allocator@URecord16@@@std@@@std@@QBEIXZ""]",12c46df67b788f35d77f1fb923f93dbdd4e391fdc66655b8d4c9b13d3a6b3dcd,12c46df67b788f35d77f1fb923f93dbdd4e391fdc66655b8d4c9b13d3a6b3dcd,[],0,R032
0x00458E10,46,?_Ufill@?$vector@URecordN@@V?$allocator@URecordN@@@std@@@std@@IAEPAURecordN@@PAU3@IABU3@@Z,?_Ufill@?$vector@URecord16@@V?$allocator@URecord16@@@std@@@std@@IAEPAURecord16@@PAU3@IABU3@@Z,"[""?_Ufill@?$vector@URecord16@@V?$allocator@URecord16@@@std@@@std@@IAEPAURecord16@@PAU3@IABU3@@Z""]",386bdfc544b9e294d522d9d47ac98c508e4fb8a5c750a327b71e2cdcc79d2700,2766612d61d8bf5de3582fd3a35844562053e6eb2a9c96966d4f96b2bb163b5e,"[{""offset"":24,""type"":""REL32"",""symbol"":""??$_Uninitialized_fill_n@PAURecord16@@IU1@V?$allocator@URecord16@@@std@@@std@@YAXPAURecord16@@IABU1@AAV?$allocator@URecord16@@@0@@Z"",""addend"":0,""target_address"":""0x0045A660""}]",0,R032
0x00459480,33,?_Destroy@?$vector@URecordN@@V?$allocator@URecordN@@@std@@@std@@IAEXPAURecordN@@0@Z,?_Destroy@?$vector@URecord16@@V?$allocator@URecord16@@@std@@@std@@IAEXPAURecord16@@0@Z,"[""?_Destroy@?$vector@URecord116@@V?$allocator@URecord116@@@std@@@std@@IAEXPAURecord116@@0@Z"",""?_Destroy@?$vector@URecord16@@V?$allocator@URecord16@@@std@@@std@@IAEXPAURecord16@@0@Z"",""?_Destroy@?$vector@URecord44@@V?$allocator@URecord44@@@std@@@std@@IAEXPAURecord44@@0@Z""]",3eac578e140bb964088c726d7bd9934ed0e41df5b901c7948d57f432293f94f6,7b06686a46b893bb0d0e8a272e55a0f96888955be2db88527575d3e14a25fe27,"[{""offset"":20,""type"":""REL32"",""symbol"":""??$_Destroy_range@URecord16@@V?$allocator@URecord16@@@std@@@std@@YAXPAURecord16@@0AAV?$allocator@URecord16@@@0@@Z"",""addend"":0,""target_address"":""0x0045A6D0""}]",0,R032
0x004597E0,90,?_Xlen@?$vector@URecordN@@V?$allocator@URecordN@@@std@@@std@@IBEXXZ,?_Xlen@?$vector@URecord16@@V?$allocator@URecord16@@@std@@@std@@IBEXXZ,"[""?_Xlen@?$vector@URecord116@@V?$allocator@URecord116@@@std@@@std@@IBEXXZ"",""?_Xlen@?$vector@URecord16@@V?$allocator@URecord16@@@std@@@std@@IBEXXZ"",""?_Xlen@?$vector@URecord44@@V?$allocator@URecord44@@@std@@@std@@IBEXXZ""]",971a2637092689bf3ac2cd32e80c2af74a598f5c04cea79353a6a929dce98ed0,95bb336ead50d0ed57ae6c46949389f71155dae4d3994038acbb02813d9127a2,"[{""offset"":6,""type"":""DIR32"",""symbol"":""__ehhandler$?_Xlen@?$vector@URecord16@@V?$allocator@URecord16@@@std@@@std@@IBEXXZ"",""addend"":0,""target_address"":""0x006562A8""},{""offset"":12,""type"":""DIR32"",""symbol"":""__except_list"",""addend"":0,""target_address"":""0x00000000""},{""offset"":20,""type"":""DIR32"",""symbol"":""__except_list"",""addend"":0,""target_address"":""0x00000000""},{""offset"":31,""type"":""DIR32"",""symbol"":""??_C@_0BD@OLBABOEK@vector?$DMT?$DO?5too?5long?$AA@"",""addend"":0,""target_address"":""0x00657528""},{""offset"":39,""type"":""REL32"",""symbol"":""??0?$basic_string@DU?$char_traits@D@std@@V?$allocator@D@2@@std@@QAE@PBD@Z"",""addend"":0,""target_address"":""0x004053E0""},{""offset"":58,""type"":""REL32"",""symbol"":""??0length_error@std@@QAE@ABV?$basic_string@DU?$char_traits@D@std@@V?$allocator@D@2@@1@@Z"",""addend"":0,""target_address"":""0x00404B10""},{""offset"":63,""type"":""DIR32"",""symbol"":""__TI3?AVlength_error@std@@"",""addend"":0,""target_address"":""0x00667A38""},{""offset"":72,""type"":""REL32"",""symbol"":""__CxxThrowException@8"",""addend"":0,""target_address"":""0x00640C12""},{""offset"":82,""type"":""DIR32"",""symbol"":""__except_list"",""addend"":0,""target_address"":""0x00000000""}]",0,R032
0x004598D0,33,?insert@?$vector@URecordN@@V?$allocator@URecordN@@@std@@@std@@QAEXViterator@12@IABURecordN@@@Z,?insert@?$vector@URecord16@@V?$allocator@URecord16@@@std@@@std@@QAEXViterator@12@IABURecord16@@@Z,"[""?insert@?$vector@URecord116@@V?$allocator@URecord116@@@std@@@std@@QAEXViterator@12@IABURecord116@@@Z"",""?insert@?$vector@URecord16@@V?$allocator@URecord16@@@std@@@std@@QAEXViterator@12@IABURecord16@@@Z"",""?insert@?$vector@URecord44@@V?$allocator@URecord44@@@std@@@std@@QAEXViterator@12@IABURecord44@@@Z""]",6fdb0e4202a939b4e6c727d27c145a79302b8427558d59ec583bdf0a7eb35754,f2b7af33122e93f311bdfef13d96463aec39fa6b7cc563b935ba242ab830f9b3,"[{""offset"":23,""type"":""REL32"",""symbol"":""?_Insert_n@?$vector@URecord16@@V?$allocator@URecord16@@@std@@@std@@IAEXViterator@12@IABURecord16@@@Z"",""addend"":0,""target_address"":""0x00459CB0""}]",0,R032
0x00459900,99,?erase@?$vector@URecordN@@V?$allocator@URecordN@@@std@@@std@@QAE?AViterator@12@V312@0@Z,?erase@?$vector@URecord16@@V?$allocator@URecord16@@@std@@@std@@QAE?AViterator@12@V312@0@Z,"[""?erase@?$vector@URecord116@@V?$allocator@URecord116@@@std@@@std@@QAE?AViterator@12@V312@0@Z"",""?erase@?$vector@URecord16@@V?$allocator@URecord16@@@std@@@std@@QAE?AViterator@12@V312@0@Z"",""?erase@?$vector@URecord44@@V?$allocator@URecord44@@@std@@@std@@QAE?AViterator@12@V312@0@Z""]",cd144fc1a38c5da2746c626bad53fb185177176640d4e0b34c6573ecf6a875a0,6531c2d97afe9698e32bf1105190dbe4c889d5e1d174144814ebe9f04b74dd07,"[{""offset"":17,""type"":""REL32"",""symbol"":""??9const_iterator@?$vector@URecord16@@V?$allocator@URecord16@@@std@@@std@@QBE_NABV012@@Z"",""addend"":0,""target_address"":""0x0045A4A0""},{""offset"":44,""type"":""REL32"",""symbol"":""??$copy@PAURecord16@@PAU1@@std@@YAPAURecord16@@PAU1@00@Z"",""addend"":0,""target_address"":""0x0045A7E0""},{""offset"":69,""type"":""REL32"",""symbol"":""?_Destroy@?$vector@URecord16@@V?$allocator@URecord16@@@std@@@std@@IAEXPAURecord16@@0@Z"",""addend"":0,""target_address"":""0x00459970""}]",0,R032
0x00459970,33,?_Destroy@?$vector@URecordN@@V?$allocator@URecordN@@@std@@@std@@IAEXPAURecordN@@0@Z,?_Destroy@?$vector@URecord16@@V?$allocator@URecord16@@@std@@@std@@IAEXPAURecord16@@0@Z,"[""?_Destroy@?$vector@URecord116@@V?$allocator@URecord116@@@std@@@std@@IAEXPAURecord116@@0@Z"",""?_Destroy@?$vector@URecord16@@V?$allocator@URecord16@@@std@@@std@@IAEXPAURecord16@@0@Z"",""?_Destroy@?$vector@URecord44@@V?$allocator@URecord44@@@std@@@std@@IAEXPAURecord44@@0@Z""]",3eac578e140bb964088c726d7bd9934ed0e41df5b901c7948d57f432293f94f6,c9079635d5db6d278392fc474c1247d0c9a1cd96b6501aa3238e5c9194a89858,"[{""offset"":20,""type"":""REL32"",""symbol"":""??$_Destroy_range@URecord16@@V?$allocator@URecord16@@@std@@@std@@YAXPAURecord16@@0AAV?$allocator@URecord16@@@0@@Z"",""addend"":0,""target_address"":""0x0045A820""}]",0,R032
0x004599A0,90,?_Xlen@?$vector@URecordN@@V?$allocator@URecordN@@@std@@@std@@IBEXXZ,?_Xlen@?$vector@URecord16@@V?$allocator@URecord16@@@std@@@std@@IBEXXZ,"[""?_Xlen@?$vector@URecord116@@V?$allocator@URecord116@@@std@@@std@@IBEXXZ"",""?_Xlen@?$vector@URecord16@@V?$allocator@URecord16@@@std@@@std@@IBEXXZ"",""?_Xlen@?$vector@URecord44@@V?$allocator@URecord44@@@std@@@std@@IBEXXZ""]",971a2637092689bf3ac2cd32e80c2af74a598f5c04cea79353a6a929dce98ed0,28d47f160d6d6736912aefa850bcd3720bb91ebef378963df43e00caa971fff1,"[{""offset"":6,""type"":""DIR32"",""symbol"":""__ehhandler$?_Xlen@?$vector@URecord16@@V?$allocator@URecord16@@@std@@@std@@IBEXXZ"",""addend"":0,""target_address"":""0x006562C8""},{""offset"":12,""type"":""DIR32"",""symbol"":""__except_list"",""addend"":0,""target_address"":""0x00000000""},{""offset"":20,""type"":""DIR32"",""symbol"":""__except_list"",""addend"":0,""target_address"":""0x00000000""},{""offset"":31,""type"":""DIR32"",""symbol"":""??_C@_0BD@OLBABOEK@vector?$DMT?$DO?5too?5long?$AA@"",""addend"":0,""target_address"":""0x00657528""},{""offset"":39,""type"":""REL32"",""symbol"":""??0?$basic_string@DU?$char_traits@D@std@@V?$allocator@D@2@@std@@QAE@PBD@Z"",""addend"":0,""target_address"":""0x004053E0""},{""offset"":58,""type"":""REL32"",""symbol"":""??0length_error@std@@QAE@ABV?$basic_string@DU?$char_traits@D@std@@V?$allocator@D@2@@1@@Z"",""addend"":0,""target_address"":""0x00404B10""},{""offset"":63,""type"":""DIR32"",""symbol"":""__TI3?AVlength_error@std@@"",""addend"":0,""target_address"":""0x00667A38""},{""offset"":72,""type"":""REL32"",""symbol"":""__CxxThrowException@8"",""addend"":0,""target_address"":""0x00640C12""},{""offset"":82,""type"":""DIR32"",""symbol"":""__except_list"",""addend"":0,""target_address"":""0x00000000""}]",0,R032
0x00459A90,33,?insert@?$vector@URecordN@@V?$allocator@URecordN@@@std@@@std@@QAEXViterator@12@IABURecordN@@@Z,?insert@?$vector@URecord16@@V?$allocator@URecord16@@@std@@@std@@QAEXViterator@12@IABURecord16@@@Z,"[""?insert@?$vector@URecord116@@V?$allocator@URecord116@@@std@@@std@@QAEXViterator@12@IABURecord116@@@Z"",""?insert@?$vector@URecord16@@V?$allocator@URecord16@@@std@@@std@@QAEXViterator@12@IABURecord16@@@Z"",""?insert@?$vector@URecord44@@V?$allocator@URecord44@@@std@@@std@@QAEXViterator@12@IABURecord44@@@Z""]",6fdb0e4202a939b4e6c727d27c145a79302b8427558d59ec583bdf0a7eb35754,ad2b945536e886bbd04f1f10856fb25638721739324a5ed18df0931a7c500bd0,"[{""offset"":23,""type"":""REL32"",""symbol"":""?_Insert_n@?$vector@URecord16@@V?$allocator@URecord16@@@std@@@std@@IAEXViterator@12@IABURecord16@@@Z"",""addend"":0,""target_address"":""0x0045A130""}]",0,R032
0x00459AC0,99,?erase@?$vector@URecordN@@V?$allocator@URecordN@@@std@@@std@@QAE?AViterator@12@V312@0@Z,?erase@?$vector@URecord16@@V?$allocator@URecord16@@@std@@@std@@QAE?AViterator@12@V312@0@Z,"[""?erase@?$vector@URecord116@@V?$allocator@URecord116@@@std@@@std@@QAE?AViterator@12@V312@0@Z"",""?erase@?$vector@URecord16@@V?$allocator@URecord16@@@std@@@std@@QAE?AViterator@12@V312@0@Z"",""?erase@?$vector@URecord44@@V?$allocator@URecord44@@@std@@@std@@QAE?AViterator@12@V312@0@Z""]",cd144fc1a38c5da2746c626bad53fb185177176640d4e0b34c6573ecf6a875a0,d5afdd5be39911dd9788465e2c72d9b70ed61b7e7294ac04c3a6a071461de3ff,"[{""offset"":17,""type"":""REL32"",""symbol"":""??9const_iterator@?$vector@URecord16@@V?$allocator@URecord16@@@std@@@std@@QBE_NABV012@@Z"",""addend"":0,""target_address"":""0x0045A4D0""},{""offset"":44,""type"":""REL32"",""symbol"":""??$copy@PAURecord16@@PAU1@@std@@YAPAURecord16@@PAU1@00@Z"",""addend"":0,""target_address"":""0x0045A880""},{""offset"":69,""type"":""REL32"",""symbol"":""?_Destroy@?$vector@URecord16@@V?$allocator@URecord16@@@std@@@std@@IAEXPAURecord16@@0@Z"",""addend"":0,""target_address"":""0x00459B30""}]",0,R032
0x00459B30,33,?_Destroy@?$vector@URecordN@@V?$allocator@URecordN@@@std@@@std@@IAEXPAURecordN@@0@Z,?_Destroy@?$vector@URecord16@@V?$allocator@URecord16@@@std@@@std@@IAEXPAURecord16@@0@Z,"[""?_Destroy@?$vector@URecord116@@V?$allocator@URecord116@@@std@@@std@@IAEXPAURecord116@@0@Z"",""?_Destroy@?$vector@URecord16@@V?$allocator@URecord16@@@std@@@std@@IAEXPAURecord16@@0@Z"",""?_Destroy@?$vector@URecord44@@V?$allocator@URecord44@@@std@@@std@@IAEXPAURecord44@@0@Z""]",3eac578e140bb964088c726d7bd9934ed0e41df5b901c7948d57f432293f94f6,0005fcd9f23465fdcfe8830e45e80f1475c57e49ac800174255ed1f1db35af96,"[{""offset"":20,""type"":""REL32"",""symbol"":""??$_Destroy_range@URecord16@@V?$allocator@URecord16@@@std@@@std@@YAXPAURecord16@@0AAV?$allocator@URecord16@@@0@@Z"",""addend"":0,""target_address"":""0x0045A8C0""}]",0,R032
0x00459B60,90,?_Xlen@?$vector@URecordN@@V?$allocator@URecordN@@@std@@@std@@IBEXXZ,?_Xlen@?$vector@URecord16@@V?$allocator@URecord16@@@std@@@std@@IBEXXZ,"[""?_Xlen@?$vector@URecord116@@V?$allocator@URecord116@@@std@@@std@@IBEXXZ"",""?_Xlen@?$vector@URecord16@@V?$allocator@URecord16@@@std@@@std@@IBEXXZ"",""?_Xlen@?$vector@URecord44@@V?$allocator@URecord44@@@std@@@std@@IBEXXZ""]",971a2637092689bf3ac2cd32e80c2af74a598f5c04cea79353a6a929dce98ed0,b9bdb44979845b53ffadae7e14fd109f9c5814837c03771a1d321c599068be2c,"[{""offset"":6,""type"":""DIR32"",""symbol"":""__ehhandler$?_Xlen@?$vector@URecord16@@V?$allocator@URecord16@@@std@@@std@@IBEXXZ"",""addend"":0,""target_address"":""0x006562E8""},{""offset"":12,""type"":""DIR32"",""symbol"":""__except_list"",""addend"":0,""target_address"":""0x00000000""},{""offset"":20,""type"":""DIR32"",""symbol"":""__except_list"",""addend"":0,""target_address"":""0x00000000""},{""offset"":31,""type"":""DIR32"",""symbol"":""??_C@_0BD@OLBABOEK@vector?$DMT?$DO?5too?5long?$AA@"",""addend"":0,""target_address"":""0x00657528""},{""offset"":39,""type"":""REL32"",""symbol"":""??0?$basic_string@DU?$char_traits@D@std@@V?$allocator@D@2@@std@@QAE@PBD@Z"",""addend"":0,""target_address"":""0x004053E0""},{""offset"":58,""type"":""REL32"",""symbol"":""??0length_error@std@@QAE@ABV?$basic_string@DU?$char_traits@D@std@@V?$allocator@D@2@@1@@Z"",""addend"":0,""target_address"":""0x00404B10""},{""offset"":63,""type"":""DIR32"",""symbol"":""__TI3?AVlength_error@std@@"",""addend"":0,""target_address"":""0x00667A38""},{""offset"":72,""type"":""REL32"",""symbol"":""__CxxThrowException@8"",""addend"":0,""target_address"":""0x00640C12""},{""offset"":82,""type"":""DIR32"",""symbol"":""__except_list"",""addend"":0,""target_address"":""0x00000000""}]",0,R032
0x00459C80,44,?max_size@?$allocator@URecordN@@@std@@QBEIXZ,?max_size@?$allocator@URecord16@@@std@@QBEIXZ,"[""?max_size@?$allocator@URecord16@@@std@@QBEIXZ""]",a89598b437f5d1bd87e38618fec54746ebbe188cbbe110f58eeb76ed4d03b09d,a89598b437f5d1bd87e38618fec54746ebbe188cbbe110f58eeb76ed4d03b09d,[],0,R032
0x0045A100,44,?max_size@?$allocator@URecordN@@@std@@QBEIXZ,?max_size@?$allocator@URecord116@@@std@@QBEIXZ,"[""?max_size@?$allocator@URecord116@@@std@@QBEIXZ""]",9b7b02fa12c7dce04a6c3000f9583dd9af130e109fa57277f7330970e647113d,9b7b02fa12c7dce04a6c3000f9583dd9af130e109fa57277f7330970e647113d,[],0,R032
0x0045A4A0,33,??9const_iterator@?$vector@URecordN@@V?$allocator@URecordN@@@std@@@std@@QBE_NABV012@@Z,??9const_iterator@?$vector@URecord16@@V?$allocator@URecord16@@@std@@@std@@QBE_NABV012@@Z,"[""??9const_iterator@?$vector@URecord116@@V?$allocator@URecord116@@@std@@@std@@QBE_NABV012@@Z"",""??9const_iterator@?$vector@URecord16@@V?$allocator@URecord16@@@std@@@std@@QBE_NABV012@@Z"",""??9const_iterator@?$vector@URecord44@@V?$allocator@URecord44@@@std@@@std@@QBE_NABV012@@Z""]",45222d0f1ea2e8f3a2fb82596669d336b521a94e57868952c9b1dbfb05a92d25,4fdc1c50325d88c860956e4174a391333ec088454c574e25060f47e30a6fce3b,"[{""offset"":15,""type"":""REL32"",""symbol"":""??8const_iterator@?$vector@URecord16@@V?$allocator@URecord16@@@std@@@std@@QBE_NABV012@@Z"",""addend"":0,""target_address"":""0x0045A5E0""}]",0,R032
0x0045A4D0,33,??9const_iterator@?$vector@URecordN@@V?$allocator@URecordN@@@std@@@std@@QBE_NABV012@@Z,??9const_iterator@?$vector@URecord16@@V?$allocator@URecord16@@@std@@@std@@QBE_NABV012@@Z,"[""??9const_iterator@?$vector@URecord116@@V?$allocator@URecord116@@@std@@@std@@QBE_NABV012@@Z"",""??9const_iterator@?$vector@URecord16@@V?$allocator@URecord16@@@std@@@std@@QBE_NABV012@@Z"",""??9const_iterator@?$vector@URecord44@@V?$allocator@URecord44@@@std@@@std@@QBE_NABV012@@Z""]",45222d0f1ea2e8f3a2fb82596669d336b521a94e57868952c9b1dbfb05a92d25,909eabd9f66ef7431f04fe562beea8bc10e2631ad48998748f565ad0cb50e68e,"[{""offset"":15,""type"":""REL32"",""symbol"":""??8const_iterator@?$vector@URecord16@@V?$allocator@URecord16@@@std@@@std@@QBE_NABV012@@Z"",""addend"":0,""target_address"":""0x0045A600""}]",0,R032
0x0045A500,57,?capacity@?$vector@URecordN@@V?$allocator@URecordN@@@std@@@std@@QBEIXZ,?capacity@?$vector@URecord116@@V?$allocator@URecord116@@@std@@@std@@QBEIXZ,"[""?capacity@?$vector@URecord116@@V?$allocator@URecord116@@@std@@@std@@QBEIXZ""]",ea4c3eb0272968b2e8d0389e9cf58a42a010beb9381db7c6386eec01fcc382d6,ea4c3eb0272968b2e8d0389e9cf58a42a010beb9381db7c6386eec01fcc382d6,[],0,R032
0x0045A540,46,?_Ufill@?$vector@URecordN@@V?$allocator@URecordN@@@std@@@std@@IAEPAURecordN@@PAU3@IABU3@@Z,?_Ufill@?$vector@URecord116@@V?$allocator@URecord116@@@std@@@std@@IAEPAURecord116@@PAU3@IABU3@@Z,"[""?_Ufill@?$vector@URecord116@@V?$allocator@URecord116@@@std@@@std@@IAEPAURecord116@@PAU3@IABU3@@Z""]",2552c1c0c72682ff1c1f3bc1b8d4bceabc9a229e1fe68d6647ead1587a897d58,f4017549cc10351f04736cc82bb1770f5d1cab5288e709f1adfd56aeb1dfd582,"[{""offset"":24,""type"":""REL32"",""symbol"":""??$_Uninitialized_fill_n@PAURecord116@@IU1@V?$allocator@URecord116@@@std@@@std@@YAXPAURecord116@@IABU1@AAV?$allocator@URecord116@@@0@@Z"",""addend"":0,""target_address"":""0x0045AA60""}]",0,R032
0x0045A660,55,??$_Uninitialized_fill_n@PAURecordN@@IU1@V?$allocator@URecordN@@@std@@@std@@YAXPAURecordN@@IABU1@AAV?$allocator@URecordN@@@0@@Z,??$_Uninitialized_fill_n@PAURecord16@@IU1@V?$allocator@URecord16@@@std@@@std@@YAXPAURecord16@@IABU1@AAV?$allocator@URecord16@@@0@@Z,"[""??$_Uninitialized_fill_n@PAURecord116@@IU1@V?$allocator@URecord116@@@std@@@std@@YAXPAURecord116@@IABU1@AAV?$allocator@URecord116@@@0@@Z"",""??$_Uninitialized_fill_n@PAURecord16@@IU1@V?$allocator@URecord16@@@std@@@std@@YAXPAURecord16@@IABU1@AAV?$allocator@URecord16@@@0@@Z"",""??$_Uninitialized_fill_n@PAURecord44@@IU1@V?$allocator@URecord44@@@std@@@std@@YAXPAURecord44@@IABU1@AAV?$allocator@URecord44@@@0@@Z""]",51432e5a8256abb6e9cf660d9eb116be9c831240d6950d61213cee8eea941648,a65e7d99e49eb4f2a14978080f2b162e48293deca477a673520912a38dbf9b64,"[{""offset"":13,""type"":""REL32"",""symbol"":""??$_Ptr_cat@PAURecord16@@PAU1@@std@@YA?AU_Nonscalar_ptr_iterator_tag@0@AAPAURecord16@@0@Z"",""addend"":0,""target_address"":""0x0045AE00""},{""offset"":44,""type"":""REL32"",""symbol"":""??$_Uninit_fill_n@PAURecord16@@IU1@V?$allocator@URecord16@@@std@@@std@@YAXPAURecord16@@IABU1@AAV?$allocator@URecord16@@@0@U_Nonscalar_ptr_iterator_tag@0@@Z"",""addend"":0,""target_address"":""0x0045AE10""}]",0,R032
0x0045A6A0,37,??$_Ucopy@PAURecordN@@@?$vector@URecordN@@V?$allocator@URecordN@@@std@@@std@@IAEPAURecordN@@PAU2@00@Z,??$_Ucopy@PAURecord16@@@?$vector@URecord16@@V?$allocator@URecord16@@@std@@@std@@IAEPAURecord16@@PAU2@00@Z,"[""??$_Ucopy@PAURecord116@@@?$vector@URecord116@@V?$allocator@URecord116@@@std@@@std@@IAEPAURecord116@@PAU2@00@Z"",""??$_Ucopy@PAURecord16@@@?$vector@URecord16@@V?$allocator@URecord16@@@std@@@std@@IAEPAURecord16@@PAU2@00@Z"",""??$_Ucopy@PAURecord44@@@?$vector@URecord44@@V?$allocator@URecord44@@@std@@@std@@IAEPAURecord44@@PAU2@00@Z""]",3f37abcf99e7def1e5779c21f4b036f13a515ae56b3950085d28e88bb4f426b2,e906e062bba758af84bb6a2c12dba397cbadbfd5d10906a1caeae56d65b0fcf0,"[{""offset"":24,""type"":""REL32"",""symbol"":""??$_Uninitialized_copy@PAURecord16@@PAU1@V?$allocator@URecord16@@@std@@@std@@YAPAURecord16@@PAU1@00AAV?$allocator@URecord16@@@0@@Z"",""addend"":0,""target_address"":""0x0045AEB0""}]",0,R032
0x0045A6D0,51,??$_Destroy_range@URecordN@@V?$allocator@URecordN@@@std@@@std@@YAXPAURecordN@@0AAV?$allocator@URecordN@@@0@@Z,??$_Destroy_range@URecord16@@V?$allocator@URecord16@@@std@@@std@@YAXPAURecord16@@0AAV?$allocator@URecord16@@@0@@Z,"[""??$_Destroy_range@URecord116@@V?$allocator@URecord116@@@std@@@std@@YAXPAURecord116@@0AAV?$allocator@URecord116@@@0@@Z"",""??$_Destroy_range@URecord16@@V?$allocator@URecord16@@@std@@@std@@YAXPAURecord16@@0AAV?$allocator@URecord16@@@0@@Z"",""??$_Destroy_range@URecord44@@V?$allocator@URecord44@@@std@@@std@@YAXPAURecord44@@0AAV?$allocator@URecord44@@@0@@Z""]",e153440df8b51cedd8c8ad24cc3bb55ba8f42be4feb8a652ae23dc4500e661a6,88bf8c1a0fb68d4de765118f2fcf714f8c33259eac9d9fc8da7c1078047d8329,"[{""offset"":13,""type"":""REL32"",""symbol"":""??$_Ptr_cat@PAURecord16@@PAU1@@std@@YA?AU_Nonscalar_ptr_iterator_tag@0@AAPAURecord16@@0@Z"",""addend"":0,""target_address"":""0x0045AE00""},{""offset"":40,""type"":""REL32"",""symbol"":""??$_Destroy_range@URecord16@@V?$allocator@URecord16@@@std@@@std@@YAXPAURecord16@@0AAV?$allocator@URecord16@@@0@U_Nonscalar_ptr_iterator_tag@0@@Z"",""addend"":0,""target_address"":""0x0045AEF0""}]",0,R032
0x0045A710,37,??$_Ucopy@PAURecordN@@@?$vector@URecordN@@V?$allocator@URecordN@@@std@@@std@@IAEPAURecordN@@PAU2@00@Z,??$_Ucopy@PAURecord16@@@?$vector@URecord16@@V?$allocator@URecord16@@@std@@@std@@IAEPAURecord16@@PAU2@00@Z,"[""??$_Ucopy@PAURecord116@@@?$vector@URecord116@@V?$allocator@URecord116@@@std@@@std@@IAEPAURecord116@@PAU2@00@Z"",""??$_Ucopy@PAURecord16@@@?$vector@URecord16@@V?$allocator@URecord16@@@std@@@std@@IAEPAURecord16@@PAU2@00@Z"",""??$_Ucopy@PAURecord44@@@?$vector@URecord44@@V?$allocator@URecord44@@@std@@@std@@IAEPAURecord44@@PAU2@00@Z""]",3f37abcf99e7def1e5779c21f4b036f13a515ae56b3950085d28e88bb4f426b2,e906e062bba758af84bb6a2c12dba397cbadbfd5d10906a1caeae56d65b0fcf0,"[{""offset"":24,""type"":""REL32"",""symbol"":""??$_Uninitialized_copy@PAURecord16@@PAU1@V?$allocator@URecord16@@@std@@@std@@YAPAURecord16@@PAU1@00AAV?$allocator@URecord16@@@0@@Z"",""addend"":0,""target_address"":""0x0045AF20""}]",0,R032
0x0045A740,54,??$fill@PAURecordN@@U1@@std@@YAXPAURecordN@@0ABU1@@Z,??$fill@PAURecord16@@U1@@std@@YAXPAURecord16@@0ABU1@@Z,"[""??$fill@PAURecord16@@U1@@std@@YAXPAURecord16@@0ABU1@@Z""]",0501c14132f771b23c223ac1ad000141e1c4f5f1ccc7f38cb4e773837581983c,0501c14132f771b23c223ac1ad000141e1c4f5f1ccc7f38cb4e773837581983c,[],0,R032
0x0045A820,51,??$_Destroy_range@URecordN@@V?$allocator@URecordN@@@std@@@std@@YAXPAURecordN@@0AAV?$allocator@URecordN@@@0@@Z,??$_Destroy_range@URecord16@@V?$allocator@URecord16@@@std@@@std@@YAXPAURecord16@@0AAV?$allocator@URecord16@@@0@@Z,"[""??$_Destroy_range@URecord116@@V?$allocator@URecord116@@@std@@@std@@YAXPAURecord116@@0AAV?$allocator@URecord116@@@0@@Z"",""??$_Destroy_range@URecord16@@V?$allocator@URecord16@@@std@@@std@@YAXPAURecord16@@0AAV?$allocator@URecord16@@@0@@Z"",""??$_Destroy_range@URecord44@@V?$allocator@URecord44@@@std@@@std@@YAXPAURecord44@@0AAV?$allocator@URecord44@@@0@@Z""]",e153440df8b51cedd8c8ad24cc3bb55ba8f42be4feb8a652ae23dc4500e661a6,f5fb92edc3c37941d5f4b33945061807d5883259a1aaf219e2d5bd44ee216e9f,"[{""offset"":13,""type"":""REL32"",""symbol"":""??$_Ptr_cat@PAURecord16@@PAU1@@std@@YA?AU_Nonscalar_ptr_iterator_tag@0@AAPAURecord16@@0@Z"",""addend"":0,""target_address"":""0x0045AFA0""},{""offset"":40,""type"":""REL32"",""symbol"":""??$_Destroy_range@URecord16@@V?$allocator@URecord16@@@std@@@std@@YAXPAURecord16@@0AAV?$allocator@URecord16@@@0@U_Nonscalar_ptr_iterator_tag@0@@Z"",""addend"":0,""target_address"":""0x0045AFF0""}]",0,R032
0x0045A920,37,??$_Ucopy@PAURecordN@@@?$vector@URecordN@@V?$allocator@URecordN@@@std@@@std@@IAEPAURecordN@@PAU2@00@Z,??$_Ucopy@PAURecord16@@@?$vector@URecord16@@V?$allocator@URecord16@@@std@@@std@@IAEPAURecord16@@PAU2@00@Z,"[""??$_Ucopy@PAURecord116@@@?$vector@URecord116@@V?$allocator@URecord116@@@std@@@std@@IAEPAURecord116@@PAU2@00@Z"",""??$_Ucopy@PAURecord16@@@?$vector@URecord16@@V?$allocator@URecord16@@@std@@@std@@IAEPAURecord16@@PAU2@00@Z"",""??$_Ucopy@PAURecord44@@@?$vector@URecord44@@V?$allocator@URecord44@@@std@@@std@@IAEPAURecord44@@PAU2@00@Z""]",3f37abcf99e7def1e5779c21f4b036f13a515ae56b3950085d28e88bb4f426b2,7b2e710f7bcf5f81aaeb1fe259d3da3f7efb3b32672a4435f424572cbbacac53,"[{""offset"":24,""type"":""REL32"",""symbol"":""??$_Uninitialized_copy@PAURecord16@@PAU1@V?$allocator@URecord16@@@std@@@std@@YAPAURecord16@@PAU1@00AAV?$allocator@URecord16@@@0@@Z"",""addend"":0,""target_address"":""0x0045B080""}]",0,R032
0x0045A9C0,37,??$_Ucopy@PAURecordN@@@?$vector@URecordN@@V?$allocator@URecordN@@@std@@@std@@IAEPAURecordN@@PAU2@00@Z,??$_Ucopy@PAURecord16@@@?$vector@URecord16@@V?$allocator@URecord16@@@std@@@std@@IAEPAURecord16@@PAU2@00@Z,"[""??$_Ucopy@PAURecord116@@@?$vector@URecord116@@V?$allocator@URecord116@@@std@@@std@@IAEPAURecord116@@PAU2@00@Z"",""??$_Ucopy@PAURecord16@@@?$vector@URecord16@@V?$allocator@URecord16@@@std@@@std@@IAEPAURecord16@@PAU2@00@Z"",""??$_Ucopy@PAURecord44@@@?$vector@URecord44@@V?$allocator@URecord44@@@std@@@std@@IAEPAURecord44@@PAU2@00@Z""]",3f37abcf99e7def1e5779c21f4b036f13a515ae56b3950085d28e88bb4f426b2,82d3c9c528472a8ebbce2c298a0e2eaeb9f8eaa397e42b854a007fc422a17eed,"[{""offset"":24,""type"":""REL32"",""symbol"":""??$_Uninitialized_copy@PAURecord16@@PAU1@V?$allocator@URecord16@@@std@@@std@@YAPAURecord16@@PAU1@00AAV?$allocator@URecord16@@@0@@Z"",""addend"":0,""target_address"":""0x0045B0F0""}]",0,R032
0x0045AA60,55,??$_Uninitialized_fill_n@PAURecordN@@IU1@V?$allocator@URecordN@@@std@@@std@@YAXPAURecordN@@IABU1@AAV?$allocator@URecordN@@@0@@Z,??$_Uninitialized_fill_n@PAURecord16@@IU1@V?$allocator@URecord16@@@std@@@std@@YAXPAURecord16@@IABU1@AAV?$allocator@URecord16@@@0@@Z,"[""??$_Uninitialized_fill_n@PAURecord116@@IU1@V?$allocator@URecord116@@@std@@@std@@YAXPAURecord116@@IABU1@AAV?$allocator@URecord116@@@0@@Z"",""??$_Uninitialized_fill_n@PAURecord16@@IU1@V?$allocator@URecord16@@@std@@@std@@YAXPAURecord16@@IABU1@AAV?$allocator@URecord16@@@0@@Z"",""??$_Uninitialized_fill_n@PAURecord44@@IU1@V?$allocator@URecord44@@@std@@@std@@YAXPAURecord44@@IABU1@AAV?$allocator@URecord44@@@0@@Z""]",51432e5a8256abb6e9cf660d9eb116be9c831240d6950d61213cee8eea941648,ba9460ab1e15497e2ff1adeed75b8691c30cf266b636181ec9f84140a842becd,"[{""offset"":13,""type"":""REL32"",""symbol"":""??$_Ptr_cat@PAURecord16@@PAU1@@std@@YA?AU_Nonscalar_ptr_iterator_tag@0@AAPAURecord16@@0@Z"",""addend"":0,""target_address"":""0x0045AFA0""},{""offset"":44,""type"":""REL32"",""symbol"":""??$_Uninit_fill_n@PAURecord16@@IU1@V?$allocator@URecord16@@@std@@@std@@YAXPAURecord16@@IABU1@AAV?$allocator@URecord16@@@0@U_Nonscalar_ptr_iterator_tag@0@@Z"",""addend"":0,""target_address"":""0x0045B170""}]",0,R032
0x0045AEB0,55,??$_Uninitialized_copy@PAURecordN@@PAU1@V?$allocator@URecordN@@@std@@@std@@YAPAURecordN@@PAU1@00AAV?$allocator@URecordN@@@0@@Z,??$_Uninitialized_copy@PAURecord16@@PAU1@V?$allocator@URecord16@@@std@@@std@@YAPAURecord16@@PAU1@00AAV?$allocator@URecord16@@@0@@Z,"[""??$_Uninitialized_copy@PAURecord116@@PAU1@V?$allocator@URecord116@@@std@@@std@@YAPAURecord116@@PAU1@00AAV?$allocator@URecord116@@@0@@Z"",""??$_Uninitialized_copy@PAURecord16@@PAU1@V?$allocator@URecord16@@@std@@@std@@YAPAURecord16@@PAU1@00AAV?$allocator@URecord16@@@0@@Z"",""??$_Uninitialized_copy@PAURecord44@@PAU1@V?$allocator@URecord44@@@std@@@std@@YAPAURecord44@@PAU1@00AAV?$allocator@URecord44@@@0@@Z""]",26e1cff89a89f52064dbb1a8e74177472899353658b43dc41a27da0603b47fed,9d537946430405019cd0955607db4ac38d43c98efb88e2604cf5568fdff3ae89,"[{""offset"":13,""type"":""REL32"",""symbol"":""??$_Ptr_cat@PAURecord16@@PAU1@@std@@YA?AU_Nonscalar_ptr_iterator_tag@0@AAPAURecord16@@0@Z"",""addend"":0,""target_address"":""0x0045B2F0""},{""offset"":44,""type"":""REL32"",""symbol"":""??$_Uninit_copy@PAURecord16@@PAU1@V?$allocator@URecord16@@@std@@@std@@YAPAURecord16@@PAU1@00AAV?$allocator@URecord16@@@0@U_Nonscalar_ptr_iterator_tag@0@@Z"",""addend"":0,""target_address"":""0x0045B300""}]",0,R032
0x0045AEF0,38,??$_Destroy_range@URecordN@@V?$allocator@URecordN@@@std@@@std@@YAXPAURecordN@@0AAV?$allocator@URecordN@@@0@U_Nonscalar_ptr_iterator_tag@0@@Z,??$_Destroy_range@URecord16@@V?$allocator@URecord16@@@std@@@std@@YAXPAURecord16@@0AAV?$allocator@URecord16@@@0@U_Nonscalar_ptr_iterator_tag@0@@Z,"[""??$_Destroy_range@URecord16@@V?$allocator@URecord16@@@std@@@std@@YAXPAURecord16@@0AAV?$allocator@URecord16@@@0@U_Nonscalar_ptr_iterator_tag@0@@Z""]",201cf619366e1b3e36e87c5306a2b22478f1dca1d39026d0f062c25a383aa48f,024eb4ac47cf3dc09ef856504013a3b5ab12c2da5262490e7643b7fb81182182,"[{""offset"":30,""type"":""REL32"",""symbol"":""?destroy@?$allocator@URecord16@@@std@@QAEXPAURecord16@@@Z"",""addend"":0,""target_address"":""0x0045B290""}]",0,R032
0x0045AF20,55,??$_Uninitialized_copy@PAURecordN@@PAU1@V?$allocator@URecordN@@@std@@@std@@YAPAURecordN@@PAU1@00AAV?$allocator@URecordN@@@0@@Z,??$_Uninitialized_copy@PAURecord16@@PAU1@V?$allocator@URecord16@@@std@@@std@@YAPAURecord16@@PAU1@00AAV?$allocator@URecord16@@@0@@Z,"[""??$_Uninitialized_copy@PAURecord116@@PAU1@V?$allocator@URecord116@@@std@@@std@@YAPAURecord116@@PAU1@00AAV?$allocator@URecord116@@@0@@Z"",""??$_Uninitialized_copy@PAURecord16@@PAU1@V?$allocator@URecord16@@@std@@@std@@YAPAURecord16@@PAU1@00AAV?$allocator@URecord16@@@0@@Z"",""??$_Uninitialized_copy@PAURecord44@@PAU1@V?$allocator@URecord44@@@std@@@std@@YAPAURecord44@@PAU1@00AAV?$allocator@URecord44@@@0@@Z""]",26e1cff89a89f52064dbb1a8e74177472899353658b43dc41a27da0603b47fed,4c8838681d5505016df25a20bc0c5e30a7d029b64cfcd88350582da6264ffa16,"[{""offset"":13,""type"":""REL32"",""symbol"":""??$_Ptr_cat@PAURecord16@@PAU1@@std@@YA?AU_Nonscalar_ptr_iterator_tag@0@AAPAURecord16@@0@Z"",""addend"":0,""target_address"":""0x0045AE00""},{""offset"":44,""type"":""REL32"",""symbol"":""??$_Uninit_copy@PAURecord16@@PAU1@V?$allocator@URecord16@@@std@@@std@@YAPAURecord16@@PAU1@00AAV?$allocator@URecord16@@@0@U_Nonscalar_ptr_iterator_tag@0@@Z"",""addend"":0,""target_address"":""0x0045B3C0""}]",0,R032
0x0045AF60,64,??$_Copy_backward_opt@PAURecordN@@PAU1@@std@@YAPAURecordN@@PAU1@00U_Nonscalar_ptr_iterator_tag@0@@Z,??$_Copy_backward_opt@PAURecord16@@PAU1@@std@@YAPAURecord16@@PAU1@00U_Nonscalar_ptr_iterator_tag@0@@Z,"[""??$_Copy_backward_opt@PAURecord16@@PAU1@@std@@YAPAURecord16@@PAU1@00U_Nonscalar_ptr_iterator_tag@0@@Z""]",7f1b43ff2154bab47ea0789c9043d9b9934f6e1bcd207df6ca273a5656da043f,7f1b43ff2154bab47ea0789c9043d9b9934f6e1bcd207df6ca273a5656da043f,[],0,R032
0x0045AFF0,38,??$_Destroy_range@URecordN@@V?$allocator@URecordN@@@std@@@std@@YAXPAURecordN@@0AAV?$allocator@URecordN@@@0@U_Nonscalar_ptr_iterator_tag@0@@Z,??$_Destroy_range@URecord116@@V?$allocator@URecord116@@@std@@@std@@YAXPAURecord116@@0AAV?$allocator@URecord116@@@0@U_Nonscalar_ptr_iterator_tag@0@@Z,"[""??$_Destroy_range@URecord116@@V?$allocator@URecord116@@@std@@@std@@YAXPAURecord116@@0AAV?$allocator@URecord116@@@0@U_Nonscalar_ptr_iterator_tag@0@@Z""]",c6d593f47a2b17e779dd8b261d488e2d3af2bde21908f8565cea2ab14ed24499,d28a3367a66b35a91bdff18679015dd93602024b61ccd93fb78e1b6223aa9566,"[{""offset"":30,""type"":""REL32"",""symbol"":""?destroy@?$allocator@URecord116@@@std@@QAEXPAURecord116@@@Z"",""addend"":0,""target_address"":""0x0045B2D0""}]",0,R032
0x0045B080,55,??$_Uninitialized_copy@PAURecordN@@PAU1@V?$allocator@URecordN@@@std@@@std@@YAPAURecordN@@PAU1@00AAV?$allocator@URecordN@@@0@@Z,??$_Uninitialized_copy@PAURecord16@@PAU1@V?$allocator@URecord16@@@std@@@std@@YAPAURecord16@@PAU1@00AAV?$allocator@URecord16@@@0@@Z,"[""??$_Uninitialized_copy@PAURecord116@@PAU1@V?$allocator@URecord116@@@std@@@std@@YAPAURecord116@@PAU1@00AAV?$allocator@URecord116@@@0@@Z"",""??$_Uninitialized_copy@PAURecord16@@PAU1@V?$allocator@URecord16@@@std@@@std@@YAPAURecord16@@PAU1@00AAV?$allocator@URecord16@@@0@@Z"",""??$_Uninitialized_copy@PAURecord44@@PAU1@V?$allocator@URecord44@@@std@@@std@@YAPAURecord44@@PAU1@00AAV?$allocator@URecord44@@@0@@Z""]",26e1cff89a89f52064dbb1a8e74177472899353658b43dc41a27da0603b47fed,7e18b12a52885568268a01b8f9630df6c60417459cea53cb97e033446317821b,"[{""offset"":13,""type"":""REL32"",""symbol"":""??$_Ptr_cat@PAURecord16@@PAU1@@std@@YA?AU_Nonscalar_ptr_iterator_tag@0@AAPAURecord16@@0@Z"",""addend"":0,""target_address"":""0x0045AFA0""},{""offset"":44,""type"":""REL32"",""symbol"":""??$_Uninit_copy@PAURecord16@@PAU1@V?$allocator@URecord16@@@std@@@std@@YAPAURecord16@@PAU1@00AAV?$allocator@URecord16@@@0@U_Nonscalar_ptr_iterator_tag@0@@Z"",""addend"":0,""target_address"":""0x0045B470""}]",0,R032
0x0045B590,66,??$_Copy_opt@PAURecordN@@PAU1@@std@@YAPAURecordN@@PAU1@00U_Nonscalar_ptr_iterator_tag@0@@Z,??$_Copy_opt@PAURecord16@@PAU1@@std@@YAPAURecord16@@PAU1@00U_Nonscalar_ptr_iterator_tag@0@@Z,"[""??$_Copy_opt@PAURecord16@@PAU1@@std@@YAPAURecord16@@PAU1@00U_Nonscalar_ptr_iterator_tag@0@@Z""]",7b3da138cacdb9ff74736b3ab82cf4d122bc6e1c34adb3ac88c78a4cbfac5811,7b3da138cacdb9ff74736b3ab82cf4d122bc6e1c34adb3ac88c78a4cbfac5811,[],0,R032
0x0045B5E0,76,??$_Construct@URecordN@@U1@@std@@YAXPAURecordN@@ABU1@@Z,??$_Construct@URecord16@@U1@@std@@YAXPAURecord16@@ABU1@@Z,"[""??$_Construct@URecord16@@U1@@std@@YAXPAURecord16@@ABU1@@Z""]",3a7b7c0171a79b73b3f05043875664f39960edb2a1c99af464aa89b1bfe2cee8,094e5bdcda3f5ef0daf303e2bda6421a1d475ae29b8d81f35bff0b5d50251c0d,"[{""offset"":13,""type"":""REL32"",""symbol"":""??2@YAPAXIPAX@Z"",""addend"":0,""target_address"":""0x004063D0""}]",0,R032
0x0045B710,33,??9const_iterator@?$vector@URecordN@@V?$allocator@URecordN@@@std@@@std@@QBE_NABV012@@Z,??9const_iterator@?$vector@URecord16@@V?$allocator@URecord16@@@std@@@std@@QBE_NABV012@@Z,"[""??9const_iterator@?$vector@URecord116@@V?$allocator@URecord116@@@std@@@std@@QBE_NABV012@@Z"",""??9const_iterator@?$vector@URecord16@@V?$allocator@URecord16@@@std@@@std@@QBE_NABV012@@Z"",""??9const_iterator@?$vector@URecord44@@V?$allocator@URecord44@@@std@@@std@@QBE_NABV012@@Z""]",45222d0f1ea2e8f3a2fb82596669d336b521a94e57868952c9b1dbfb05a92d25,3899bc9b2191bc852f41aa4456fdda825fb533250d4854f324015474e2a4e528,"[{""offset"":15,""type"":""REL32"",""symbol"":""??8const_iterator@?$vector@URecord16@@V?$allocator@URecord16@@@std@@@std@@QBE_NABV012@@Z"",""addend"":0,""target_address"":""0x0045B740""}]",0,R032
0x0045C210,90,?_Xlen@?$vector@URecordN@@V?$allocator@URecordN@@@std@@@std@@IBEXXZ,?_Xlen@?$vector@URecord16@@V?$allocator@URecord16@@@std@@@std@@IBEXXZ,"[""?_Xlen@?$vector@URecord116@@V?$allocator@URecord116@@@std@@@std@@IBEXXZ"",""?_Xlen@?$vector@URecord16@@V?$allocator@URecord16@@@std@@@std@@IBEXXZ"",""?_Xlen@?$vector@URecord44@@V?$allocator@URecord44@@@std@@@std@@IBEXXZ""]",971a2637092689bf3ac2cd32e80c2af74a598f5c04cea79353a6a929dce98ed0,085272d5f4aca3836020e8170cf8f831cdd397c5880f6e5c4f0b09b30b8f3ce8,"[{""offset"":6,""type"":""DIR32"",""symbol"":""__ehhandler$?_Xlen@?$vector@URecord16@@V?$allocator@URecord16@@@std@@@std@@IBEXXZ"",""addend"":0,""target_address"":""0x006563E8""},{""offset"":12,""type"":""DIR32"",""symbol"":""__except_list"",""addend"":0,""target_address"":""0x00000000""},{""offset"":20,""type"":""DIR32"",""symbol"":""__except_list"",""addend"":0,""target_address"":""0x00000000""},{""offset"":31,""type"":""DIR32"",""symbol"":""??_C@_0BD@OLBABOEK@vector?$DMT?$DO?5too?5long?$AA@"",""addend"":0,""target_address"":""0x00657B34""},{""offset"":39,""type"":""REL32"",""symbol"":""??0?$basic_string@DU?$char_traits@D@std@@V?$allocator@D@2@@std@@QAE@PBD@Z"",""addend"":0,""target_address"":""0x004053E0""},{""offset"":58,""type"":""REL32"",""symbol"":""??0length_error@std@@QAE@ABV?$basic_string@DU?$char_traits@D@std@@V?$allocator@D@2@@1@@Z"",""addend"":0,""target_address"":""0x00409930""},{""offset"":63,""type"":""DIR32"",""symbol"":""__TI3?AVlength_error@std@@"",""addend"":0,""target_address"":""0x00667D60""},{""offset"":72,""type"":""REL32"",""symbol"":""__CxxThrowException@8"",""addend"":0,""target_address"":""0x00640C12""},{""offset"":82,""type"":""DIR32"",""symbol"":""__except_list"",""addend"":0,""target_address"":""0x00000000""}]",0,R032
0x0045C7A0,90,?_Xlen@?$vector@URecordN@@V?$allocator@URecordN@@@std@@@std@@IBEXXZ,?_Xlen@?$vector@URecord16@@V?$allocator@URecord16@@@std@@@std@@IBEXXZ,"[""?_Xlen@?$vector@URecord116@@V?$allocator@URecord116@@@std@@@std@@IBEXXZ"",""?_Xlen@?$vector@URecord16@@V?$allocator@URecord16@@@std@@@std@@IBEXXZ"",""?_Xlen@?$vector@URecord44@@V?$allocator@URecord44@@@std@@@std@@IBEXXZ""]",971a2637092689bf3ac2cd32e80c2af74a598f5c04cea79353a6a929dce98ed0,15418b5abf8a51cf9fe5a3d773e04e94f347b9cdea0366919b626806178ab4f4,"[{""offset"":6,""type"":""DIR32"",""symbol"":""__ehhandler$?_Xlen@?$vector@URecord16@@V?$allocator@URecord16@@@std@@@std@@IBEXXZ"",""addend"":0,""target_address"":""0x00656408""},{""offset"":12,""type"":""DIR32"",""symbol"":""__except_list"",""addend"":0,""target_address"":""0x00000000""},{""offset"":20,""type"":""DIR32"",""symbol"":""__except_list"",""addend"":0,""target_address"":""0x00000000""},{""offset"":31,""type"":""DIR32"",""symbol"":""??_C@_0BD@OLBABOEK@vector?$DMT?$DO?5too?5long?$AA@"",""addend"":0,""target_address"":""0x006577E0""},{""offset"":39,""type"":""REL32"",""symbol"":""??0?$basic_string@DU?$char_traits@D@std@@V?$allocator@D@2@@std@@QAE@PBD@Z"",""addend"":0,""target_address"":""0x004053E0""},{""offset"":58,""type"":""REL32"",""symbol"":""??0length_error@std@@QAE@ABV?$basic_string@DU?$char_traits@D@std@@V?$allocator@D@2@@1@@Z"",""addend"":0,""target_address"":""0x00404B10""},{""offset"":63,""type"":""DIR32"",""symbol"":""__TI3?AVlength_error@std@@"",""addend"":0,""target_address"":""0x00667A38""},{""offset"":72,""type"":""REL32"",""symbol"":""__CxxThrowException@8"",""addend"":0,""target_address"":""0x00640C12""},{""offset"":82,""type"":""DIR32"",""symbol"":""__except_list"",""addend"":0,""target_address"":""0x00000000""}]",0,R032
0x00532420,44,?max_size@?$allocator@URecordN@@@std@@QBEIXZ,?max_size@?$allocator@URecord16@@@std@@QBEIXZ,"[""?max_size@?$allocator@URecord16@@@std@@QBEIXZ""]",a89598b437f5d1bd87e38618fec54746ebbe188cbbe110f58eeb76ed4d03b09d,a89598b437f5d1bd87e38618fec54746ebbe188cbbe110f58eeb76ed4d03b09d,[],0,R032
0x005F8460,33,??9const_iterator@?$vector@URecordN@@V?$allocator@URecordN@@@std@@@std@@QBE_NABV012@@Z,??9const_iterator@?$vector@URecord16@@V?$allocator@URecord16@@@std@@@std@@QBE_NABV012@@Z,"[""??9const_iterator@?$vector@URecord116@@V?$allocator@URecord116@@@std@@@std@@QBE_NABV012@@Z"",""??9const_iterator@?$vector@URecord16@@V?$allocator@URecord16@@@std@@@std@@QBE_NABV012@@Z"",""??9const_iterator@?$vector@URecord44@@V?$allocator@URecord44@@@std@@@std@@QBE_NABV012@@Z""]",45222d0f1ea2e8f3a2fb82596669d336b521a94e57868952c9b1dbfb05a92d25,4de3f64b4f40598e24be670610454af4d1f6fa54d75419e35a6e6d3b6f03b1bc,"[{""offset"":15,""type"":""REL32"",""symbol"":""??8const_iterator@?$vector@URecord16@@V?$allocator@URecord16@@@std@@@std@@QBE_NABV012@@Z"",""addend"":0,""target_address"":""0x005F8E10""}]",0,R032
0x005F8790,90,?_Xlen@?$vector@URecordN@@V?$allocator@URecordN@@@std@@@std@@IBEXXZ,?_Xlen@?$vector@URecord16@@V?$allocator@URecord16@@@std@@@std@@IBEXXZ,"[""?_Xlen@?$vector@URecord116@@V?$allocator@URecord116@@@std@@@std@@IBEXXZ"",""?_Xlen@?$vector@URecord16@@V?$allocator@URecord16@@@std@@@std@@IBEXXZ"",""?_Xlen@?$vector@URecord44@@V?$allocator@URecord44@@@std@@@std@@IBEXXZ""]",971a2637092689bf3ac2cd32e80c2af74a598f5c04cea79353a6a929dce98ed0,75c0f309207236d99055b44d05c70697eb8351ed8e193b793391af1bbc2c7951,"[{""offset"":6,""type"":""DIR32"",""symbol"":""__ehhandler$?_Xlen@?$vector@URecord16@@V?$allocator@URecord16@@@std@@@std@@IBEXXZ"",""addend"":0,""target_address"":""0x00656718""},{""offset"":12,""type"":""DIR32"",""symbol"":""__except_list"",""addend"":0,""target_address"":""0x00000000""},{""offset"":20,""type"":""DIR32"",""symbol"":""__except_list"",""addend"":0,""target_address"":""0x00000000""},{""offset"":31,""type"":""DIR32"",""symbol"":""??_C@_0BD@OLBABOEK@vector?$DMT?$DO?5too?5long?$AA@"",""addend"":0,""target_address"":""0x00657B34""},{""offset"":39,""type"":""REL32"",""symbol"":""??0?$basic_string@DU?$char_traits@D@std@@V?$allocator@D@2@@std@@QAE@PBD@Z"",""addend"":0,""target_address"":""0x004053E0""},{""offset"":58,""type"":""REL32"",""symbol"":""??0length_error@std@@QAE@ABV?$basic_string@DU?$char_traits@D@std@@V?$allocator@D@2@@1@@Z"",""addend"":0,""target_address"":""0x00409930""},{""offset"":63,""type"":""DIR32"",""symbol"":""__TI3?AVlength_error@std@@"",""addend"":0,""target_address"":""0x00667D60""},{""offset"":72,""type"":""REL32"",""symbol"":""__CxxThrowException@8"",""addend"":0,""target_address"":""0x00640C12""},{""offset"":82,""type"":""DIR32"",""symbol"":""__except_list"",""addend"":0,""target_address"":""0x00000000""}]",0,R032
0x005F8F30,33,?insert@?$vector@URecordN@@V?$allocator@URecordN@@@std@@@std@@QAEXViterator@12@IABURecordN@@@Z,?insert@?$vector@URecord16@@V?$allocator@URecord16@@@std@@@std@@QAEXViterator@12@IABURecord16@@@Z,"[""?insert@?$vector@URecord116@@V?$allocator@URecord116@@@std@@@std@@QAEXViterator@12@IABURecord116@@@Z"",""?insert@?$vector@URecord16@@V?$allocator@URecord16@@@std@@@std@@QAEXViterator@12@IABURecord16@@@Z"",""?insert@?$vector@URecord44@@V?$allocator@URecord44@@@std@@@std@@QAEXViterator@12@IABURecord44@@@Z""]",6fdb0e4202a939b4e6c727d27c145a79302b8427558d59ec583bdf0a7eb35754,565eacf7e45b6e32043d769a70935a1f1e6c4a5326d67e97135544fcb144bc60,"[{""offset"":23,""type"":""REL32"",""symbol"":""?_Insert_n@?$vector@URecord16@@V?$allocator@URecord16@@@std@@@std@@IAEXViterator@12@IABURecord16@@@Z"",""addend"":0,""target_address"":""0x005F9650""}]",0,R032
0x005F8F60,99,?erase@?$vector@URecordN@@V?$allocator@URecordN@@@std@@@std@@QAE?AViterator@12@V312@0@Z,?erase@?$vector@URecord16@@V?$allocator@URecord16@@@std@@@std@@QAE?AViterator@12@V312@0@Z,"[""?erase@?$vector@URecord116@@V?$allocator@URecord116@@@std@@@std@@QAE?AViterator@12@V312@0@Z"",""?erase@?$vector@URecord16@@V?$allocator@URecord16@@@std@@@std@@QAE?AViterator@12@V312@0@Z"",""?erase@?$vector@URecord44@@V?$allocator@URecord44@@@std@@@std@@QAE?AViterator@12@V312@0@Z""]",cd144fc1a38c5da2746c626bad53fb185177176640d4e0b34c6573ecf6a875a0,24f07a61e8f126e5e06fa0973bea36f65c900ae1559863a01c38449150da7eee,"[{""offset"":17,""type"":""REL32"",""symbol"":""??9const_iterator@?$vector@URecord16@@V?$allocator@URecord16@@@std@@@std@@QBE_NABV012@@Z"",""addend"":0,""target_address"":""0x005F9DD0""},{""offset"":44,""type"":""REL32"",""symbol"":""??$copy@PAURecord16@@PAU1@@std@@YAPAURecord16@@PAU1@00@Z"",""addend"":0,""target_address"":""0x005FA170""},{""offset"":69,""type"":""REL32"",""symbol"":""?_Destroy@?$vector@URecord16@@V?$allocator@URecord16@@@std@@@std@@IAEXPAURecord16@@0@Z"",""addend"":0,""target_address"":""0x005F8FD0""}]",0,R032
0x005F8FD0,33,?_Destroy@?$vector@URecordN@@V?$allocator@URecordN@@@std@@@std@@IAEXPAURecordN@@0@Z,?_Destroy@?$vector@URecord16@@V?$allocator@URecord16@@@std@@@std@@IAEXPAURecord16@@0@Z,"[""?_Destroy@?$vector@URecord116@@V?$allocator@URecord116@@@std@@@std@@IAEXPAURecord116@@0@Z"",""?_Destroy@?$vector@URecord16@@V?$allocator@URecord16@@@std@@@std@@IAEXPAURecord16@@0@Z"",""?_Destroy@?$vector@URecord44@@V?$allocator@URecord44@@@std@@@std@@IAEXPAURecord44@@0@Z""]",3eac578e140bb964088c726d7bd9934ed0e41df5b901c7948d57f432293f94f6,b05a2bbddfda7cfd93afc51ea09ed02374cead0a950997d3dd8136a6d2b57262,"[{""offset"":20,""type"":""REL32"",""symbol"":""??$_Destroy_range@URecord16@@V?$allocator@URecord16@@@std@@@std@@YAXPAURecord16@@0AAV?$allocator@URecord16@@@0@@Z"",""addend"":0,""target_address"":""0x005FA1B0""}]",0,R032
0x005F9000,90,?_Xlen@?$vector@URecordN@@V?$allocator@URecordN@@@std@@@std@@IBEXXZ,?_Xlen@?$vector@URecord16@@V?$allocator@URecord16@@@std@@@std@@IBEXXZ,"[""?_Xlen@?$vector@URecord116@@V?$allocator@URecord116@@@std@@@std@@IBEXXZ"",""?_Xlen@?$vector@URecord16@@V?$allocator@URecord16@@@std@@@std@@IBEXXZ"",""?_Xlen@?$vector@URecord44@@V?$allocator@URecord44@@@std@@@std@@IBEXXZ""]",971a2637092689bf3ac2cd32e80c2af74a598f5c04cea79353a6a929dce98ed0,e4416721113145aca4601a369c3ff9f398f63d9c2db97e6d68af634e68bd0e04,"[{""offset"":6,""type"":""DIR32"",""symbol"":""__ehhandler$?_Xlen@?$vector@URecord16@@V?$allocator@URecord16@@@std@@@std@@IBEXXZ"",""addend"":0,""target_address"":""0x00656738""},{""offset"":12,""type"":""DIR32"",""symbol"":""__except_list"",""addend"":0,""target_address"":""0x00000000""},{""offset"":20,""type"":""DIR32"",""symbol"":""__except_list"",""addend"":0,""target_address"":""0x00000000""},{""offset"":31,""type"":""DIR32"",""symbol"":""??_C@_0BD@OLBABOEK@vector?$DMT?$DO?5too?5long?$AA@"",""addend"":0,""target_address"":""0x00657528""},{""offset"":39,""type"":""REL32"",""symbol"":""??0?$basic_string@DU?$char_traits@D@std@@V?$allocator@D@2@@std@@QAE@PBD@Z"",""addend"":0,""target_address"":""0x004053E0""},{""offset"":58,""type"":""REL32"",""symbol"":""??0length_error@std@@QAE@ABV?$basic_string@DU?$char_traits@D@std@@V?$allocator@D@2@@1@@Z"",""addend"":0,""target_address"":""0x00404B10""},{""offset"":63,""type"":""DIR32"",""symbol"":""__TI3?AVlength_error@std@@"",""addend"":0,""target_address"":""0x00667A38""},{""offset"":72,""type"":""REL32"",""symbol"":""__CxxThrowException@8"",""addend"":0,""target_address"":""0x00640C12""},{""offset"":82,""type"":""DIR32"",""symbol"":""__except_list"",""addend"":0,""target_address"":""0x00000000""}]",0,R032
0x005F9240,90,?_Xlen@?$vector@URecordN@@V?$allocator@URecordN@@@std@@@std@@IBEXXZ,?_Xlen@?$vector@URecord16@@V?$allocator@URecord16@@@std@@@std@@IBEXXZ,"[""?_Xlen@?$vector@URecord116@@V?$allocator@URecord116@@@std@@@std@@IBEXXZ"",""?_Xlen@?$vector@URecord16@@V?$allocator@URecord16@@@std@@@std@@IBEXXZ"",""?_Xlen@?$vector@URecord44@@V?$allocator@URecord44@@@std@@@std@@IBEXXZ""]",971a2637092689bf3ac2cd32e80c2af74a598f5c04cea79353a6a929dce98ed0,a9638525542cf4ca3b29d02b82b7a49880e29eb443627c5829f3276044d97288,"[{""offset"":6,""type"":""DIR32"",""symbol"":""__ehhandler$?_Xlen@?$vector@URecord16@@V?$allocator@URecord16@@@std@@@std@@IBEXXZ"",""addend"":0,""target_address"":""0x00656758""},{""offset"":12,""type"":""DIR32"",""symbol"":""__except_list"",""addend"":0,""target_address"":""0x00000000""},{""offset"":20,""type"":""DIR32"",""symbol"":""__except_list"",""addend"":0,""target_address"":""0x00000000""},{""offset"":31,""type"":""DIR32"",""symbol"":""??_C@_0BD@OLBABOEK@vector?$DMT?$DO?5too?5long?$AA@"",""addend"":0,""target_address"":""0x006577E0""},{""offset"":39,""type"":""REL32"",""symbol"":""??0?$basic_string@DU?$char_traits@D@std@@V?$allocator@D@2@@std@@QAE@PBD@Z"",""addend"":0,""target_address"":""0x004053E0""},{""offset"":58,""type"":""REL32"",""symbol"":""??0length_error@std@@QAE@ABV?$basic_string@DU?$char_traits@D@std@@V?$allocator@D@2@@1@@Z"",""addend"":0,""target_address"":""0x00404B10""},{""offset"":63,""type"":""DIR32"",""symbol"":""__TI3?AVlength_error@std@@"",""addend"":0,""target_address"":""0x00667A38""},{""offset"":72,""type"":""REL32"",""symbol"":""__CxxThrowException@8"",""addend"":0,""target_address"":""0x00640C12""},{""offset"":82,""type"":""DIR32"",""symbol"":""__except_list"",""addend"":0,""target_address"":""0x00000000""}]",0,R032
0x005F9390,33,?insert@?$vector@URecordN@@V?$allocator@URecordN@@@std@@@std@@QAEXViterator@12@IABURecordN@@@Z,?insert@?$vector@URecord16@@V?$allocator@URecord16@@@std@@@std@@QAEXViterator@12@IABURecord16@@@Z,"[""?insert@?$vector@URecord116@@V?$allocator@URecord116@@@std@@@std@@QAEXViterator@12@IABURecord116@@@Z"",""?insert@?$vector@URecord16@@V?$allocator@URecord16@@@std@@@std@@QAEXViterator@12@IABURecord16@@@Z"",""?insert@?$vector@URecord44@@V?$allocator@URecord44@@@std@@@std@@QAEXViterator@12@IABURecord44@@@Z""]",6fdb0e4202a939b4e6c727d27c145a79302b8427558d59ec583bdf0a7eb35754,53351063b137fae32ccfcac9c362f3601f6a88a6354b003a84dbd0a6e7206922,"[{""offset"":23,""type"":""REL32"",""symbol"":""?_Insert_n@?$vector@URecord16@@V?$allocator@URecord16@@@std@@@std@@IAEXViterator@12@IABURecord16@@@Z"",""addend"":0,""target_address"":""0x005F9A10""}]",0,R032
0x005F93C0,99,?erase@?$vector@URecordN@@V?$allocator@URecordN@@@std@@@std@@QAE?AViterator@12@V312@0@Z,?erase@?$vector@URecord16@@V?$allocator@URecord16@@@std@@@std@@QAE?AViterator@12@V312@0@Z,"[""?erase@?$vector@URecord116@@V?$allocator@URecord116@@@std@@@std@@QAE?AViterator@12@V312@0@Z"",""?erase@?$vector@URecord16@@V?$allocator@URecord16@@@std@@@std@@QAE?AViterator@12@V312@0@Z"",""?erase@?$vector@URecord44@@V?$allocator@URecord44@@@std@@@std@@QAE?AViterator@12@V312@0@Z""]",cd144fc1a38c5da2746c626bad53fb185177176640d4e0b34c6573ecf6a875a0,4e3e7d32bed0b613c76b1408cfb7e333edad162ddfafa90fcc67d771651a4bb4,"[{""offset"":17,""type"":""REL32"",""symbol"":""??9const_iterator@?$vector@URecord16@@V?$allocator@URecord16@@@std@@@std@@QBE_NABV012@@Z"",""addend"":0,""target_address"":""0x005F9E20""},{""offset"":44,""type"":""REL32"",""symbol"":""??$copy@PAURecord16@@PAU1@@std@@YAPAURecord16@@PAU1@00@Z"",""addend"":0,""target_address"":""0x005FA250""},{""offset"":69,""type"":""REL32"",""symbol"":""?_Destroy@?$vector@URecord16@@V?$allocator@URecord16@@@std@@@std@@IAEXPAURecord16@@0@Z"",""addend"":0,""target_address"":""0x005F9430""}]",0,R032
0x005F9430,33,?_Destroy@?$vector@URecordN@@V?$allocator@URecordN@@@std@@@std@@IAEXPAURecordN@@0@Z,?_Destroy@?$vector@URecord16@@V?$allocator@URecord16@@@std@@@std@@IAEXPAURecord16@@0@Z,"[""?_Destroy@?$vector@URecord116@@V?$allocator@URecord116@@@std@@@std@@IAEXPAURecord116@@0@Z"",""?_Destroy@?$vector@URecord16@@V?$allocator@URecord16@@@std@@@std@@IAEXPAURecord16@@0@Z"",""?_Destroy@?$vector@URecord44@@V?$allocator@URecord44@@@std@@@std@@IAEXPAURecord44@@0@Z""]",3eac578e140bb964088c726d7bd9934ed0e41df5b901c7948d57f432293f94f6,9662122abc17f76182745e1c3bfd4b0cd7fd881b3196387d2540d7585eeda447,"[{""offset"":20,""type"":""REL32"",""symbol"":""??$_Destroy_range@URecord16@@V?$allocator@URecord16@@@std@@@std@@YAXPAURecord16@@0AAV?$allocator@URecord16@@@0@@Z"",""addend"":0,""target_address"":""0x005FA290""}]",0,R032
0x005F9460,90,?_Xlen@?$vector@URecordN@@V?$allocator@URecordN@@@std@@@std@@IBEXXZ,?_Xlen@?$vector@URecord16@@V?$allocator@URecord16@@@std@@@std@@IBEXXZ,"[""?_Xlen@?$vector@URecord116@@V?$allocator@URecord116@@@std@@@std@@IBEXXZ"",""?_Xlen@?$vector@URecord16@@V?$allocator@URecord16@@@std@@@std@@IBEXXZ"",""?_Xlen@?$vector@URecord44@@V?$allocator@URecord44@@@std@@@std@@IBEXXZ""]",971a2637092689bf3ac2cd32e80c2af74a598f5c04cea79353a6a929dce98ed0,1d0e6ece6af723548f4719b76c2a72c884bf5a67c7d9b1d70c0f2f3e79ccc56f,"[{""offset"":6,""type"":""DIR32"",""symbol"":""__ehhandler$?_Xlen@?$vector@URecord16@@V?$allocator@URecord16@@@std@@@std@@IBEXXZ"",""addend"":0,""target_address"":""0x00656778""},{""offset"":12,""type"":""DIR32"",""symbol"":""__except_list"",""addend"":0,""target_address"":""0x00000000""},{""offset"":20,""type"":""DIR32"",""symbol"":""__except_list"",""addend"":0,""target_address"":""0x00000000""},{""offset"":31,""type"":""DIR32"",""symbol"":""??_C@_0BD@OLBABOEK@vector?$DMT?$DO?5too?5long?$AA@"",""addend"":0,""target_address"":""0x00657528""},{""offset"":39,""type"":""REL32"",""symbol"":""??0?$basic_string@DU?$char_traits@D@std@@V?$allocator@D@2@@std@@QAE@PBD@Z"",""addend"":0,""target_address"":""0x004053E0""},{""offset"":58,""type"":""REL32"",""symbol"":""??0length_error@std@@QAE@ABV?$basic_string@DU?$char_traits@D@std@@V?$allocator@D@2@@1@@Z"",""addend"":0,""target_address"":""0x00404B10""},{""offset"":63,""type"":""DIR32"",""symbol"":""__TI3?AVlength_error@std@@"",""addend"":0,""target_address"":""0x00667A38""},{""offset"":72,""type"":""REL32"",""symbol"":""__CxxThrowException@8"",""addend"":0,""target_address"":""0x00640C12""},{""offset"":82,""type"":""DIR32"",""symbol"":""__except_list"",""addend"":0,""target_address"":""0x00000000""}]",0,R032
0x005F9990,44,?max_size@?$allocator@URecordN@@@std@@QBEIXZ,?max_size@?$allocator@URecord16@@@std@@QBEIXZ,"[""?max_size@?$allocator@URecord16@@@std@@QBEIXZ""]",a89598b437f5d1bd87e38618fec54746ebbe188cbbe110f58eeb76ed4d03b09d,a89598b437f5d1bd87e38618fec54746ebbe188cbbe110f58eeb76ed4d03b09d,[],0,R032
0x005F9DD0,33,??9const_iterator@?$vector@URecordN@@V?$allocator@URecordN@@@std@@@std@@QBE_NABV012@@Z,??9const_iterator@?$vector@URecord16@@V?$allocator@URecord16@@@std@@@std@@QBE_NABV012@@Z,"[""??9const_iterator@?$vector@URecord116@@V?$allocator@URecord116@@@std@@@std@@QBE_NABV012@@Z"",""??9const_iterator@?$vector@URecord16@@V?$allocator@URecord16@@@std@@@std@@QBE_NABV012@@Z"",""??9const_iterator@?$vector@URecord44@@V?$allocator@URecord44@@@std@@@std@@QBE_NABV012@@Z""]",45222d0f1ea2e8f3a2fb82596669d336b521a94e57868952c9b1dbfb05a92d25,da1cfc4efb12a8d5592dc569156e618b0d39cb2813edc8611dbf0fe1c478a5a7,"[{""offset"":15,""type"":""REL32"",""symbol"":""??8const_iterator@?$vector@URecord16@@V?$allocator@URecord16@@@std@@@std@@QBE_NABV012@@Z"",""addend"":0,""target_address"":""0x005F9F70""}]",0,R032
0x005F9E20,33,??9const_iterator@?$vector@URecordN@@V?$allocator@URecordN@@@std@@@std@@QBE_NABV012@@Z,??9const_iterator@?$vector@URecord16@@V?$allocator@URecord16@@@std@@@std@@QBE_NABV012@@Z,"[""??9const_iterator@?$vector@URecord116@@V?$allocator@URecord116@@@std@@@std@@QBE_NABV012@@Z"",""??9const_iterator@?$vector@URecord16@@V?$allocator@URecord16@@@std@@@std@@QBE_NABV012@@Z"",""??9const_iterator@?$vector@URecord44@@V?$allocator@URecord44@@@std@@@std@@QBE_NABV012@@Z""]",45222d0f1ea2e8f3a2fb82596669d336b521a94e57868952c9b1dbfb05a92d25,afdc25bbdaefad08b05a536b3ef65b8c6704e611c45eb90dfb1a835a24020e04,"[{""offset"":15,""type"":""REL32"",""symbol"":""??8const_iterator@?$vector@URecord16@@V?$allocator@URecord16@@@std@@@std@@QBE_NABV012@@Z"",""addend"":0,""target_address"":""0x005F9F90""}]",0,R032
0x005F9E50,52,?capacity@?$vector@URecordN@@V?$allocator@URecordN@@@std@@@std@@QBEIXZ,?capacity@?$vector@URecord16@@V?$allocator@URecord16@@@std@@@std@@QBEIXZ,"[""?capacity@?$vector@URecord16@@V?$allocator@URecord16@@@std@@@std@@QBEIXZ""]",12c46df67b788f35d77f1fb923f93dbdd4e391fdc66655b8d4c9b13d3a6b3dcd,12c46df67b788f35d77f1fb923f93dbdd4e391fdc66655b8d4c9b13d3a6b3dcd,[],0,R032
0x005F9E90,52,?size@?$vector@URecordN@@V?$allocator@URecordN@@@std@@@std@@QBEIXZ,?size@?$vector@URecord16@@V?$allocator@URecord16@@@std@@@std@@QBEIXZ,"[""?size@?$vector@URecord16@@V?$allocator@URecord16@@@std@@@std@@QBEIXZ""]",650b7c8cca058507528b6885756b72c11a73e644ef71b5b2e775f9feac6eb881,650b7c8cca058507528b6885756b72c11a73e644ef71b5b2e775f9feac6eb881,[],0,R032
0x005F9ED0,46,?_Ufill@?$vector@URecordN@@V?$allocator@URecordN@@@std@@@std@@IAEPAURecordN@@PAU3@IABU3@@Z,?_Ufill@?$vector@URecord16@@V?$allocator@URecord16@@@std@@@std@@IAEPAURecord16@@PAU3@IABU3@@Z,"[""?_Ufill@?$vector@URecord16@@V?$allocator@URecord16@@@std@@@std@@IAEPAURecord16@@PAU3@IABU3@@Z""]",386bdfc544b9e294d522d9d47ac98c508e4fb8a5c750a327b71e2cdcc79d2700,ea9d3463c29509fe1f67465f5580385b406f3d67313dd2a8703bf2ded9738a11,"[{""offset"":24,""type"":""REL32"",""symbol"":""??$_Uninitialized_fill_n@PAURecord16@@IU1@V?$allocator@URecord16@@@std@@@std@@YAXPAURecord16@@IABU1@AAV?$allocator@URecord16@@@0@@Z"",""addend"":0,""target_address"":""0x005FA450""}]",0,R032
0x005FA1B0,51,??$_Destroy_range@URecordN@@V?$allocator@URecordN@@@std@@@std@@YAXPAURecordN@@0AAV?$allocator@URecordN@@@0@@Z,??$_Destroy_range@URecord16@@V?$allocator@URecord16@@@std@@@std@@YAXPAURecord16@@0AAV?$allocator@URecord16@@@0@@Z,"[""??$_Destroy_range@URecord116@@V?$allocator@URecord116@@@std@@@std@@YAXPAURecord116@@0AAV?$allocator@URecord116@@@0@@Z"",""??$_Destroy_range@URecord16@@V?$allocator@URecord16@@@std@@@std@@YAXPAURecord16@@0AAV?$allocator@URecord16@@@0@@Z"",""??$_Destroy_range@URecord44@@V?$allocator@URecord44@@@std@@@std@@YAXPAURecord44@@0AAV?$allocator@URecord44@@@0@@Z""]",e153440df8b51cedd8c8ad24cc3bb55ba8f42be4feb8a652ae23dc4500e661a6,a2e38e057190f862de41b8bbf852f515c1e3b642eeed5edc3f769f07de71de95,"[{""offset"":13,""type"":""REL32"",""symbol"":""??$_Ptr_cat@PAURecord16@@PAU1@@std@@YA?AU_Nonscalar_ptr_iterator_tag@0@AAPAURecord16@@0@Z"",""addend"":0,""target_address"":""0x005FA620""},{""offset"":40,""type"":""REL32"",""symbol"":""??$_Destroy_range@URecord16@@V?$allocator@URecord16@@@std@@@std@@YAXPAURecord16@@0AAV?$allocator@URecord16@@@0@U_Nonscalar_ptr_iterator_tag@0@@Z"",""addend"":0,""target_address"":""0x005FA680""}]",0,R032
0x005FA2F0,37,??$_Ucopy@PAURecordN@@@?$vector@URecordN@@V?$allocator@URecordN@@@std@@@std@@IAEPAURecordN@@PAU2@00@Z,??$_Ucopy@PAURecord16@@@?$vector@URecord16@@V?$allocator@URecord16@@@std@@@std@@IAEPAURecord16@@PAU2@00@Z,"[""??$_Ucopy@PAURecord116@@@?$vector@URecord116@@V?$allocator@URecord116@@@std@@@std@@IAEPAURecord116@@PAU2@00@Z"",""??$_Ucopy@PAURecord16@@@?$vector@URecord16@@V?$allocator@URecord16@@@std@@@std@@IAEPAURecord16@@PAU2@00@Z"",""??$_Ucopy@PAURecord44@@@?$vector@URecord44@@V?$allocator@URecord44@@@std@@@std@@IAEPAURecord44@@PAU2@00@Z""]",3f37abcf99e7def1e5779c21f4b036f13a515ae56b3950085d28e88bb4f426b2,140e4a137b4d1301c7cc617119107d09b6db36aa26a38fd93bf99c392ddb8416,"[{""offset"":24,""type"":""REL32"",""symbol"":""??$_Uninitialized_copy@PAURecord16@@PAU1@V?$allocator@URecord16@@@std@@@std@@YAPAURecord16@@PAU1@00AAV?$allocator@URecord16@@@0@@Z"",""addend"":0,""target_address"":""0x005FA710""}]",0,R032
0x005FA320,54,??$fill@PAURecordN@@U1@@std@@YAXPAURecordN@@0ABU1@@Z,??$fill@PAURecord16@@U1@@std@@YAXPAURecord16@@0ABU1@@Z,"[""??$fill@PAURecord16@@U1@@std@@YAXPAURecord16@@0ABU1@@Z""]",0501c14132f771b23c223ac1ad000141e1c4f5f1ccc7f38cb4e773837581983c,0501c14132f771b23c223ac1ad000141e1c4f5f1ccc7f38cb4e773837581983c,[],0,R032
0x005FA3B0,37,??$_Ucopy@PAURecordN@@@?$vector@URecordN@@V?$allocator@URecordN@@@std@@@std@@IAEPAURecordN@@PAU2@00@Z,??$_Ucopy@PAURecord16@@@?$vector@URecord16@@V?$allocator@URecord16@@@std@@@std@@IAEPAURecord16@@PAU2@00@Z,"[""??$_Ucopy@PAURecord116@@@?$vector@URecord116@@V?$allocator@URecord116@@@std@@@std@@IAEPAURecord116@@PAU2@00@Z"",""??$_Ucopy@PAURecord16@@@?$vector@URecord16@@V?$allocator@URecord16@@@std@@@std@@IAEPAURecord16@@PAU2@00@Z"",""??$_Ucopy@PAURecord44@@@?$vector@URecord44@@V?$allocator@URecord44@@@std@@@std@@IAEPAURecord44@@PAU2@00@Z""]",3f37abcf99e7def1e5779c21f4b036f13a515ae56b3950085d28e88bb4f426b2,a158d1f75e6be62c2d37732c2538f2b9b2474adb096b96d7d8738f3c45703d9d,"[{""offset"":24,""type"":""REL32"",""symbol"":""??$_Uninitialized_copy@PAURecord16@@PAU1@V?$allocator@URecord16@@@std@@@std@@YAPAURecord16@@PAU1@00AAV?$allocator@URecord16@@@0@@Z"",""addend"":0,""target_address"":""0x005FA790""}]",0,R032
0x005FA450,55,??$_Uninitialized_fill_n@PAURecordN@@IU1@V?$allocator@URecordN@@@std@@@std@@YAXPAURecordN@@IABU1@AAV?$allocator@URecordN@@@0@@Z,??$_Uninitialized_fill_n@PAURecord16@@IU1@V?$allocator@URecord16@@@std@@@std@@YAXPAURecord16@@IABU1@AAV?$allocator@URecord16@@@0@@Z,"[""??$_Uninitialized_fill_n@PAURecord116@@IU1@V?$allocator@URecord116@@@std@@@std@@YAXPAURecord116@@IABU1@AAV?$allocator@URecord116@@@0@@Z"",""??$_Uninitialized_fill_n@PAURecord16@@IU1@V?$allocator@URecord16@@@std@@@std@@YAXPAURecord16@@IABU1@AAV?$allocator@URecord16@@@0@@Z"",""??$_Uninitialized_fill_n@PAURecord44@@IU1@V?$allocator@URecord44@@@std@@@std@@YAXPAURecord44@@IABU1@AAV?$allocator@URecord44@@@0@@Z""]",51432e5a8256abb6e9cf660d9eb116be9c831240d6950d61213cee8eea941648,4dd04b6e63687cc4204359be58207df2aa1a773916a9eb34401006e48b4f561a,"[{""offset"":13,""type"":""REL32"",""symbol"":""??$_Ptr_cat@PAURecord16@@PAU1@@std@@YA?AU_Nonscalar_ptr_iterator_tag@0@AAPAURecord16@@0@Z"",""addend"":0,""target_address"":""0x005FA620""},{""offset"":44,""type"":""REL32"",""symbol"":""??$_Uninit_fill_n@PAURecord16@@IU1@V?$allocator@URecord16@@@std@@@std@@YAXPAURecord16@@IABU1@AAV?$allocator@URecord16@@@0@U_Nonscalar_ptr_iterator_tag@0@@Z"",""addend"":0,""target_address"":""0x005FA810""}]",0,R032
0x005FA630,66,??$_Copy_opt@PAURecordN@@PAU1@@std@@YAPAURecordN@@PAU1@00U_Nonscalar_ptr_iterator_tag@0@@Z,??$_Copy_opt@PAURecord16@@PAU1@@std@@YAPAURecord16@@PAU1@00U_Nonscalar_ptr_iterator_tag@0@@Z,"[""??$_Copy_opt@PAURecord16@@PAU1@@std@@YAPAURecord16@@PAU1@00U_Nonscalar_ptr_iterator_tag@0@@Z""]",7b3da138cacdb9ff74736b3ab82cf4d122bc6e1c34adb3ac88c78a4cbfac5811,7b3da138cacdb9ff74736b3ab82cf4d122bc6e1c34adb3ac88c78a4cbfac5811,[],0,R032
0x005FA680,38,??$_Destroy_range@URecordN@@V?$allocator@URecordN@@@std@@@std@@YAXPAURecordN@@0AAV?$allocator@URecordN@@@0@U_Nonscalar_ptr_iterator_tag@0@@Z,??$_Destroy_range@URecord16@@V?$allocator@URecord16@@@std@@@std@@YAXPAURecord16@@0AAV?$allocator@URecord16@@@0@U_Nonscalar_ptr_iterator_tag@0@@Z,"[""??$_Destroy_range@URecord16@@V?$allocator@URecord16@@@std@@@std@@YAXPAURecord16@@0AAV?$allocator@URecord16@@@0@U_Nonscalar_ptr_iterator_tag@0@@Z""]",201cf619366e1b3e36e87c5306a2b22478f1dca1d39026d0f062c25a383aa48f,b29aa9ad6c4b8a43e4945d1e60b55e3b870f87709a4cfad8c7ddf5a9d0e97673,"[{""offset"":30,""type"":""REL32"",""symbol"":""?destroy@?$allocator@URecord16@@@std@@QAEXPAURecord16@@@Z"",""addend"":0,""target_address"":""0x005FA8F0""}]",0,R032
0x005FA710,55,??$_Uninitialized_copy@PAURecordN@@PAU1@V?$allocator@URecordN@@@std@@@std@@YAPAURecordN@@PAU1@00AAV?$allocator@URecordN@@@0@@Z,??$_Uninitialized_copy@PAURecord16@@PAU1@V?$allocator@URecord16@@@std@@@std@@YAPAURecord16@@PAU1@00AAV?$allocator@URecord16@@@0@@Z,"[""??$_Uninitialized_copy@PAURecord116@@PAU1@V?$allocator@URecord116@@@std@@@std@@YAPAURecord116@@PAU1@00AAV?$allocator@URecord116@@@0@@Z"",""??$_Uninitialized_copy@PAURecord16@@PAU1@V?$allocator@URecord16@@@std@@@std@@YAPAURecord16@@PAU1@00AAV?$allocator@URecord16@@@0@@Z"",""??$_Uninitialized_copy@PAURecord44@@PAU1@V?$allocator@URecord44@@@std@@@std@@YAPAURecord44@@PAU1@00AAV?$allocator@URecord44@@@0@@Z""]",26e1cff89a89f52064dbb1a8e74177472899353658b43dc41a27da0603b47fed,4c4c87fa5fb1d9e0fda71f20eeed2213ebcf47e07f583aeb51a53f140d230121,"[{""offset"":13,""type"":""REL32"",""symbol"":""??$_Ptr_cat@PAURecord16@@PAU1@@std@@YA?AU_Nonscalar_ptr_iterator_tag@0@AAPAURecord16@@0@Z"",""addend"":0,""target_address"":""0x005FA620""},{""offset"":44,""type"":""REL32"",""symbol"":""??$_Uninit_copy@PAURecord16@@PAU1@V?$allocator@URecord16@@@std@@@std@@YAPAURecord16@@PAU1@00AAV?$allocator@URecord16@@@0@U_Nonscalar_ptr_iterator_tag@0@@Z"",""addend"":0,""target_address"":""0x005FA960""}]",0,R032
0x005FA750,64,??$_Copy_backward_opt@PAURecordN@@PAU1@@std@@YAPAURecordN@@PAU1@00U_Nonscalar_ptr_iterator_tag@0@@Z,??$_Copy_backward_opt@PAURecord16@@PAU1@@std@@YAPAURecord16@@PAU1@00U_Nonscalar_ptr_iterator_tag@0@@Z,"[""??$_Copy_backward_opt@PAURecord16@@PAU1@@std@@YAPAURecord16@@PAU1@00U_Nonscalar_ptr_iterator_tag@0@@Z""]",7f1b43ff2154bab47ea0789c9043d9b9934f6e1bcd207df6ca273a5656da043f,7f1b43ff2154bab47ea0789c9043d9b9934f6e1bcd207df6ca273a5656da043f,[],0,R032
0x005FAA80,76,??$_Construct@URecordN@@U1@@std@@YAXPAURecordN@@ABU1@@Z,??$_Construct@URecord16@@U1@@std@@YAXPAURecord16@@ABU1@@Z,"[""??$_Construct@URecord16@@U1@@std@@YAXPAURecord16@@ABU1@@Z""]",3a7b7c0171a79b73b3f05043875664f39960edb2a1c99af464aa89b1bfe2cee8,0ffc614f78b64f221a1164d51ba294e19558a0e8b6ba3a53ccdb63a7b9009164,"[{""offset"":13,""type"":""REL32"",""symbol"":""??2@YAPAXIPAX@Z"",""addend"":0,""target_address"":""0x004063D0""}]",0,R032
0x005FAD70,90,?_Xlen@?$vector@URecordN@@V?$allocator@URecordN@@@std@@@std@@IBEXXZ,?_Xlen@?$vector@URecord16@@V?$allocator@URecord16@@@std@@@std@@IBEXXZ,"[""?_Xlen@?$vector@URecord116@@V?$allocator@URecord116@@@std@@@std@@IBEXXZ"",""?_Xlen@?$vector@URecord16@@V?$allocator@URecord16@@@std@@@std@@IBEXXZ"",""?_Xlen@?$vector@URecord44@@V?$allocator@URecord44@@@std@@@std@@IBEXXZ""]",971a2637092689bf3ac2cd32e80c2af74a598f5c04cea79353a6a929dce98ed0,072fa80f9c9a4c889ef2ff4b2337f9cfd484ffd56dc948327f080416b2e3a699,"[{""offset"":6,""type"":""DIR32"",""symbol"":""__ehhandler$?_Xlen@?$vector@URecord16@@V?$allocator@URecord16@@@std@@@std@@IBEXXZ"",""addend"":0,""target_address"":""0x006567E8""},{""offset"":12,""type"":""DIR32"",""symbol"":""__except_list"",""addend"":0,""target_address"":""0x00000000""},{""offset"":20,""type"":""DIR32"",""symbol"":""__except_list"",""addend"":0,""target_address"":""0x00000000""},{""offset"":31,""type"":""DIR32"",""symbol"":""??_C@_0BD@OLBABOEK@vector?$DMT?$DO?5too?5long?$AA@"",""addend"":0,""target_address"":""0x006577C4""},{""offset"":39,""type"":""REL32"",""symbol"":""??0?$basic_string@DU?$char_traits@D@std@@V?$allocator@D@2@@std@@QAE@PBD@Z"",""addend"":0,""target_address"":""0x004053E0""},{""offset"":58,""type"":""REL32"",""symbol"":""??0length_error@std@@QAE@ABV?$basic_string@DU?$char_traits@D@std@@V?$allocator@D@2@@1@@Z"",""addend"":0,""target_address"":""0x00409930""},{""offset"":63,""type"":""DIR32"",""symbol"":""__TI3?AVlength_error@std@@"",""addend"":0,""target_address"":""0x00667D60""},{""offset"":72,""type"":""REL32"",""symbol"":""__CxxThrowException@8"",""addend"":0,""target_address"":""0x00640C12""},{""offset"":82,""type"":""DIR32"",""symbol"":""__except_list"",""addend"":0,""target_address"":""0x00000000""}]",0,R032
0x005FADD0,90,?_Xlen@?$vector@URecordN@@V?$allocator@URecordN@@@std@@@std@@IBEXXZ,?_Xlen@?$vector@URecord16@@V?$allocator@URecord16@@@std@@@std@@IBEXXZ,"[""?_Xlen@?$vector@URecord116@@V?$allocator@URecord116@@@std@@@std@@IBEXXZ"",""?_Xlen@?$vector@URecord16@@V?$allocator@URecord16@@@std@@@std@@IBEXXZ"",""?_Xlen@?$vector@URecord44@@V?$allocator@URecord44@@@std@@@std@@IBEXXZ""]",971a2637092689bf3ac2cd32e80c2af74a598f5c04cea79353a6a929dce98ed0,c0d54dbad19425ad9dec08986c2823f8602b16f47560ea775b68ad769856f26a,"[{""offset"":6,""type"":""DIR32"",""symbol"":""__ehhandler$?_Xlen@?$vector@URecord16@@V?$allocator@URecord16@@@std@@@std@@IBEXXZ"",""addend"":0,""target_address"":""0x00656808""},{""offset"":12,""type"":""DIR32"",""symbol"":""__except_list"",""addend"":0,""target_address"":""0x00000000""},{""offset"":20,""type"":""DIR32"",""symbol"":""__except_list"",""addend"":0,""target_address"":""0x00000000""},{""offset"":31,""type"":""DIR32"",""symbol"":""??_C@_0BD@OLBABOEK@vector?$DMT?$DO?5too?5long?$AA@"",""addend"":0,""target_address"":""0x006577C4""},{""offset"":39,""type"":""REL32"",""symbol"":""??0?$basic_string@DU?$char_traits@D@std@@V?$allocator@D@2@@std@@QAE@PBD@Z"",""addend"":0,""target_address"":""0x004053E0""},{""offset"":58,""type"":""REL32"",""symbol"":""??0length_error@std@@QAE@ABV?$basic_string@DU?$char_traits@D@std@@V?$allocator@D@2@@1@@Z"",""addend"":0,""target_address"":""0x00409930""},{""offset"":63,""type"":""DIR32"",""symbol"":""__TI3?AVlength_error@std@@"",""addend"":0,""target_address"":""0x00667D60""},{""offset"":72,""type"":""REL32"",""symbol"":""__CxxThrowException@8"",""addend"":0,""target_address"":""0x00640C12""},{""offset"":82,""type"":""DIR32"",""symbol"":""__except_list"",""addend"":0,""target_address"":""0x00000000""}]",0,R032
